name,address,source
sub_08804000,0x08804000,direct_jal_target
sub_08804040,0x08804040,direct_jal_target
sub_088040C4,0x088040C4,direct_jal_target
module_start,0x08804124,elf_entry
sub_08804238,0x08804238,materialized_code_pointer
sub_088044FC,0x088044FC,relocated_r_mips32_code_pointer
sub_0880452C,0x0880452C,direct_jal_target
sub_08804744,0x08804744,relocated_r_mips32_code_pointer
sub_0880478C,0x0880478C,relocated_r_mips32_code_pointer
sub_0880480C,0x0880480C,relocated_r_mips32_code_pointer
sub_08804818,0x08804818,relocated_r_mips32_code_pointer
sub_08804820,0x08804820,relocated_r_mips32_code_pointer
sub_08804828,0x08804828,relocated_r_mips32_code_pointer
sub_08804830,0x08804830,relocated_r_mips32_code_pointer
sub_08804838,0x08804838,relocated_r_mips32_code_pointer
sub_08804AC0,0x08804AC0,relocated_r_mips32_code_pointer
sub_08804ACC,0x08804ACC,relocated_r_mips32_code_pointer
sub_08804B1C,0x08804B1C,relocated_r_mips32_code_pointer
sub_08804B60,0x08804B60,direct_jal_target
sub_08804CCC,0x08804CCC,relocated_r_mips32_code_pointer
sub_0880529C,0x0880529C,direct_jal_target
sub_088055D4,0x088055D4,direct_jal_target
sub_08805AD4,0x08805AD4,relocated_r_mips32_code_pointer
sub_08806B24,0x08806B24,direct_jal_target
sub_088070F0,0x088070F0,direct_jal_target
sub_08807264,0x08807264,relocated_r_mips32_code_pointer
sub_08807270,0x08807270,relocated_r_mips32_code_pointer
sub_088072CC,0x088072CC,direct_jal_target
sub_08807318,0x08807318,direct_jal_target
sub_088073BC,0x088073BC,direct_jal_target
sub_08807414,0x08807414,relocated_r_mips32_code_pointer
sub_088074A8,0x088074A8,direct_jal_target
sub_088074F4,0x088074F4,direct_jal_target
sub_088075C0,0x088075C0,direct_jal_target
sub_0880788C,0x0880788C,direct_jal_target
sub_08807AB0,0x08807AB0,direct_jal_target
sub_08807C10,0x08807C10,direct_jal_target
sub_08807C4C,0x08807C4C,direct_jal_target
sub_08807CE4,0x08807CE4,direct_jal_target
sub_08807F3C,0x08807F3C,direct_jal_target
sub_08807FD4,0x08807FD4,direct_jal_target
sub_08808268,0x08808268,direct_jal_target
sub_08808298,0x08808298,direct_jal_target
sub_08808348,0x08808348,direct_jal_target
sub_088084D0,0x088084D0,direct_jal_target
sub_08808520,0x08808520,direct_jal_target
sub_08808628,0x08808628,direct_jal_target
sub_08808A9C,0x08808A9C,direct_jal_target
sub_08808CBC,0x08808CBC,direct_jal_target
sub_08808CE4,0x08808CE4,direct_jal_target
sub_08808E00,0x08808E00,direct_jal_target
sub_08808F24,0x08808F24,direct_jal_target
sub_08808FDC,0x08808FDC,direct_jal_target
sub_088090EC,0x088090EC,relocated_r_mips32_code_pointer
sub_088090F8,0x088090F8,relocated_r_mips32_code_pointer
sub_08809104,0x08809104,direct_jal_target
sub_08809298,0x08809298,direct_jal_target
sub_0880944C,0x0880944C,direct_jal_target
sub_08809504,0x08809504,direct_jal_target
sub_088096E4,0x088096E4,direct_jal_target
sub_08809AC8,0x08809AC8,direct_jal_target
sub_08809BD0,0x08809BD0,relocated_r_mips32_code_pointer
sub_08809D74,0x08809D74,direct_jal_target
sub_0880A28C,0x0880A28C,direct_jal_target
sub_0880A3F8,0x0880A3F8,direct_jal_target
sub_0880A978,0x0880A978,direct_jal_target
sub_0880AE78,0x0880AE78,direct_jal_target
sub_0880B1B8,0x0880B1B8,relocated_r_mips32_code_pointer
sub_0880B1F8,0x0880B1F8,relocated_r_mips32_code_pointer
sub_0880B204,0x0880B204,relocated_r_mips32_code_pointer
sub_0880B330,0x0880B330,relocated_r_mips32_code_pointer
sub_0880B340,0x0880B340,relocated_r_mips32_code_pointer
sub_0880B350,0x0880B350,relocated_r_mips32_code_pointer
sub_0880B37C,0x0880B37C,relocated_r_mips32_code_pointer
sub_0880B3A8,0x0880B3A8,relocated_r_mips32_code_pointer
sub_0880B3D4,0x0880B3D4,direct_jal_target
sub_0880B41C,0x0880B41C,relocated_r_mips32_code_pointer
sub_0880B450,0x0880B450,relocated_r_mips32_code_pointer
sub_0880B4E8,0x0880B4E8,relocated_r_mips32_code_pointer
sub_0880B4F8,0x0880B4F8,relocated_r_mips32_code_pointer
sub_0880B500,0x0880B500,relocated_r_mips32_code_pointer
sub_0880B55C,0x0880B55C,relocated_r_mips32_code_pointer
sub_0880B5B8,0x0880B5B8,relocated_r_mips32_code_pointer
sub_0880B614,0x0880B614,direct_jal_target
sub_0880B848,0x0880B848,direct_jal_target
sub_0880BB4C,0x0880BB4C,relocated_r_mips32_code_pointer
sub_0880BCEC,0x0880BCEC,direct_jal_target
sub_0880BE30,0x0880BE30,relocated_r_mips32_code_pointer
sub_0880BE3C,0x0880BE3C,relocated_r_mips32_code_pointer
sub_0880BE48,0x0880BE48,direct_jal_target
sub_0880BF18,0x0880BF18,direct_jal_target
sub_0880C310,0x0880C310,relocated_r_mips32_code_pointer
sub_0880C708,0x0880C708,relocated_r_mips32_code_pointer
sub_0880C8DC,0x0880C8DC,direct_jal_target
sub_0880CAAC,0x0880CAAC,relocated_r_mips32_code_pointer
sub_0880CC0C,0x0880CC0C,direct_jal_target
sub_0880CC88,0x0880CC88,direct_jal_target
sub_0880CCDC,0x0880CCDC,direct_jal_target
sub_0880CD34,0x0880CD34,direct_jal_target
sub_0880CD80,0x0880CD80,direct_jal_target
sub_0880CE00,0x0880CE00,direct_jal_target
sub_0880CEA4,0x0880CEA4,relocated_r_mips32_code_pointer
sub_0880CEB0,0x0880CEB0,relocated_r_mips32_code_pointer
sub_0880CEBC,0x0880CEBC,direct_jal_target
sub_0880CF7C,0x0880CF7C,direct_jal_target
sub_0880D1BC,0x0880D1BC,direct_jal_target
sub_0880D598,0x0880D598,direct_jal_target
sub_0880D70C,0x0880D70C,direct_jal_target
sub_0880D85C,0x0880D85C,direct_jal_target
sub_0880DAE0,0x0880DAE0,direct_jal_target
sub_0880DB80,0x0880DB80,direct_jal_target
sub_0880E12C,0x0880E12C,direct_jal_target
sub_0880E1AC,0x0880E1AC,direct_jal_target
sub_0880E1C0,0x0880E1C0,relocated_r_mips32_code_pointer
sub_0880E1F8,0x0880E1F8,direct_jal_target
sub_0880E2B4,0x0880E2B4,direct_jal_target
sub_0880E340,0x0880E340,direct_jal_target
sub_0880E4A8,0x0880E4A8,relocated_r_mips32_code_pointer
sub_0880E4B4,0x0880E4B4,relocated_r_mips32_code_pointer
sub_0880E4C0,0x0880E4C0,direct_jal_target
sub_0880E7A4,0x0880E7A4,relocated_r_mips32_code_pointer
sub_0880E838,0x0880E838,direct_jal_target
sub_0880E9C8,0x0880E9C8,relocated_r_mips32_code_pointer
sub_0880E9D4,0x0880E9D4,relocated_r_mips32_code_pointer
sub_0880E9E0,0x0880E9E0,relocated_r_mips32_code_pointer
sub_0880EA54,0x0880EA54,relocated_r_mips32_code_pointer
sub_0880EAC8,0x0880EAC8,relocated_r_mips32_code_pointer
sub_0880EB3C,0x0880EB3C,relocated_r_mips32_code_pointer
sub_0880EB84,0x0880EB84,relocated_r_mips32_code_pointer
sub_0880EF04,0x0880EF04,direct_jal_target
sub_0880F08C,0x0880F08C,relocated_r_mips32_code_pointer
sub_0880F8EC,0x0880F8EC,relocated_r_mips32_code_pointer
sub_0880FB58,0x0880FB58,relocated_r_mips32_code_pointer
sub_0880FB64,0x0880FB64,relocated_r_mips32_code_pointer
sub_088107B0,0x088107B0,relocated_r_mips32_code_pointer
sub_088107CC,0x088107CC,relocated_r_mips32_code_pointer
sub_088107E8,0x088107E8,relocated_r_mips32_code_pointer
sub_08810808,0x08810808,relocated_r_mips32_code_pointer
sub_08810828,0x08810828,relocated_r_mips32_code_pointer
sub_08810838,0x08810838,relocated_r_mips32_code_pointer
sub_08810854,0x08810854,relocated_r_mips32_code_pointer
sub_08810864,0x08810864,relocated_r_mips32_code_pointer
sub_08810870,0x08810870,relocated_r_mips32_code_pointer
sub_08810884,0x08810884,relocated_r_mips32_code_pointer
sub_088108A0,0x088108A0,relocated_r_mips32_code_pointer
sub_088108C0,0x088108C0,relocated_r_mips32_code_pointer
sub_08810E64,0x08810E64,relocated_r_mips32_code_pointer
sub_08810E90,0x08810E90,direct_jal_target
sub_08810EA0,0x08810EA0,direct_jal_target
sub_08810EE4,0x08810EE4,direct_jal_target
sub_08810FEC,0x08810FEC,relocated_r_mips32_code_pointer
sub_08810FF8,0x08810FF8,relocated_r_mips32_code_pointer
sub_0881107C,0x0881107C,direct_jal_target
sub_0881124C,0x0881124C,direct_jal_target
sub_08811498,0x08811498,direct_jal_target
sub_088115CC,0x088115CC,direct_jal_target
sub_088116FC,0x088116FC,direct_jal_target
sub_0881182C,0x0881182C,direct_jal_target
sub_08811AE8,0x08811AE8,direct_jal_target
sub_08811F6C,0x08811F6C,relocated_r_mips32_code_pointer
sub_08812060,0x08812060,direct_jal_target
sub_08812264,0x08812264,direct_jal_target
sub_08812468,0x08812468,relocated_r_mips32_code_pointer
sub_08812530,0x08812530,direct_jal_target
sub_088126DC,0x088126DC,direct_jal_target
sub_0881292C,0x0881292C,relocated_r_mips32_code_pointer
sub_08812B7C,0x08812B7C,relocated_r_mips32_code_pointer
sub_08812DD4,0x08812DD4,direct_jal_target
sub_088132F4,0x088132F4,direct_jal_target
sub_08813A64,0x08813A64,relocated_r_mips32_code_pointer
sub_08813DD4,0x08813DD4,direct_jal_target
sub_088143FC,0x088143FC,direct_jal_target
sub_088145C0,0x088145C0,direct_jal_target
sub_08814BB8,0x08814BB8,direct_jal_target
sub_08814EC0,0x08814EC0,relocated_r_mips32_code_pointer
sub_08814F9C,0x08814F9C,relocated_r_mips32_code_pointer
sub_08814FA8,0x08814FA8,relocated_r_mips32_code_pointer
sub_08815008,0x08815008,direct_jal_target
sub_08815024,0x08815024,relocated_r_mips32_code_pointer
sub_08815040,0x08815040,direct_jal_target
sub_08815094,0x08815094,direct_jal_target
sub_08815188,0x08815188,relocated_r_mips32_code_pointer
sub_08815194,0x08815194,relocated_r_mips32_code_pointer
sub_088151A0,0x088151A0,direct_jal_target
sub_088151D4,0x088151D4,relocated_r_mips32_code_pointer
sub_08815208,0x08815208,relocated_r_mips32_code_pointer
sub_08815240,0x08815240,direct_jal_target
sub_08815358,0x08815358,direct_jal_target
sub_08815464,0x08815464,direct_jal_target
sub_08815530,0x08815530,relocated_r_mips32_code_pointer
sub_08815600,0x08815600,direct_jal_target
sub_08815720,0x08815720,relocated_r_mips32_code_pointer
sub_08815768,0x08815768,relocated_r_mips32_code_pointer
sub_088157B8,0x088157B8,direct_jal_target
sub_08815894,0x08815894,relocated_r_mips32_code_pointer
sub_088158A0,0x088158A0,relocated_r_mips32_code_pointer
sub_088158AC,0x088158AC,direct_jal_target
sub_088159A0,0x088159A0,direct_jal_target
sub_08815A4C,0x08815A4C,direct_jal_target
sub_08815C74,0x08815C74,direct_jal_target
sub_08815EC8,0x08815EC8,relocated_r_mips32_code_pointer
sub_08815F6C,0x08815F6C,direct_jal_target
sub_088160E0,0x088160E0,relocated_r_mips32_code_pointer
sub_088160EC,0x088160EC,relocated_r_mips32_code_pointer
sub_088160F8,0x088160F8,direct_jal_target
sub_08816138,0x08816138,direct_jal_target
sub_08816220,0x08816220,direct_jal_target
sub_088162E8,0x088162E8,direct_jal_target
sub_08816368,0x08816368,direct_jal_target
sub_08816570,0x08816570,direct_jal_target
sub_08816814,0x08816814,direct_jal_target
sub_08816984,0x08816984,relocated_r_mips32_code_pointer
sub_08816AF8,0x08816AF8,direct_jal_target
sub_08816CE4,0x08816CE4,direct_jal_target
sub_08816F10,0x08816F10,direct_jal_target
sub_08816F30,0x08816F30,direct_jal_target
sub_08816F38,0x08816F38,direct_jal_target
sub_08816FDC,0x08816FDC,relocated_r_mips32_code_pointer
sub_08816FE8,0x08816FE8,relocated_r_mips32_code_pointer
sub_08816FF4,0x08816FF4,direct_jal_target
sub_088170F8,0x088170F8,direct_jal_target
sub_08817274,0x08817274,direct_jal_target
sub_088172D4,0x088172D4,direct_jal_target
sub_08817384,0x08817384,direct_jal_target
sub_0881740C,0x0881740C,direct_jal_target
sub_08817450,0x08817450,relocated_r_mips32_code_pointer
sub_08817498,0x08817498,direct_jal_target
sub_088177E8,0x088177E8,relocated_r_mips32_code_pointer
sub_088177F4,0x088177F4,relocated_r_mips32_code_pointer
sub_08817800,0x08817800,direct_jal_target
sub_08817B84,0x08817B84,direct_jal_target
sub_08817C28,0x08817C28,relocated_r_mips32_code_pointer
sub_08817C34,0x08817C34,relocated_r_mips32_code_pointer
sub_08817C40,0x08817C40,direct_jal_target
sub_08817CA0,0x08817CA0,direct_jal_target
sub_08817D68,0x08817D68,direct_jal_target
sub_08817FAC,0x08817FAC,direct_jal_target
sub_0881806C,0x0881806C,relocated_r_mips32_code_pointer
sub_08818398,0x08818398,direct_jal_target
sub_088184BC,0x088184BC,relocated_r_mips32_code_pointer
sub_08818688,0x08818688,relocated_r_mips32_code_pointer
sub_088186A4,0x088186A4,relocated_r_mips32_code_pointer
sub_08818700,0x08818700,relocated_r_mips32_code_pointer
sub_0881878C,0x0881878C,relocated_r_mips32_code_pointer
sub_0881880C,0x0881880C,relocated_r_mips32_code_pointer
sub_088188E4,0x088188E4,relocated_r_mips32_code_pointer
sub_08818980,0x08818980,relocated_r_mips32_code_pointer
sub_08818AB8,0x08818AB8,direct_jal_target
sub_08818BD4,0x08818BD4,direct_jal_target
sub_08818C78,0x08818C78,direct_jal_target
sub_08818E0C,0x08818E0C,direct_jal_target
sub_08818F24,0x08818F24,direct_jal_target
sub_08819088,0x08819088,relocated_r_mips32_code_pointer
sub_08819094,0x08819094,relocated_r_mips32_code_pointer
sub_088190E0,0x088190E0,relocated_r_mips32_code_pointer
sub_0881910C,0x0881910C,relocated_r_mips32_code_pointer
sub_08819148,0x08819148,direct_jal_target
sub_088192B0,0x088192B0,relocated_r_mips32_code_pointer
sub_088192F0,0x088192F0,direct_jal_target
sub_08819430,0x08819430,direct_jal_target
sub_088194F4,0x088194F4,direct_jal_target
sub_08819664,0x08819664,relocated_r_mips32_code_pointer
sub_08819690,0x08819690,relocated_r_mips32_code_pointer
sub_08819748,0x08819748,relocated_r_mips32_code_pointer
sub_08819754,0x08819754,relocated_r_mips32_code_pointer
sub_088197A8,0x088197A8,direct_jal_target
sub_08819D4C,0x08819D4C,direct_jal_target
sub_08819F34,0x08819F34,direct_jal_target
sub_08819F90,0x08819F90,relocated_r_mips32_code_pointer
sub_08819FA0,0x08819FA0,relocated_r_mips32_code_pointer
sub_0881A00C,0x0881A00C,direct_jal_target
sub_0881A094,0x0881A094,direct_jal_target
sub_0881A100,0x0881A100,direct_jal_target
sub_0881A150,0x0881A150,relocated_r_mips32_code_pointer
sub_0881A160,0x0881A160,relocated_r_mips32_code_pointer
sub_0881A170,0x0881A170,direct_jal_target
sub_0881A2EC,0x0881A2EC,direct_jal_target
sub_0881A52C,0x0881A52C,direct_jal_target
sub_0881A810,0x0881A810,direct_jal_target
sub_0881ADF0,0x0881ADF0,direct_jal_target
sub_0881B280,0x0881B280,direct_jal_target
sub_0881B3F0,0x0881B3F0,relocated_r_mips32_code_pointer
sub_0881B564,0x0881B564,direct_jal_target
sub_0881B6A0,0x0881B6A0,direct_jal_target
sub_0881B6E8,0x0881B6E8,direct_jal_target
sub_0881B82C,0x0881B82C,direct_jal_target
sub_0881BB14,0x0881BB14,direct_jal_target
sub_0881BB74,0x0881BB74,direct_jal_target
sub_0881BC04,0x0881BC04,direct_jal_target
sub_0881BCA0,0x0881BCA0,direct_jal_target
sub_0881BD34,0x0881BD34,direct_jal_target
sub_0881BDC8,0x0881BDC8,direct_jal_target
sub_0881BE6C,0x0881BE6C,relocated_r_mips32_code_pointer
sub_0881BE78,0x0881BE78,relocated_r_mips32_code_pointer
sub_0881BE84,0x0881BE84,direct_jal_target
sub_0881BEE4,0x0881BEE4,direct_jal_target
sub_0881BF44,0x0881BF44,direct_jal_target
sub_0881BFA4,0x0881BFA4,direct_jal_target
sub_0881C0F0,0x0881C0F0,direct_jal_target
sub_0881C144,0x0881C144,direct_jal_target
sub_0881C208,0x0881C208,direct_jal_target
sub_0881C278,0x0881C278,direct_jal_target
sub_0881C2D4,0x0881C2D4,direct_jal_target
sub_0881C3BC,0x0881C3BC,direct_jal_target
sub_0881C570,0x0881C570,relocated_r_mips32_code_pointer
sub_0881C57C,0x0881C57C,relocated_r_mips32_code_pointer
sub_0881C588,0x0881C588,direct_jal_target
sub_0881C64C,0x0881C64C,direct_jal_target
sub_0881C770,0x0881C770,direct_jal_target
sub_0881C8D0,0x0881C8D0,relocated_r_mips32_code_pointer
sub_0881C8DC,0x0881C8DC,relocated_r_mips32_code_pointer
sub_0881C8E8,0x0881C8E8,direct_jal_target
sub_0881CA80,0x0881CA80,direct_jal_target
sub_0881CBA0,0x0881CBA0,direct_jal_target
sub_0881CC88,0x0881CC88,relocated_r_mips32_code_pointer
sub_0881CC94,0x0881CC94,relocated_r_mips32_code_pointer
sub_0881CCA0,0x0881CCA0,direct_jal_target
sub_0881CD58,0x0881CD58,direct_jal_target
sub_0881CDB0,0x0881CDB0,direct_jal_target
sub_0881CE4C,0x0881CE4C,direct_jal_target
sub_0881CE70,0x0881CE70,direct_jal_target
sub_0881CEB8,0x0881CEB8,direct_jal_target
sub_0881CF44,0x0881CF44,direct_jal_target
sub_0881CFE0,0x0881CFE0,direct_jal_target
sub_0881CFFC,0x0881CFFC,direct_jal_target
sub_0881D0B8,0x0881D0B8,relocated_r_mips32_code_pointer
sub_0881D0C4,0x0881D0C4,relocated_r_mips32_code_pointer
sub_0881D0D0,0x0881D0D0,direct_jal_target
sub_0881D1EC,0x0881D1EC,direct_jal_target
sub_0881D2B0,0x0881D2B0,relocated_r_mips32_code_pointer
sub_0881D390,0x0881D390,relocated_r_mips32_code_pointer
sub_0881D39C,0x0881D39C,relocated_r_mips32_code_pointer
sub_0881D3A8,0x0881D3A8,direct_jal_target
sub_0881D3C8,0x0881D3C8,relocated_r_mips32_code_pointer
sub_0881D3E8,0x0881D3E8,direct_jal_target
sub_0881D504,0x0881D504,direct_jal_target
sub_0881D518,0x0881D518,direct_jal_target
sub_0881D550,0x0881D550,direct_jal_target
sub_0881D5C8,0x0881D5C8,direct_jal_target
sub_0881D618,0x0881D618,direct_jal_target
sub_0881D754,0x0881D754,relocated_r_mips32_code_pointer
sub_0881D760,0x0881D760,relocated_r_mips32_code_pointer
sub_0881D76C,0x0881D76C,direct_jal_target
sub_0881D958,0x0881D958,direct_jal_target
sub_0881DA1C,0x0881DA1C,direct_jal_target
sub_0881DA38,0x0881DA38,direct_jal_target
sub_0881DB80,0x0881DB80,relocated_r_mips32_code_pointer
sub_0881DB8C,0x0881DB8C,relocated_r_mips32_code_pointer
sub_0881DB98,0x0881DB98,direct_jal_target
sub_0881DBF8,0x0881DBF8,direct_jal_target
sub_0881DDC8,0x0881DDC8,direct_jal_target
sub_0881DF38,0x0881DF38,direct_jal_target
sub_0881DFE8,0x0881DFE8,direct_jal_target
sub_0881E1B0,0x0881E1B0,direct_jal_target
sub_0881E30C,0x0881E30C,direct_jal_target
sub_0881E54C,0x0881E54C,direct_jal_target
sub_0881E5A4,0x0881E5A4,relocated_r_mips32_code_pointer
sub_0881E684,0x0881E684,relocated_r_mips32_code_pointer
sub_0881E690,0x0881E690,relocated_r_mips32_code_pointer
sub_0881E69C,0x0881E69C,direct_jal_target
sub_0881E748,0x0881E748,direct_jal_target
sub_0881E7C0,0x0881E7C0,direct_jal_target
sub_0881E86C,0x0881E86C,relocated_r_mips32_code_pointer
sub_0881E878,0x0881E878,relocated_r_mips32_code_pointer
sub_0881E884,0x0881E884,direct_jal_target
sub_0881E9CC,0x0881E9CC,direct_jal_target
sub_0881EBC4,0x0881EBC4,direct_jal_target
sub_0881EDC8,0x0881EDC8,direct_jal_target
sub_08826308,0x08826308,direct_jal_target
sub_088263E4,0x088263E4,direct_jal_target
sub_08826458,0x08826458,relocated_r_mips32_code_pointer
sub_088264DC,0x088264DC,direct_jal_target
sub_088264E4,0x088264E4,direct_jal_target
sub_088265F4,0x088265F4,relocated_r_mips32_code_pointer
sub_08826600,0x08826600,relocated_r_mips32_code_pointer
sub_0882660C,0x0882660C,direct_jal_target
sub_088267C4,0x088267C4,relocated_r_mips32_code_pointer
sub_088267CC,0x088267CC,relocated_r_mips32_code_pointer
sub_088267D8,0x088267D8,relocated_r_mips32_code_pointer
sub_088267F4,0x088267F4,direct_jal_target
sub_088268A8,0x088268A8,relocated_r_mips32_code_pointer
sub_088268B4,0x088268B4,relocated_r_mips32_code_pointer
sub_088268C0,0x088268C0,direct_jal_target
sub_08826918,0x08826918,direct_jal_target
sub_08826988,0x08826988,direct_jal_target
sub_088269B4,0x088269B4,direct_jal_target
sub_08826ACC,0x08826ACC,direct_jal_target
sub_08826BC0,0x08826BC0,relocated_r_mips32_code_pointer
sub_08826C44,0x08826C44,relocated_r_mips32_code_pointer
sub_08826EC4,0x08826EC4,direct_jal_target
sub_08827054,0x08827054,relocated_r_mips32_code_pointer
sub_088270D0,0x088270D0,direct_jal_target
sub_0882756C,0x0882756C,relocated_r_mips32_code_pointer
sub_08827E4C,0x08827E4C,direct_jal_target
sub_08828138,0x08828138,direct_jal_target
sub_08828224,0x08828224,direct_jal_target
sub_088282B0,0x088282B0,relocated_r_mips32_code_pointer
sub_08828374,0x08828374,relocated_r_mips32_code_pointer
sub_08828380,0x08828380,relocated_r_mips32_code_pointer
sub_0882838C,0x0882838C,direct_jal_target
sub_088283B4,0x088283B4,direct_jal_target
sub_088283DC,0x088283DC,relocated_r_mips32_code_pointer
sub_08828504,0x08828504,relocated_r_mips32_code_pointer
sub_08828510,0x08828510,relocated_r_mips32_code_pointer
sub_0882851C,0x0882851C,direct_jal_target
sub_0882864C,0x0882864C,direct_jal_target
sub_088286D0,0x088286D0,relocated_r_mips32_code_pointer
sub_08828754,0x08828754,relocated_r_mips32_code_pointer
sub_088287C8,0x088287C8,direct_jal_target
sub_08828898,0x08828898,direct_jal_target
sub_08828984,0x08828984,direct_jal_target
sub_088289CC,0x088289CC,relocated_r_mips32_code_pointer
sub_08828BE8,0x08828BE8,relocated_r_mips32_code_pointer
sub_08828BF4,0x08828BF4,relocated_r_mips32_code_pointer
sub_08828C00,0x08828C00,direct_jal_target
sub_08828C54,0x08828C54,direct_jal_target
sub_08828C94,0x08828C94,relocated_r_mips32_code_pointer
sub_08828D74,0x08828D74,relocated_r_mips32_code_pointer
sub_08828F70,0x08828F70,direct_jal_target
sub_088291AC,0x088291AC,relocated_r_mips32_code_pointer
sub_08829210,0x08829210,relocated_r_mips32_code_pointer
sub_088299DC,0x088299DC,direct_jal_target
sub_08829B3C,0x08829B3C,direct_jal_target
sub_08829BF4,0x08829BF4,relocated_r_mips32_code_pointer
sub_08829CC8,0x08829CC8,relocated_r_mips32_code_pointer
sub_08829E18,0x08829E18,relocated_r_mips32_code_pointer
sub_08829E2C,0x08829E2C,relocated_r_mips32_code_pointer
sub_08829E94,0x08829E94,relocated_r_mips32_code_pointer
sub_08829EA0,0x08829EA0,relocated_r_mips32_code_pointer
sub_08829EB8,0x08829EB8,relocated_r_mips32_code_pointer
sub_08829F04,0x08829F04,relocated_r_mips32_code_pointer
sub_0882A14C,0x0882A14C,direct_jal_target
sub_0882A26C,0x0882A26C,relocated_r_mips32_code_pointer
sub_0882A2FC,0x0882A2FC,relocated_r_mips32_code_pointer
sub_0882B10C,0x0882B10C,relocated_r_mips32_code_pointer
sub_0882B43C,0x0882B43C,relocated_r_mips32_code_pointer
sub_0882B774,0x0882B774,relocated_r_mips32_code_pointer
sub_0882C234,0x0882C234,relocated_r_mips32_code_pointer
sub_0882C43C,0x0882C43C,relocated_r_mips32_code_pointer
sub_0882C4E4,0x0882C4E4,relocated_r_mips32_code_pointer
sub_0882C4FC,0x0882C4FC,relocated_r_mips32_code_pointer
sub_0882C564,0x0882C564,relocated_r_mips32_code_pointer
sub_0882C5E4,0x0882C5E4,relocated_r_mips32_code_pointer
sub_0882C654,0x0882C654,relocated_r_mips32_code_pointer
sub_0882C6CC,0x0882C6CC,direct_jal_target
sub_0882C774,0x0882C774,direct_jal_target
sub_0882C7BC,0x0882C7BC,direct_jal_target
sub_0882C8A0,0x0882C8A0,relocated_r_mips32_code_pointer
sub_0882C8AC,0x0882C8AC,relocated_r_mips32_code_pointer
sub_0882C8B8,0x0882C8B8,direct_jal_target
sub_0882C8E4,0x0882C8E4,direct_jal_target
sub_0882CA78,0x0882CA78,relocated_r_mips32_code_pointer
sub_0882CB34,0x0882CB34,relocated_r_mips32_code_pointer
sub_0882CB6C,0x0882CB6C,relocated_r_mips32_code_pointer
sub_0882CB90,0x0882CB90,relocated_r_mips32_code_pointer
sub_0882CBC0,0x0882CBC0,relocated_r_mips32_code_pointer
sub_0882CBE4,0x0882CBE4,relocated_r_mips32_code_pointer
sub_0882CC08,0x0882CC08,relocated_r_mips32_code_pointer
sub_0882CC2C,0x0882CC2C,relocated_r_mips32_code_pointer
sub_0882CC50,0x0882CC50,relocated_r_mips32_code_pointer
sub_0882CC74,0x0882CC74,relocated_r_mips32_code_pointer
sub_0882CC98,0x0882CC98,relocated_r_mips32_code_pointer
sub_0882CCBC,0x0882CCBC,relocated_r_mips32_code_pointer
sub_0882CCE0,0x0882CCE0,relocated_r_mips32_code_pointer
sub_0882CD04,0x0882CD04,relocated_r_mips32_code_pointer
sub_0882CD4C,0x0882CD4C,relocated_r_mips32_code_pointer
sub_0882CD88,0x0882CD88,relocated_r_mips32_code_pointer
sub_0882CE7C,0x0882CE7C,direct_jal_target
sub_0882CEA8,0x0882CEA8,relocated_r_mips32_code_pointer
sub_0882CF70,0x0882CF70,relocated_r_mips32_code_pointer
sub_0882D028,0x0882D028,relocated_r_mips32_code_pointer
sub_0882D210,0x0882D210,direct_jal_target
sub_0882D2D0,0x0882D2D0,relocated_r_mips32_code_pointer
sub_0882D3CC,0x0882D3CC,relocated_r_mips32_code_pointer
sub_0882D420,0x0882D420,relocated_r_mips32_code_pointer
sub_0882D5A8,0x0882D5A8,relocated_r_mips32_code_pointer
sub_0882D6C8,0x0882D6C8,direct_jal_target
sub_0882D710,0x0882D710,direct_jal_target
sub_0882D760,0x0882D760,direct_jal_target
sub_0882D7E0,0x0882D7E0,direct_jal_target
sub_0882D998,0x0882D998,relocated_r_mips32_code_pointer
sub_0882D9A4,0x0882D9A4,relocated_r_mips32_code_pointer
sub_0882D9B0,0x0882D9B0,relocated_r_mips32_code_pointer
sub_0882D9D0,0x0882D9D0,direct_jal_target
sub_0882DA1C,0x0882DA1C,direct_jal_target
sub_0882DA6C,0x0882DA6C,direct_jal_target
sub_0882DBE4,0x0882DBE4,relocated_r_mips32_code_pointer
sub_0882DC8C,0x0882DC8C,relocated_r_mips32_code_pointer
sub_0882DD78,0x0882DD78,direct_jal_target
sub_0882DDA0,0x0882DDA0,relocated_r_mips32_code_pointer
sub_0882E034,0x0882E034,direct_jal_target
sub_0882E0D0,0x0882E0D0,relocated_r_mips32_code_pointer
sub_0882E1B0,0x0882E1B0,direct_jal_target
sub_0882E1E0,0x0882E1E0,direct_jal_target
sub_0882E210,0x0882E210,direct_jal_target
sub_0882E240,0x0882E240,direct_jal_target
sub_0882E42C,0x0882E42C,direct_jal_target
sub_0882E490,0x0882E490,relocated_r_mips32_code_pointer
sub_0882E4F4,0x0882E4F4,direct_jal_target
sub_0882E6E0,0x0882E6E0,direct_jal_target
sub_0882E734,0x0882E734,direct_jal_target
sub_0882E820,0x0882E820,direct_jal_target
sub_0882EC14,0x0882EC14,direct_jal_target
sub_0882EC68,0x0882EC68,relocated_r_mips32_code_pointer
sub_0882ED10,0x0882ED10,relocated_r_mips32_code_pointer
sub_0882ED2C,0x0882ED2C,relocated_r_mips32_code_pointer
sub_0882ED94,0x0882ED94,relocated_r_mips32_code_pointer
sub_0882EDC8,0x0882EDC8,relocated_r_mips32_code_pointer
sub_0882EEB4,0x0882EEB4,direct_jal_target
sub_0882F108,0x0882F108,direct_jal_target
sub_0882F118,0x0882F118,direct_jal_target
sub_0882F128,0x0882F128,direct_jal_target
sub_0882F194,0x0882F194,relocated_r_mips32_code_pointer
sub_0882F294,0x0882F294,relocated_r_mips32_code_pointer
sub_0882F41C,0x0882F41C,relocated_r_mips32_code_pointer
sub_0882F4A8,0x0882F4A8,relocated_r_mips32_code_pointer
sub_0882F980,0x0882F980,direct_jal_target
sub_0882FA98,0x0882FA98,direct_jal_target
sub_0882FE5C,0x0882FE5C,relocated_r_mips32_code_pointer
sub_08830000,0x08830000,materialized_code_pointer
sub_088309D8,0x088309D8,direct_jal_target
sub_08830A0C,0x08830A0C,relocated_r_mips32_code_pointer
sub_08830A78,0x08830A78,relocated_r_mips32_code_pointer
sub_08830AAC,0x08830AAC,relocated_r_mips32_code_pointer
sub_08830BD0,0x08830BD0,relocated_r_mips32_code_pointer
sub_08830D20,0x08830D20,direct_jal_target
sub_08830D98,0x08830D98,direct_jal_target
sub_08830F50,0x08830F50,relocated_r_mips32_code_pointer
sub_08830F5C,0x08830F5C,relocated_r_mips32_code_pointer
sub_08830F68,0x08830F68,direct_jal_target
sub_08831058,0x08831058,relocated_r_mips32_code_pointer
sub_088310A8,0x088310A8,direct_jal_target
sub_08831118,0x08831118,direct_jal_target
sub_08831214,0x08831214,direct_jal_target
sub_08831304,0x08831304,relocated_r_mips32_code_pointer
sub_08831368,0x08831368,direct_jal_target
sub_08831588,0x08831588,relocated_r_mips32_code_pointer
sub_08831944,0x08831944,relocated_r_mips32_code_pointer
sub_088319D4,0x088319D4,relocated_r_mips32_code_pointer
sub_08831A24,0x08831A24,relocated_r_mips32_code_pointer
sub_08831B28,0x08831B28,relocated_r_mips32_code_pointer
sub_08831CC8,0x08831CC8,relocated_r_mips32_code_pointer
sub_08831CD4,0x08831CD4,relocated_r_mips32_code_pointer
sub_08831CE0,0x08831CE0,direct_jal_target
sub_08831EC8,0x08831EC8,relocated_r_mips32_code_pointer
sub_08832114,0x08832114,relocated_r_mips32_code_pointer
sub_08832300,0x08832300,direct_jal_target
sub_08832420,0x08832420,relocated_r_mips32_code_pointer
sub_08832520,0x08832520,relocated_r_mips32_code_pointer
sub_0883252C,0x0883252C,relocated_r_mips32_code_pointer
sub_08832538,0x08832538,relocated_r_mips32_code_pointer
sub_08832544,0x08832544,relocated_r_mips32_code_pointer
sub_088325E8,0x088325E8,relocated_r_mips32_code_pointer
sub_088325F4,0x088325F4,relocated_r_mips32_code_pointer
sub_08832600,0x08832600,relocated_r_mips32_code_pointer
sub_0883265C,0x0883265C,relocated_r_mips32_code_pointer
sub_088326A8,0x088326A8,relocated_r_mips32_code_pointer
sub_08832768,0x08832768,relocated_r_mips32_code_pointer
sub_08832774,0x08832774,relocated_r_mips32_code_pointer
sub_088328A4,0x088328A4,relocated_r_mips32_code_pointer
sub_088329FC,0x088329FC,relocated_r_mips32_code_pointer
sub_08832B70,0x08832B70,relocated_r_mips32_code_pointer
sub_08832BF4,0x08832BF4,relocated_r_mips32_code_pointer
sub_08832C50,0x08832C50,relocated_r_mips32_code_pointer
sub_08832C60,0x08832C60,direct_jal_target
sub_08832D10,0x08832D10,relocated_r_mips32_code_pointer
sub_08832E88,0x08832E88,relocated_r_mips32_code_pointer
sub_08832FB4,0x08832FB4,relocated_r_mips32_code_pointer
sub_088330EC,0x088330EC,relocated_r_mips32_code_pointer
sub_08833304,0x08833304,relocated_r_mips32_code_pointer
sub_088333F4,0x088333F4,direct_jal_target
sub_08833478,0x08833478,direct_jal_target
sub_0883355C,0x0883355C,direct_jal_target
sub_08833624,0x08833624,relocated_r_mips32_code_pointer
sub_08833708,0x08833708,relocated_r_mips32_code_pointer
sub_088337F4,0x088337F4,relocated_r_mips32_code_pointer
sub_08833988,0x08833988,relocated_r_mips32_code_pointer
sub_08833B84,0x08833B84,relocated_r_mips32_code_pointer
sub_08833BEC,0x08833BEC,relocated_r_mips32_code_pointer
sub_08833C5C,0x08833C5C,relocated_r_mips32_code_pointer
sub_08833C84,0x08833C84,relocated_r_mips32_code_pointer
sub_08833D2C,0x08833D2C,relocated_r_mips32_code_pointer
sub_08833D38,0x08833D38,relocated_r_mips32_code_pointer
sub_08833DCC,0x08833DCC,direct_jal_target
sub_08833E54,0x08833E54,relocated_r_mips32_code_pointer
sub_08834050,0x08834050,relocated_r_mips32_code_pointer
sub_08834314,0x08834314,relocated_r_mips32_code_pointer
sub_08834360,0x08834360,direct_jal_target
sub_0883441C,0x0883441C,relocated_r_mips32_code_pointer
sub_08834428,0x08834428,relocated_r_mips32_code_pointer
sub_08834434,0x08834434,relocated_r_mips32_code_pointer
sub_08834490,0x08834490,relocated_r_mips32_code_pointer
sub_088345BC,0x088345BC,relocated_r_mips32_code_pointer
sub_088346EC,0x088346EC,relocated_r_mips32_code_pointer
sub_088348FC,0x088348FC,relocated_r_mips32_code_pointer
sub_08834B3C,0x08834B3C,relocated_r_mips32_code_pointer
sub_08834B98,0x08834B98,relocated_r_mips32_code_pointer
sub_08834CF4,0x08834CF4,relocated_r_mips32_code_pointer
sub_08834E2C,0x08834E2C,direct_jal_target
sub_08834EC4,0x08834EC4,direct_jal_target
sub_08834F5C,0x08834F5C,direct_jal_target
sub_08835040,0x08835040,relocated_r_mips32_code_pointer
sub_08835124,0x08835124,relocated_r_mips32_code_pointer
sub_08835210,0x08835210,direct_jal_target
sub_08835408,0x08835408,relocated_r_mips32_code_pointer
sub_0883544C,0x0883544C,relocated_r_mips32_code_pointer
sub_08835748,0x08835748,relocated_r_mips32_code_pointer
sub_088357E0,0x088357E0,relocated_r_mips32_code_pointer
sub_08835830,0x08835830,direct_jal_target
sub_088358DC,0x088358DC,relocated_r_mips32_code_pointer
sub_088358E8,0x088358E8,relocated_r_mips32_code_pointer
sub_088358F4,0x088358F4,relocated_r_mips32_code_pointer
sub_08835B3C,0x08835B3C,relocated_r_mips32_code_pointer
sub_08835C78,0x08835C78,direct_jal_target
sub_08835CD4,0x08835CD4,direct_jal_target
sub_08835E4C,0x08835E4C,relocated_r_mips32_code_pointer
sub_088363E8,0x088363E8,direct_jal_target
sub_08836508,0x08836508,relocated_r_mips32_code_pointer
sub_08836598,0x08836598,relocated_r_mips32_code_pointer
sub_08836BA0,0x08836BA0,relocated_r_mips32_code_pointer
sub_08836C94,0x08836C94,relocated_r_mips32_code_pointer
sub_08836CA0,0x08836CA0,relocated_r_mips32_code_pointer
sub_08836CAC,0x08836CAC,relocated_r_mips32_code_pointer
sub_08836D2C,0x08836D2C,relocated_r_mips32_code_pointer
sub_08836E28,0x08836E28,direct_jal_target
sub_08836ED8,0x08836ED8,relocated_r_mips32_code_pointer
sub_088371D4,0x088371D4,relocated_r_mips32_code_pointer
sub_088372C4,0x088372C4,direct_jal_target
sub_08837394,0x08837394,relocated_r_mips32_code_pointer
sub_088373E4,0x088373E4,relocated_r_mips32_code_pointer
sub_08837618,0x08837618,relocated_r_mips32_code_pointer
sub_08837624,0x08837624,relocated_r_mips32_code_pointer
sub_08837630,0x08837630,direct_jal_target
sub_08837694,0x08837694,direct_jal_target
sub_08837780,0x08837780,relocated_r_mips32_code_pointer
sub_088378E4,0x088378E4,relocated_r_mips32_code_pointer
sub_088379C8,0x088379C8,direct_jal_target
sub_08837D00,0x08837D00,direct_jal_target
sub_08837FE0,0x08837FE0,relocated_r_mips32_code_pointer
sub_088380D4,0x088380D4,relocated_r_mips32_code_pointer
sub_088383C0,0x088383C0,direct_jal_target
sub_088384B4,0x088384B4,relocated_r_mips32_code_pointer
sub_08838608,0x08838608,relocated_r_mips32_code_pointer
sub_08838614,0x08838614,relocated_r_mips32_code_pointer
sub_08838620,0x08838620,relocated_r_mips32_code_pointer
sub_08838664,0x08838664,relocated_r_mips32_code_pointer
sub_08838694,0x08838694,direct_jal_target
sub_088386E8,0x088386E8,relocated_r_mips32_code_pointer
sub_088387E0,0x088387E0,relocated_r_mips32_code_pointer
sub_0883882C,0x0883882C,direct_jal_target
sub_08838978,0x08838978,direct_jal_target
sub_08838AD4,0x08838AD4,relocated_r_mips32_code_pointer
sub_08838B68,0x08838B68,direct_jal_target
sub_08839060,0x08839060,direct_jal_target
sub_088393D8,0x088393D8,direct_jal_target
sub_088395A4,0x088395A4,direct_jal_target
sub_08839FBC,0x08839FBC,relocated_r_mips32_code_pointer
sub_0883A0BC,0x0883A0BC,relocated_r_mips32_code_pointer
sub_0883A13C,0x0883A13C,relocated_r_mips32_code_pointer
sub_0883A148,0x0883A148,direct_jal_target
sub_0883A2C4,0x0883A2C4,relocated_r_mips32_code_pointer
sub_0883A2D0,0x0883A2D0,relocated_r_mips32_code_pointer
sub_0883A2DC,0x0883A2DC,direct_jal_target
sub_0883A414,0x0883A414,relocated_r_mips32_code_pointer
sub_0883A508,0x0883A508,relocated_r_mips32_code_pointer
sub_0883A6E8,0x0883A6E8,relocated_r_mips32_code_pointer
sub_0883ADC0,0x0883ADC0,direct_jal_target
sub_0883AF68,0x0883AF68,relocated_r_mips32_code_pointer
sub_0883AFE0,0x0883AFE0,direct_jal_target
sub_0883B0EC,0x0883B0EC,relocated_r_mips32_code_pointer
sub_0883B0F8,0x0883B0F8,relocated_r_mips32_code_pointer
sub_0883B14C,0x0883B14C,direct_jal_target
sub_0883B198,0x0883B198,relocated_r_mips32_code_pointer
sub_0883B348,0x0883B348,relocated_r_mips32_code_pointer
sub_0883B4CC,0x0883B4CC,direct_jal_target
sub_0883B8E8,0x0883B8E8,relocated_r_mips32_code_pointer
sub_0883B9E8,0x0883B9E8,relocated_r_mips32_code_pointer
sub_0883BAA0,0x0883BAA0,relocated_r_mips32_code_pointer
sub_0883BC18,0x0883BC18,direct_jal_target
sub_0883BCB4,0x0883BCB4,direct_jal_target
sub_0883BD2C,0x0883BD2C,relocated_r_mips32_code_pointer
sub_0883BE18,0x0883BE18,relocated_r_mips32_code_pointer
sub_0883BE24,0x0883BE24,relocated_r_mips32_code_pointer
sub_0883BE30,0x0883BE30,relocated_r_mips32_code_pointer
sub_0883BE80,0x0883BE80,relocated_r_mips32_code_pointer
sub_0883C150,0x0883C150,relocated_r_mips32_code_pointer
sub_0883C15C,0x0883C15C,relocated_r_mips32_code_pointer
sub_0883C1B4,0x0883C1B4,direct_jal_target
sub_0883C224,0x0883C224,relocated_r_mips32_code_pointer
sub_0883C364,0x0883C364,relocated_r_mips32_code_pointer
sub_0883C370,0x0883C370,relocated_r_mips32_code_pointer
sub_0883C37C,0x0883C37C,relocated_r_mips32_code_pointer
sub_0883C494,0x0883C494,relocated_r_mips32_code_pointer
sub_0883C568,0x0883C568,relocated_r_mips32_code_pointer
sub_0883C5DC,0x0883C5DC,direct_jal_target
sub_0883C650,0x0883C650,direct_jal_target
sub_0883C6F0,0x0883C6F0,direct_jal_target
sub_0883C94C,0x0883C94C,direct_jal_target
sub_0883CBEC,0x0883CBEC,relocated_r_mips32_code_pointer
sub_0883CDEC,0x0883CDEC,relocated_r_mips32_code_pointer
sub_0883CF24,0x0883CF24,relocated_r_mips32_code_pointer
sub_0883D148,0x0883D148,relocated_r_mips32_code_pointer
sub_0883D224,0x0883D224,direct_jal_target
sub_0883D300,0x0883D300,direct_jal_target
sub_0883D438,0x0883D438,direct_jal_target
sub_0883D570,0x0883D570,relocated_r_mips32_code_pointer
sub_0883D654,0x0883D654,direct_jal_target
sub_0883D8A4,0x0883D8A4,relocated_r_mips32_code_pointer
sub_0883D924,0x0883D924,relocated_r_mips32_code_pointer
sub_0883DAA0,0x0883DAA0,relocated_r_mips32_code_pointer
sub_0883DB18,0x0883DB18,relocated_r_mips32_code_pointer
sub_0883DC10,0x0883DC10,relocated_r_mips32_code_pointer
sub_0883DC1C,0x0883DC1C,relocated_r_mips32_code_pointer
sub_0883DC28,0x0883DC28,relocated_r_mips32_code_pointer
sub_0883DEB0,0x0883DEB0,direct_jal_target
sub_0883E0D0,0x0883E0D0,relocated_r_mips32_code_pointer
sub_0883E2A8,0x0883E2A8,direct_jal_target
sub_0883E328,0x0883E328,relocated_r_mips32_code_pointer
sub_0883E374,0x0883E374,direct_jal_target
sub_0883E4EC,0x0883E4EC,relocated_r_mips32_code_pointer
sub_0883E4F8,0x0883E4F8,relocated_r_mips32_code_pointer
sub_0883E504,0x0883E504,relocated_r_mips32_code_pointer
sub_0883E548,0x0883E548,relocated_r_mips32_code_pointer
sub_0883E604,0x0883E604,relocated_r_mips32_code_pointer
sub_0883E6E4,0x0883E6E4,relocated_r_mips32_code_pointer
sub_0883E830,0x0883E830,direct_jal_target
sub_0883EA08,0x0883EA08,direct_jal_target
sub_0883EB84,0x0883EB84,relocated_r_mips32_code_pointer
sub_0883F1A4,0x0883F1A4,direct_jal_target
sub_0883F270,0x0883F270,relocated_r_mips32_code_pointer
sub_0883F2B4,0x0883F2B4,relocated_r_mips32_code_pointer
sub_0883F44C,0x0883F44C,relocated_r_mips32_code_pointer
sub_0883F458,0x0883F458,relocated_r_mips32_code_pointer
sub_0883F4B8,0x0883F4B8,direct_jal_target
sub_0883F50C,0x0883F50C,direct_jal_target
sub_0883F53C,0x0883F53C,direct_jal_target
sub_0883F56C,0x0883F56C,relocated_r_mips32_code_pointer
sub_0883F67C,0x0883F67C,relocated_r_mips32_code_pointer
sub_0883F688,0x0883F688,relocated_r_mips32_code_pointer
sub_0883F694,0x0883F694,relocated_r_mips32_code_pointer
sub_0883F734,0x0883F734,direct_jal_target
sub_0883F874,0x0883F874,direct_jal_target
sub_0883F8C4,0x0883F8C4,relocated_r_mips32_code_pointer
sub_0883FA30,0x0883FA30,direct_jal_target
sub_0883FA9C,0x0883FA9C,direct_jal_target
sub_0883FB08,0x0883FB08,direct_jal_target
sub_0883FBA0,0x0883FBA0,relocated_r_mips32_code_pointer
sub_0883FC38,0x0883FC38,direct_jal_target
sub_0883FD24,0x0883FD24,relocated_r_mips32_code_pointer
sub_0883FD30,0x0883FD30,relocated_r_mips32_code_pointer
sub_0883FD3C,0x0883FD3C,relocated_r_mips32_code_pointer
sub_0883FDD0,0x0883FDD0,relocated_r_mips32_code_pointer
sub_0883FE44,0x0883FE44,relocated_r_mips32_code_pointer
sub_0883FFAC,0x0883FFAC,direct_jal_target
sub_08840038,0x08840038,relocated_r_mips32_code_pointer
sub_088400C4,0x088400C4,direct_jal_target
sub_08840230,0x08840230,relocated_r_mips32_code_pointer
sub_08840250,0x08840250,relocated_r_mips32_code_pointer
sub_08840270,0x08840270,relocated_r_mips32_code_pointer
sub_088403F0,0x088403F0,direct_jal_target
sub_08840564,0x08840564,relocated_r_mips32_code_pointer
sub_08840628,0x08840628,relocated_r_mips32_code_pointer
sub_08840698,0x08840698,relocated_r_mips32_code_pointer
sub_088406BC,0x088406BC,relocated_r_mips32_code_pointer
sub_08840710,0x08840710,relocated_r_mips32_code_pointer
sub_088407FC,0x088407FC,direct_jal_target
sub_08840908,0x08840908,relocated_r_mips32_code_pointer
sub_08840914,0x08840914,relocated_r_mips32_code_pointer
sub_08840920,0x08840920,relocated_r_mips32_code_pointer
sub_08840964,0x08840964,relocated_r_mips32_code_pointer
sub_08840984,0x08840984,relocated_r_mips32_code_pointer
sub_08840A80,0x08840A80,direct_jal_target
sub_08840AEC,0x08840AEC,direct_jal_target
sub_08840B6C,0x08840B6C,relocated_r_mips32_code_pointer
sub_08840B88,0x08840B88,relocated_r_mips32_code_pointer
sub_08840BC0,0x08840BC0,relocated_r_mips32_code_pointer
sub_08840C38,0x08840C38,relocated_r_mips32_code_pointer
sub_08840C98,0x08840C98,relocated_r_mips32_code_pointer
sub_08840CDC,0x08840CDC,relocated_r_mips32_code_pointer
sub_08840D20,0x08840D20,relocated_r_mips32_code_pointer
sub_08840D64,0x08840D64,relocated_r_mips32_code_pointer
sub_08840D9C,0x08840D9C,relocated_r_mips32_code_pointer
sub_08840DC8,0x08840DC8,relocated_r_mips32_code_pointer
sub_08840DF0,0x08840DF0,relocated_r_mips32_code_pointer
sub_08840E04,0x08840E04,relocated_r_mips32_code_pointer
sub_08840E18,0x08840E18,relocated_r_mips32_code_pointer
sub_08840E38,0x08840E38,relocated_r_mips32_code_pointer
sub_08840F00,0x08840F00,relocated_r_mips32_code_pointer
sub_08841080,0x08841080,relocated_r_mips32_code_pointer
sub_08841178,0x08841178,direct_jal_target
sub_08841328,0x08841328,direct_jal_target
sub_0884162C,0x0884162C,direct_jal_target
sub_08841640,0x08841640,direct_jal_target
sub_088416DC,0x088416DC,direct_jal_target
sub_08841778,0x08841778,direct_jal_target
sub_08841868,0x08841868,direct_jal_target
sub_088418A8,0x088418A8,direct_jal_target
sub_088418E8,0x088418E8,relocated_r_mips32_code_pointer
sub_088419D8,0x088419D8,direct_jal_target
sub_08841B94,0x08841B94,relocated_r_mips32_code_pointer
sub_08841E34,0x08841E34,direct_jal_target
sub_08842054,0x08842054,direct_jal_target
sub_088421E0,0x088421E0,relocated_r_mips32_code_pointer
sub_08842354,0x08842354,relocated_r_mips32_code_pointer
sub_08842368,0x08842368,relocated_r_mips32_code_pointer
sub_0884237C,0x0884237C,relocated_r_mips32_code_pointer
sub_08842390,0x08842390,relocated_r_mips32_code_pointer
sub_088423AC,0x088423AC,relocated_r_mips32_code_pointer
sub_0884240C,0x0884240C,direct_jal_target
sub_08842540,0x08842540,relocated_r_mips32_code_pointer
sub_0884254C,0x0884254C,relocated_r_mips32_code_pointer
sub_08842558,0x08842558,direct_jal_target
sub_088425D0,0x088425D0,direct_jal_target
sub_088425DC,0x088425DC,direct_jal_target
sub_08842738,0x08842738,relocated_r_mips32_code_pointer
sub_08842744,0x08842744,relocated_r_mips32_code_pointer
sub_08842750,0x08842750,direct_jal_target
sub_088427FC,0x088427FC,direct_jal_target
sub_08842894,0x08842894,relocated_r_mips32_code_pointer
sub_08842970,0x08842970,relocated_r_mips32_code_pointer
sub_088429DC,0x088429DC,relocated_r_mips32_code_pointer
sub_08842AC4,0x08842AC4,relocated_r_mips32_code_pointer
sub_08842AD0,0x08842AD0,relocated_r_mips32_code_pointer
sub_08842ADC,0x08842ADC,relocated_r_mips32_code_pointer
sub_08842B74,0x08842B74,relocated_r_mips32_code_pointer
sub_08842BB8,0x08842BB8,relocated_r_mips32_code_pointer
sub_08842CA8,0x08842CA8,relocated_r_mips32_code_pointer
sub_08842E90,0x08842E90,relocated_r_mips32_code_pointer
sub_08842E9C,0x08842E9C,relocated_r_mips32_code_pointer
sub_08842EA8,0x08842EA8,relocated_r_mips32_code_pointer
sub_08842F64,0x08842F64,direct_jal_target
sub_088430FC,0x088430FC,relocated_r_mips32_code_pointer
sub_08843620,0x08843620,direct_jal_target
sub_08843714,0x08843714,relocated_r_mips32_code_pointer
sub_08843784,0x08843784,relocated_r_mips32_code_pointer
sub_088437D0,0x088437D0,relocated_r_mips32_code_pointer
sub_088437D8,0x088437D8,relocated_r_mips32_code_pointer
sub_08843960,0x08843960,direct_jal_target
sub_08843AD0,0x08843AD0,relocated_r_mips32_code_pointer
sub_08843ADC,0x08843ADC,relocated_r_mips32_code_pointer
sub_08843AE8,0x08843AE8,relocated_r_mips32_code_pointer
sub_08843C18,0x08843C18,relocated_r_mips32_code_pointer
sub_08843CA0,0x08843CA0,direct_jal_target
sub_08843DFC,0x08843DFC,relocated_r_mips32_code_pointer
sub_08843E98,0x08843E98,direct_jal_target
sub_08843F4C,0x08843F4C,direct_jal_target
sub_08844154,0x08844154,relocated_r_mips32_code_pointer
sub_0884451C,0x0884451C,direct_jal_target
sub_08844658,0x08844658,relocated_r_mips32_code_pointer
sub_08844888,0x08844888,direct_jal_target
sub_08844B40,0x08844B40,direct_jal_target
sub_08844DFC,0x08844DFC,relocated_r_mips32_code_pointer
sub_08844FA0,0x08844FA0,relocated_r_mips32_code_pointer
sub_0884514C,0x0884514C,direct_jal_target
sub_088453F0,0x088453F0,direct_jal_target
sub_0884570C,0x0884570C,direct_jal_target
sub_08845748,0x08845748,relocated_r_mips32_code_pointer
sub_08845808,0x08845808,relocated_r_mips32_code_pointer
sub_0884589C,0x0884589C,relocated_r_mips32_code_pointer
sub_08845908,0x08845908,relocated_r_mips32_code_pointer
sub_088459F0,0x088459F0,relocated_r_mips32_code_pointer
sub_08845AEC,0x08845AEC,relocated_r_mips32_code_pointer
sub_08845B74,0x08845B74,relocated_r_mips32_code_pointer
sub_08845C68,0x08845C68,direct_jal_target
sub_0884600C,0x0884600C,direct_jal_target
sub_0884604C,0x0884604C,relocated_r_mips32_code_pointer
sub_0884613C,0x0884613C,relocated_r_mips32_code_pointer
sub_08846190,0x08846190,relocated_r_mips32_code_pointer
sub_088462A4,0x088462A4,relocated_r_mips32_code_pointer
sub_088462E8,0x088462E8,relocated_r_mips32_code_pointer
sub_08846374,0x08846374,relocated_r_mips32_code_pointer
sub_088463B0,0x088463B0,relocated_r_mips32_code_pointer
sub_088463E4,0x088463E4,relocated_r_mips32_code_pointer
sub_088464BC,0x088464BC,relocated_r_mips32_code_pointer
sub_088464CC,0x088464CC,relocated_r_mips32_code_pointer
sub_088464DC,0x088464DC,relocated_r_mips32_code_pointer
sub_088464EC,0x088464EC,relocated_r_mips32_code_pointer
sub_088464FC,0x088464FC,relocated_r_mips32_code_pointer
sub_0884650C,0x0884650C,relocated_r_mips32_code_pointer
sub_08846600,0x08846600,relocated_r_mips32_code_pointer
sub_0884662C,0x0884662C,direct_jal_target
sub_08846AE0,0x08846AE0,relocated_r_mips32_code_pointer
sub_08846BB8,0x08846BB8,relocated_r_mips32_code_pointer
sub_08846BD8,0x08846BD8,relocated_r_mips32_code_pointer
sub_08846BE4,0x08846BE4,direct_jal_target
sub_08846C24,0x08846C24,relocated_r_mips32_code_pointer
sub_08846C60,0x08846C60,direct_jal_target
sub_08846D44,0x08846D44,relocated_r_mips32_code_pointer
sub_08846D50,0x08846D50,relocated_r_mips32_code_pointer
sub_08846D5C,0x08846D5C,direct_jal_target
sub_08846D90,0x08846D90,relocated_r_mips32_code_pointer
sub_08846DF8,0x08846DF8,relocated_r_mips32_code_pointer
sub_08846E80,0x08846E80,relocated_r_mips32_code_pointer
sub_08846FCC,0x08846FCC,direct_jal_target
sub_08847010,0x08847010,relocated_r_mips32_code_pointer
sub_08847148,0x08847148,relocated_r_mips32_code_pointer
sub_0884731C,0x0884731C,relocated_r_mips32_code_pointer
sub_088473D4,0x088473D4,direct_jal_target
sub_08847568,0x08847568,relocated_r_mips32_code_pointer
sub_08847698,0x08847698,direct_jal_target
sub_08847708,0x08847708,relocated_r_mips32_code_pointer
sub_08847710,0x08847710,relocated_r_mips32_code_pointer
sub_0884775C,0x0884775C,relocated_r_mips32_code_pointer
sub_08847778,0x08847778,relocated_r_mips32_code_pointer
sub_08847784,0x08847784,direct_jal_target
sub_088479B4,0x088479B4,relocated_r_mips32_code_pointer
sub_088479C0,0x088479C0,relocated_r_mips32_code_pointer
sub_08847A9C,0x08847A9C,direct_jal_target
sub_08847AC0,0x08847AC0,relocated_r_mips32_code_pointer
sub_08847B34,0x08847B34,relocated_r_mips32_code_pointer
sub_08847C10,0x08847C10,relocated_r_mips32_code_pointer
sub_08847E8C,0x08847E8C,direct_jal_target
sub_08847F34,0x08847F34,direct_jal_target
sub_08847FF8,0x08847FF8,relocated_r_mips32_code_pointer
sub_088481A8,0x088481A8,relocated_r_mips32_code_pointer
sub_088482B8,0x088482B8,direct_jal_target
sub_08848B60,0x08848B60,relocated_r_mips32_code_pointer
sub_08848BAC,0x08848BAC,relocated_r_mips32_code_pointer
sub_08848BE8,0x08848BE8,relocated_r_mips32_code_pointer
sub_08848C3C,0x08848C3C,relocated_r_mips32_code_pointer
sub_08848C78,0x08848C78,relocated_r_mips32_code_pointer
sub_08848CA4,0x08848CA4,relocated_r_mips32_code_pointer
sub_08848DA8,0x08848DA8,relocated_r_mips32_code_pointer
sub_08848E04,0x08848E04,relocated_r_mips32_code_pointer
sub_08848E58,0x08848E58,relocated_r_mips32_code_pointer
sub_08848FE0,0x08848FE0,relocated_r_mips32_code_pointer
sub_088490C8,0x088490C8,relocated_r_mips32_code_pointer
sub_08849114,0x08849114,relocated_r_mips32_code_pointer
sub_08849580,0x08849580,relocated_r_mips32_code_pointer
sub_088495B8,0x088495B8,relocated_r_mips32_code_pointer
sub_088495F8,0x088495F8,relocated_r_mips32_code_pointer
sub_08849608,0x08849608,relocated_r_mips32_code_pointer
sub_0884961C,0x0884961C,relocated_r_mips32_code_pointer
sub_08849630,0x08849630,relocated_r_mips32_code_pointer
sub_08849644,0x08849644,relocated_r_mips32_code_pointer
sub_08849658,0x08849658,relocated_r_mips32_code_pointer
sub_0884966C,0x0884966C,relocated_r_mips32_code_pointer
sub_08849748,0x08849748,direct_jal_target
sub_088498C8,0x088498C8,relocated_r_mips32_code_pointer
sub_08849998,0x08849998,relocated_r_mips32_code_pointer
sub_08849A70,0x08849A70,relocated_r_mips32_code_pointer
sub_08849B54,0x08849B54,relocated_r_mips32_code_pointer
sub_08849B60,0x08849B60,relocated_r_mips32_code_pointer
sub_08849B6C,0x08849B6C,relocated_r_mips32_code_pointer
sub_08849C60,0x08849C60,relocated_r_mips32_code_pointer
sub_08849C90,0x08849C90,relocated_r_mips32_code_pointer
sub_08849DAC,0x08849DAC,relocated_r_mips32_code_pointer
sub_08849DB8,0x08849DB8,relocated_r_mips32_code_pointer
sub_08849DC4,0x08849DC4,relocated_r_mips32_code_pointer
sub_08849F98,0x08849F98,direct_jal_target
sub_0884A000,0x0884A000,relocated_r_mips32_code_pointer
sub_0884A0D0,0x0884A0D0,relocated_r_mips32_code_pointer
sub_0884A0DC,0x0884A0DC,relocated_r_mips32_code_pointer
sub_0884A0E8,0x0884A0E8,relocated_r_mips32_code_pointer
sub_0884A2E4,0x0884A2E4,relocated_r_mips32_code_pointer
sub_0884A380,0x0884A380,direct_jal_target
sub_0884A3F0,0x0884A3F0,relocated_r_mips32_code_pointer
sub_0884A49C,0x0884A49C,relocated_r_mips32_code_pointer
sub_0884A4A8,0x0884A4A8,relocated_r_mips32_code_pointer
sub_0884A4B4,0x0884A4B4,relocated_r_mips32_code_pointer
sub_0884A690,0x0884A690,relocated_r_mips32_code_pointer
sub_0884A734,0x0884A734,relocated_r_mips32_code_pointer
sub_0884A740,0x0884A740,relocated_r_mips32_code_pointer
sub_0884A74C,0x0884A74C,relocated_r_mips32_code_pointer
sub_0884A838,0x0884A838,relocated_r_mips32_code_pointer
sub_0884A854,0x0884A854,relocated_r_mips32_code_pointer
sub_0884A894,0x0884A894,direct_jal_target
sub_0884A8A8,0x0884A8A8,direct_jal_target
sub_0884A908,0x0884A908,direct_jal_target
sub_0884A92C,0x0884A92C,relocated_r_mips32_code_pointer
sub_0884A9D4,0x0884A9D4,relocated_r_mips32_code_pointer
sub_0884AA44,0x0884AA44,direct_jal_target
sub_0884AAF0,0x0884AAF0,relocated_r_mips32_code_pointer
sub_0884AAFC,0x0884AAFC,relocated_r_mips32_code_pointer
sub_0884AB08,0x0884AB08,direct_jal_target
sub_0884ABBC,0x0884ABBC,relocated_r_mips32_code_pointer
sub_0884B0A0,0x0884B0A0,direct_jal_target
sub_0884B110,0x0884B110,relocated_r_mips32_code_pointer
sub_0884B210,0x0884B210,relocated_r_mips32_code_pointer
sub_0884B21C,0x0884B21C,relocated_r_mips32_code_pointer
sub_0884B284,0x0884B284,relocated_r_mips32_code_pointer
sub_0884B350,0x0884B350,direct_jal_target
sub_0884B36C,0x0884B36C,relocated_r_mips32_code_pointer
sub_0884B448,0x0884B448,relocated_r_mips32_code_pointer
sub_0884B454,0x0884B454,relocated_r_mips32_code_pointer
sub_0884B460,0x0884B460,direct_jal_target
sub_0884B4AC,0x0884B4AC,relocated_r_mips32_code_pointer
sub_0884B65C,0x0884B65C,direct_jal_target
sub_0884B6B0,0x0884B6B0,direct_jal_target
sub_0884B6B8,0x0884B6B8,direct_jal_target
sub_0884B74C,0x0884B74C,direct_jal_target
sub_0884B77C,0x0884B77C,direct_jal_target
sub_0884B888,0x0884B888,relocated_r_mips32_code_pointer
sub_0884B894,0x0884B894,relocated_r_mips32_code_pointer
sub_0884B8A0,0x0884B8A0,relocated_r_mips32_code_pointer
sub_0884B8D4,0x0884B8D4,direct_jal_target
sub_0884BAB8,0x0884BAB8,relocated_r_mips32_code_pointer
sub_0884BAC4,0x0884BAC4,relocated_r_mips32_code_pointer
sub_0884BAD0,0x0884BAD0,direct_jal_target
sub_0884BB18,0x0884BB18,direct_jal_target
sub_0884BB50,0x0884BB50,direct_jal_target
sub_0884BB88,0x0884BB88,direct_jal_target
sub_0884BB98,0x0884BB98,relocated_r_mips32_code_pointer
sub_0884BBA8,0x0884BBA8,direct_jal_target
sub_0884BC74,0x0884BC74,relocated_r_mips32_code_pointer
sub_0884BC80,0x0884BC80,relocated_r_mips32_code_pointer
sub_0884BCC4,0x0884BCC4,direct_jal_target
sub_0884BCFC,0x0884BCFC,relocated_r_mips32_code_pointer
sub_0884BE14,0x0884BE14,relocated_r_mips32_code_pointer
sub_0884BE20,0x0884BE20,relocated_r_mips32_code_pointer
sub_0884BE2C,0x0884BE2C,relocated_r_mips32_code_pointer
sub_0884BE68,0x0884BE68,relocated_r_mips32_code_pointer
sub_0884BEC4,0x0884BEC4,relocated_r_mips32_code_pointer
sub_0884BF80,0x0884BF80,direct_jal_target
sub_0884C070,0x0884C070,direct_jal_target
sub_0884C0C0,0x0884C0C0,relocated_r_mips32_code_pointer
sub_0884C0EC,0x0884C0EC,relocated_r_mips32_code_pointer
sub_0884C0FC,0x0884C0FC,relocated_r_mips32_code_pointer
sub_0884C10C,0x0884C10C,relocated_r_mips32_code_pointer
sub_0884C11C,0x0884C11C,relocated_r_mips32_code_pointer
sub_0884C12C,0x0884C12C,relocated_r_mips32_code_pointer
sub_0884C13C,0x0884C13C,relocated_r_mips32_code_pointer
sub_0884C14C,0x0884C14C,relocated_r_mips32_code_pointer
sub_0884C15C,0x0884C15C,relocated_r_mips32_code_pointer
sub_0884C16C,0x0884C16C,relocated_r_mips32_code_pointer
sub_0884C17C,0x0884C17C,relocated_r_mips32_code_pointer
sub_0884C18C,0x0884C18C,relocated_r_mips32_code_pointer
sub_0884C19C,0x0884C19C,relocated_r_mips32_code_pointer
sub_0884C1AC,0x0884C1AC,relocated_r_mips32_code_pointer
sub_0884C1BC,0x0884C1BC,relocated_r_mips32_code_pointer
sub_0884C1C4,0x0884C1C4,relocated_r_mips32_code_pointer
sub_0884C1D4,0x0884C1D4,direct_jal_target
sub_0884C244,0x0884C244,relocated_r_mips32_code_pointer
sub_0884C254,0x0884C254,direct_jal_target
sub_0884C474,0x0884C474,relocated_r_mips32_code_pointer
sub_0884C480,0x0884C480,relocated_r_mips32_code_pointer
sub_0884C48C,0x0884C48C,relocated_r_mips32_code_pointer
sub_0884C4E4,0x0884C4E4,relocated_r_mips32_code_pointer
sub_0884C5C0,0x0884C5C0,relocated_r_mips32_code_pointer
sub_0884C6BC,0x0884C6BC,relocated_r_mips32_code_pointer
sub_0884C7C0,0x0884C7C0,relocated_r_mips32_code_pointer
sub_0884C90C,0x0884C90C,direct_jal_target
sub_0884CA24,0x0884CA24,relocated_r_mips32_code_pointer
sub_0884CB74,0x0884CB74,relocated_r_mips32_code_pointer
sub_0884CBC0,0x0884CBC0,direct_jal_target
sub_0884CCBC,0x0884CCBC,direct_jal_target
sub_0884CE84,0x0884CE84,direct_jal_target
sub_0884CF08,0x0884CF08,relocated_r_mips32_code_pointer
sub_0884CFE4,0x0884CFE4,direct_jal_target
sub_0884D0DC,0x0884D0DC,relocated_r_mips32_code_pointer
sub_0884D118,0x0884D118,direct_jal_target
sub_0884D1BC,0x0884D1BC,relocated_r_mips32_code_pointer
sub_0884D2A8,0x0884D2A8,relocated_r_mips32_code_pointer
sub_0884D5F0,0x0884D5F0,relocated_r_mips32_code_pointer
sub_0884D7D4,0x0884D7D4,relocated_r_mips32_code_pointer
sub_0884D830,0x0884D830,relocated_r_mips32_code_pointer
sub_0884DBE8,0x0884DBE8,direct_jal_target
sub_0884DDC0,0x0884DDC0,relocated_r_mips32_code_pointer
sub_0884DE7C,0x0884DE7C,direct_jal_target
sub_0884DFC8,0x0884DFC8,direct_jal_target
sub_0884E114,0x0884E114,direct_jal_target
sub_0884E16C,0x0884E16C,relocated_r_mips32_code_pointer
sub_0884E1C4,0x0884E1C4,direct_jal_target
sub_0884E2D8,0x0884E2D8,direct_jal_target
sub_0884E5E4,0x0884E5E4,direct_jal_target
sub_0884E71C,0x0884E71C,direct_jal_target
sub_0884E9AC,0x0884E9AC,relocated_r_mips32_code_pointer
sub_0884EADC,0x0884EADC,direct_jal_target
sub_0884ED58,0x0884ED58,relocated_r_mips32_code_pointer
sub_0884F094,0x0884F094,relocated_r_mips32_code_pointer
sub_0884F13C,0x0884F13C,relocated_r_mips32_code_pointer
sub_0884F1E4,0x0884F1E4,direct_jal_target
sub_0884F928,0x0884F928,direct_jal_target
sub_0884F974,0x0884F974,relocated_r_mips32_code_pointer
sub_0884F984,0x0884F984,relocated_r_mips32_code_pointer
sub_0884FA5C,0x0884FA5C,relocated_r_mips32_code_pointer
sub_0884FA68,0x0884FA68,relocated_r_mips32_code_pointer
sub_0884FA74,0x0884FA74,relocated_r_mips32_code_pointer
sub_0884FAF8,0x0884FAF8,relocated_r_mips32_code_pointer
sub_0884FB98,0x0884FB98,relocated_r_mips32_code_pointer
sub_0884FD30,0x0884FD30,direct_jal_target
sub_0884FD80,0x0884FD80,relocated_r_mips32_code_pointer
sub_0884FD90,0x0884FD90,relocated_r_mips32_code_pointer
sub_0884FDC4,0x0884FDC4,relocated_r_mips32_code_pointer
sub_0884FE3C,0x0884FE3C,relocated_r_mips32_code_pointer
sub_0884FE4C,0x0884FE4C,relocated_r_mips32_code_pointer
sub_0884FF1C,0x0884FF1C,relocated_r_mips32_code_pointer
sub_0884FF28,0x0884FF28,relocated_r_mips32_code_pointer
sub_0884FF34,0x0884FF34,relocated_r_mips32_code_pointer
sub_08850018,0x08850018,relocated_r_mips32_code_pointer
sub_08850158,0x08850158,relocated_r_mips32_code_pointer
sub_088501E0,0x088501E0,relocated_r_mips32_code_pointer
sub_0885023C,0x0885023C,relocated_r_mips32_code_pointer
sub_088502B0,0x088502B0,direct_jal_target
sub_08850370,0x08850370,relocated_r_mips32_code_pointer
sub_0885037C,0x0885037C,relocated_r_mips32_code_pointer
sub_08850388,0x08850388,relocated_r_mips32_code_pointer
sub_088503E0,0x088503E0,relocated_r_mips32_code_pointer
sub_0885045C,0x0885045C,direct_jal_target
sub_088504CC,0x088504CC,relocated_r_mips32_code_pointer
sub_08850694,0x08850694,relocated_r_mips32_code_pointer
sub_088509E4,0x088509E4,relocated_r_mips32_code_pointer
sub_08850B64,0x08850B64,relocated_r_mips32_code_pointer
sub_08850BE4,0x08850BE4,direct_jal_target
sub_08850C88,0x08850C88,relocated_r_mips32_code_pointer
sub_08850C94,0x08850C94,relocated_r_mips32_code_pointer
sub_08850CD0,0x08850CD0,direct_jal_target
sub_08850D00,0x08850D00,relocated_r_mips32_code_pointer
sub_08850D08,0x08850D08,relocated_r_mips32_code_pointer
sub_08850D84,0x08850D84,direct_jal_target
sub_08850DFC,0x08850DFC,direct_jal_target
sub_08850F08,0x08850F08,relocated_r_mips32_code_pointer
sub_08850F14,0x08850F14,relocated_r_mips32_code_pointer
sub_08850F20,0x08850F20,direct_jal_target
sub_08850F90,0x08850F90,relocated_r_mips32_code_pointer
sub_08851040,0x08851040,direct_jal_target
sub_088510C8,0x088510C8,direct_jal_target
sub_088511F0,0x088511F0,relocated_r_mips32_code_pointer
sub_088512D0,0x088512D0,relocated_r_mips32_code_pointer
sub_088516E4,0x088516E4,direct_jal_target
sub_0885172C,0x0885172C,relocated_r_mips32_code_pointer
sub_08851830,0x08851830,relocated_r_mips32_code_pointer
sub_0885183C,0x0885183C,relocated_r_mips32_code_pointer
sub_08851848,0x08851848,relocated_r_mips32_code_pointer
sub_08851984,0x08851984,relocated_r_mips32_code_pointer
sub_088519E4,0x088519E4,relocated_r_mips32_code_pointer
sub_08851E28,0x08851E28,relocated_r_mips32_code_pointer
sub_08851E38,0x08851E38,relocated_r_mips32_code_pointer
sub_08851E40,0x08851E40,direct_jal_target
sub_08851F24,0x08851F24,relocated_r_mips32_code_pointer
sub_08851F30,0x08851F30,relocated_r_mips32_code_pointer
sub_08851F3C,0x08851F3C,relocated_r_mips32_code_pointer
sub_08851F98,0x08851F98,relocated_r_mips32_code_pointer
sub_08852044,0x08852044,relocated_r_mips32_code_pointer
sub_0885205C,0x0885205C,relocated_r_mips32_code_pointer
sub_08852074,0x08852074,relocated_r_mips32_code_pointer
sub_0885208C,0x0885208C,relocated_r_mips32_code_pointer
sub_088520A4,0x088520A4,relocated_r_mips32_code_pointer
sub_088520BC,0x088520BC,relocated_r_mips32_code_pointer
sub_088521FC,0x088521FC,relocated_r_mips32_code_pointer
sub_08852260,0x08852260,relocated_r_mips32_code_pointer
sub_088522F0,0x088522F0,relocated_r_mips32_code_pointer
sub_088524B0,0x088524B0,direct_jal_target
sub_0885253C,0x0885253C,direct_jal_target
sub_088525C8,0x088525C8,direct_jal_target
sub_088525D8,0x088525D8,relocated_r_mips32_code_pointer
sub_088525E8,0x088525E8,relocated_r_mips32_code_pointer
sub_0885277C,0x0885277C,direct_jal_target
sub_08852808,0x08852808,direct_jal_target
sub_08852AE4,0x08852AE4,relocated_r_mips32_code_pointer
sub_08852C94,0x08852C94,direct_jal_target
sub_08852D68,0x08852D68,relocated_r_mips32_code_pointer
sub_08852F6C,0x08852F6C,relocated_r_mips32_code_pointer
sub_088530BC,0x088530BC,relocated_r_mips32_code_pointer
sub_08853348,0x08853348,relocated_r_mips32_code_pointer
sub_088534E0,0x088534E0,relocated_r_mips32_code_pointer
sub_0885362C,0x0885362C,relocated_r_mips32_code_pointer
sub_088536A4,0x088536A4,relocated_r_mips32_code_pointer
sub_088537D8,0x088537D8,direct_jal_target
sub_088537E4,0x088537E4,relocated_r_mips32_code_pointer
sub_08853850,0x08853850,direct_jal_target
sub_0885386C,0x0885386C,direct_jal_target
sub_0885399C,0x0885399C,relocated_r_mips32_code_pointer
sub_088539A8,0x088539A8,relocated_r_mips32_code_pointer
sub_088539B4,0x088539B4,direct_jal_target
sub_088539E0,0x088539E0,direct_jal_target
sub_08853A40,0x08853A40,direct_jal_target
sub_08853BC4,0x08853BC4,direct_jal_target
sub_08853C44,0x08853C44,direct_jal_target
sub_08853D8C,0x08853D8C,direct_jal_target
sub_08853E38,0x08853E38,direct_jal_target
sub_08853F08,0x08853F08,direct_jal_target
sub_08854318,0x08854318,direct_jal_target
sub_0885467C,0x0885467C,direct_jal_target
sub_08854E44,0x08854E44,direct_jal_target
sub_08855030,0x08855030,direct_jal_target
sub_08855080,0x08855080,direct_jal_target
sub_08855284,0x08855284,direct_jal_target
sub_0885537C,0x0885537C,direct_jal_target
sub_08855434,0x08855434,direct_jal_target
sub_08855860,0x08855860,direct_jal_target
sub_08855CA4,0x08855CA4,direct_jal_target
sub_08856198,0x08856198,direct_jal_target
sub_08856444,0x08856444,direct_jal_target
sub_0885657C,0x0885657C,relocated_r_mips32_code_pointer
sub_08856898,0x08856898,relocated_r_mips32_code_pointer
sub_088568CC,0x088568CC,relocated_r_mips32_code_pointer
sub_08856900,0x08856900,relocated_r_mips32_code_pointer
sub_08856914,0x08856914,relocated_r_mips32_code_pointer
sub_08856928,0x08856928,relocated_r_mips32_code_pointer
sub_0885693C,0x0885693C,relocated_r_mips32_code_pointer
sub_08856970,0x08856970,relocated_r_mips32_code_pointer
sub_08856980,0x08856980,relocated_r_mips32_code_pointer
sub_08856994,0x08856994,relocated_r_mips32_code_pointer
sub_088569A4,0x088569A4,relocated_r_mips32_code_pointer
sub_088569B4,0x088569B4,relocated_r_mips32_code_pointer
sub_08856C50,0x08856C50,direct_jal_target
sub_08856D48,0x08856D48,direct_jal_target
sub_08857584,0x08857584,relocated_r_mips32_code_pointer
sub_08857644,0x08857644,direct_jal_target
sub_088582B0,0x088582B0,direct_jal_target
sub_0885836C,0x0885836C,direct_jal_target
sub_08858464,0x08858464,direct_jal_target
sub_08858550,0x08858550,direct_jal_target
sub_08858CD0,0x08858CD0,direct_jal_target
sub_08859280,0x08859280,direct_jal_target
sub_08859A0C,0x08859A0C,direct_jal_target
sub_08859EB4,0x08859EB4,direct_jal_target
sub_0885A15C,0x0885A15C,direct_jal_target
sub_0885A2CC,0x0885A2CC,relocated_r_mips32_code_pointer
sub_0885A2E0,0x0885A2E0,relocated_r_mips32_code_pointer
sub_0885A338,0x0885A338,relocated_r_mips32_code_pointer
sub_0885A39C,0x0885A39C,relocated_r_mips32_code_pointer
sub_0885A3B0,0x0885A3B0,relocated_r_mips32_code_pointer
sub_0885A3C4,0x0885A3C4,relocated_r_mips32_code_pointer
sub_0885A478,0x0885A478,direct_jal_target
sub_0885A538,0x0885A538,direct_jal_target
sub_0885A5AC,0x0885A5AC,direct_jal_target
sub_0885A5BC,0x0885A5BC,relocated_r_mips32_code_pointer
sub_0885A668,0x0885A668,relocated_r_mips32_code_pointer
sub_0885A674,0x0885A674,relocated_r_mips32_code_pointer
sub_0885A680,0x0885A680,direct_jal_target
sub_0885A6CC,0x0885A6CC,direct_jal_target
sub_0885A8F4,0x0885A8F4,direct_jal_target
sub_0885AD48,0x0885AD48,direct_jal_target
sub_0885ADEC,0x0885ADEC,relocated_r_mips32_code_pointer
sub_0885ADF8,0x0885ADF8,relocated_r_mips32_code_pointer
sub_0885AF3C,0x0885AF3C,direct_jal_target
sub_0885AFBC,0x0885AFBC,direct_jal_target
sub_0885B0FC,0x0885B0FC,direct_jal_target
sub_0885B530,0x0885B530,direct_jal_target
sub_0885B568,0x0885B568,direct_jal_target
sub_0885B5A0,0x0885B5A0,relocated_r_mips32_code_pointer
sub_0885B5FC,0x0885B5FC,relocated_r_mips32_code_pointer
sub_0885B6AC,0x0885B6AC,relocated_r_mips32_code_pointer
sub_0885B6B8,0x0885B6B8,relocated_r_mips32_code_pointer
sub_0885B6C4,0x0885B6C4,relocated_r_mips32_code_pointer
sub_0885B724,0x0885B724,relocated_r_mips32_code_pointer
sub_0885B74C,0x0885B74C,relocated_r_mips32_code_pointer
sub_0885B7F0,0x0885B7F0,relocated_r_mips32_code_pointer
sub_0885B7FC,0x0885B7FC,relocated_r_mips32_code_pointer
sub_0885B808,0x0885B808,direct_jal_target
sub_0885B894,0x0885B894,relocated_r_mips32_code_pointer
sub_0885B8C8,0x0885B8C8,direct_jal_target
sub_0885B994,0x0885B994,relocated_r_mips32_code_pointer
sub_0885BEF0,0x0885BEF0,direct_jal_target
sub_0885BFE8,0x0885BFE8,relocated_r_mips32_code_pointer
sub_0885C044,0x0885C044,relocated_r_mips32_code_pointer
sub_0885C0EC,0x0885C0EC,relocated_r_mips32_code_pointer
sub_0885C0F8,0x0885C0F8,relocated_r_mips32_code_pointer
sub_0885C104,0x0885C104,relocated_r_mips32_code_pointer
sub_0885C21C,0x0885C21C,relocated_r_mips32_code_pointer
sub_0885C2F4,0x0885C2F4,relocated_r_mips32_code_pointer
sub_0885C588,0x0885C588,relocated_r_mips32_code_pointer
sub_0885C5C0,0x0885C5C0,relocated_r_mips32_code_pointer
sub_0885C814,0x0885C814,relocated_r_mips32_code_pointer
sub_0885C9A0,0x0885C9A0,relocated_r_mips32_code_pointer
sub_0885CA08,0x0885CA08,direct_jal_target
sub_0885CAB0,0x0885CAB0,relocated_r_mips32_code_pointer
sub_0885CB0C,0x0885CB0C,relocated_r_mips32_code_pointer
sub_0885CBE4,0x0885CBE4,relocated_r_mips32_code_pointer
sub_0885CBF0,0x0885CBF0,relocated_r_mips32_code_pointer
sub_0885CBFC,0x0885CBFC,relocated_r_mips32_code_pointer
sub_0885CCD0,0x0885CCD0,relocated_r_mips32_code_pointer
sub_0885CDA0,0x0885CDA0,relocated_r_mips32_code_pointer
sub_0885D2FC,0x0885D2FC,relocated_r_mips32_code_pointer
sub_0885D328,0x0885D328,direct_jal_target
sub_0885D424,0x0885D424,relocated_r_mips32_code_pointer
sub_0885D480,0x0885D480,relocated_r_mips32_code_pointer
sub_0885D4A0,0x0885D4A0,relocated_r_mips32_code_pointer
sub_0885D6E8,0x0885D6E8,relocated_r_mips32_code_pointer
sub_0885D6F4,0x0885D6F4,relocated_r_mips32_code_pointer
sub_0885D700,0x0885D700,relocated_r_mips32_code_pointer
sub_0885D880,0x0885D880,relocated_r_mips32_code_pointer
sub_0885DA1C,0x0885DA1C,relocated_r_mips32_code_pointer
sub_0885DB6C,0x0885DB6C,relocated_r_mips32_code_pointer
sub_0885DDB4,0x0885DDB4,relocated_r_mips32_code_pointer
sub_0885DF84,0x0885DF84,relocated_r_mips32_code_pointer
sub_0885E390,0x0885E390,relocated_r_mips32_code_pointer
sub_0885E57C,0x0885E57C,direct_jal_target
sub_0885E750,0x0885E750,direct_jal_target
sub_0885E8C0,0x0885E8C0,relocated_r_mips32_code_pointer
sub_0885E8CC,0x0885E8CC,relocated_r_mips32_code_pointer
sub_0885E98C,0x0885E98C,direct_jal_target
sub_0885E9B0,0x0885E9B0,direct_jal_target
sub_0885E9E8,0x0885E9E8,relocated_r_mips32_code_pointer
sub_0885EA9C,0x0885EA9C,relocated_r_mips32_code_pointer
sub_0885EAF8,0x0885EAF8,relocated_r_mips32_code_pointer
sub_0885EB38,0x0885EB38,relocated_r_mips32_code_pointer
sub_0885EBA4,0x0885EBA4,relocated_r_mips32_code_pointer
sub_0885EC10,0x0885EC10,relocated_r_mips32_code_pointer
sub_0885F048,0x0885F048,direct_jal_target
sub_0885F590,0x0885F590,direct_jal_target
sub_0885F6CC,0x0885F6CC,direct_jal_target
sub_0886056C,0x0886056C,relocated_r_mips32_code_pointer
sub_0886068C,0x0886068C,relocated_r_mips32_code_pointer
sub_088606AC,0x088606AC,relocated_r_mips32_code_pointer
sub_088606E8,0x088606E8,relocated_r_mips32_code_pointer
sub_08860730,0x08860730,relocated_r_mips32_code_pointer
sub_08860750,0x08860750,relocated_r_mips32_code_pointer
sub_08860770,0x08860770,relocated_r_mips32_code_pointer
sub_08860790,0x08860790,relocated_r_mips32_code_pointer
sub_088607B0,0x088607B0,relocated_r_mips32_code_pointer
sub_088607D0,0x088607D0,relocated_r_mips32_code_pointer
sub_088607F0,0x088607F0,relocated_r_mips32_code_pointer
sub_08860848,0x08860848,relocated_r_mips32_code_pointer
sub_08860958,0x08860958,relocated_r_mips32_code_pointer
sub_08860AB8,0x08860AB8,relocated_r_mips32_code_pointer
sub_08860AC4,0x08860AC4,relocated_r_mips32_code_pointer
sub_08860D94,0x08860D94,relocated_r_mips32_code_pointer
sub_088611A0,0x088611A0,relocated_r_mips32_code_pointer
sub_088612DC,0x088612DC,relocated_r_mips32_code_pointer
sub_0886135C,0x0886135C,relocated_r_mips32_code_pointer
sub_08861480,0x08861480,relocated_r_mips32_code_pointer
sub_0886148C,0x0886148C,relocated_r_mips32_code_pointer
sub_08861498,0x08861498,relocated_r_mips32_code_pointer
sub_08861614,0x08861614,relocated_r_mips32_code_pointer
sub_08861C98,0x08861C98,direct_jal_target
sub_08862104,0x08862104,direct_jal_target
sub_0886214C,0x0886214C,relocated_r_mips32_code_pointer
sub_08862160,0x08862160,relocated_r_mips32_code_pointer
sub_088621B8,0x088621B8,relocated_r_mips32_code_pointer
sub_0886221C,0x0886221C,relocated_r_mips32_code_pointer
sub_0886237C,0x0886237C,relocated_r_mips32_code_pointer
sub_08862388,0x08862388,relocated_r_mips32_code_pointer
sub_08862394,0x08862394,relocated_r_mips32_code_pointer
sub_088625AC,0x088625AC,relocated_r_mips32_code_pointer
sub_088627A4,0x088627A4,relocated_r_mips32_code_pointer
sub_08862CCC,0x08862CCC,direct_jal_target
sub_088630E8,0x088630E8,relocated_r_mips32_code_pointer
sub_08863238,0x08863238,relocated_r_mips32_code_pointer
sub_088632A0,0x088632A0,relocated_r_mips32_code_pointer
sub_088632D0,0x088632D0,relocated_r_mips32_code_pointer
sub_08863324,0x08863324,relocated_r_mips32_code_pointer
sub_0886335C,0x0886335C,relocated_r_mips32_code_pointer
sub_088633C0,0x088633C0,relocated_r_mips32_code_pointer
sub_088633FC,0x088633FC,relocated_r_mips32_code_pointer
sub_08863E94,0x08863E94,relocated_r_mips32_code_pointer
sub_08863EE4,0x08863EE4,relocated_r_mips32_code_pointer
sub_08863F3C,0x08863F3C,relocated_r_mips32_code_pointer
sub_08863FF8,0x08863FF8,relocated_r_mips32_code_pointer
sub_08864004,0x08864004,relocated_r_mips32_code_pointer
sub_08864010,0x08864010,direct_jal_target
sub_08864060,0x08864060,relocated_r_mips32_code_pointer
sub_0886414C,0x0886414C,relocated_r_mips32_code_pointer
sub_08864158,0x08864158,relocated_r_mips32_code_pointer
sub_08864200,0x08864200,relocated_r_mips32_code_pointer
sub_08864250,0x08864250,relocated_r_mips32_code_pointer
sub_088642A0,0x088642A0,relocated_r_mips32_code_pointer
sub_088643A0,0x088643A0,relocated_r_mips32_code_pointer
sub_088644F0,0x088644F0,direct_jal_target
sub_0886480C,0x0886480C,relocated_r_mips32_code_pointer
sub_08864818,0x08864818,relocated_r_mips32_code_pointer
sub_088648C8,0x088648C8,relocated_r_mips32_code_pointer
sub_08864A80,0x08864A80,relocated_r_mips32_code_pointer
sub_08864B58,0x08864B58,relocated_r_mips32_code_pointer
sub_088651F8,0x088651F8,direct_jal_target
sub_088658D8,0x088658D8,relocated_r_mips32_code_pointer
sub_08865BB0,0x08865BB0,direct_jal_target
sub_08865E00,0x08865E00,relocated_r_mips32_code_pointer
sub_08865E44,0x08865E44,relocated_r_mips32_code_pointer
sub_08865E88,0x08865E88,direct_jal_target
sub_08865F10,0x08865F10,direct_jal_target
sub_088660AC,0x088660AC,relocated_r_mips32_code_pointer
sub_088660B8,0x088660B8,relocated_r_mips32_code_pointer
sub_0886641C,0x0886641C,direct_jal_target
sub_0886685C,0x0886685C,relocated_r_mips32_code_pointer
sub_08866944,0x08866944,relocated_r_mips32_code_pointer
sub_08866A34,0x08866A34,direct_jal_target
sub_08866A9C,0x08866A9C,relocated_r_mips32_code_pointer
sub_08866C04,0x08866C04,relocated_r_mips32_code_pointer
sub_08866C74,0x08866C74,relocated_r_mips32_code_pointer
sub_088670B0,0x088670B0,relocated_r_mips32_code_pointer
sub_08867174,0x08867174,relocated_r_mips32_code_pointer
sub_0886729C,0x0886729C,relocated_r_mips32_code_pointer
sub_088673B4,0x088673B4,relocated_r_mips32_code_pointer
sub_088677EC,0x088677EC,direct_jal_target
sub_08867A60,0x08867A60,direct_jal_target
sub_08867B3C,0x08867B3C,direct_jal_target
sub_08867C94,0x08867C94,direct_jal_target
sub_08867E10,0x08867E10,relocated_r_mips32_code_pointer
sub_0886803C,0x0886803C,relocated_r_mips32_code_pointer
sub_08868308,0x08868308,relocated_r_mips32_code_pointer
sub_08868314,0x08868314,relocated_r_mips32_code_pointer
sub_08868320,0x08868320,relocated_r_mips32_code_pointer
sub_08868364,0x08868364,relocated_r_mips32_code_pointer
sub_088684B8,0x088684B8,direct_jal_target
sub_08868554,0x08868554,direct_jal_target
sub_088688AC,0x088688AC,relocated_r_mips32_code_pointer
sub_08868D8C,0x08868D8C,relocated_r_mips32_code_pointer
sub_08869AAC,0x08869AAC,direct_jal_target
sub_0886A644,0x0886A644,relocated_r_mips32_code_pointer
sub_0886A6B8,0x0886A6B8,relocated_r_mips32_code_pointer
sub_0886A81C,0x0886A81C,relocated_r_mips32_code_pointer
sub_0886A8D0,0x0886A8D0,relocated_r_mips32_code_pointer
sub_0886AA10,0x0886AA10,relocated_r_mips32_code_pointer
sub_0886ABE8,0x0886ABE8,relocated_r_mips32_code_pointer
sub_0886ABF4,0x0886ABF4,relocated_r_mips32_code_pointer
sub_0886ACDC,0x0886ACDC,direct_jal_target
sub_0886ADF0,0x0886ADF0,direct_jal_target
sub_0886B024,0x0886B024,relocated_r_mips32_code_pointer
sub_0886B134,0x0886B134,direct_jal_target
sub_0886B3F0,0x0886B3F0,direct_jal_target
sub_0886B74C,0x0886B74C,direct_jal_target
sub_0886BB8C,0x0886BB8C,relocated_r_mips32_code_pointer
sub_0886BED0,0x0886BED0,direct_jal_target
sub_0886BF70,0x0886BF70,direct_jal_target
sub_0886C114,0x0886C114,relocated_r_mips32_code_pointer
sub_0886C180,0x0886C180,direct_jal_target
sub_0886C25C,0x0886C25C,relocated_r_mips32_code_pointer
sub_0886C2C4,0x0886C2C4,relocated_r_mips32_code_pointer
sub_0886C38C,0x0886C38C,relocated_r_mips32_code_pointer
sub_0886C58C,0x0886C58C,relocated_r_mips32_code_pointer
sub_0886C598,0x0886C598,relocated_r_mips32_code_pointer
sub_0886C6F4,0x0886C6F4,direct_jal_target
sub_0886CF74,0x0886CF74,relocated_r_mips32_code_pointer
sub_0886D388,0x0886D388,direct_jal_target
sub_0886DC5C,0x0886DC5C,relocated_r_mips32_code_pointer
sub_0886DF1C,0x0886DF1C,relocated_r_mips32_code_pointer
sub_0886DF28,0x0886DF28,relocated_r_mips32_code_pointer
sub_0886DF34,0x0886DF34,relocated_r_mips32_code_pointer
sub_0886DF58,0x0886DF58,direct_jal_target
sub_0886E5B0,0x0886E5B0,relocated_r_mips32_code_pointer
sub_0886E9F4,0x0886E9F4,relocated_r_mips32_code_pointer
sub_0886EB70,0x0886EB70,direct_jal_target
sub_0886F298,0x0886F298,direct_jal_target
sub_0886FE40,0x0886FE40,direct_jal_target
sub_08870000,0x08870000,materialized_code_pointer
sub_08870004,0x08870004,direct_jal_target
sub_088707A4,0x088707A4,direct_jal_target
sub_08870970,0x08870970,relocated_r_mips32_code_pointer
sub_08870B5C,0x08870B5C,relocated_r_mips32_code_pointer
sub_08870BA4,0x08870BA4,relocated_r_mips32_code_pointer
sub_08870CA4,0x08870CA4,relocated_r_mips32_code_pointer
sub_08870CB0,0x08870CB0,relocated_r_mips32_code_pointer
sub_08870CBC,0x08870CBC,direct_jal_target
sub_08870FB8,0x08870FB8,relocated_r_mips32_code_pointer
sub_088715A0,0x088715A0,materialized_code_pointer
sub_088715A8,0x088715A8,direct_jal_target
sub_088719E8,0x088719E8,relocated_r_mips32_code_pointer
sub_08871C8C,0x08871C8C,relocated_r_mips32_code_pointer
sub_08871E14,0x08871E14,relocated_r_mips32_code_pointer
sub_08871E68,0x08871E68,relocated_r_mips32_code_pointer
sub_08871FB8,0x08871FB8,relocated_r_mips32_code_pointer
sub_08871FC4,0x08871FC4,relocated_r_mips32_code_pointer
sub_08872024,0x08872024,relocated_r_mips32_code_pointer
sub_08872508,0x08872508,relocated_r_mips32_code_pointer
sub_088727D0,0x088727D0,direct_jal_target
sub_08872928,0x08872928,relocated_r_mips32_code_pointer
sub_088729D4,0x088729D4,direct_jal_target
sub_08872B04,0x08872B04,relocated_r_mips32_code_pointer
sub_08872B44,0x08872B44,relocated_r_mips32_code_pointer
sub_08872B8C,0x08872B8C,relocated_r_mips32_code_pointer
sub_08872C54,0x08872C54,direct_jal_target
sub_08872D08,0x08872D08,direct_jal_target
sub_08872DE4,0x08872DE4,relocated_r_mips32_code_pointer
sub_08872DF0,0x08872DF0,relocated_r_mips32_code_pointer
sub_08872DFC,0x08872DFC,relocated_r_mips32_code_pointer
sub_08873028,0x08873028,relocated_r_mips32_code_pointer
sub_08873124,0x08873124,direct_jal_target
sub_0887312C,0x0887312C,direct_jal_target
sub_08873158,0x08873158,direct_jal_target
sub_088732D8,0x088732D8,relocated_r_mips32_code_pointer
sub_088732E4,0x088732E4,relocated_r_mips32_code_pointer
sub_088732F0,0x088732F0,relocated_r_mips32_code_pointer
sub_08873448,0x08873448,direct_jal_target
sub_0887365C,0x0887365C,direct_jal_target
sub_0887373C,0x0887373C,direct_jal_target
sub_08873D64,0x08873D64,relocated_r_mips32_code_pointer
sub_08873DE8,0x08873DE8,relocated_r_mips32_code_pointer
sub_08873E10,0x08873E10,relocated_r_mips32_code_pointer
sub_08873E5C,0x08873E5C,relocated_r_mips32_code_pointer
sub_08873EBC,0x08873EBC,relocated_r_mips32_code_pointer
sub_08873EDC,0x08873EDC,relocated_r_mips32_code_pointer
sub_08873F60,0x08873F60,relocated_r_mips32_code_pointer
sub_08874074,0x08874074,direct_jal_target
sub_08874660,0x08874660,relocated_r_mips32_code_pointer
sub_0887484C,0x0887484C,relocated_r_mips32_code_pointer
sub_08874A84,0x08874A84,direct_jal_target
sub_08874BB8,0x08874BB8,relocated_r_mips32_code_pointer
sub_08874D68,0x08874D68,relocated_r_mips32_code_pointer
sub_08874D74,0x08874D74,relocated_r_mips32_code_pointer
sub_0887515C,0x0887515C,direct_jal_target
sub_08875630,0x08875630,relocated_r_mips32_code_pointer
sub_088756DC,0x088756DC,relocated_r_mips32_code_pointer
sub_0887570C,0x0887570C,relocated_r_mips32_code_pointer
sub_08875758,0x08875758,relocated_r_mips32_code_pointer
sub_088757A8,0x088757A8,relocated_r_mips32_code_pointer
sub_088757D0,0x088757D0,relocated_r_mips32_code_pointer
sub_08875814,0x08875814,relocated_r_mips32_code_pointer
sub_08876054,0x08876054,relocated_r_mips32_code_pointer
sub_08876150,0x08876150,relocated_r_mips32_code_pointer
sub_08876254,0x08876254,direct_jal_target
sub_08876364,0x08876364,direct_jal_target
sub_0887636C,0x0887636C,direct_jal_target
sub_08876404,0x08876404,relocated_r_mips32_code_pointer
sub_0887661C,0x0887661C,relocated_r_mips32_code_pointer
sub_08876628,0x08876628,relocated_r_mips32_code_pointer
sub_08876634,0x08876634,relocated_r_mips32_code_pointer
sub_08876848,0x08876848,direct_jal_target
sub_08876B74,0x08876B74,direct_jal_target
sub_08876D74,0x08876D74,direct_jal_target
sub_08877328,0x08877328,relocated_r_mips32_code_pointer
sub_0887748C,0x0887748C,direct_jal_target
sub_08877DA0,0x08877DA0,direct_jal_target
sub_0887884C,0x0887884C,relocated_r_mips32_code_pointer
sub_088789D8,0x088789D8,relocated_r_mips32_code_pointer
sub_08878A48,0x08878A48,relocated_r_mips32_code_pointer
sub_08878A94,0x08878A94,relocated_r_mips32_code_pointer
sub_08878AE4,0x08878AE4,relocated_r_mips32_code_pointer
sub_08878B28,0x08878B28,relocated_r_mips32_code_pointer
sub_08878B38,0x08878B38,relocated_r_mips32_code_pointer
sub_08878B90,0x08878B90,relocated_r_mips32_code_pointer
sub_08878BE0,0x08878BE0,relocated_r_mips32_code_pointer
sub_08878CE8,0x08878CE8,direct_jal_target
sub_08878CF0,0x08878CF0,direct_jal_target
sub_08878D54,0x08878D54,relocated_r_mips32_code_pointer
sub_08878EFC,0x08878EFC,relocated_r_mips32_code_pointer
sub_08878F08,0x08878F08,relocated_r_mips32_code_pointer
sub_08878F14,0x08878F14,direct_jal_target
sub_08878F2C,0x08878F2C,direct_jal_target
sub_088794B4,0x088794B4,direct_jal_target
sub_088799CC,0x088799CC,relocated_r_mips32_code_pointer
sub_08879A78,0x08879A78,relocated_r_mips32_code_pointer
sub_08879AA8,0x08879AA8,relocated_r_mips32_code_pointer
sub_08879AF4,0x08879AF4,relocated_r_mips32_code_pointer
sub_08879B4C,0x08879B4C,relocated_r_mips32_code_pointer
sub_08879B74,0x08879B74,relocated_r_mips32_code_pointer
sub_08879BB8,0x08879BB8,relocated_r_mips32_code_pointer
sub_08879C18,0x08879C18,direct_jal_target
sub_0887A0EC,0x0887A0EC,direct_jal_target
sub_0887AD3C,0x0887AD3C,direct_jal_target
sub_0887AF18,0x0887AF18,relocated_r_mips32_code_pointer
sub_0887B014,0x0887B014,relocated_r_mips32_code_pointer
sub_0887B118,0x0887B118,direct_jal_target
sub_0887B130,0x0887B130,direct_jal_target
sub_0887B138,0x0887B138,relocated_r_mips32_code_pointer
sub_0887B1E0,0x0887B1E0,relocated_r_mips32_code_pointer
sub_0887B1EC,0x0887B1EC,relocated_r_mips32_code_pointer
sub_0887B1F8,0x0887B1F8,direct_jal_target
sub_0887B32C,0x0887B32C,relocated_r_mips32_code_pointer
sub_0887B380,0x0887B380,relocated_r_mips32_code_pointer
sub_0887B434,0x0887B434,relocated_r_mips32_code_pointer
sub_0887B4A0,0x0887B4A0,relocated_r_mips32_code_pointer
sub_0887B50C,0x0887B50C,relocated_r_mips32_code_pointer
sub_0887B53C,0x0887B53C,relocated_r_mips32_code_pointer
sub_0887B5B0,0x0887B5B0,relocated_r_mips32_code_pointer
sub_0887B628,0x0887B628,relocated_r_mips32_code_pointer
sub_0887B6DC,0x0887B6DC,relocated_r_mips32_code_pointer
sub_0887B884,0x0887B884,relocated_r_mips32_code_pointer
sub_0887BAE4,0x0887BAE4,direct_jal_target
sub_0887C210,0x0887C210,direct_jal_target
sub_0887C440,0x0887C440,relocated_r_mips32_code_pointer
sub_0887C74C,0x0887C74C,direct_jal_target
sub_0887C788,0x0887C788,direct_jal_target
sub_0887C848,0x0887C848,direct_jal_target
sub_0887C8AC,0x0887C8AC,direct_jal_target
sub_0887C910,0x0887C910,direct_jal_target
sub_0887C97C,0x0887C97C,relocated_r_mips32_code_pointer
sub_0887C9F4,0x0887C9F4,direct_jal_target
sub_0887CC14,0x0887CC14,relocated_r_mips32_code_pointer
sub_0887CC20,0x0887CC20,relocated_r_mips32_code_pointer
sub_0887CC2C,0x0887CC2C,relocated_r_mips32_code_pointer
sub_0887CD60,0x0887CD60,direct_jal_target
sub_0887CF24,0x0887CF24,direct_jal_target
sub_0887CFD0,0x0887CFD0,direct_jal_target
sub_0887D060,0x0887D060,relocated_r_mips32_code_pointer
sub_0887D1FC,0x0887D1FC,relocated_r_mips32_code_pointer
sub_0887D36C,0x0887D36C,relocated_r_mips32_code_pointer
sub_0887D420,0x0887D420,direct_jal_target
sub_0887D7C4,0x0887D7C4,direct_jal_target
sub_0887D9C4,0x0887D9C4,direct_jal_target
sub_0887E2F4,0x0887E2F4,direct_jal_target
sub_0887EB3C,0x0887EB3C,relocated_r_mips32_code_pointer
sub_0887F010,0x0887F010,direct_jal_target
sub_0887F3D0,0x0887F3D0,direct_jal_target
sub_0887F5C8,0x0887F5C8,direct_jal_target
sub_0887F5F0,0x0887F5F0,direct_jal_target
sub_0887F624,0x0887F624,relocated_r_mips32_code_pointer
sub_0887F648,0x0887F648,relocated_r_mips32_code_pointer
sub_0887F660,0x0887F660,relocated_r_mips32_code_pointer
sub_0887F678,0x0887F678,relocated_r_mips32_code_pointer
sub_0887F690,0x0887F690,relocated_r_mips32_code_pointer
sub_0887F6A8,0x0887F6A8,relocated_r_mips32_code_pointer
sub_0887F6C0,0x0887F6C0,direct_jal_target
sub_0887F75C,0x0887F75C,direct_jal_target
sub_0887F8B0,0x0887F8B0,relocated_r_mips32_code_pointer
sub_0887F8BC,0x0887F8BC,relocated_r_mips32_code_pointer
sub_0887F8C8,0x0887F8C8,direct_jal_target
sub_0887F9A8,0x0887F9A8,direct_jal_target
sub_0887FACC,0x0887FACC,direct_jal_target
sub_0887FBE4,0x0887FBE4,direct_jal_target
sub_0887FE28,0x0887FE28,relocated_r_mips32_code_pointer
sub_08880224,0x08880224,direct_jal_target
sub_08880608,0x08880608,direct_jal_target
sub_08880768,0x08880768,relocated_r_mips32_code_pointer
sub_08880C74,0x08880C74,relocated_r_mips32_code_pointer
sub_08880EAC,0x08880EAC,relocated_r_mips32_code_pointer
sub_088810EC,0x088810EC,relocated_r_mips32_code_pointer
sub_08881688,0x08881688,relocated_r_mips32_code_pointer
sub_088816C8,0x088816C8,relocated_r_mips32_code_pointer
sub_08881710,0x08881710,relocated_r_mips32_code_pointer
sub_08881820,0x08881820,direct_jal_target
sub_088818FC,0x088818FC,relocated_r_mips32_code_pointer
sub_08881908,0x08881908,relocated_r_mips32_code_pointer
sub_08881914,0x08881914,relocated_r_mips32_code_pointer
sub_08881920,0x08881920,direct_jal_target
sub_088819D8,0x088819D8,direct_jal_target
sub_08881ACC,0x08881ACC,relocated_r_mips32_code_pointer
sub_08881C98,0x08881C98,direct_jal_target
sub_08881DD8,0x08881DD8,direct_jal_target
sub_08881DE0,0x08881DE0,direct_jal_target
sub_08881E58,0x08881E58,direct_jal_target
sub_08881EEC,0x08881EEC,direct_jal_target
sub_08881F30,0x08881F30,direct_jal_target
sub_08881F98,0x08881F98,direct_jal_target
sub_08881FA8,0x08881FA8,direct_jal_target
sub_088820A8,0x088820A8,relocated_r_mips32_code_pointer
sub_088820B4,0x088820B4,relocated_r_mips32_code_pointer
sub_088820C0,0x088820C0,direct_jal_target
sub_08882134,0x08882134,direct_jal_target
sub_08882260,0x08882260,direct_jal_target
sub_08882304,0x08882304,direct_jal_target
sub_08882520,0x08882520,direct_jal_target
sub_08882770,0x08882770,direct_jal_target
sub_088828B0,0x088828B0,direct_jal_target
sub_088829C4,0x088829C4,direct_jal_target
sub_08882A54,0x08882A54,direct_jal_target
sub_08882A9C,0x08882A9C,direct_jal_target
sub_08882E6C,0x08882E6C,relocated_r_mips32_code_pointer
sub_08882E78,0x08882E78,relocated_r_mips32_code_pointer
sub_08882E84,0x08882E84,direct_jal_target
sub_08882FBC,0x08882FBC,direct_jal_target
sub_088832D4,0x088832D4,direct_jal_target
sub_0888346C,0x0888346C,direct_jal_target
sub_088834D8,0x088834D8,direct_jal_target
sub_088834FC,0x088834FC,relocated_r_mips32_code_pointer
sub_0888350C,0x0888350C,relocated_r_mips32_code_pointer
sub_0888351C,0x0888351C,direct_jal_target
sub_08883524,0x08883524,direct_jal_target
sub_088835B4,0x088835B4,direct_jal_target
sub_088835BC,0x088835BC,direct_jal_target
sub_08883688,0x08883688,direct_jal_target
sub_08883778,0x08883778,direct_jal_target
sub_088838A0,0x088838A0,relocated_r_mips32_code_pointer
sub_088838AC,0x088838AC,relocated_r_mips32_code_pointer
sub_088838B8,0x088838B8,direct_jal_target
sub_08883A40,0x08883A40,direct_jal_target
sub_08883BB8,0x08883BB8,direct_jal_target
sub_08883C5C,0x08883C5C,direct_jal_target
sub_08883C6C,0x08883C6C,direct_jal_target
sub_08883C74,0x08883C74,direct_jal_target
sub_08883CE0,0x08883CE0,direct_jal_target
sub_08883E0C,0x08883E0C,relocated_r_mips32_code_pointer
sub_08883E18,0x08883E18,relocated_r_mips32_code_pointer
sub_08883E24,0x08883E24,direct_jal_target
sub_0888406C,0x0888406C,relocated_r_mips32_code_pointer
sub_088840BC,0x088840BC,relocated_r_mips32_code_pointer
sub_08884108,0x08884108,relocated_r_mips32_code_pointer
sub_0888410C,0x0888410C,relocated_r_mips32_code_pointer
sub_08884114,0x08884114,relocated_r_mips32_code_pointer
sub_0888411C,0x0888411C,relocated_r_mips32_code_pointer
sub_08884124,0x08884124,relocated_r_mips32_code_pointer
sub_0888412C,0x0888412C,relocated_r_mips32_code_pointer
sub_08884134,0x08884134,relocated_r_mips32_code_pointer
sub_08884160,0x08884160,relocated_r_mips32_code_pointer
sub_0888418C,0x0888418C,relocated_r_mips32_code_pointer
sub_088841B8,0x088841B8,relocated_r_mips32_code_pointer
sub_088841C0,0x088841C0,relocated_r_mips32_code_pointer
sub_088841C8,0x088841C8,relocated_r_mips32_code_pointer
sub_088841D0,0x088841D0,relocated_r_mips32_code_pointer
sub_088841D8,0x088841D8,relocated_r_mips32_code_pointer
sub_088841E0,0x088841E0,relocated_r_mips32_code_pointer
sub_0888420C,0x0888420C,relocated_r_mips32_code_pointer
sub_08884214,0x08884214,relocated_r_mips32_code_pointer
sub_0888421C,0x0888421C,relocated_r_mips32_code_pointer
sub_0888430C,0x0888430C,relocated_r_mips32_code_pointer
sub_088843CC,0x088843CC,relocated_r_mips32_code_pointer
sub_088843D8,0x088843D8,relocated_r_mips32_code_pointer
sub_088843E4,0x088843E4,direct_jal_target
sub_08884B00,0x08884B00,direct_jal_target
sub_088853F4,0x088853F4,relocated_r_mips32_code_pointer
sub_08885910,0x08885910,relocated_r_mips32_code_pointer
sub_08885ED0,0x08885ED0,relocated_r_mips32_code_pointer
sub_08885EDC,0x08885EDC,relocated_r_mips32_code_pointer
sub_08885F6C,0x08885F6C,direct_jal_target
sub_08886218,0x08886218,direct_jal_target
sub_088864C8,0x088864C8,direct_jal_target
sub_08886A24,0x08886A24,direct_jal_target
sub_08886A78,0x08886A78,direct_jal_target
sub_08886ACC,0x08886ACC,direct_jal_target
sub_08886C10,0x08886C10,direct_jal_target
sub_08886D54,0x08886D54,direct_jal_target
sub_0888707C,0x0888707C,direct_jal_target
sub_08887188,0x08887188,direct_jal_target
sub_08887274,0x08887274,relocated_r_mips32_code_pointer
sub_08887280,0x08887280,relocated_r_mips32_code_pointer
sub_088873FC,0x088873FC,direct_jal_target
sub_0888756C,0x0888756C,relocated_r_mips32_code_pointer
sub_088875A0,0x088875A0,direct_jal_target
sub_088875C0,0x088875C0,direct_jal_target
sub_08887964,0x08887964,direct_jal_target
sub_08887D8C,0x08887D8C,direct_jal_target
sub_08887D9C,0x08887D9C,direct_jal_target
sub_08887E24,0x08887E24,relocated_r_mips32_code_pointer
sub_08887E34,0x08887E34,relocated_r_mips32_code_pointer
sub_08887EAC,0x08887EAC,direct_jal_target
sub_0888802C,0x0888802C,relocated_r_mips32_code_pointer
sub_08888038,0x08888038,relocated_r_mips32_code_pointer
sub_08888044,0x08888044,direct_jal_target
sub_08888084,0x08888084,direct_jal_target
sub_088880CC,0x088880CC,direct_jal_target
sub_08888188,0x08888188,direct_jal_target
sub_088881D4,0x088881D4,direct_jal_target
sub_08888288,0x08888288,relocated_r_mips32_code_pointer
sub_088882BC,0x088882BC,relocated_r_mips32_code_pointer
sub_088882E8,0x088882E8,relocated_r_mips32_code_pointer
sub_08888314,0x08888314,relocated_r_mips32_code_pointer
sub_08888350,0x08888350,relocated_r_mips32_code_pointer
sub_0888837C,0x0888837C,relocated_r_mips32_code_pointer
sub_088883A8,0x088883A8,relocated_r_mips32_code_pointer
sub_088883D4,0x088883D4,relocated_r_mips32_code_pointer
sub_08888400,0x08888400,direct_jal_target
sub_088884F8,0x088884F8,direct_jal_target
sub_08888620,0x08888620,direct_jal_target
sub_08888648,0x08888648,direct_jal_target
sub_08888748,0x08888748,relocated_r_mips32_code_pointer
sub_08888754,0x08888754,relocated_r_mips32_code_pointer
sub_08888760,0x08888760,direct_jal_target
sub_08888874,0x08888874,direct_jal_target
sub_088889D4,0x088889D4,direct_jal_target
sub_08888B20,0x08888B20,relocated_r_mips32_code_pointer
sub_08888B2C,0x08888B2C,relocated_r_mips32_code_pointer
sub_08888BA8,0x08888BA8,direct_jal_target
sub_08888C5C,0x08888C5C,direct_jal_target
sub_08888D14,0x08888D14,direct_jal_target
sub_08888EC4,0x08888EC4,direct_jal_target
sub_08888F9C,0x08888F9C,direct_jal_target
sub_088890D8,0x088890D8,direct_jal_target
sub_0888967C,0x0888967C,direct_jal_target
sub_08889894,0x08889894,direct_jal_target
sub_08889930,0x08889930,direct_jal_target
sub_08889974,0x08889974,direct_jal_target
sub_088899B8,0x088899B8,direct_jal_target
sub_088899EC,0x088899EC,direct_jal_target
sub_08889A14,0x08889A14,direct_jal_target
sub_08889A64,0x08889A64,direct_jal_target
sub_08889B48,0x08889B48,relocated_r_mips32_code_pointer
sub_08889B54,0x08889B54,relocated_r_mips32_code_pointer
sub_08889BD0,0x08889BD0,direct_jal_target
sub_08889C4C,0x08889C4C,direct_jal_target
sub_08889CC0,0x08889CC0,direct_jal_target
sub_08889DFC,0x08889DFC,direct_jal_target
sub_08889E70,0x08889E70,direct_jal_target
sub_08889EAC,0x08889EAC,direct_jal_target
sub_08889F50,0x08889F50,direct_jal_target
sub_08889F9C,0x08889F9C,direct_jal_target
sub_0888A098,0x0888A098,direct_jal_target
sub_0888A0F8,0x0888A0F8,direct_jal_target
sub_0888A458,0x0888A458,direct_jal_target
sub_0888A5E8,0x0888A5E8,direct_jal_target
sub_0888A704,0x0888A704,direct_jal_target
sub_0888A77C,0x0888A77C,direct_jal_target
sub_0888A8A8,0x0888A8A8,direct_jal_target
sub_0888AAD8,0x0888AAD8,direct_jal_target
sub_0888AE0C,0x0888AE0C,direct_jal_target
sub_0888AF28,0x0888AF28,direct_jal_target
sub_0888B15C,0x0888B15C,direct_jal_target
sub_0888B240,0x0888B240,direct_jal_target
sub_0888B38C,0x0888B38C,direct_jal_target
sub_0888B79C,0x0888B79C,direct_jal_target
sub_0888B890,0x0888B890,direct_jal_target
sub_0888B9EC,0x0888B9EC,direct_jal_target
sub_0888BFB0,0x0888BFB0,direct_jal_target
sub_0888C2DC,0x0888C2DC,direct_jal_target
sub_0888C4D0,0x0888C4D0,direct_jal_target
sub_0888C694,0x0888C694,direct_jal_target
sub_0888C74C,0x0888C74C,direct_jal_target
sub_0888C91C,0x0888C91C,direct_jal_target
sub_0888CA8C,0x0888CA8C,direct_jal_target
sub_0888CC1C,0x0888CC1C,direct_jal_target
sub_0888CCB0,0x0888CCB0,direct_jal_target
sub_0888CCF0,0x0888CCF0,direct_jal_target
sub_0888CD3C,0x0888CD3C,direct_jal_target
sub_0888CE74,0x0888CE74,direct_jal_target
sub_0888CF70,0x0888CF70,relocated_r_mips32_code_pointer
sub_0888CF7C,0x0888CF7C,relocated_r_mips32_code_pointer
sub_0888D018,0x0888D018,direct_jal_target
sub_0888D15C,0x0888D15C,relocated_r_mips32_code_pointer
sub_0888D168,0x0888D168,relocated_r_mips32_code_pointer
sub_0888D274,0x0888D274,direct_jal_target
sub_0888D368,0x0888D368,direct_jal_target
sub_0888D380,0x0888D380,direct_jal_target
sub_0888D390,0x0888D390,relocated_r_mips32_code_pointer
sub_0888D3DC,0x0888D3DC,direct_jal_target
sub_0888D418,0x0888D418,direct_jal_target
sub_0888D498,0x0888D498,relocated_r_mips32_code_pointer
sub_0888D69C,0x0888D69C,relocated_r_mips32_code_pointer
sub_0888D6A8,0x0888D6A8,relocated_r_mips32_code_pointer
sub_0888D768,0x0888D768,direct_jal_target
sub_0888D81C,0x0888D81C,relocated_r_mips32_code_pointer
sub_0888D9A8,0x0888D9A8,relocated_r_mips32_code_pointer
sub_0888DA88,0x0888DA88,relocated_r_mips32_code_pointer
sub_0888DC34,0x0888DC34,relocated_r_mips32_code_pointer
sub_0888DE2C,0x0888DE2C,relocated_r_mips32_code_pointer
sub_0888DFEC,0x0888DFEC,relocated_r_mips32_code_pointer
sub_0888E22C,0x0888E22C,relocated_r_mips32_code_pointer
sub_0888E454,0x0888E454,relocated_r_mips32_code_pointer
sub_0888E694,0x0888E694,relocated_r_mips32_code_pointer
sub_0888E840,0x0888E840,direct_jal_target
sub_0888E9D0,0x0888E9D0,relocated_r_mips32_code_pointer
sub_0888E9DC,0x0888E9DC,relocated_r_mips32_code_pointer
sub_0888EA84,0x0888EA84,relocated_r_mips32_code_pointer
sub_0888EA90,0x0888EA90,relocated_r_mips32_code_pointer
sub_0888EA9C,0x0888EA9C,relocated_r_mips32_code_pointer
sub_0888EC34,0x0888EC34,direct_jal_target
sub_0888F3C8,0x0888F3C8,relocated_r_mips32_code_pointer
sub_0888F504,0x0888F504,relocated_r_mips32_code_pointer
sub_0888F634,0x0888F634,relocated_r_mips32_code_pointer
sub_0888F774,0x0888F774,relocated_r_mips32_code_pointer
sub_0888F8F8,0x0888F8F8,relocated_r_mips32_code_pointer
sub_0888FA34,0x0888FA34,relocated_r_mips32_code_pointer
sub_0888FB74,0x0888FB74,relocated_r_mips32_code_pointer
sub_0888FD70,0x0888FD70,relocated_r_mips32_code_pointer
sub_0888FF3C,0x0888FF3C,relocated_r_mips32_code_pointer
sub_08890000,0x08890000,relocated_r_mips32_code_pointer
sub_0889000C,0x0889000C,relocated_r_mips32_code_pointer
sub_08890018,0x08890018,relocated_r_mips32_code_pointer
sub_0889025C,0x0889025C,direct_jal_target
sub_0889034C,0x0889034C,direct_jal_target
sub_08890400,0x08890400,relocated_r_mips32_code_pointer
sub_08890534,0x08890534,relocated_r_mips32_code_pointer
sub_08890630,0x08890630,relocated_r_mips32_code_pointer
sub_08890728,0x08890728,relocated_r_mips32_code_pointer
sub_08890838,0x08890838,relocated_r_mips32_code_pointer
sub_088909C0,0x088909C0,relocated_r_mips32_code_pointer
sub_08890AB8,0x08890AB8,relocated_r_mips32_code_pointer
sub_08890BB0,0x08890BB0,relocated_r_mips32_code_pointer
sub_08890CA4,0x08890CA4,relocated_r_mips32_code_pointer
sub_08890EE4,0x08890EE4,relocated_r_mips32_code_pointer
sub_08891098,0x08891098,relocated_r_mips32_code_pointer
sub_08891258,0x08891258,relocated_r_mips32_code_pointer
sub_08891498,0x08891498,relocated_r_mips32_code_pointer
sub_08891658,0x08891658,relocated_r_mips32_code_pointer
sub_088918A8,0x088918A8,relocated_r_mips32_code_pointer
sub_088918B4,0x088918B4,relocated_r_mips32_code_pointer
sub_088918C0,0x088918C0,relocated_r_mips32_code_pointer
sub_08891A50,0x08891A50,direct_jal_target
sub_08891B04,0x08891B04,relocated_r_mips32_code_pointer
sub_08891D94,0x08891D94,relocated_r_mips32_code_pointer
sub_08891F70,0x08891F70,relocated_r_mips32_code_pointer
sub_08892228,0x08892228,relocated_r_mips32_code_pointer
sub_08892458,0x08892458,relocated_r_mips32_code_pointer
sub_088925D8,0x088925D8,relocated_r_mips32_code_pointer
sub_08892784,0x08892784,relocated_r_mips32_code_pointer
sub_08892988,0x08892988,relocated_r_mips32_code_pointer
sub_08892B34,0x08892B34,relocated_r_mips32_code_pointer
sub_08892D38,0x08892D38,relocated_r_mips32_code_pointer
sub_08892EE4,0x08892EE4,relocated_r_mips32_code_pointer
sub_088930E8,0x088930E8,relocated_r_mips32_code_pointer
sub_088932A8,0x088932A8,relocated_r_mips32_code_pointer
sub_0889346C,0x0889346C,relocated_r_mips32_code_pointer
sub_08893614,0x08893614,relocated_r_mips32_code_pointer
sub_08893798,0x08893798,relocated_r_mips32_code_pointer
sub_0889395C,0x0889395C,relocated_r_mips32_code_pointer
sub_08893C34,0x08893C34,relocated_r_mips32_code_pointer
sub_08893C40,0x08893C40,relocated_r_mips32_code_pointer
sub_08893C4C,0x08893C4C,relocated_r_mips32_code_pointer
sub_08893DF0,0x08893DF0,direct_jal_target
sub_08893F9C,0x08893F9C,relocated_r_mips32_code_pointer
sub_08894174,0x08894174,relocated_r_mips32_code_pointer
sub_0889434C,0x0889434C,relocated_r_mips32_code_pointer
sub_08894534,0x08894534,relocated_r_mips32_code_pointer
sub_088946D8,0x088946D8,relocated_r_mips32_code_pointer
sub_08894864,0x08894864,relocated_r_mips32_code_pointer
sub_08894870,0x08894870,relocated_r_mips32_code_pointer
sub_0889487C,0x0889487C,direct_jal_target
sub_08894930,0x08894930,relocated_r_mips32_code_pointer
sub_08894A18,0x08894A18,relocated_r_mips32_code_pointer
sub_08894B20,0x08894B20,relocated_r_mips32_code_pointer
sub_08894CB0,0x08894CB0,relocated_r_mips32_code_pointer
sub_08894CBC,0x08894CBC,relocated_r_mips32_code_pointer
sub_08894CC8,0x08894CC8,direct_jal_target
sub_08894D7C,0x08894D7C,relocated_r_mips32_code_pointer
sub_08894E64,0x08894E64,relocated_r_mips32_code_pointer
sub_08894F58,0x08894F58,relocated_r_mips32_code_pointer
sub_08895054,0x08895054,direct_jal_target
sub_088951A4,0x088951A4,relocated_r_mips32_code_pointer
sub_088951B0,0x088951B0,relocated_r_mips32_code_pointer
sub_088951BC,0x088951BC,direct_jal_target
sub_088952B0,0x088952B0,direct_jal_target
sub_08895364,0x08895364,relocated_r_mips32_code_pointer
sub_08895460,0x08895460,relocated_r_mips32_code_pointer
sub_08895584,0x08895584,relocated_r_mips32_code_pointer
sub_08895844,0x08895844,relocated_r_mips32_code_pointer
sub_088959D4,0x088959D4,relocated_r_mips32_code_pointer
sub_088959F4,0x088959F4,direct_jal_target
sub_08895A34,0x08895A34,relocated_r_mips32_code_pointer
sub_08895C44,0x08895C44,relocated_r_mips32_code_pointer
sub_08895C50,0x08895C50,relocated_r_mips32_code_pointer
sub_08895C5C,0x08895C5C,relocated_r_mips32_code_pointer
sub_08895DE4,0x08895DE4,relocated_r_mips32_code_pointer
sub_08895F84,0x08895F84,direct_jal_target
sub_08896038,0x08896038,relocated_r_mips32_code_pointer
sub_0889630C,0x0889630C,relocated_r_mips32_code_pointer
sub_088964B4,0x088964B4,relocated_r_mips32_code_pointer
sub_088966DC,0x088966DC,direct_jal_target
sub_08896790,0x08896790,relocated_r_mips32_code_pointer
sub_088969A0,0x088969A0,relocated_r_mips32_code_pointer
sub_08896B18,0x08896B18,relocated_r_mips32_code_pointer
sub_08896C94,0x08896C94,relocated_r_mips32_code_pointer
sub_08896E50,0x08896E50,direct_jal_target
sub_08896F04,0x08896F04,relocated_r_mips32_code_pointer
sub_08897138,0x08897138,direct_jal_target
sub_088971EC,0x088971EC,relocated_r_mips32_code_pointer
sub_088973B8,0x088973B8,relocated_r_mips32_code_pointer
sub_08897540,0x08897540,direct_jal_target
sub_088975F4,0x088975F4,relocated_r_mips32_code_pointer
sub_088977A4,0x088977A4,relocated_r_mips32_code_pointer
sub_0889793C,0x0889793C,relocated_r_mips32_code_pointer
sub_08897AA4,0x08897AA4,direct_jal_target
sub_08897B58,0x08897B58,relocated_r_mips32_code_pointer
sub_08897CF4,0x08897CF4,direct_jal_target
sub_08897DA8,0x08897DA8,relocated_r_mips32_code_pointer
sub_08897EE0,0x08897EE0,relocated_r_mips32_code_pointer
sub_08898024,0x08898024,relocated_r_mips32_code_pointer
sub_088981A4,0x088981A4,direct_jal_target
sub_08898258,0x08898258,relocated_r_mips32_code_pointer
sub_0889839C,0x0889839C,direct_jal_target
sub_08898450,0x08898450,relocated_r_mips32_code_pointer
sub_08898634,0x08898634,direct_jal_target
sub_088986E8,0x088986E8,relocated_r_mips32_code_pointer
sub_08898870,0x08898870,relocated_r_mips32_code_pointer
sub_08898A1C,0x08898A1C,relocated_r_mips32_code_pointer
sub_08898B98,0x08898B98,relocated_r_mips32_code_pointer
sub_08898D20,0x08898D20,relocated_r_mips32_code_pointer
sub_08898F60,0x08898F60,relocated_r_mips32_code_pointer
sub_0889918C,0x0889918C,relocated_r_mips32_code_pointer
sub_08899198,0x08899198,relocated_r_mips32_code_pointer
sub_08899258,0x08899258,relocated_r_mips32_code_pointer
sub_08899354,0x08899354,relocated_r_mips32_code_pointer
sub_08899450,0x08899450,relocated_r_mips32_code_pointer
sub_08899544,0x08899544,relocated_r_mips32_code_pointer
sub_08899784,0x08899784,relocated_r_mips32_code_pointer
sub_08899790,0x08899790,relocated_r_mips32_code_pointer
sub_088998EC,0x088998EC,relocated_r_mips32_code_pointer
sub_088998F8,0x088998F8,relocated_r_mips32_code_pointer
sub_08899904,0x08899904,relocated_r_mips32_code_pointer
sub_08899B7C,0x08899B7C,direct_jal_target
sub_08899C30,0x08899C30,relocated_r_mips32_code_pointer
sub_08899D2C,0x08899D2C,relocated_r_mips32_code_pointer
sub_08899F70,0x08899F70,relocated_r_mips32_code_pointer
sub_0889A05C,0x0889A05C,relocated_r_mips32_code_pointer
sub_0889A1E0,0x0889A1E0,relocated_r_mips32_code_pointer
sub_0889A364,0x0889A364,relocated_r_mips32_code_pointer
sub_0889A468,0x0889A468,relocated_r_mips32_code_pointer
sub_0889A66C,0x0889A66C,relocated_r_mips32_code_pointer
sub_0889A6C8,0x0889A6C8,direct_jal_target
sub_0889A87C,0x0889A87C,relocated_r_mips32_code_pointer
sub_0889A888,0x0889A888,relocated_r_mips32_code_pointer
sub_0889A894,0x0889A894,relocated_r_mips32_code_pointer
sub_0889A8CC,0x0889A8CC,relocated_r_mips32_code_pointer
sub_0889A904,0x0889A904,direct_jal_target
sub_0889A9B8,0x0889A9B8,relocated_r_mips32_code_pointer
sub_0889B4C4,0x0889B4C4,direct_jal_target
sub_0889B750,0x0889B750,relocated_r_mips32_code_pointer
sub_0889B75C,0x0889B75C,relocated_r_mips32_code_pointer
sub_0889B768,0x0889B768,relocated_r_mips32_code_pointer
sub_0889B7A0,0x0889B7A0,relocated_r_mips32_code_pointer
sub_0889B7D8,0x0889B7D8,direct_jal_target
sub_0889B88C,0x0889B88C,relocated_r_mips32_code_pointer
sub_0889B990,0x0889B990,relocated_r_mips32_code_pointer
sub_0889BB48,0x0889BB48,relocated_r_mips32_code_pointer
sub_0889BC30,0x0889BC30,direct_jal_target
sub_0889BC8C,0x0889BC8C,direct_jal_target
sub_0889BD58,0x0889BD58,relocated_r_mips32_code_pointer
sub_0889BD64,0x0889BD64,relocated_r_mips32_code_pointer
sub_0889BD70,0x0889BD70,relocated_r_mips32_code_pointer
sub_0889BDA8,0x0889BDA8,relocated_r_mips32_code_pointer
sub_0889BDE0,0x0889BDE0,relocated_r_mips32_code_pointer
sub_0889BE6C,0x0889BE6C,relocated_r_mips32_code_pointer
sub_0889C22C,0x0889C22C,relocated_r_mips32_code_pointer
sub_0889C754,0x0889C754,relocated_r_mips32_code_pointer
sub_0889C804,0x0889C804,relocated_r_mips32_code_pointer
sub_0889C834,0x0889C834,direct_jal_target
sub_0889C894,0x0889C894,relocated_r_mips32_code_pointer
sub_0889C8F0,0x0889C8F0,relocated_r_mips32_code_pointer
sub_0889CAA4,0x0889CAA4,relocated_r_mips32_code_pointer
sub_0889CAB0,0x0889CAB0,relocated_r_mips32_code_pointer
sub_0889CABC,0x0889CABC,relocated_r_mips32_code_pointer
sub_0889CB1C,0x0889CB1C,relocated_r_mips32_code_pointer
sub_0889CB9C,0x0889CB9C,direct_jal_target
sub_0889CCCC,0x0889CCCC,relocated_r_mips32_code_pointer
sub_0889CDB4,0x0889CDB4,relocated_r_mips32_code_pointer
sub_0889CEB8,0x0889CEB8,relocated_r_mips32_code_pointer
sub_0889CFBC,0x0889CFBC,relocated_r_mips32_code_pointer
sub_0889D0A4,0x0889D0A4,relocated_r_mips32_code_pointer
sub_0889D1B0,0x0889D1B0,relocated_r_mips32_code_pointer
sub_0889D2B4,0x0889D2B4,relocated_r_mips32_code_pointer
sub_0889D490,0x0889D490,relocated_r_mips32_code_pointer
sub_0889D5C4,0x0889D5C4,relocated_r_mips32_code_pointer
sub_0889D6C0,0x0889D6C0,relocated_r_mips32_code_pointer
sub_0889D7D8,0x0889D7D8,relocated_r_mips32_code_pointer
sub_0889D90C,0x0889D90C,relocated_r_mips32_code_pointer
sub_0889D9FC,0x0889D9FC,relocated_r_mips32_code_pointer
sub_0889DB34,0x0889DB34,relocated_r_mips32_code_pointer
sub_0889DC68,0x0889DC68,relocated_r_mips32_code_pointer
sub_0889DD9C,0x0889DD9C,relocated_r_mips32_code_pointer
sub_0889DEAC,0x0889DEAC,relocated_r_mips32_code_pointer
sub_0889DFD8,0x0889DFD8,relocated_r_mips32_code_pointer
sub_0889E0C8,0x0889E0C8,relocated_r_mips32_code_pointer
sub_0889E238,0x0889E238,relocated_r_mips32_code_pointer
sub_0889E34C,0x0889E34C,relocated_r_mips32_code_pointer
sub_0889E460,0x0889E460,relocated_r_mips32_code_pointer
sub_0889E56C,0x0889E56C,relocated_r_mips32_code_pointer
sub_0889E744,0x0889E744,relocated_r_mips32_code_pointer
sub_0889E8A8,0x0889E8A8,relocated_r_mips32_code_pointer
sub_0889E9A0,0x0889E9A0,relocated_r_mips32_code_pointer
sub_0889EAE4,0x0889EAE4,relocated_r_mips32_code_pointer
sub_0889EB6C,0x0889EB6C,materialized_code_pointer
sub_0889EDA0,0x0889EDA0,relocated_r_mips32_code_pointer
sub_0889EDAC,0x0889EDAC,relocated_r_mips32_code_pointer
sub_0889EDB8,0x0889EDB8,relocated_r_mips32_code_pointer
sub_0889EDF0,0x0889EDF0,direct_jal_target
sub_0889EEA4,0x0889EEA4,relocated_r_mips32_code_pointer
sub_0889F3B8,0x0889F3B8,materialized_code_pointer
sub_0889F534,0x0889F534,relocated_r_mips32_code_pointer
sub_0889F540,0x0889F540,relocated_r_mips32_code_pointer
sub_0889F54C,0x0889F54C,relocated_r_mips32_code_pointer
sub_0889F584,0x0889F584,direct_jal_target
sub_0889F638,0x0889F638,relocated_r_mips32_code_pointer
sub_0889F9C8,0x0889F9C8,relocated_r_mips32_code_pointer
sub_0889FAE8,0x0889FAE8,materialized_code_pointer
sub_0889FC64,0x0889FC64,relocated_r_mips32_code_pointer
sub_0889FC70,0x0889FC70,relocated_r_mips32_code_pointer
sub_0889FC7C,0x0889FC7C,relocated_r_mips32_code_pointer
sub_0889FCB4,0x0889FCB4,direct_jal_target
sub_0889FD68,0x0889FD68,relocated_r_mips32_code_pointer
sub_088A0000,0x088A0000,materialized_code_pointer
sub_088A00F8,0x088A00F8,relocated_r_mips32_code_pointer
sub_088A01E8,0x088A01E8,relocated_r_mips32_code_pointer
sub_088A0210,0x088A0210,relocated_r_mips32_code_pointer
sub_088A03AC,0x088A03AC,relocated_r_mips32_code_pointer
sub_088A03B8,0x088A03B8,relocated_r_mips32_code_pointer
sub_088A03C4,0x088A03C4,direct_jal_target
sub_088A0478,0x088A0478,relocated_r_mips32_code_pointer
sub_088A0560,0x088A0560,relocated_r_mips32_code_pointer
sub_088A06A8,0x088A06A8,relocated_r_mips32_code_pointer
sub_088A0800,0x088A0800,relocated_r_mips32_code_pointer
sub_088A099C,0x088A099C,relocated_r_mips32_code_pointer
sub_088A0C2C,0x088A0C2C,relocated_r_mips32_code_pointer
sub_088A0E78,0x088A0E78,relocated_r_mips32_code_pointer
sub_088A0E84,0x088A0E84,relocated_r_mips32_code_pointer
sub_088A0E90,0x088A0E90,relocated_r_mips32_code_pointer
sub_088A1004,0x088A1004,relocated_r_mips32_code_pointer
sub_088A1174,0x088A1174,relocated_r_mips32_code_pointer
sub_088A1380,0x088A1380,relocated_r_mips32_code_pointer
sub_088A15A4,0x088A15A4,relocated_r_mips32_code_pointer
sub_088A1728,0x088A1728,relocated_r_mips32_code_pointer
sub_088A1A04,0x088A1A04,relocated_r_mips32_code_pointer
sub_088A1A10,0x088A1A10,relocated_r_mips32_code_pointer
sub_088A1A1C,0x088A1A1C,relocated_r_mips32_code_pointer
sub_088A1BA0,0x088A1BA0,relocated_r_mips32_code_pointer
sub_088A1E6C,0x088A1E6C,relocated_r_mips32_code_pointer
sub_088A1E78,0x088A1E78,relocated_r_mips32_code_pointer
sub_088A1E84,0x088A1E84,relocated_r_mips32_code_pointer
sub_088A206C,0x088A206C,direct_jal_target
sub_088A2074,0x088A2074,relocated_r_mips32_code_pointer
sub_088A207C,0x088A207C,relocated_r_mips32_code_pointer
sub_088A20F0,0x088A20F0,direct_jal_target
sub_088A22AC,0x088A22AC,relocated_r_mips32_code_pointer
sub_088A22B8,0x088A22B8,relocated_r_mips32_code_pointer
sub_088A22C4,0x088A22C4,direct_jal_target
sub_088A22D0,0x088A22D0,direct_jal_target
sub_088A2374,0x088A2374,direct_jal_target
sub_088A2500,0x088A2500,direct_jal_target
sub_088A2634,0x088A2634,relocated_r_mips32_code_pointer
sub_088A26A8,0x088A26A8,relocated_r_mips32_code_pointer
sub_088A288C,0x088A288C,direct_jal_target
sub_088A2B18,0x088A2B18,direct_jal_target
sub_088A2D20,0x088A2D20,direct_jal_target
sub_088A32F8,0x088A32F8,relocated_r_mips32_code_pointer
sub_088A3E78,0x088A3E78,relocated_r_mips32_code_pointer
sub_088A4624,0x088A4624,direct_jal_target
sub_088A4A78,0x088A4A78,direct_jal_target
sub_088A4DF8,0x088A4DF8,relocated_r_mips32_code_pointer
sub_088A4E04,0x088A4E04,relocated_r_mips32_code_pointer
sub_088A4E10,0x088A4E10,direct_jal_target
sub_088A4F0C,0x088A4F0C,direct_jal_target
sub_088A54C4,0x088A54C4,relocated_r_mips32_code_pointer
sub_088A55A0,0x088A55A0,relocated_r_mips32_code_pointer
sub_088A55D0,0x088A55D0,relocated_r_mips32_code_pointer
sub_088A55EC,0x088A55EC,relocated_r_mips32_code_pointer
sub_088A5608,0x088A5608,relocated_r_mips32_code_pointer
sub_088A5624,0x088A5624,relocated_r_mips32_code_pointer
sub_088A5640,0x088A5640,relocated_r_mips32_code_pointer
sub_088A565C,0x088A565C,direct_jal_target
sub_088A5A40,0x088A5A40,relocated_r_mips32_code_pointer
sub_088A5A54,0x088A5A54,relocated_r_mips32_code_pointer
sub_088A5A88,0x088A5A88,relocated_r_mips32_code_pointer
sub_088A5AA4,0x088A5AA4,relocated_r_mips32_code_pointer
sub_088A5AC0,0x088A5AC0,relocated_r_mips32_code_pointer
sub_088A5ADC,0x088A5ADC,relocated_r_mips32_code_pointer
sub_088A5AF8,0x088A5AF8,relocated_r_mips32_code_pointer
sub_088A5C7C,0x088A5C7C,relocated_r_mips32_code_pointer
sub_088A5FBC,0x088A5FBC,relocated_r_mips32_code_pointer
sub_088A6A58,0x088A6A58,direct_jal_target
sub_088A6D64,0x088A6D64,relocated_r_mips32_code_pointer
sub_088A7824,0x088A7824,direct_jal_target
sub_088A7B90,0x088A7B90,direct_jal_target
sub_088A7BD0,0x088A7BD0,direct_jal_target
sub_088A80F4,0x088A80F4,direct_jal_target
sub_088A8A24,0x088A8A24,direct_jal_target
sub_088A8CF4,0x088A8CF4,relocated_r_mips32_code_pointer
sub_088A8CFC,0x088A8CFC,relocated_r_mips32_code_pointer
sub_088A8D04,0x088A8D04,relocated_r_mips32_code_pointer
sub_088A8D0C,0x088A8D0C,relocated_r_mips32_code_pointer
sub_088A8D14,0x088A8D14,relocated_r_mips32_code_pointer
sub_088A8D1C,0x088A8D1C,relocated_r_mips32_code_pointer
sub_088A8D24,0x088A8D24,direct_jal_target
sub_088A8F84,0x088A8F84,direct_jal_target
sub_088A9954,0x088A9954,direct_jal_target
sub_088A9A68,0x088A9A68,direct_jal_target
sub_088A9B84,0x088A9B84,direct_jal_target
sub_088A9F30,0x088A9F30,direct_jal_target
sub_088AA0D0,0x088AA0D0,direct_jal_target
sub_088AA934,0x088AA934,direct_jal_target
sub_088AA9D4,0x088AA9D4,relocated_r_mips32_code_pointer
sub_088AAAC0,0x088AAAC0,relocated_r_mips32_code_pointer
sub_088AAAE8,0x088AAAE8,relocated_r_mips32_code_pointer
sub_088AAB2C,0x088AAB2C,relocated_r_mips32_code_pointer
sub_088AAB78,0x088AAB78,relocated_r_mips32_code_pointer
sub_088AABF8,0x088AABF8,relocated_r_mips32_code_pointer
sub_088AACA8,0x088AACA8,relocated_r_mips32_code_pointer
sub_088AAF20,0x088AAF20,direct_jal_target
sub_088AAFC4,0x088AAFC4,direct_jal_target
sub_088AB028,0x088AB028,direct_jal_target
sub_088AB198,0x088AB198,relocated_r_mips32_code_pointer
sub_088AB1A4,0x088AB1A4,relocated_r_mips32_code_pointer
sub_088AB1B0,0x088AB1B0,direct_jal_target
sub_088AB22C,0x088AB22C,direct_jal_target
sub_088AB2BC,0x088AB2BC,direct_jal_target
sub_088AB2F4,0x088AB2F4,direct_jal_target
sub_088AB564,0x088AB564,direct_jal_target
sub_088AB66C,0x088AB66C,relocated_r_mips32_code_pointer
sub_088AB89C,0x088AB89C,relocated_r_mips32_code_pointer
sub_088ABBFC,0x088ABBFC,relocated_r_mips32_code_pointer
sub_088ABDB4,0x088ABDB4,relocated_r_mips32_code_pointer
sub_088ABF1C,0x088ABF1C,direct_jal_target
sub_088AC670,0x088AC670,direct_jal_target
sub_088ACAEC,0x088ACAEC,direct_jal_target
sub_088ACE80,0x088ACE80,direct_jal_target
sub_088AD538,0x088AD538,direct_jal_target
sub_088AD65C,0x088AD65C,direct_jal_target
sub_088AD69C,0x088AD69C,relocated_r_mips32_code_pointer
sub_088AD6E4,0x088AD6E4,direct_jal_target
sub_088AD7C8,0x088AD7C8,direct_jal_target
sub_088ADB64,0x088ADB64,relocated_r_mips32_code_pointer
sub_088ADB70,0x088ADB70,relocated_r_mips32_code_pointer
sub_088ADB7C,0x088ADB7C,direct_jal_target
sub_088ADD3C,0x088ADD3C,direct_jal_target
sub_088ADF18,0x088ADF18,direct_jal_target
sub_088AE41C,0x088AE41C,direct_jal_target
sub_088AE938,0x088AE938,direct_jal_target
sub_088AE9AC,0x088AE9AC,relocated_r_mips32_code_pointer
sub_088AEAE4,0x088AEAE4,relocated_r_mips32_code_pointer
sub_088AEB28,0x088AEB28,relocated_r_mips32_code_pointer
sub_088AEBCC,0x088AEBCC,relocated_r_mips32_code_pointer
sub_088AEBFC,0x088AEBFC,relocated_r_mips32_code_pointer
sub_088AEC2C,0x088AEC2C,relocated_r_mips32_code_pointer
sub_088AECE0,0x088AECE0,relocated_r_mips32_code_pointer
sub_088AEE14,0x088AEE14,direct_jal_target
sub_088AF1B4,0x088AF1B4,direct_jal_target
sub_088AF970,0x088AF970,relocated_r_mips32_code_pointer
sub_088AF97C,0x088AF97C,relocated_r_mips32_code_pointer
sub_088AF988,0x088AF988,direct_jal_target
sub_088AFB04,0x088AFB04,relocated_r_mips32_code_pointer
sub_088B0010,0x088B0010,relocated_r_mips32_code_pointer
sub_088B00F8,0x088B00F8,relocated_r_mips32_code_pointer
sub_088B01E8,0x088B01E8,relocated_r_mips32_code_pointer
sub_088B0304,0x088B0304,direct_jal_target
sub_088B05EC,0x088B05EC,direct_jal_target
sub_088B09BC,0x088B09BC,direct_jal_target
sub_088B0BE4,0x088B0BE4,direct_jal_target
sub_088B0C3C,0x088B0C3C,relocated_r_mips32_code_pointer
sub_088B0CB8,0x088B0CB8,direct_jal_target
sub_088B0CC4,0x088B0CC4,direct_jal_target
sub_088B0D10,0x088B0D10,direct_jal_target
sub_088B0DDC,0x088B0DDC,direct_jal_target
sub_088B10D0,0x088B10D0,relocated_r_mips32_code_pointer
sub_088B10DC,0x088B10DC,relocated_r_mips32_code_pointer
sub_088B10E8,0x088B10E8,relocated_r_mips32_code_pointer
sub_088B1328,0x088B1328,relocated_r_mips32_code_pointer
sub_088B1600,0x088B1600,relocated_r_mips32_code_pointer
sub_088B177C,0x088B177C,direct_jal_target
sub_088B1878,0x088B1878,direct_jal_target
sub_088B1944,0x088B1944,direct_jal_target
sub_088B1AFC,0x088B1AFC,direct_jal_target
sub_088B1F88,0x088B1F88,direct_jal_target
sub_088B2108,0x088B2108,direct_jal_target
sub_088B21F8,0x088B21F8,direct_jal_target
sub_088B2230,0x088B2230,relocated_r_mips32_code_pointer
sub_088B2270,0x088B2270,direct_jal_target
sub_088B2290,0x088B2290,direct_jal_target
sub_088B22AC,0x088B22AC,direct_jal_target
sub_088B2330,0x088B2330,direct_jal_target
sub_088B2604,0x088B2604,relocated_r_mips32_code_pointer
sub_088B2610,0x088B2610,relocated_r_mips32_code_pointer
sub_088B2704,0x088B2704,direct_jal_target
sub_088B2744,0x088B2744,relocated_r_mips32_code_pointer
sub_088B2754,0x088B2754,relocated_r_mips32_code_pointer
sub_088B2788,0x088B2788,relocated_r_mips32_code_pointer
sub_088B28CC,0x088B28CC,relocated_r_mips32_code_pointer
sub_088B28D8,0x088B28D8,relocated_r_mips32_code_pointer
sub_088B28E4,0x088B28E4,relocated_r_mips32_code_pointer
sub_088B2B64,0x088B2B64,relocated_r_mips32_code_pointer
sub_088B2BB0,0x088B2BB0,relocated_r_mips32_code_pointer
sub_088B2BBC,0x088B2BBC,direct_jal_target
sub_088B2BF8,0x088B2BF8,direct_jal_target
sub_088B2C34,0x088B2C34,direct_jal_target
sub_088B2C68,0x088B2C68,direct_jal_target
sub_088B2DBC,0x088B2DBC,relocated_r_mips32_code_pointer
sub_088B2DC8,0x088B2DC8,relocated_r_mips32_code_pointer
sub_088B2E04,0x088B2E04,direct_jal_target
sub_088B2E34,0x088B2E34,direct_jal_target
sub_088B3340,0x088B3340,relocated_r_mips32_code_pointer
sub_088B344C,0x088B344C,relocated_r_mips32_code_pointer
sub_088B3484,0x088B3484,relocated_r_mips32_code_pointer
sub_088B34B4,0x088B34B4,relocated_r_mips32_code_pointer
sub_088B3694,0x088B3694,relocated_r_mips32_code_pointer
sub_088B36E0,0x088B36E0,relocated_r_mips32_code_pointer
sub_088B3704,0x088B3704,relocated_r_mips32_code_pointer
sub_088B37C0,0x088B37C0,direct_jal_target
sub_088B3AB8,0x088B3AB8,relocated_r_mips32_code_pointer
sub_088B3FDC,0x088B3FDC,relocated_r_mips32_code_pointer
sub_088B4330,0x088B4330,relocated_r_mips32_code_pointer
sub_088B46CC,0x088B46CC,direct_jal_target
sub_088B470C,0x088B470C,relocated_r_mips32_code_pointer
sub_088B4B1C,0x088B4B1C,relocated_r_mips32_code_pointer
sub_088B4B28,0x088B4B28,relocated_r_mips32_code_pointer
sub_088B4B44,0x088B4B44,direct_jal_target
sub_088B4CC8,0x088B4CC8,direct_jal_target
sub_088B4D44,0x088B4D44,direct_jal_target
sub_088B4E68,0x088B4E68,direct_jal_target
sub_088B4F5C,0x088B4F5C,direct_jal_target
sub_088B5274,0x088B5274,direct_jal_target
sub_088B5374,0x088B5374,direct_jal_target
sub_088B5408,0x088B5408,direct_jal_target
sub_088B56A4,0x088B56A4,direct_jal_target
sub_088B5B5C,0x088B5B5C,direct_jal_target
sub_088B5FC4,0x088B5FC4,direct_jal_target
sub_088B609C,0x088B609C,direct_jal_target
sub_088B6108,0x088B6108,relocated_r_mips32_code_pointer
sub_088B6154,0x088B6154,relocated_r_mips32_code_pointer
sub_088B6180,0x088B6180,relocated_r_mips32_code_pointer
sub_088B61AC,0x088B61AC,relocated_r_mips32_code_pointer
sub_088B61D8,0x088B61D8,relocated_r_mips32_code_pointer
sub_088B61E8,0x088B61E8,relocated_r_mips32_code_pointer
sub_088B6234,0x088B6234,relocated_r_mips32_code_pointer
sub_088B6260,0x088B6260,relocated_r_mips32_code_pointer
sub_088B628C,0x088B628C,relocated_r_mips32_code_pointer
sub_088B62A4,0x088B62A4,relocated_r_mips32_code_pointer
sub_088B62BC,0x088B62BC,relocated_r_mips32_code_pointer
sub_088B62E8,0x088B62E8,relocated_r_mips32_code_pointer
sub_088B62FC,0x088B62FC,relocated_r_mips32_code_pointer
sub_088B6344,0x088B6344,relocated_r_mips32_code_pointer
sub_088B6368,0x088B6368,relocated_r_mips32_code_pointer
sub_088B63B0,0x088B63B0,relocated_r_mips32_code_pointer
sub_088B63E8,0x088B63E8,direct_jal_target
sub_088B650C,0x088B650C,direct_jal_target
sub_088B6680,0x088B6680,direct_jal_target
sub_088B672C,0x088B672C,direct_jal_target
sub_088B6B7C,0x088B6B7C,direct_jal_target
sub_088B7004,0x088B7004,direct_jal_target
sub_088B7100,0x088B7100,direct_jal_target
sub_088B731C,0x088B731C,relocated_r_mips32_code_pointer
sub_088B7328,0x088B7328,relocated_r_mips32_code_pointer
sub_088B7334,0x088B7334,direct_jal_target
sub_088B7EE4,0x088B7EE4,direct_jal_target
sub_088B8038,0x088B8038,relocated_r_mips32_code_pointer
sub_088B8194,0x088B8194,direct_jal_target
sub_088B88F8,0x088B88F8,direct_jal_target
sub_088B8B6C,0x088B8B6C,direct_jal_target
sub_088B8C88,0x088B8C88,direct_jal_target
sub_088B8D9C,0x088B8D9C,relocated_r_mips32_code_pointer
sub_088B8E0C,0x088B8E0C,direct_jal_target
sub_088B9018,0x088B9018,relocated_r_mips32_code_pointer
sub_088B9024,0x088B9024,relocated_r_mips32_code_pointer
sub_088B9030,0x088B9030,direct_jal_target
sub_088B90B4,0x088B90B4,direct_jal_target
sub_088B9648,0x088B9648,direct_jal_target
sub_088B96AC,0x088B96AC,direct_jal_target
sub_088BAF04,0x088BAF04,direct_jal_target
sub_088BB05C,0x088BB05C,direct_jal_target
sub_088BB114,0x088BB114,direct_jal_target
sub_088BCA70,0x088BCA70,direct_jal_target
sub_088BCBF4,0x088BCBF4,direct_jal_target
sub_088BCC8C,0x088BCC8C,direct_jal_target
sub_088BCD90,0x088BCD90,relocated_r_mips32_code_pointer
sub_088BCE04,0x088BCE04,relocated_r_mips32_code_pointer
sub_088BD15C,0x088BD15C,direct_jal_target
sub_088BD7EC,0x088BD7EC,direct_jal_target
sub_088BD994,0x088BD994,direct_jal_target
sub_088BDA44,0x088BDA44,relocated_r_mips32_code_pointer
sub_088BDB30,0x088BDB30,direct_jal_target
sub_088BDB4C,0x088BDB4C,direct_jal_target
sub_088BDB98,0x088BDB98,direct_jal_target
sub_088BDBE8,0x088BDBE8,direct_jal_target
sub_088BDC0C,0x088BDC0C,direct_jal_target
sub_088BDC38,0x088BDC38,relocated_r_mips32_code_pointer
sub_088BDC44,0x088BDC44,relocated_r_mips32_code_pointer
sub_088BDC50,0x088BDC50,relocated_r_mips32_code_pointer
sub_088BDC5C,0x088BDC5C,relocated_r_mips32_code_pointer
sub_088BDC64,0x088BDC64,relocated_r_mips32_code_pointer
sub_088BDC70,0x088BDC70,relocated_r_mips32_code_pointer
sub_088BDC78,0x088BDC78,direct_jal_target
sub_088BDC84,0x088BDC84,direct_jal_target
sub_088BDD1C,0x088BDD1C,direct_jal_target
sub_088BDD68,0x088BDD68,direct_jal_target
sub_088BDE60,0x088BDE60,direct_jal_target
sub_088BDFB4,0x088BDFB4,relocated_r_mips32_code_pointer
sub_088BDFC0,0x088BDFC0,relocated_r_mips32_code_pointer
sub_088BDFCC,0x088BDFCC,direct_jal_target
sub_088BE040,0x088BE040,direct_jal_target
sub_088BE0F0,0x088BE0F0,direct_jal_target
sub_088BE250,0x088BE250,direct_jal_target
sub_088BE2F4,0x088BE2F4,direct_jal_target
sub_088BE508,0x088BE508,direct_jal_target
sub_088BE964,0x088BE964,direct_jal_target
sub_088BEA20,0x088BEA20,direct_jal_target
sub_088BEC24,0x088BEC24,direct_jal_target
sub_088BEDE8,0x088BEDE8,direct_jal_target
sub_088BEEC0,0x088BEEC0,direct_jal_target
sub_088BF0AC,0x088BF0AC,direct_jal_target
sub_088BF2FC,0x088BF2FC,direct_jal_target
sub_088BF634,0x088BF634,direct_jal_target
sub_088BF710,0x088BF710,direct_jal_target
sub_088BF8D0,0x088BF8D0,direct_jal_target
sub_088BFB38,0x088BFB38,direct_jal_target
sub_088C0084,0x088C0084,direct_jal_target
sub_088C03A0,0x088C03A0,direct_jal_target
sub_088C05E8,0x088C05E8,direct_jal_target
sub_088C0A14,0x088C0A14,relocated_r_mips32_code_pointer
sub_088C0B84,0x088C0B84,relocated_r_mips32_code_pointer
sub_088C0CFC,0x088C0CFC,direct_jal_target
sub_088C0F14,0x088C0F14,direct_jal_target
sub_088C0F5C,0x088C0F5C,relocated_r_mips32_code_pointer
sub_088C0FCC,0x088C0FCC,relocated_r_mips32_code_pointer
sub_088C10E0,0x088C10E0,relocated_r_mips32_code_pointer
sub_088C10F0,0x088C10F0,relocated_r_mips32_code_pointer
sub_088C111C,0x088C111C,relocated_r_mips32_code_pointer
sub_088C112C,0x088C112C,relocated_r_mips32_code_pointer
sub_088C114C,0x088C114C,relocated_r_mips32_code_pointer
sub_088C116C,0x088C116C,relocated_r_mips32_code_pointer
sub_088C117C,0x088C117C,relocated_r_mips32_code_pointer
sub_088C119C,0x088C119C,relocated_r_mips32_code_pointer
sub_088C1210,0x088C1210,relocated_r_mips32_code_pointer
sub_088C135C,0x088C135C,direct_jal_target
sub_088C1384,0x088C1384,direct_jal_target
sub_088C1418,0x088C1418,direct_jal_target
sub_088C16AC,0x088C16AC,direct_jal_target
sub_088C18A8,0x088C18A8,direct_jal_target
sub_088C1B8C,0x088C1B8C,direct_jal_target
sub_088C1D54,0x088C1D54,direct_jal_target
sub_088C1ED4,0x088C1ED4,direct_jal_target
sub_088C2160,0x088C2160,direct_jal_target
sub_088C2450,0x088C2450,direct_jal_target
sub_088C262C,0x088C262C,relocated_r_mips32_code_pointer
sub_088C2638,0x088C2638,relocated_r_mips32_code_pointer
sub_088C2644,0x088C2644,direct_jal_target
sub_088C271C,0x088C271C,direct_jal_target
sub_088C2858,0x088C2858,direct_jal_target
sub_088C294C,0x088C294C,direct_jal_target
sub_088C2AF0,0x088C2AF0,direct_jal_target
sub_088C2D98,0x088C2D98,direct_jal_target
sub_088C2EC4,0x088C2EC4,direct_jal_target
sub_088C3078,0x088C3078,direct_jal_target
sub_088C30F8,0x088C30F8,direct_jal_target
sub_088C3190,0x088C3190,direct_jal_target
sub_088C3478,0x088C3478,direct_jal_target
sub_088C355C,0x088C355C,relocated_r_mips32_code_pointer
sub_088C3678,0x088C3678,direct_jal_target
sub_088C36BC,0x088C36BC,direct_jal_target
sub_088C36CC,0x088C36CC,relocated_r_mips32_code_pointer
sub_088C383C,0x088C383C,relocated_r_mips32_code_pointer
sub_088C3848,0x088C3848,relocated_r_mips32_code_pointer
sub_088C3854,0x088C3854,relocated_r_mips32_code_pointer
sub_088C3D84,0x088C3D84,direct_jal_target
sub_088C3DB4,0x088C3DB4,direct_jal_target
sub_088C3DC4,0x088C3DC4,relocated_r_mips32_code_pointer
sub_088C3DD4,0x088C3DD4,relocated_r_mips32_code_pointer
sub_088C3DE4,0x088C3DE4,direct_jal_target
sub_088C3F30,0x088C3F30,relocated_r_mips32_code_pointer
sub_088C3F3C,0x088C3F3C,relocated_r_mips32_code_pointer
sub_088C3F88,0x088C3F88,direct_jal_target
sub_088C3FD8,0x088C3FD8,direct_jal_target
sub_088C3FE8,0x088C3FE8,relocated_r_mips32_code_pointer
sub_088C4158,0x088C4158,relocated_r_mips32_code_pointer
sub_088C4164,0x088C4164,relocated_r_mips32_code_pointer
sub_088C4170,0x088C4170,direct_jal_target
sub_088C41BC,0x088C41BC,relocated_r_mips32_code_pointer
sub_088C4680,0x088C4680,direct_jal_target
sub_088C4708,0x088C4708,direct_jal_target
sub_088C4718,0x088C4718,relocated_r_mips32_code_pointer
sub_088C474C,0x088C474C,direct_jal_target
sub_088C48E4,0x088C48E4,relocated_r_mips32_code_pointer
sub_088C48F0,0x088C48F0,relocated_r_mips32_code_pointer
sub_088C48FC,0x088C48FC,direct_jal_target
sub_088C4AD0,0x088C4AD0,direct_jal_target
sub_088C4FD4,0x088C4FD4,direct_jal_target
sub_088C533C,0x088C533C,direct_jal_target
sub_088C5550,0x088C5550,direct_jal_target
sub_088C5984,0x088C5984,direct_jal_target
sub_088C5C20,0x088C5C20,relocated_r_mips32_code_pointer
sub_088C5E48,0x088C5E48,direct_jal_target
sub_088C5F64,0x088C5F64,relocated_r_mips32_code_pointer
sub_088C5FE0,0x088C5FE0,relocated_r_mips32_code_pointer
sub_088C60A0,0x088C60A0,relocated_r_mips32_code_pointer
sub_088C61D4,0x088C61D4,relocated_r_mips32_code_pointer
sub_088C620C,0x088C620C,direct_jal_target
sub_088C625C,0x088C625C,direct_jal_target
sub_088C639C,0x088C639C,relocated_r_mips32_code_pointer
sub_088C63F4,0x088C63F4,direct_jal_target
sub_088C65C0,0x088C65C0,relocated_r_mips32_code_pointer
sub_088C6760,0x088C6760,relocated_r_mips32_code_pointer
sub_088C6A24,0x088C6A24,direct_jal_target
sub_088C6CD8,0x088C6CD8,relocated_r_mips32_code_pointer
sub_088C6CE4,0x088C6CE4,relocated_r_mips32_code_pointer
sub_088C6EF0,0x088C6EF0,direct_jal_target
sub_088C6F8C,0x088C6F8C,direct_jal_target
sub_088C7320,0x088C7320,direct_jal_target
sub_088C74D4,0x088C74D4,direct_jal_target
sub_088C75D0,0x088C75D0,direct_jal_target
sub_088C7784,0x088C7784,relocated_r_mips32_code_pointer
sub_088C7828,0x088C7828,relocated_r_mips32_code_pointer
sub_088C7834,0x088C7834,relocated_r_mips32_code_pointer
sub_088C7840,0x088C7840,relocated_r_mips32_code_pointer
sub_088C784C,0x088C784C,relocated_r_mips32_code_pointer
sub_088C7858,0x088C7858,relocated_r_mips32_code_pointer
sub_088C7878,0x088C7878,direct_jal_target
sub_088C78A8,0x088C78A8,direct_jal_target
sub_088C78E4,0x088C78E4,direct_jal_target
sub_088C7A20,0x088C7A20,direct_jal_target
sub_088C7A70,0x088C7A70,direct_jal_target
sub_088C7BCC,0x088C7BCC,relocated_r_mips32_code_pointer
sub_088C7BE8,0x088C7BE8,relocated_r_mips32_code_pointer
sub_088C7C20,0x088C7C20,relocated_r_mips32_code_pointer
sub_088C7C3C,0x088C7C3C,relocated_r_mips32_code_pointer
sub_088C7C58,0x088C7C58,relocated_r_mips32_code_pointer
sub_088C7C74,0x088C7C74,relocated_r_mips32_code_pointer
sub_088C7C90,0x088C7C90,relocated_r_mips32_code_pointer
sub_088C7CAC,0x088C7CAC,relocated_r_mips32_code_pointer
sub_088C7CC8,0x088C7CC8,relocated_r_mips32_code_pointer
sub_088C7CE4,0x088C7CE4,relocated_r_mips32_code_pointer
sub_088C7D00,0x088C7D00,relocated_r_mips32_code_pointer
sub_088C7D1C,0x088C7D1C,relocated_r_mips32_code_pointer
sub_088C7D38,0x088C7D38,relocated_r_mips32_code_pointer
sub_088C7D44,0x088C7D44,relocated_r_mips32_code_pointer
sub_088C7D50,0x088C7D50,relocated_r_mips32_code_pointer
sub_088C7D5C,0x088C7D5C,relocated_r_mips32_code_pointer
sub_088C7D68,0x088C7D68,relocated_r_mips32_code_pointer
sub_088C7D74,0x088C7D74,relocated_r_mips32_code_pointer
sub_088C7D80,0x088C7D80,direct_jal_target
sub_088C7DC4,0x088C7DC4,relocated_r_mips32_code_pointer
sub_088C7E04,0x088C7E04,relocated_r_mips32_code_pointer
sub_088C7E10,0x088C7E10,relocated_r_mips32_code_pointer
sub_088C7E1C,0x088C7E1C,relocated_r_mips32_code_pointer
sub_088C7E28,0x088C7E28,relocated_r_mips32_code_pointer
sub_088C7E34,0x088C7E34,relocated_r_mips32_code_pointer
sub_088C7E40,0x088C7E40,direct_jal_target
sub_088C7FB4,0x088C7FB4,direct_jal_target
sub_088C80F4,0x088C80F4,direct_jal_target
sub_088C8170,0x088C8170,relocated_r_mips32_code_pointer
sub_088C8354,0x088C8354,relocated_r_mips32_code_pointer
sub_088C8360,0x088C8360,relocated_r_mips32_code_pointer
sub_088C836C,0x088C836C,direct_jal_target
sub_088C83D4,0x088C83D4,direct_jal_target
sub_088C8A0C,0x088C8A0C,direct_jal_target
sub_088C9418,0x088C9418,relocated_r_mips32_code_pointer
sub_088C9550,0x088C9550,relocated_r_mips32_code_pointer
sub_088C96C8,0x088C96C8,direct_jal_target
sub_088C9710,0x088C9710,relocated_r_mips32_code_pointer
sub_088C9720,0x088C9720,relocated_r_mips32_code_pointer
sub_088C986C,0x088C986C,relocated_r_mips32_code_pointer
sub_088C9878,0x088C9878,relocated_r_mips32_code_pointer
sub_088C9884,0x088C9884,direct_jal_target
sub_088C9908,0x088C9908,direct_jal_target
sub_088C9AA4,0x088C9AA4,direct_jal_target
sub_088C9DA8,0x088C9DA8,direct_jal_target
sub_088C9E7C,0x088C9E7C,direct_jal_target
sub_088C9EBC,0x088C9EBC,direct_jal_target
sub_088C9EC4,0x088C9EC4,direct_jal_target
sub_088CA00C,0x088CA00C,relocated_r_mips32_code_pointer
sub_088CA018,0x088CA018,relocated_r_mips32_code_pointer
sub_088CA024,0x088CA024,direct_jal_target
sub_088CA0AC,0x088CA0AC,direct_jal_target
sub_088CA0D8,0x088CA0D8,direct_jal_target
sub_088CA140,0x088CA140,direct_jal_target
sub_088CA390,0x088CA390,direct_jal_target
sub_088CA4D4,0x088CA4D4,relocated_r_mips32_code_pointer
sub_088CA4E0,0x088CA4E0,relocated_r_mips32_code_pointer
sub_088CA4EC,0x088CA4EC,direct_jal_target
sub_088CA5B0,0x088CA5B0,direct_jal_target
sub_088CA688,0x088CA688,direct_jal_target
sub_088CA71C,0x088CA71C,direct_jal_target
sub_088CAA98,0x088CAA98,direct_jal_target
sub_088CAC48,0x088CAC48,direct_jal_target
sub_088CAC94,0x088CAC94,direct_jal_target
sub_088CAD88,0x088CAD88,direct_jal_target
sub_088CAFD8,0x088CAFD8,direct_jal_target
sub_088CB0C4,0x088CB0C4,direct_jal_target
sub_088CB534,0x088CB534,relocated_r_mips32_code_pointer
sub_088CB544,0x088CB544,relocated_r_mips32_code_pointer
sub_088CB554,0x088CB554,direct_jal_target
sub_088CB5BC,0x088CB5BC,direct_jal_target
sub_088CB614,0x088CB614,direct_jal_target
sub_088CB7B8,0x088CB7B8,direct_jal_target
sub_088CB850,0x088CB850,direct_jal_target
sub_088CB9F4,0x088CB9F4,relocated_r_mips32_code_pointer
sub_088CBA00,0x088CBA00,relocated_r_mips32_code_pointer
sub_088CBA0C,0x088CBA0C,direct_jal_target
sub_088CBAA0,0x088CBAA0,direct_jal_target
sub_088CC0B0,0x088CC0B0,direct_jal_target
sub_088CC0C8,0x088CC0C8,direct_jal_target
sub_088CC150,0x088CC150,direct_jal_target
sub_088CC3A4,0x088CC3A4,direct_jal_target
sub_088CC438,0x088CC438,direct_jal_target
sub_088CC890,0x088CC890,direct_jal_target
sub_088CCB34,0x088CCB34,direct_jal_target
sub_088CCC1C,0x088CCC1C,relocated_r_mips32_code_pointer
sub_088CCD08,0x088CCD08,direct_jal_target
sub_088CD0F0,0x088CD0F0,direct_jal_target
sub_088CDC2C,0x088CDC2C,direct_jal_target
sub_088CDCCC,0x088CDCCC,relocated_r_mips32_code_pointer
sub_088CDCE8,0x088CDCE8,relocated_r_mips32_code_pointer
sub_088CDCFC,0x088CDCFC,relocated_r_mips32_code_pointer
sub_088CDD10,0x088CDD10,relocated_r_mips32_code_pointer
sub_088CDD24,0x088CDD24,relocated_r_mips32_code_pointer
sub_088CDD38,0x088CDD38,relocated_r_mips32_code_pointer
sub_088CDD4C,0x088CDD4C,relocated_r_mips32_code_pointer
sub_088CDD60,0x088CDD60,relocated_r_mips32_code_pointer
sub_088CDD74,0x088CDD74,relocated_r_mips32_code_pointer
sub_088CDE58,0x088CDE58,direct_jal_target
sub_088CE034,0x088CE034,direct_jal_target
sub_088CE248,0x088CE248,direct_jal_target
sub_088CE2E0,0x088CE2E0,direct_jal_target
sub_088CE4B0,0x088CE4B0,direct_jal_target
sub_088CF234,0x088CF234,relocated_r_mips32_code_pointer
sub_088CF23C,0x088CF23C,relocated_r_mips32_code_pointer
sub_088CF244,0x088CF244,direct_jal_target
sub_088CF47C,0x088CF47C,relocated_r_mips32_code_pointer
sub_088CF488,0x088CF488,relocated_r_mips32_code_pointer
sub_088CF494,0x088CF494,relocated_r_mips32_code_pointer
sub_088CF4F8,0x088CF4F8,direct_jal_target
sub_088CF548,0x088CF548,relocated_r_mips32_code_pointer
sub_088CF5F0,0x088CF5F0,direct_jal_target
sub_088CF644,0x088CF644,direct_jal_target
sub_088CF7C8,0x088CF7C8,direct_jal_target
sub_088CFA30,0x088CFA30,relocated_r_mips32_code_pointer
sub_088CFB30,0x088CFB30,direct_jal_target
sub_088CFCF8,0x088CFCF8,relocated_r_mips32_code_pointer
sub_088CFEC0,0x088CFEC0,relocated_r_mips32_code_pointer
sub_088CFF90,0x088CFF90,direct_jal_target
sub_088D0820,0x088D0820,relocated_r_mips32_code_pointer
sub_088D0894,0x088D0894,relocated_r_mips32_code_pointer
sub_088D09FC,0x088D09FC,relocated_r_mips32_code_pointer
sub_088D0C28,0x088D0C28,direct_jal_target
sub_088D0D84,0x088D0D84,direct_jal_target
sub_088D107C,0x088D107C,relocated_r_mips32_code_pointer
sub_088D1088,0x088D1088,relocated_r_mips32_code_pointer
sub_088D1094,0x088D1094,direct_jal_target
sub_088D12AC,0x088D12AC,direct_jal_target
sub_088D1960,0x088D1960,direct_jal_target
sub_088D1C44,0x088D1C44,direct_jal_target
sub_088D1E14,0x088D1E14,direct_jal_target
sub_088D1EF0,0x088D1EF0,direct_jal_target
sub_088D1F60,0x088D1F60,relocated_r_mips32_code_pointer
sub_088D1F70,0x088D1F70,relocated_r_mips32_code_pointer
sub_088D1FA4,0x088D1FA4,relocated_r_mips32_code_pointer
sub_088D1FAC,0x088D1FAC,relocated_r_mips32_code_pointer
sub_088D1FB4,0x088D1FB4,relocated_r_mips32_code_pointer
sub_088D1FBC,0x088D1FBC,relocated_r_mips32_code_pointer
sub_088D2114,0x088D2114,relocated_r_mips32_code_pointer
sub_088D2120,0x088D2120,relocated_r_mips32_code_pointer
sub_088D212C,0x088D212C,direct_jal_target
sub_088D23A8,0x088D23A8,direct_jal_target
sub_088D25CC,0x088D25CC,direct_jal_target
sub_088D265C,0x088D265C,direct_jal_target
sub_088D26B4,0x088D26B4,direct_jal_target
sub_088D27BC,0x088D27BC,relocated_r_mips32_code_pointer
sub_088D2858,0x088D2858,relocated_r_mips32_code_pointer
sub_088D2870,0x088D2870,relocated_r_mips32_code_pointer
sub_088D2888,0x088D2888,relocated_r_mips32_code_pointer
sub_088D28A0,0x088D28A0,relocated_r_mips32_code_pointer
sub_088D28B8,0x088D28B8,relocated_r_mips32_code_pointer
sub_088D28D0,0x088D28D0,relocated_r_mips32_code_pointer
sub_088D28E8,0x088D28E8,relocated_r_mips32_code_pointer
sub_088D2900,0x088D2900,relocated_r_mips32_code_pointer
sub_088D2918,0x088D2918,relocated_r_mips32_code_pointer
sub_088D29A8,0x088D29A8,relocated_r_mips32_code_pointer
sub_088D29F8,0x088D29F8,direct_jal_target
sub_088D2B38,0x088D2B38,direct_jal_target
sub_088D2E84,0x088D2E84,relocated_r_mips32_code_pointer
sub_088D2E90,0x088D2E90,relocated_r_mips32_code_pointer
sub_088D2ED4,0x088D2ED4,direct_jal_target
sub_088D2FD0,0x088D2FD0,direct_jal_target
sub_088D31C0,0x088D31C0,direct_jal_target
sub_088D3414,0x088D3414,direct_jal_target
sub_088D36B4,0x088D36B4,direct_jal_target
sub_088D3784,0x088D3784,direct_jal_target
sub_088D3950,0x088D3950,direct_jal_target
sub_088D3BD4,0x088D3BD4,direct_jal_target
sub_088D3CEC,0x088D3CEC,direct_jal_target
sub_088D3D80,0x088D3D80,direct_jal_target
sub_088D3ED4,0x088D3ED4,direct_jal_target
sub_088D425C,0x088D425C,direct_jal_target
sub_088D42C0,0x088D42C0,direct_jal_target
sub_088D4600,0x088D4600,direct_jal_target
sub_088D4E60,0x088D4E60,direct_jal_target
sub_088D5130,0x088D5130,direct_jal_target
sub_088D52D0,0x088D52D0,relocated_r_mips32_code_pointer
sub_088D52D8,0x088D52D8,direct_jal_target
sub_088D5350,0x088D5350,direct_jal_target
sub_088D5364,0x088D5364,direct_jal_target
sub_088D55B8,0x088D55B8,relocated_r_mips32_code_pointer
sub_088D55C4,0x088D55C4,relocated_r_mips32_code_pointer
sub_088D561C,0x088D561C,direct_jal_target
sub_088D5654,0x088D5654,direct_jal_target
sub_088D57B4,0x088D57B4,direct_jal_target
sub_088D58F4,0x088D58F4,direct_jal_target
sub_088D59FC,0x088D59FC,relocated_r_mips32_code_pointer
sub_088D5ACC,0x088D5ACC,direct_jal_target
sub_088D5C64,0x088D5C64,direct_jal_target
sub_088D5E24,0x088D5E24,direct_jal_target
sub_088D61F0,0x088D61F0,direct_jal_target
sub_088D64EC,0x088D64EC,direct_jal_target
sub_088D66F8,0x088D66F8,direct_jal_target
sub_088D69C8,0x088D69C8,relocated_r_mips32_code_pointer
sub_088D69D4,0x088D69D4,relocated_r_mips32_code_pointer
sub_088D6AC4,0x088D6AC4,direct_jal_target
sub_088D6E94,0x088D6E94,direct_jal_target
sub_088D7170,0x088D7170,direct_jal_target
sub_088D75A8,0x088D75A8,direct_jal_target
sub_088D7A00,0x088D7A00,direct_jal_target
sub_088D7CCC,0x088D7CCC,direct_jal_target
sub_088D83D4,0x088D83D4,direct_jal_target
sub_088D8470,0x088D8470,direct_jal_target
sub_088D8480,0x088D8480,direct_jal_target
sub_088D84CC,0x088D84CC,relocated_r_mips32_code_pointer
sub_088D84DC,0x088D84DC,relocated_r_mips32_code_pointer
sub_088D84EC,0x088D84EC,relocated_r_mips32_code_pointer
sub_088D84FC,0x088D84FC,relocated_r_mips32_code_pointer
sub_088D850C,0x088D850C,relocated_r_mips32_code_pointer
sub_088D851C,0x088D851C,relocated_r_mips32_code_pointer
sub_088D8668,0x088D8668,relocated_r_mips32_code_pointer
sub_088D8674,0x088D8674,relocated_r_mips32_code_pointer
sub_088D8680,0x088D8680,direct_jal_target
sub_088D8748,0x088D8748,direct_jal_target
sub_088D87FC,0x088D87FC,direct_jal_target
sub_088D893C,0x088D893C,direct_jal_target
sub_088D8BB0,0x088D8BB0,direct_jal_target
sub_088D8E5C,0x088D8E5C,direct_jal_target
sub_088D9130,0x088D9130,direct_jal_target
sub_088D913C,0x088D913C,direct_jal_target
sub_088D92C0,0x088D92C0,direct_jal_target
sub_088D9540,0x088D9540,direct_jal_target
sub_088D962C,0x088D962C,direct_jal_target
sub_088D9B38,0x088D9B38,direct_jal_target
sub_088D9F64,0x088D9F64,direct_jal_target
sub_088DA030,0x088DA030,direct_jal_target
sub_088DA734,0x088DA734,direct_jal_target
sub_088DAB24,0x088DAB24,direct_jal_target
sub_088DAC14,0x088DAC14,direct_jal_target
sub_088DAF64,0x088DAF64,direct_jal_target
sub_088DB1BC,0x088DB1BC,direct_jal_target
sub_088DB224,0x088DB224,relocated_r_mips32_code_pointer
sub_088DB268,0x088DB268,relocated_r_mips32_code_pointer
sub_088DB2B8,0x088DB2B8,relocated_r_mips32_code_pointer
sub_088DB2C0,0x088DB2C0,relocated_r_mips32_code_pointer
sub_088DB304,0x088DB304,relocated_r_mips32_code_pointer
sub_088DB324,0x088DB324,relocated_r_mips32_code_pointer
sub_088DB350,0x088DB350,relocated_r_mips32_code_pointer
sub_088DB368,0x088DB368,relocated_r_mips32_code_pointer
sub_088DB3BC,0x088DB3BC,relocated_r_mips32_code_pointer
sub_088DB3D0,0x088DB3D0,relocated_r_mips32_code_pointer
sub_088DB3E4,0x088DB3E4,relocated_r_mips32_code_pointer
sub_088DB404,0x088DB404,relocated_r_mips32_code_pointer
sub_088DB414,0x088DB414,relocated_r_mips32_code_pointer
sub_088DB428,0x088DB428,relocated_r_mips32_code_pointer
sub_088DB574,0x088DB574,direct_jal_target
sub_088DB8B4,0x088DB8B4,direct_jal_target
sub_088DBDB8,0x088DBDB8,direct_jal_target
sub_088DC610,0x088DC610,direct_jal_target
sub_088DCDA0,0x088DCDA0,direct_jal_target
sub_088DD05C,0x088DD05C,direct_jal_target
sub_088DD308,0x088DD308,direct_jal_target
sub_088DD6DC,0x088DD6DC,direct_jal_target
sub_088DDAE4,0x088DDAE4,direct_jal_target
sub_088DDE78,0x088DDE78,direct_jal_target
sub_088DDED0,0x088DDED0,relocated_r_mips32_code_pointer
sub_088DDF5C,0x088DDF5C,relocated_r_mips32_code_pointer
sub_088DDF84,0x088DDF84,relocated_r_mips32_code_pointer
sub_088DDFD4,0x088DDFD4,relocated_r_mips32_code_pointer
sub_088DE098,0x088DE098,relocated_r_mips32_code_pointer
sub_088DE100,0x088DE100,direct_jal_target
sub_088DE5C8,0x088DE5C8,direct_jal_target
sub_088DEB00,0x088DEB00,direct_jal_target
sub_088DF360,0x088DF360,direct_jal_target
sub_088DF3F0,0x088DF3F0,relocated_r_mips32_code_pointer
sub_088DF400,0x088DF400,relocated_r_mips32_code_pointer
sub_088DF434,0x088DF434,relocated_r_mips32_code_pointer
sub_088DF4D8,0x088DF4D8,relocated_r_mips32_code_pointer
sub_088DF4E0,0x088DF4E0,relocated_r_mips32_code_pointer
sub_088DF4E8,0x088DF4E8,relocated_r_mips32_code_pointer
sub_088DF504,0x088DF504,direct_jal_target
sub_088DF5BC,0x088DF5BC,relocated_r_mips32_code_pointer
sub_088DF5C8,0x088DF5C8,relocated_r_mips32_code_pointer
sub_088DF5D4,0x088DF5D4,direct_jal_target
sub_088DF5DC,0x088DF5DC,direct_jal_target
sub_088DF5E4,0x088DF5E4,direct_jal_target
sub_088DF5FC,0x088DF5FC,direct_jal_target
sub_088DF674,0x088DF674,direct_jal_target
sub_088DF864,0x088DF864,direct_jal_target
sub_088DF890,0x088DF890,direct_jal_target
sub_088DF9DC,0x088DF9DC,relocated_r_mips32_code_pointer
sub_088DF9E8,0x088DF9E8,relocated_r_mips32_code_pointer
sub_088DF9F4,0x088DF9F4,direct_jal_target
sub_088DFB30,0x088DFB30,direct_jal_target
sub_088DFBCC,0x088DFBCC,direct_jal_target
sub_088DFC40,0x088DFC40,direct_jal_target
sub_088DFCC8,0x088DFCC8,direct_jal_target
sub_088DFD94,0x088DFD94,direct_jal_target
sub_088DFE20,0x088DFE20,direct_jal_target
sub_088DFFF8,0x088DFFF8,direct_jal_target
sub_088E0018,0x088E0018,direct_jal_target
sub_088E00AC,0x088E00AC,direct_jal_target
sub_088E0214,0x088E0214,direct_jal_target
sub_088E04A0,0x088E04A0,direct_jal_target
sub_088E0844,0x088E0844,direct_jal_target
sub_088E0990,0x088E0990,direct_jal_target
sub_088E0CDC,0x088E0CDC,direct_jal_target
sub_088E0E44,0x088E0E44,direct_jal_target
sub_088E106C,0x088E106C,direct_jal_target
sub_088E10F0,0x088E10F0,direct_jal_target
sub_088E1910,0x088E1910,direct_jal_target
sub_088E1ADC,0x088E1ADC,direct_jal_target
sub_088E1CA0,0x088E1CA0,direct_jal_target
sub_088E1D4C,0x088E1D4C,direct_jal_target
sub_088E1FB4,0x088E1FB4,relocated_r_mips32_code_pointer
sub_088E1FC0,0x088E1FC0,relocated_r_mips32_code_pointer
sub_088E1FCC,0x088E1FCC,direct_jal_target
sub_088E2554,0x088E2554,direct_jal_target
sub_088E26CC,0x088E26CC,direct_jal_target
sub_088E27F0,0x088E27F0,relocated_r_mips32_code_pointer
sub_088E27FC,0x088E27FC,relocated_r_mips32_code_pointer
sub_088E2808,0x088E2808,direct_jal_target
sub_088E28F0,0x088E28F0,direct_jal_target
sub_088E2934,0x088E2934,direct_jal_target
sub_088E2A34,0x088E2A34,direct_jal_target
sub_088E2AAC,0x088E2AAC,direct_jal_target
sub_088E2BA8,0x088E2BA8,direct_jal_target
sub_088E2D30,0x088E2D30,direct_jal_target
sub_088E2E9C,0x088E2E9C,direct_jal_target
sub_088E2F10,0x088E2F10,relocated_r_mips32_code_pointer
sub_088E2F64,0x088E2F64,relocated_r_mips32_code_pointer
sub_088E2F8C,0x088E2F8C,relocated_r_mips32_code_pointer
sub_088E2FA0,0x088E2FA0,relocated_r_mips32_code_pointer
sub_088E2FB4,0x088E2FB4,relocated_r_mips32_code_pointer
sub_088E2FC8,0x088E2FC8,relocated_r_mips32_code_pointer
sub_088E2FDC,0x088E2FDC,relocated_r_mips32_code_pointer
sub_088E31BC,0x088E31BC,relocated_r_mips32_code_pointer
sub_088E31C8,0x088E31C8,relocated_r_mips32_code_pointer
sub_088E3248,0x088E3248,direct_jal_target
sub_088E32B0,0x088E32B0,relocated_r_mips32_code_pointer
sub_088E3358,0x088E3358,relocated_r_mips32_code_pointer
sub_088E33DC,0x088E33DC,relocated_r_mips32_code_pointer
sub_088E345C,0x088E345C,relocated_r_mips32_code_pointer
sub_088E34E0,0x088E34E0,relocated_r_mips32_code_pointer
sub_088E3560,0x088E3560,relocated_r_mips32_code_pointer
sub_088E356C,0x088E356C,relocated_r_mips32_code_pointer
sub_088E3578,0x088E3578,relocated_r_mips32_code_pointer
sub_088E35FC,0x088E35FC,relocated_r_mips32_code_pointer
sub_088E3744,0x088E3744,relocated_r_mips32_code_pointer
sub_088E3880,0x088E3880,relocated_r_mips32_code_pointer
sub_088E39C4,0x088E39C4,direct_jal_target
sub_088E3C88,0x088E3C88,relocated_r_mips32_code_pointer
sub_088E3C9C,0x088E3C9C,relocated_r_mips32_code_pointer
sub_088E3CB4,0x088E3CB4,relocated_r_mips32_code_pointer
sub_088E3D14,0x088E3D14,relocated_r_mips32_code_pointer
sub_088E3D3C,0x088E3D3C,relocated_r_mips32_code_pointer
sub_088E3D88,0x088E3D88,relocated_r_mips32_code_pointer
sub_088E3ED0,0x088E3ED0,relocated_r_mips32_code_pointer
sub_088E412C,0x088E412C,relocated_r_mips32_code_pointer
sub_088E4138,0x088E4138,relocated_r_mips32_code_pointer
sub_088E4144,0x088E4144,direct_jal_target
sub_088E41DC,0x088E41DC,direct_jal_target
sub_088E4374,0x088E4374,direct_jal_target
sub_088E4464,0x088E4464,direct_jal_target
sub_088E46FC,0x088E46FC,direct_jal_target
sub_088E4A78,0x088E4A78,direct_jal_target
sub_088E4C5C,0x088E4C5C,direct_jal_target
sub_088E4EE4,0x088E4EE4,direct_jal_target
sub_088E4F60,0x088E4F60,direct_jal_target
sub_088E4F68,0x088E4F68,relocated_r_mips32_code_pointer
sub_088E4F8C,0x088E4F8C,relocated_r_mips32_code_pointer
sub_088E4FB4,0x088E4FB4,relocated_r_mips32_code_pointer
sub_088E4FC8,0x088E4FC8,relocated_r_mips32_code_pointer
sub_088E4FDC,0x088E4FDC,relocated_r_mips32_code_pointer
sub_088E4FF0,0x088E4FF0,relocated_r_mips32_code_pointer
sub_088E5010,0x088E5010,relocated_r_mips32_code_pointer
sub_088E5024,0x088E5024,relocated_r_mips32_code_pointer
sub_088E5330,0x088E5330,relocated_r_mips32_code_pointer
sub_088E533C,0x088E533C,relocated_r_mips32_code_pointer
sub_088E542C,0x088E542C,relocated_r_mips32_code_pointer
sub_088E5468,0x088E5468,direct_jal_target
sub_088E58A0,0x088E58A0,relocated_r_mips32_code_pointer
sub_088E5C24,0x088E5C24,direct_jal_target
sub_088E65BC,0x088E65BC,relocated_r_mips32_code_pointer
sub_088E67BC,0x088E67BC,relocated_r_mips32_code_pointer
sub_088E69C4,0x088E69C4,direct_jal_target
sub_088E6A08,0x088E6A08,relocated_r_mips32_code_pointer
sub_088E6BD8,0x088E6BD8,relocated_r_mips32_code_pointer
sub_088E6C10,0x088E6C10,relocated_r_mips32_code_pointer
sub_088E6C44,0x088E6C44,relocated_r_mips32_code_pointer
sub_088E6C7C,0x088E6C7C,relocated_r_mips32_code_pointer
sub_088E6CA0,0x088E6CA0,relocated_r_mips32_code_pointer
sub_088E6D98,0x088E6D98,relocated_r_mips32_code_pointer
sub_088E6E10,0x088E6E10,relocated_r_mips32_code_pointer
sub_088E6E20,0x088E6E20,relocated_r_mips32_code_pointer
sub_088E6E34,0x088E6E34,relocated_r_mips32_code_pointer
sub_088E6EB0,0x088E6EB0,relocated_r_mips32_code_pointer
sub_088E6EC0,0x088E6EC0,relocated_r_mips32_code_pointer
sub_088E6ED0,0x088E6ED0,relocated_r_mips32_code_pointer
sub_088E6EE0,0x088E6EE0,relocated_r_mips32_code_pointer
sub_088E721C,0x088E721C,direct_jal_target
sub_088E7540,0x088E7540,relocated_r_mips32_code_pointer
sub_088E754C,0x088E754C,relocated_r_mips32_code_pointer
sub_088E75B0,0x088E75B0,direct_jal_target
sub_088E75F0,0x088E75F0,relocated_r_mips32_code_pointer
sub_088E7614,0x088E7614,relocated_r_mips32_code_pointer
sub_088E761C,0x088E761C,relocated_r_mips32_code_pointer
sub_088E7634,0x088E7634,relocated_r_mips32_code_pointer
sub_088E764C,0x088E764C,relocated_r_mips32_code_pointer
sub_088E7668,0x088E7668,relocated_r_mips32_code_pointer
sub_088E7684,0x088E7684,direct_jal_target
sub_088E7784,0x088E7784,direct_jal_target
sub_088E79EC,0x088E79EC,direct_jal_target
sub_088E7DF8,0x088E7DF8,direct_jal_target
sub_088E8138,0x088E8138,relocated_r_mips32_code_pointer
sub_088E818C,0x088E818C,relocated_r_mips32_code_pointer
sub_088E8194,0x088E8194,relocated_r_mips32_code_pointer
sub_088E81E8,0x088E81E8,relocated_r_mips32_code_pointer
sub_088E8224,0x088E8224,relocated_r_mips32_code_pointer
sub_088E8270,0x088E8270,relocated_r_mips32_code_pointer
sub_088E82AC,0x088E82AC,relocated_r_mips32_code_pointer
sub_088E82D8,0x088E82D8,relocated_r_mips32_code_pointer
sub_088E832C,0x088E832C,relocated_r_mips32_code_pointer
sub_088E83D4,0x088E83D4,relocated_r_mips32_code_pointer
sub_088E8404,0x088E8404,relocated_r_mips32_code_pointer
sub_088E8570,0x088E8570,direct_jal_target
sub_088E85A8,0x088E85A8,direct_jal_target
sub_088E868C,0x088E868C,direct_jal_target
sub_088E87D4,0x088E87D4,relocated_r_mips32_code_pointer
sub_088E87E0,0x088E87E0,relocated_r_mips32_code_pointer
sub_088E87EC,0x088E87EC,direct_jal_target
sub_088E8824,0x088E8824,direct_jal_target
sub_088E890C,0x088E890C,direct_jal_target
sub_088E8AF4,0x088E8AF4,direct_jal_target
sub_088E8B44,0x088E8B44,direct_jal_target
sub_088E8B94,0x088E8B94,direct_jal_target
sub_088E8BFC,0x088E8BFC,direct_jal_target
sub_088E8C78,0x088E8C78,direct_jal_target
sub_088E8D48,0x088E8D48,direct_jal_target
sub_088E8E90,0x088E8E90,direct_jal_target
sub_088E9178,0x088E9178,direct_jal_target
sub_088E92E8,0x088E92E8,direct_jal_target
sub_088E97D4,0x088E97D4,direct_jal_target
sub_088E9978,0x088E9978,direct_jal_target
sub_088E9AA0,0x088E9AA0,direct_jal_target
sub_088E9ADC,0x088E9ADC,relocated_r_mips32_code_pointer
sub_088E9AE8,0x088E9AE8,relocated_r_mips32_code_pointer
sub_088E9AF8,0x088E9AF8,relocated_r_mips32_code_pointer
sub_088E9B4C,0x088E9B4C,relocated_r_mips32_code_pointer
sub_088E9B7C,0x088E9B7C,relocated_r_mips32_code_pointer
sub_088E9B90,0x088E9B90,relocated_r_mips32_code_pointer
sub_088E9BB4,0x088E9BB4,relocated_r_mips32_code_pointer
sub_088E9BC8,0x088E9BC8,relocated_r_mips32_code_pointer
sub_088E9BDC,0x088E9BDC,relocated_r_mips32_code_pointer
sub_088E9BF0,0x088E9BF0,relocated_r_mips32_code_pointer
sub_088E9C1C,0x088E9C1C,relocated_r_mips32_code_pointer
sub_088E9C30,0x088E9C30,relocated_r_mips32_code_pointer
sub_088E9CA8,0x088E9CA8,relocated_r_mips32_code_pointer
sub_088E9DE8,0x088E9DE8,direct_jal_target
sub_088E9DF0,0x088E9DF0,direct_jal_target
sub_088E9E00,0x088E9E00,direct_jal_target
sub_088E9E20,0x088E9E20,direct_jal_target
sub_088EA1AC,0x088EA1AC,direct_jal_target
sub_088EA554,0x088EA554,direct_jal_target
sub_088EA948,0x088EA948,direct_jal_target
sub_088EAA0C,0x088EAA0C,direct_jal_target
sub_088EABB8,0x088EABB8,direct_jal_target
sub_088EAC4C,0x088EAC4C,direct_jal_target
sub_088EACB0,0x088EACB0,direct_jal_target
sub_088EACD4,0x088EACD4,direct_jal_target
sub_088EAD44,0x088EAD44,direct_jal_target
sub_088EAD50,0x088EAD50,direct_jal_target
sub_088EB05C,0x088EB05C,relocated_r_mips32_code_pointer
sub_088EB068,0x088EB068,relocated_r_mips32_code_pointer
sub_088EB074,0x088EB074,direct_jal_target
sub_088EB160,0x088EB160,direct_jal_target
sub_088EB2E0,0x088EB2E0,direct_jal_target
sub_088EB55C,0x088EB55C,direct_jal_target
sub_088EC000,0x088EC000,relocated_r_mips32_code_pointer
sub_088EC00C,0x088EC00C,relocated_r_mips32_code_pointer
sub_088EC018,0x088EC018,direct_jal_target
sub_088EC258,0x088EC258,relocated_r_mips32_code_pointer
sub_088EC5F4,0x088EC5F4,direct_jal_target
sub_088EC6E8,0x088EC6E8,relocated_r_mips32_code_pointer
sub_088EC9C8,0x088EC9C8,direct_jal_target
sub_088ECCA4,0x088ECCA4,relocated_r_mips32_code_pointer
sub_088ECE30,0x088ECE30,direct_jal_target
sub_088ECE9C,0x088ECE9C,relocated_r_mips32_code_pointer
sub_088ECEAC,0x088ECEAC,relocated_r_mips32_code_pointer
sub_088ECF2C,0x088ECF2C,relocated_r_mips32_code_pointer
sub_088ECF30,0x088ECF30,relocated_r_mips32_code_pointer
sub_088ECF38,0x088ECF38,relocated_r_mips32_code_pointer
sub_088ECF40,0x088ECF40,relocated_r_mips32_code_pointer
sub_088ECF48,0x088ECF48,relocated_r_mips32_code_pointer
sub_088ECF50,0x088ECF50,relocated_r_mips32_code_pointer
sub_088ECF58,0x088ECF58,relocated_r_mips32_code_pointer
sub_088ECF64,0x088ECF64,relocated_r_mips32_code_pointer
sub_088ECF6C,0x088ECF6C,relocated_r_mips32_code_pointer
sub_088ECF74,0x088ECF74,relocated_r_mips32_code_pointer
sub_088ECF7C,0x088ECF7C,relocated_r_mips32_code_pointer
sub_088ECF84,0x088ECF84,relocated_r_mips32_code_pointer
sub_088ECF8C,0x088ECF8C,relocated_r_mips32_code_pointer
sub_088ECF94,0x088ECF94,relocated_r_mips32_code_pointer
sub_088ECF9C,0x088ECF9C,relocated_r_mips32_code_pointer
sub_088ECFA4,0x088ECFA4,relocated_r_mips32_code_pointer
sub_088ECFAC,0x088ECFAC,relocated_r_mips32_code_pointer
sub_088ED0D0,0x088ED0D0,relocated_r_mips32_code_pointer
sub_088ED204,0x088ED204,relocated_r_mips32_code_pointer
sub_088ED20C,0x088ED20C,relocated_r_mips32_code_pointer
sub_088ED214,0x088ED214,relocated_r_mips32_code_pointer
sub_088ED21C,0x088ED21C,relocated_r_mips32_code_pointer
sub_088ED224,0x088ED224,relocated_r_mips32_code_pointer
sub_088ED22C,0x088ED22C,relocated_r_mips32_code_pointer
sub_088ED234,0x088ED234,relocated_r_mips32_code_pointer
sub_088ED23C,0x088ED23C,relocated_r_mips32_code_pointer
sub_088ED244,0x088ED244,relocated_r_mips32_code_pointer
sub_088ED24C,0x088ED24C,relocated_r_mips32_code_pointer
sub_088ED254,0x088ED254,relocated_r_mips32_code_pointer
sub_088ED25C,0x088ED25C,relocated_r_mips32_code_pointer
sub_088ED264,0x088ED264,relocated_r_mips32_code_pointer
sub_088ED26C,0x088ED26C,relocated_r_mips32_code_pointer
sub_088ED274,0x088ED274,relocated_r_mips32_code_pointer
sub_088ED318,0x088ED318,relocated_r_mips32_code_pointer
sub_088ED324,0x088ED324,relocated_r_mips32_code_pointer
sub_088ED358,0x088ED358,relocated_r_mips32_code_pointer
sub_088ED37C,0x088ED37C,relocated_r_mips32_code_pointer
sub_088ED384,0x088ED384,relocated_r_mips32_code_pointer
sub_088ED38C,0x088ED38C,relocated_r_mips32_code_pointer
sub_088ED394,0x088ED394,relocated_r_mips32_code_pointer
sub_088ED39C,0x088ED39C,relocated_r_mips32_code_pointer
sub_088ED3A4,0x088ED3A4,relocated_r_mips32_code_pointer
sub_088ED3AC,0x088ED3AC,relocated_r_mips32_code_pointer
sub_088ED3B4,0x088ED3B4,relocated_r_mips32_code_pointer
sub_088ED3BC,0x088ED3BC,relocated_r_mips32_code_pointer
sub_088ED3C4,0x088ED3C4,relocated_r_mips32_code_pointer
sub_088ED3CC,0x088ED3CC,relocated_r_mips32_code_pointer
sub_088ED3D4,0x088ED3D4,relocated_r_mips32_code_pointer
sub_088ED3DC,0x088ED3DC,relocated_r_mips32_code_pointer
sub_088ED3E4,0x088ED3E4,relocated_r_mips32_code_pointer
sub_088ED3EC,0x088ED3EC,relocated_r_mips32_code_pointer
sub_088ED574,0x088ED574,relocated_r_mips32_code_pointer
sub_088ED59C,0x088ED59C,relocated_r_mips32_code_pointer
sub_088ED604,0x088ED604,relocated_r_mips32_code_pointer
sub_088ED60C,0x088ED60C,relocated_r_mips32_code_pointer
sub_088ED614,0x088ED614,relocated_r_mips32_code_pointer
sub_088ED61C,0x088ED61C,relocated_r_mips32_code_pointer
sub_088ED624,0x088ED624,relocated_r_mips32_code_pointer
sub_088ED62C,0x088ED62C,relocated_r_mips32_code_pointer
sub_088ED638,0x088ED638,relocated_r_mips32_code_pointer
sub_088ED640,0x088ED640,relocated_r_mips32_code_pointer
sub_088ED648,0x088ED648,relocated_r_mips32_code_pointer
sub_088ED650,0x088ED650,relocated_r_mips32_code_pointer
sub_088ED658,0x088ED658,relocated_r_mips32_code_pointer
sub_088ED660,0x088ED660,relocated_r_mips32_code_pointer
sub_088ED668,0x088ED668,relocated_r_mips32_code_pointer
sub_088ED670,0x088ED670,relocated_r_mips32_code_pointer
sub_088ED678,0x088ED678,relocated_r_mips32_code_pointer
sub_088ED708,0x088ED708,relocated_r_mips32_code_pointer
sub_088ED710,0x088ED710,relocated_r_mips32_code_pointer
sub_088ED8B0,0x088ED8B0,direct_jal_target
sub_088ED8C8,0x088ED8C8,direct_jal_target
sub_088ED990,0x088ED990,direct_jal_target
sub_088EDC6C,0x088EDC6C,relocated_r_mips32_code_pointer
sub_088EDC78,0x088EDC78,relocated_r_mips32_code_pointer
sub_088EDCDC,0x088EDCDC,direct_jal_target
sub_088EDD14,0x088EDD14,relocated_r_mips32_code_pointer
sub_088EDD4C,0x088EDD4C,relocated_r_mips32_code_pointer
sub_088EDD5C,0x088EDD5C,relocated_r_mips32_code_pointer
sub_088EDD6C,0x088EDD6C,relocated_r_mips32_code_pointer
sub_088EDD7C,0x088EDD7C,relocated_r_mips32_code_pointer
sub_088EDD8C,0x088EDD8C,relocated_r_mips32_code_pointer
sub_088EDD9C,0x088EDD9C,relocated_r_mips32_code_pointer
sub_088EDDAC,0x088EDDAC,relocated_r_mips32_code_pointer
sub_088EDDBC,0x088EDDBC,relocated_r_mips32_code_pointer
sub_088EDDCC,0x088EDDCC,relocated_r_mips32_code_pointer
sub_088EDDDC,0x088EDDDC,relocated_r_mips32_code_pointer
sub_088EDDEC,0x088EDDEC,relocated_r_mips32_code_pointer
sub_088EDDFC,0x088EDDFC,relocated_r_mips32_code_pointer
sub_088EDE0C,0x088EDE0C,relocated_r_mips32_code_pointer
sub_088EDE1C,0x088EDE1C,direct_jal_target
sub_088EE078,0x088EE078,direct_jal_target
sub_088EE114,0x088EE114,direct_jal_target
sub_088EE324,0x088EE324,direct_jal_target
sub_088EE38C,0x088EE38C,relocated_r_mips32_code_pointer
sub_088EE3D0,0x088EE3D0,relocated_r_mips32_code_pointer
sub_088EE410,0x088EE410,relocated_r_mips32_code_pointer
sub_088EE450,0x088EE450,relocated_r_mips32_code_pointer
sub_088EE4A4,0x088EE4A4,relocated_r_mips32_code_pointer
sub_088EE4E8,0x088EE4E8,relocated_r_mips32_code_pointer
sub_088EE518,0x088EE518,relocated_r_mips32_code_pointer
sub_088EE588,0x088EE588,relocated_r_mips32_code_pointer
sub_088EE5B0,0x088EE5B0,relocated_r_mips32_code_pointer
sub_088EE5C4,0x088EE5C4,relocated_r_mips32_code_pointer
sub_088EE5D8,0x088EE5D8,relocated_r_mips32_code_pointer
sub_088EE5EC,0x088EE5EC,relocated_r_mips32_code_pointer
sub_088EE600,0x088EE600,relocated_r_mips32_code_pointer
sub_088EE648,0x088EE648,relocated_r_mips32_code_pointer
sub_088EE668,0x088EE668,relocated_r_mips32_code_pointer
sub_088EE6C4,0x088EE6C4,relocated_r_mips32_code_pointer
sub_088EE6DC,0x088EE6DC,relocated_r_mips32_code_pointer
sub_088EE734,0x088EE734,direct_jal_target
sub_088EEAF4,0x088EEAF4,direct_jal_target
sub_088EEC40,0x088EEC40,direct_jal_target
sub_088EED0C,0x088EED0C,direct_jal_target
sub_088EF030,0x088EF030,direct_jal_target
sub_088EF190,0x088EF190,direct_jal_target
sub_088EF468,0x088EF468,direct_jal_target
sub_088EF4F4,0x088EF4F4,direct_jal_target
sub_088EFA88,0x088EFA88,relocated_r_mips32_code_pointer
sub_088EFAFC,0x088EFAFC,direct_jal_target
sub_088EFE0C,0x088EFE0C,direct_jal_target
sub_088F0170,0x088F0170,direct_jal_target
sub_088F0280,0x088F0280,direct_jal_target
sub_088F0698,0x088F0698,direct_jal_target
sub_088F07A8,0x088F07A8,direct_jal_target
sub_088F09A8,0x088F09A8,direct_jal_target
sub_088F0AB0,0x088F0AB0,direct_jal_target
sub_088F0D10,0x088F0D10,direct_jal_target
sub_088F10BC,0x088F10BC,direct_jal_target
sub_088F14D4,0x088F14D4,relocated_r_mips32_code_pointer
sub_088F15E0,0x088F15E0,relocated_r_mips32_code_pointer
sub_088F1600,0x088F1600,relocated_r_mips32_code_pointer
sub_088F1618,0x088F1618,relocated_r_mips32_code_pointer
sub_088F1668,0x088F1668,relocated_r_mips32_code_pointer
sub_088F16D4,0x088F16D4,relocated_r_mips32_code_pointer
sub_088F1824,0x088F1824,relocated_r_mips32_code_pointer
sub_088F1BC4,0x088F1BC4,direct_jal_target
sub_088F1CB8,0x088F1CB8,direct_jal_target
sub_088F2004,0x088F2004,relocated_r_mips32_code_pointer
sub_088F2010,0x088F2010,relocated_r_mips32_code_pointer
sub_088F21E4,0x088F21E4,direct_jal_target
sub_088F22DC,0x088F22DC,direct_jal_target
sub_088F2928,0x088F2928,direct_jal_target
sub_088F2B68,0x088F2B68,direct_jal_target
sub_088F2C20,0x088F2C20,direct_jal_target
sub_088F34AC,0x088F34AC,direct_jal_target
sub_088F37A8,0x088F37A8,relocated_r_mips32_code_pointer
sub_088F37B4,0x088F37B4,relocated_r_mips32_code_pointer
sub_088F3804,0x088F3804,direct_jal_target
sub_088F3D30,0x088F3D30,direct_jal_target
sub_088F4044,0x088F4044,direct_jal_target
sub_088F42A4,0x088F42A4,direct_jal_target
sub_088F44E4,0x088F44E4,relocated_r_mips32_code_pointer
sub_088F4628,0x088F4628,relocated_r_mips32_code_pointer
sub_088F4634,0x088F4634,relocated_r_mips32_code_pointer
sub_088F4640,0x088F4640,direct_jal_target
sub_088F47CC,0x088F47CC,direct_jal_target
sub_088F4920,0x088F4920,direct_jal_target
sub_088F5880,0x088F5880,direct_jal_target
sub_088F5A64,0x088F5A64,direct_jal_target
sub_088F5EB0,0x088F5EB0,direct_jal_target
sub_088F6164,0x088F6164,direct_jal_target
sub_088F628C,0x088F628C,direct_jal_target
sub_088F684C,0x088F684C,direct_jal_target
sub_088F6B54,0x088F6B54,relocated_r_mips32_code_pointer
sub_088F6C4C,0x088F6C4C,relocated_r_mips32_code_pointer
sub_088F6DF0,0x088F6DF0,relocated_r_mips32_code_pointer
sub_088F6E54,0x088F6E54,relocated_r_mips32_code_pointer
sub_088F6F28,0x088F6F28,direct_jal_target
sub_088F6F70,0x088F6F70,direct_jal_target
sub_088F7018,0x088F7018,direct_jal_target
sub_088F71D0,0x088F71D0,relocated_r_mips32_code_pointer
sub_088F71DC,0x088F71DC,relocated_r_mips32_code_pointer
sub_088F71E8,0x088F71E8,direct_jal_target
sub_088F72E0,0x088F72E0,direct_jal_target
sub_088F758C,0x088F758C,direct_jal_target
sub_088F7A4C,0x088F7A4C,direct_jal_target
sub_088F7A94,0x088F7A94,direct_jal_target
sub_088F7B94,0x088F7B94,direct_jal_target
sub_088F7D34,0x088F7D34,direct_jal_target
sub_088F7EAC,0x088F7EAC,relocated_r_mips32_code_pointer
sub_088F8048,0x088F8048,direct_jal_target
sub_088F80CC,0x088F80CC,direct_jal_target
sub_088F8130,0x088F8130,relocated_r_mips32_code_pointer
sub_088F81A0,0x088F81A0,direct_jal_target
sub_088F81B0,0x088F81B0,direct_jal_target
sub_088F81B8,0x088F81B8,direct_jal_target
sub_088F8360,0x088F8360,relocated_r_mips32_code_pointer
sub_088F836C,0x088F836C,relocated_r_mips32_code_pointer
sub_088F83DC,0x088F83DC,direct_jal_target
sub_088F8440,0x088F8440,direct_jal_target
sub_088F8458,0x088F8458,direct_jal_target
sub_088F85B0,0x088F85B0,relocated_r_mips32_code_pointer
sub_088F85BC,0x088F85BC,relocated_r_mips32_code_pointer
sub_088F85C8,0x088F85C8,direct_jal_target
sub_088F8674,0x088F8674,direct_jal_target
sub_088F8840,0x088F8840,direct_jal_target
sub_088F8908,0x088F8908,direct_jal_target
sub_088F8EB4,0x088F8EB4,direct_jal_target
sub_088F92F4,0x088F92F4,direct_jal_target
sub_088F9510,0x088F9510,relocated_r_mips32_code_pointer
sub_088F9660,0x088F9660,relocated_r_mips32_code_pointer
sub_088F966C,0x088F966C,relocated_r_mips32_code_pointer
sub_088F9678,0x088F9678,relocated_r_mips32_code_pointer
sub_088F96D4,0x088F96D4,relocated_r_mips32_code_pointer
sub_088F977C,0x088F977C,direct_jal_target
sub_088F97DC,0x088F97DC,direct_jal_target
sub_088F9888,0x088F9888,relocated_r_mips32_code_pointer
sub_088F99C4,0x088F99C4,relocated_r_mips32_code_pointer
sub_088F9B1C,0x088F9B1C,direct_jal_target
sub_088F9B90,0x088F9B90,relocated_r_mips32_code_pointer
sub_088F9C84,0x088F9C84,relocated_r_mips32_code_pointer
sub_088FA294,0x088FA294,relocated_r_mips32_code_pointer
sub_088FA578,0x088FA578,relocated_r_mips32_code_pointer
sub_088FA860,0x088FA860,relocated_r_mips32_code_pointer
sub_088FA898,0x088FA898,relocated_r_mips32_code_pointer
sub_088FAA04,0x088FAA04,relocated_r_mips32_code_pointer
sub_088FAA10,0x088FAA10,relocated_r_mips32_code_pointer
sub_088FAA1C,0x088FAA1C,relocated_r_mips32_code_pointer
sub_088FAAB8,0x088FAAB8,relocated_r_mips32_code_pointer
sub_088FAAF8,0x088FAAF8,relocated_r_mips32_code_pointer
sub_088FAB90,0x088FAB90,relocated_r_mips32_code_pointer
sub_088FB07C,0x088FB07C,relocated_r_mips32_code_pointer
sub_088FB3DC,0x088FB3DC,direct_jal_target
sub_088FB418,0x088FB418,relocated_r_mips32_code_pointer
sub_088FB4C4,0x088FB4C4,relocated_r_mips32_code_pointer
sub_088FB4D8,0x088FB4D8,relocated_r_mips32_code_pointer
sub_088FB5F8,0x088FB5F8,relocated_r_mips32_code_pointer
sub_088FB75C,0x088FB75C,relocated_r_mips32_code_pointer
sub_088FB768,0x088FB768,relocated_r_mips32_code_pointer
sub_088FB7B0,0x088FB7B0,direct_jal_target
sub_088FB7EC,0x088FB7EC,relocated_r_mips32_code_pointer
sub_088FB804,0x088FB804,relocated_r_mips32_code_pointer
sub_088FB83C,0x088FB83C,relocated_r_mips32_code_pointer
sub_088FBA94,0x088FBA94,relocated_r_mips32_code_pointer
sub_088FBAA0,0x088FBAA0,relocated_r_mips32_code_pointer
sub_088FBAAC,0x088FBAAC,relocated_r_mips32_code_pointer
sub_088FBB04,0x088FBB04,relocated_r_mips32_code_pointer
sub_088FBBF8,0x088FBBF8,direct_jal_target
sub_088FBC48,0x088FBC48,relocated_r_mips32_code_pointer
sub_088FC250,0x088FC250,relocated_r_mips32_code_pointer
sub_088FC258,0x088FC258,relocated_r_mips32_code_pointer
sub_088FC38C,0x088FC38C,relocated_r_mips32_code_pointer
sub_088FC40C,0x088FC40C,relocated_r_mips32_code_pointer
sub_088FC414,0x088FC414,relocated_r_mips32_code_pointer
sub_088FC534,0x088FC534,relocated_r_mips32_code_pointer
sub_088FC53C,0x088FC53C,relocated_r_mips32_code_pointer
sub_088FC5AC,0x088FC5AC,relocated_r_mips32_code_pointer
sub_088FC6C8,0x088FC6C8,relocated_r_mips32_code_pointer
sub_088FC80C,0x088FC80C,relocated_r_mips32_code_pointer
sub_088FC818,0x088FC818,relocated_r_mips32_code_pointer
sub_088FC824,0x088FC824,relocated_r_mips32_code_pointer
sub_088FCB98,0x088FCB98,direct_jal_target
sub_088FCBFC,0x088FCBFC,relocated_r_mips32_code_pointer
sub_088FCC90,0x088FCC90,relocated_r_mips32_code_pointer
sub_088FCC98,0x088FCC98,relocated_r_mips32_code_pointer
sub_088FCCA0,0x088FCCA0,relocated_r_mips32_code_pointer
sub_088FCCD0,0x088FCCD0,relocated_r_mips32_code_pointer
sub_088FCE14,0x088FCE14,relocated_r_mips32_code_pointer
sub_088FCE20,0x088FCE20,relocated_r_mips32_code_pointer
sub_088FCF84,0x088FCF84,relocated_r_mips32_code_pointer
sub_088FD614,0x088FD614,direct_jal_target
sub_088FD658,0x088FD658,relocated_r_mips32_code_pointer
sub_088FD704,0x088FD704,relocated_r_mips32_code_pointer
sub_088FD718,0x088FD718,relocated_r_mips32_code_pointer
sub_088FD974,0x088FD974,relocated_r_mips32_code_pointer
sub_088FD980,0x088FD980,relocated_r_mips32_code_pointer
sub_088FD9BC,0x088FD9BC,direct_jal_target
sub_088FD9EC,0x088FD9EC,relocated_r_mips32_code_pointer
sub_088FDB44,0x088FDB44,relocated_r_mips32_code_pointer
sub_088FDB50,0x088FDB50,relocated_r_mips32_code_pointer
sub_088FDB5C,0x088FDB5C,relocated_r_mips32_code_pointer
sub_088FDBF0,0x088FDBF0,relocated_r_mips32_code_pointer
sub_088FDF38,0x088FDF38,relocated_r_mips32_code_pointer
sub_088FDF88,0x088FDF88,relocated_r_mips32_code_pointer
sub_088FDFC8,0x088FDFC8,relocated_r_mips32_code_pointer
sub_088FE690,0x088FE690,direct_jal_target
sub_088FE828,0x088FE828,relocated_r_mips32_code_pointer
sub_088FE834,0x088FE834,relocated_r_mips32_code_pointer
sub_088FE840,0x088FE840,relocated_r_mips32_code_pointer
sub_088FE88C,0x088FE88C,relocated_r_mips32_code_pointer
sub_088FE904,0x088FE904,direct_jal_target
sub_088FEA94,0x088FEA94,direct_jal_target
sub_088FEB18,0x088FEB18,relocated_r_mips32_code_pointer
sub_088FEC14,0x088FEC14,relocated_r_mips32_code_pointer
sub_088FECB0,0x088FECB0,relocated_r_mips32_code_pointer
sub_088FF3F4,0x088FF3F4,relocated_r_mips32_code_pointer
sub_088FF534,0x088FF534,direct_jal_target
sub_088FF574,0x088FF574,relocated_r_mips32_code_pointer
sub_088FF588,0x088FF588,relocated_r_mips32_code_pointer
sub_088FF6DC,0x088FF6DC,relocated_r_mips32_code_pointer
sub_088FF6E8,0x088FF6E8,relocated_r_mips32_code_pointer
sub_088FF6F4,0x088FF6F4,relocated_r_mips32_code_pointer
sub_088FF73C,0x088FF73C,relocated_r_mips32_code_pointer
sub_088FF7DC,0x088FF7DC,direct_jal_target
sub_088FFA50,0x088FFA50,relocated_r_mips32_code_pointer
sub_088FFC04,0x088FFC04,direct_jal_target
sub_088FFC58,0x088FFC58,relocated_r_mips32_code_pointer
sub_088FFC60,0x088FFC60,relocated_r_mips32_code_pointer
sub_088FFC68,0x088FFC68,relocated_r_mips32_code_pointer
sub_088FFD88,0x088FFD88,relocated_r_mips32_code_pointer
sub_088FFDF4,0x088FFDF4,relocated_r_mips32_code_pointer
sub_088FFE04,0x088FFE04,relocated_r_mips32_code_pointer
sub_088FFFB0,0x088FFFB0,relocated_r_mips32_code_pointer
sub_088FFFBC,0x088FFFBC,relocated_r_mips32_code_pointer
sub_088FFFC8,0x088FFFC8,relocated_r_mips32_code_pointer
sub_08900000,0x08900000,materialized_code_pointer
sub_08900038,0x08900038,relocated_r_mips32_code_pointer
sub_08900360,0x08900360,relocated_r_mips32_code_pointer
sub_08900498,0x08900498,relocated_r_mips32_code_pointer
sub_08900758,0x08900758,direct_jal_target
sub_089007B8,0x089007B8,direct_jal_target
sub_089007F8,0x089007F8,direct_jal_target
sub_089009C0,0x089009C0,relocated_r_mips32_code_pointer
sub_089009CC,0x089009CC,relocated_r_mips32_code_pointer
sub_089009D8,0x089009D8,direct_jal_target
sub_08900B00,0x08900B00,direct_jal_target
sub_08900CC4,0x08900CC4,direct_jal_target
sub_08900DD0,0x08900DD0,relocated_r_mips32_code_pointer
sub_08900EEC,0x08900EEC,relocated_r_mips32_code_pointer
sub_08900F1C,0x08900F1C,direct_jal_target
sub_08900FB4,0x08900FB4,relocated_r_mips32_code_pointer
sub_089014B4,0x089014B4,direct_jal_target
sub_08901508,0x08901508,direct_jal_target
sub_0890155C,0x0890155C,relocated_r_mips32_code_pointer
sub_08901594,0x08901594,relocated_r_mips32_code_pointer
sub_0890159C,0x0890159C,relocated_r_mips32_code_pointer
sub_089015A4,0x089015A4,relocated_r_mips32_code_pointer
sub_08901724,0x08901724,relocated_r_mips32_code_pointer
sub_08901730,0x08901730,relocated_r_mips32_code_pointer
sub_0890173C,0x0890173C,relocated_r_mips32_code_pointer
sub_08901B38,0x08901B38,direct_jal_target
sub_08901B6C,0x08901B6C,relocated_r_mips32_code_pointer
sub_08901B74,0x08901B74,relocated_r_mips32_code_pointer
sub_08901B7C,0x08901B7C,relocated_r_mips32_code_pointer
sub_08901B84,0x08901B84,relocated_r_mips32_code_pointer
sub_08901D0C,0x08901D0C,relocated_r_mips32_code_pointer
sub_08901D18,0x08901D18,relocated_r_mips32_code_pointer
sub_08901D24,0x08901D24,relocated_r_mips32_code_pointer
sub_08901DD4,0x08901DD4,direct_jal_target
sub_08901E04,0x08901E04,relocated_r_mips32_code_pointer
sub_08901E0C,0x08901E0C,relocated_r_mips32_code_pointer
sub_08901E14,0x08901E14,relocated_r_mips32_code_pointer
sub_08901E1C,0x08901E1C,relocated_r_mips32_code_pointer
sub_08901F78,0x08901F78,relocated_r_mips32_code_pointer
sub_08901F84,0x08901F84,relocated_r_mips32_code_pointer
sub_08901F90,0x08901F90,relocated_r_mips32_code_pointer
sub_089020DC,0x089020DC,direct_jal_target
sub_0890210C,0x0890210C,relocated_r_mips32_code_pointer
sub_08902114,0x08902114,relocated_r_mips32_code_pointer
sub_0890211C,0x0890211C,relocated_r_mips32_code_pointer
sub_0890212C,0x0890212C,relocated_r_mips32_code_pointer
sub_08902270,0x08902270,relocated_r_mips32_code_pointer
sub_0890227C,0x0890227C,relocated_r_mips32_code_pointer
sub_08902288,0x08902288,relocated_r_mips32_code_pointer
sub_089022D0,0x089022D0,relocated_r_mips32_code_pointer
sub_0890234C,0x0890234C,relocated_r_mips32_code_pointer
sub_089023EC,0x089023EC,relocated_r_mips32_code_pointer
sub_08902950,0x08902950,relocated_r_mips32_code_pointer
sub_08902D00,0x08902D00,direct_jal_target
sub_08902D4C,0x08902D4C,direct_jal_target
sub_08902DB4,0x08902DB4,relocated_r_mips32_code_pointer
sub_08902F98,0x08902F98,relocated_r_mips32_code_pointer
sub_08902FA4,0x08902FA4,relocated_r_mips32_code_pointer
sub_08902FB0,0x08902FB0,relocated_r_mips32_code_pointer
sub_08903184,0x08903184,relocated_r_mips32_code_pointer
sub_089032FC,0x089032FC,direct_jal_target
sub_089033A8,0x089033A8,direct_jal_target
sub_08903504,0x08903504,relocated_r_mips32_code_pointer
sub_08903534,0x08903534,relocated_r_mips32_code_pointer
sub_0890365C,0x0890365C,relocated_r_mips32_code_pointer
sub_08903BCC,0x08903BCC,direct_jal_target
sub_08903C1C,0x08903C1C,direct_jal_target
sub_08903C6C,0x08903C6C,direct_jal_target
sub_08903D54,0x08903D54,direct_jal_target
sub_08903E18,0x08903E18,relocated_r_mips32_code_pointer
sub_08903EE0,0x08903EE0,direct_jal_target
sub_08903EE8,0x08903EE8,direct_jal_target
sub_08903F18,0x08903F18,direct_jal_target
sub_08903F68,0x08903F68,direct_jal_target
sub_08903FA8,0x08903FA8,direct_jal_target
sub_08903FE4,0x08903FE4,relocated_r_mips32_code_pointer
sub_08904048,0x08904048,direct_jal_target
sub_0890414C,0x0890414C,relocated_r_mips32_code_pointer
sub_0890416C,0x0890416C,direct_jal_target
sub_08904174,0x08904174,direct_jal_target
sub_089041AC,0x089041AC,direct_jal_target
sub_089041B4,0x089041B4,relocated_r_mips32_code_pointer
sub_08904330,0x08904330,relocated_r_mips32_code_pointer
sub_0890433C,0x0890433C,relocated_r_mips32_code_pointer
sub_08904580,0x08904580,direct_jal_target
sub_089047B8,0x089047B8,direct_jal_target
sub_0890481C,0x0890481C,direct_jal_target
sub_089048B4,0x089048B4,direct_jal_target
sub_08904900,0x08904900,direct_jal_target
sub_08904980,0x08904980,direct_jal_target
sub_089049D4,0x089049D4,direct_jal_target
sub_08904A0C,0x08904A0C,direct_jal_target
sub_08904AB8,0x08904AB8,direct_jal_target
sub_08904CA8,0x08904CA8,direct_jal_target
sub_08904CF0,0x08904CF0,direct_jal_target
sub_0890504C,0x0890504C,direct_jal_target
sub_089050A4,0x089050A4,direct_jal_target
sub_08905110,0x08905110,direct_jal_target
sub_0890513C,0x0890513C,direct_jal_target
sub_08905250,0x08905250,relocated_r_mips32_code_pointer
sub_0890547C,0x0890547C,direct_jal_target
sub_08905800,0x08905800,direct_jal_target
sub_08905938,0x08905938,direct_jal_target
sub_089059AC,0x089059AC,direct_jal_target
sub_089059F0,0x089059F0,relocated_r_mips32_code_pointer
sub_08905AA8,0x08905AA8,relocated_r_mips32_code_pointer
sub_08905AB0,0x08905AB0,relocated_r_mips32_code_pointer
sub_08905AB8,0x08905AB8,relocated_r_mips32_code_pointer
sub_08905BFC,0x08905BFC,relocated_r_mips32_code_pointer
sub_08905C08,0x08905C08,relocated_r_mips32_code_pointer
sub_08905C14,0x08905C14,materialized_code_pointer
sub_08905C84,0x08905C84,direct_jal_target
sub_08905F40,0x08905F40,relocated_r_mips32_code_pointer
sub_08905F4C,0x08905F4C,relocated_r_mips32_code_pointer
sub_08905F58,0x08905F58,direct_jal_target
sub_08906054,0x08906054,direct_jal_target
sub_08906670,0x08906670,materialized_code_pointer
sub_08906AD8,0x08906AD8,materialized_code_pointer
sub_089072B4,0x089072B4,direct_jal_target
sub_0890746C,0x0890746C,direct_jal_target
sub_08907594,0x08907594,materialized_code_pointer
sub_089075D0,0x089075D0,relocated_r_mips32_code_pointer
sub_0890761C,0x0890761C,relocated_r_mips32_code_pointer
sub_08907630,0x08907630,relocated_r_mips32_code_pointer
sub_0890765C,0x0890765C,relocated_r_mips32_code_pointer
sub_08907674,0x08907674,relocated_r_mips32_code_pointer
sub_0890768C,0x0890768C,relocated_r_mips32_code_pointer
sub_089076A4,0x089076A4,relocated_r_mips32_code_pointer
sub_089076BC,0x089076BC,relocated_r_mips32_code_pointer
sub_089076D4,0x089076D4,relocated_r_mips32_code_pointer
sub_08907708,0x08907708,relocated_r_mips32_code_pointer
sub_08907808,0x08907808,relocated_r_mips32_code_pointer
sub_089078D4,0x089078D4,relocated_r_mips32_code_pointer
sub_089079E8,0x089079E8,relocated_r_mips32_code_pointer
sub_08907D78,0x08907D78,relocated_r_mips32_code_pointer
sub_08907D84,0x08907D84,relocated_r_mips32_code_pointer
sub_08907D90,0x08907D90,relocated_r_mips32_code_pointer
sub_08907E44,0x08907E44,direct_jal_target
sub_08907ED8,0x08907ED8,direct_jal_target
sub_08907F5C,0x08907F5C,relocated_r_mips32_code_pointer
sub_08908058,0x08908058,relocated_r_mips32_code_pointer
sub_089082C0,0x089082C0,relocated_r_mips32_code_pointer
sub_089083F8,0x089083F8,direct_jal_target
sub_089087D0,0x089087D0,relocated_r_mips32_code_pointer
sub_08908A28,0x08908A28,relocated_r_mips32_code_pointer
sub_08908CB8,0x08908CB8,direct_jal_target
sub_08909360,0x08909360,direct_jal_target
sub_08909958,0x08909958,relocated_r_mips32_code_pointer
sub_08909998,0x08909998,relocated_r_mips32_code_pointer
sub_089099E0,0x089099E0,relocated_r_mips32_code_pointer
sub_08909A14,0x08909A14,relocated_r_mips32_code_pointer
sub_08909A40,0x08909A40,relocated_r_mips32_code_pointer
sub_08909A50,0x08909A50,relocated_r_mips32_code_pointer
sub_08909A60,0x08909A60,relocated_r_mips32_code_pointer
sub_08909AA4,0x08909AA4,relocated_r_mips32_code_pointer
sub_08909AD8,0x08909AD8,relocated_r_mips32_code_pointer
sub_08909AE4,0x08909AE4,relocated_r_mips32_code_pointer
sub_08909B38,0x08909B38,materialized_code_pointer
sub_08909B70,0x08909B70,materialized_code_pointer
sub_08909BA8,0x08909BA8,direct_jal_target
sub_08909BF4,0x08909BF4,materialized_code_pointer
sub_08909C14,0x08909C14,direct_jal_target
sub_08909C8C,0x08909C8C,materialized_code_pointer
sub_08909D94,0x08909D94,direct_jal_target
sub_08909E70,0x08909E70,materialized_code_pointer
sub_08909E7C,0x08909E7C,materialized_code_pointer
sub_08909E90,0x08909E90,relocated_r_mips32_code_pointer
sub_08909F4C,0x08909F4C,direct_jal_target
sub_0890A310,0x0890A310,relocated_r_mips32_code_pointer
sub_0890A31C,0x0890A31C,relocated_r_mips32_code_pointer
sub_0890A368,0x0890A368,direct_jal_target
sub_0890A3A8,0x0890A3A8,materialized_code_pointer
sub_0890A460,0x0890A460,materialized_code_pointer
sub_0890A520,0x0890A520,relocated_r_mips32_code_pointer
sub_0890A6FC,0x0890A6FC,direct_jal_target
sub_0890A970,0x0890A970,relocated_r_mips32_code_pointer
sub_0890AB14,0x0890AB14,relocated_r_mips32_code_pointer
sub_0890ABA0,0x0890ABA0,relocated_r_mips32_code_pointer
sub_0890ACB8,0x0890ACB8,direct_jal_target
sub_0890AD20,0x0890AD20,direct_jal_target
sub_0890AD80,0x0890AD80,direct_jal_target
sub_0890AEBC,0x0890AEBC,direct_jal_target
sub_0890B088,0x0890B088,direct_jal_target
sub_0890B0C4,0x0890B0C4,relocated_r_mips32_code_pointer
sub_0890B128,0x0890B128,relocated_r_mips32_code_pointer
sub_0890B130,0x0890B130,relocated_r_mips32_code_pointer
sub_0890B160,0x0890B160,relocated_r_mips32_code_pointer
sub_0890B19C,0x0890B19C,direct_jal_target
sub_0890B318,0x0890B318,relocated_r_mips32_code_pointer
sub_0890B334,0x0890B334,relocated_r_mips32_code_pointer
sub_0890B344,0x0890B344,relocated_r_mips32_code_pointer
sub_0890B358,0x0890B358,relocated_r_mips32_code_pointer
sub_0890B570,0x0890B570,direct_jal_target
sub_0890B5A0,0x0890B5A0,relocated_r_mips32_code_pointer
sub_0890B5AC,0x0890B5AC,relocated_r_mips32_code_pointer
sub_0890B5B8,0x0890B5B8,relocated_r_mips32_code_pointer
sub_0890B5C4,0x0890B5C4,relocated_r_mips32_code_pointer
sub_0890B5D0,0x0890B5D0,relocated_r_mips32_code_pointer
sub_0890B5DC,0x0890B5DC,relocated_r_mips32_code_pointer
sub_0890B5E8,0x0890B5E8,relocated_r_mips32_code_pointer
sub_0890B5F4,0x0890B5F4,relocated_r_mips32_code_pointer
sub_0890B600,0x0890B600,direct_jal_target
sub_0890B608,0x0890B608,direct_jal_target
sub_0890B828,0x0890B828,direct_jal_target
sub_0890BD5C,0x0890BD5C,direct_jal_target
sub_0890C39C,0x0890C39C,direct_jal_target
sub_0890CBF0,0x0890CBF0,direct_jal_target
sub_0890D034,0x0890D034,direct_jal_target
sub_0890D044,0x0890D044,relocated_r_mips32_code_pointer
sub_0890D054,0x0890D054,relocated_r_mips32_code_pointer
sub_0890D064,0x0890D064,direct_jal_target
sub_0890D0B4,0x0890D0B4,direct_jal_target
sub_0890D480,0x0890D480,direct_jal_target
sub_0890D7B0,0x0890D7B0,relocated_r_mips32_code_pointer
sub_0890D7BC,0x0890D7BC,relocated_r_mips32_code_pointer
sub_0890D7C8,0x0890D7C8,direct_jal_target
sub_0890E054,0x0890E054,direct_jal_target
sub_0890E0E0,0x0890E0E0,relocated_r_mips32_code_pointer
sub_0890E0F8,0x0890E0F8,direct_jal_target
sub_0890E1F4,0x0890E1F4,direct_jal_target
sub_0890E228,0x0890E228,relocated_r_mips32_code_pointer
sub_0890E2C4,0x0890E2C4,direct_jal_target
sub_0890E404,0x0890E404,materialized_code_pointer
sub_0890E438,0x0890E438,materialized_code_pointer
sub_0890E48C,0x0890E48C,direct_jal_target
sub_0890E828,0x0890E828,direct_jal_target
sub_0890E834,0x0890E834,direct_jal_target
sub_0890E958,0x0890E958,materialized_code_pointer
sub_0890E9B4,0x0890E9B4,direct_jal_target
sub_0890EA84,0x0890EA84,relocated_r_mips32_code_pointer
sub_0890EABC,0x0890EABC,relocated_r_mips32_code_pointer
sub_0890EAD8,0x0890EAD8,relocated_r_mips32_code_pointer
sub_0890EB4C,0x0890EB4C,relocated_r_mips32_code_pointer
sub_0890EBD0,0x0890EBD0,relocated_r_mips32_code_pointer
sub_0890EC1C,0x0890EC1C,relocated_r_mips32_code_pointer
sub_0890EC70,0x0890EC70,relocated_r_mips32_code_pointer
sub_0890ECB0,0x0890ECB0,relocated_r_mips32_code_pointer
sub_0890ECFC,0x0890ECFC,relocated_r_mips32_code_pointer
sub_0890ED40,0x0890ED40,relocated_r_mips32_code_pointer
sub_0890ED88,0x0890ED88,relocated_r_mips32_code_pointer
sub_0890EFA4,0x0890EFA4,relocated_r_mips32_code_pointer
sub_0890EFB0,0x0890EFB0,relocated_r_mips32_code_pointer
sub_0890F03C,0x0890F03C,direct_jal_target
sub_0890F2F0,0x0890F2F0,relocated_r_mips32_code_pointer
sub_0890F3D4,0x0890F3D4,direct_jal_target
sub_0890F458,0x0890F458,direct_jal_target
sub_0890F628,0x0890F628,relocated_r_mips32_code_pointer
sub_0890F81C,0x0890F81C,direct_jal_target
sub_0890FE50,0x0890FE50,direct_jal_target
sub_0890FFD4,0x0890FFD4,direct_jal_target
sub_08910000,0x08910000,materialized_code_pointer
sub_0891031C,0x0891031C,direct_jal_target
sub_089103D4,0x089103D4,relocated_r_mips32_code_pointer
sub_0891041C,0x0891041C,relocated_r_mips32_code_pointer
sub_089104D0,0x089104D0,relocated_r_mips32_code_pointer
sub_08910508,0x08910508,relocated_r_mips32_code_pointer
sub_0891053C,0x0891053C,relocated_r_mips32_code_pointer
sub_08910588,0x08910588,relocated_r_mips32_code_pointer
sub_089105CC,0x089105CC,relocated_r_mips32_code_pointer
sub_089105F0,0x089105F0,relocated_r_mips32_code_pointer
sub_08910614,0x08910614,relocated_r_mips32_code_pointer
sub_08910648,0x08910648,relocated_r_mips32_code_pointer
sub_08910674,0x08910674,relocated_r_mips32_code_pointer
sub_089106B8,0x089106B8,relocated_r_mips32_code_pointer
sub_089107BC,0x089107BC,direct_jal_target
sub_089108E0,0x089108E0,direct_jal_target
sub_08910D1C,0x08910D1C,materialized_code_pointer
sub_08911308,0x08911308,direct_jal_target
sub_08911530,0x08911530,direct_jal_target
sub_08911560,0x08911560,relocated_r_mips32_code_pointer
sub_089115B0,0x089115B0,relocated_r_mips32_code_pointer
sub_08911648,0x08911648,relocated_r_mips32_code_pointer
sub_089117B8,0x089117B8,direct_jal_target
sub_08911C40,0x08911C40,relocated_r_mips32_code_pointer
sub_08911C90,0x08911C90,relocated_r_mips32_code_pointer
sub_08911D38,0x08911D38,relocated_r_mips32_code_pointer
sub_08911DE0,0x08911DE0,relocated_r_mips32_code_pointer
sub_08911E2C,0x08911E2C,direct_jal_target
sub_08911E58,0x08911E58,direct_jal_target
sub_08911F14,0x08911F14,direct_jal_target
sub_08911F84,0x08911F84,direct_jal_target
sub_08911F90,0x08911F90,direct_jal_target
sub_08911FA0,0x08911FA0,direct_jal_target
sub_08912000,0x08912000,direct_jal_target
sub_08912014,0x08912014,direct_jal_target
sub_08912070,0x08912070,direct_jal_target
sub_0891209C,0x0891209C,direct_jal_target
sub_089120B4,0x089120B4,direct_jal_target
sub_089120D8,0x089120D8,direct_jal_target
sub_08912128,0x08912128,direct_jal_target
sub_089121B0,0x089121B0,direct_jal_target
sub_08912210,0x08912210,direct_jal_target
sub_08912288,0x08912288,direct_jal_target
sub_089122AC,0x089122AC,direct_jal_target
sub_089122CC,0x089122CC,direct_jal_target
sub_08912300,0x08912300,direct_jal_target
sub_08912388,0x08912388,direct_jal_target
sub_08912400,0x08912400,materialized_code_pointer
sub_08912448,0x08912448,direct_jal_target
sub_089124D0,0x089124D0,direct_jal_target
sub_08912510,0x08912510,direct_jal_target
sub_08912518,0x08912518,direct_jal_target
sub_08912558,0x08912558,relocated_r_mips32_code_pointer
sub_08912578,0x08912578,relocated_r_mips32_code_pointer
sub_08912588,0x08912588,relocated_r_mips32_code_pointer
sub_08912594,0x08912594,relocated_r_mips32_code_pointer
sub_089125E0,0x089125E0,relocated_r_mips32_code_pointer
sub_089125EC,0x089125EC,relocated_r_mips32_code_pointer
sub_089125F8,0x089125F8,relocated_r_mips32_code_pointer
sub_08912608,0x08912608,relocated_r_mips32_code_pointer
sub_08912620,0x08912620,direct_jal_target
sub_08912640,0x08912640,direct_jal_target
sub_08912738,0x08912738,direct_jal_target
sub_08912824,0x08912824,direct_jal_target
sub_08912A18,0x08912A18,direct_jal_target
sub_08912B28,0x08912B28,materialized_code_pointer
sub_08912C34,0x08912C34,direct_jal_target
sub_08912D08,0x08912D08,direct_jal_target
sub_08912DEC,0x08912DEC,direct_jal_target
sub_08912E84,0x08912E84,direct_jal_target
sub_08912F1C,0x08912F1C,direct_jal_target
sub_08913060,0x08913060,direct_jal_target
sub_089132A8,0x089132A8,direct_jal_target
sub_08913400,0x08913400,direct_jal_target
sub_089134DC,0x089134DC,direct_jal_target
sub_089135E8,0x089135E8,direct_jal_target
sub_08913700,0x08913700,direct_jal_target
sub_08913820,0x08913820,direct_jal_target
sub_08913DAC,0x08913DAC,direct_jal_target
sub_08913EB4,0x08913EB4,direct_jal_target
sub_08913FBC,0x08913FBC,direct_jal_target
sub_089140D8,0x089140D8,direct_jal_target
sub_0891431C,0x0891431C,direct_jal_target
sub_089145C0,0x089145C0,direct_jal_target
sub_089146E8,0x089146E8,direct_jal_target
sub_089147E8,0x089147E8,direct_jal_target
sub_08914850,0x08914850,relocated_r_mips32_code_pointer
sub_08914858,0x08914858,relocated_r_mips32_code_pointer
sub_089148D0,0x089148D0,relocated_r_mips32_code_pointer
sub_08914A20,0x08914A20,direct_jal_target
sub_08914B4C,0x08914B4C,direct_jal_target
sub_08914CD8,0x08914CD8,direct_jal_target
sub_08914E2C,0x08914E2C,direct_jal_target
sub_08914F7C,0x08914F7C,direct_jal_target
sub_089150C8,0x089150C8,direct_jal_target
sub_0891524C,0x0891524C,direct_jal_target
sub_08915388,0x08915388,direct_jal_target
sub_0891551C,0x0891551C,direct_jal_target
sub_089156A8,0x089156A8,direct_jal_target
sub_08915830,0x08915830,direct_jal_target
sub_089159EC,0x089159EC,direct_jal_target
sub_08915BCC,0x08915BCC,direct_jal_target
sub_08915DC0,0x08915DC0,direct_jal_target
sub_08915F00,0x08915F00,direct_jal_target
sub_089160A4,0x089160A4,direct_jal_target
sub_08916130,0x08916130,direct_jal_target
sub_089161C0,0x089161C0,direct_jal_target
sub_08916278,0x08916278,direct_jal_target
sub_08916310,0x08916310,direct_jal_target
sub_08916324,0x08916324,direct_jal_target
sub_08916494,0x08916494,direct_jal_target
sub_0891660C,0x0891660C,direct_jal_target
sub_08916708,0x08916708,direct_jal_target
sub_08916804,0x08916804,materialized_code_pointer
sub_08916898,0x08916898,materialized_code_pointer
sub_089168B8,0x089168B8,direct_jal_target
sub_089168E4,0x089168E4,materialized_code_pointer
sub_08916920,0x08916920,materialized_code_pointer
sub_089169C4,0x089169C4,direct_jal_target
sub_08916A54,0x08916A54,direct_jal_target
sub_08916AA8,0x08916AA8,direct_jal_target
sub_08916C38,0x08916C38,direct_jal_target
sub_08916EB0,0x08916EB0,direct_jal_target
sub_08917038,0x08917038,direct_jal_target
sub_08917148,0x08917148,direct_jal_target
sub_08917260,0x08917260,direct_jal_target
sub_08917424,0x08917424,direct_jal_target
sub_0891742C,0x0891742C,direct_jal_target
sub_08917484,0x08917484,direct_jal_target
sub_08917584,0x08917584,direct_jal_target
sub_0891764C,0x0891764C,direct_jal_target
sub_08917854,0x08917854,direct_jal_target
sub_08917974,0x08917974,direct_jal_target
sub_08917AA4,0x08917AA4,direct_jal_target
sub_08917BA4,0x08917BA4,direct_jal_target
sub_08917C64,0x08917C64,direct_jal_target
sub_08917D0C,0x08917D0C,direct_jal_target
sub_08917DF4,0x08917DF4,direct_jal_target
sub_08917EC8,0x08917EC8,direct_jal_target
sub_08918160,0x08918160,direct_jal_target
sub_089181A8,0x089181A8,direct_jal_target
sub_089181B0,0x089181B0,direct_jal_target
sub_089181B8,0x089181B8,direct_jal_target
sub_089181C0,0x089181C0,direct_jal_target
sub_08918298,0x08918298,direct_jal_target
sub_0891836C,0x0891836C,direct_jal_target
sub_089184B4,0x089184B4,direct_jal_target
sub_08918534,0x08918534,direct_jal_target
sub_08918698,0x08918698,relocated_r_mips32_code_pointer
sub_08918770,0x08918770,relocated_r_mips32_code_pointer
sub_0891879C,0x0891879C,relocated_r_mips32_code_pointer
sub_089187D8,0x089187D8,relocated_r_mips32_code_pointer
sub_089187E8,0x089187E8,relocated_r_mips32_code_pointer
sub_08918814,0x08918814,relocated_r_mips32_code_pointer
sub_08918864,0x08918864,relocated_r_mips32_code_pointer
sub_0891888C,0x0891888C,relocated_r_mips32_code_pointer
sub_089188D0,0x089188D0,relocated_r_mips32_code_pointer
sub_089188F0,0x089188F0,relocated_r_mips32_code_pointer
sub_08918914,0x08918914,relocated_r_mips32_code_pointer
sub_08918928,0x08918928,relocated_r_mips32_code_pointer
sub_08918948,0x08918948,relocated_r_mips32_code_pointer
sub_0891895C,0x0891895C,relocated_r_mips32_code_pointer
sub_08918988,0x08918988,relocated_r_mips32_code_pointer
sub_08918C34,0x08918C34,direct_jal_target
sub_08918C58,0x08918C58,direct_jal_target
sub_08918DB0,0x08918DB0,direct_jal_target
sub_08918E84,0x08918E84,relocated_r_mips32_code_pointer
sub_08918E98,0x08918E98,relocated_r_mips32_code_pointer
sub_08918ED0,0x08918ED0,relocated_r_mips32_code_pointer
sub_08918F18,0x08918F18,relocated_r_mips32_code_pointer
sub_08918F60,0x08918F60,relocated_r_mips32_code_pointer
sub_08918F88,0x08918F88,relocated_r_mips32_code_pointer
sub_08919000,0x08919000,direct_jal_target
sub_089190F4,0x089190F4,direct_jal_target
sub_08919150,0x08919150,direct_jal_target
sub_0891916C,0x0891916C,direct_jal_target
sub_0891936C,0x0891936C,relocated_r_mips32_code_pointer
sub_0891938C,0x0891938C,relocated_r_mips32_code_pointer
sub_089193B4,0x089193B4,relocated_r_mips32_code_pointer
sub_08919420,0x08919420,relocated_r_mips32_code_pointer
sub_08919440,0x08919440,relocated_r_mips32_code_pointer
sub_089194CC,0x089194CC,relocated_r_mips32_code_pointer
sub_0891968C,0x0891968C,direct_jal_target
sub_089198AC,0x089198AC,direct_jal_target
sub_08919910,0x08919910,direct_jal_target
sub_08919A14,0x08919A14,direct_jal_target
sub_08919B60,0x08919B60,direct_jal_target
sub_08919BC8,0x08919BC8,direct_jal_target
sub_08919D74,0x08919D74,direct_jal_target
sub_08919F78,0x08919F78,direct_jal_target
sub_08919FEC,0x08919FEC,direct_jal_target
sub_0891A26C,0x0891A26C,materialized_code_pointer
sub_0891A3AC,0x0891A3AC,direct_jal_target
sub_0891A4C4,0x0891A4C4,direct_jal_target
sub_0891A6C8,0x0891A6C8,direct_jal_target
sub_0891B17C,0x0891B17C,materialized_code_pointer
sub_0891B4C0,0x0891B4C0,direct_jal_target
sub_0891B5B4,0x0891B5B4,direct_jal_target
sub_0891B874,0x0891B874,direct_jal_target
sub_0891C0E4,0x0891C0E4,direct_jal_target
sub_0891C160,0x0891C160,direct_jal_target
sub_0891C200,0x0891C200,direct_jal_target
sub_0891C25C,0x0891C25C,direct_jal_target
sub_0891C354,0x0891C354,direct_jal_target
sub_0891C4EC,0x0891C4EC,direct_jal_target
sub_0891C590,0x0891C590,direct_jal_target
sub_0891C6A8,0x0891C6A8,direct_jal_target
sub_0891C7D8,0x0891C7D8,direct_jal_target
sub_0891C814,0x0891C814,relocated_r_mips32_code_pointer
sub_0891C83C,0x0891C83C,relocated_r_mips32_code_pointer
sub_0891C848,0x0891C848,relocated_r_mips32_code_pointer
sub_0891C854,0x0891C854,relocated_r_mips32_code_pointer
sub_0891C860,0x0891C860,relocated_r_mips32_code_pointer
sub_0891C878,0x0891C878,relocated_r_mips32_code_pointer
sub_0891C884,0x0891C884,relocated_r_mips32_code_pointer
sub_0891C890,0x0891C890,direct_jal_target
sub_0891C8B0,0x0891C8B0,direct_jal_target
sub_0891CA0C,0x0891CA0C,direct_jal_target
sub_0891D2D8,0x0891D2D8,direct_jal_target
sub_0891D558,0x0891D558,direct_jal_target
sub_0891D5B0,0x0891D5B0,relocated_r_mips32_code_pointer
sub_0891D5D8,0x0891D5D8,relocated_r_mips32_code_pointer
sub_0891D5E8,0x0891D5E8,relocated_r_mips32_code_pointer
sub_0891D5F8,0x0891D5F8,relocated_r_mips32_code_pointer
sub_0891D608,0x0891D608,relocated_r_mips32_code_pointer
sub_0891D664,0x0891D664,relocated_r_mips32_code_pointer
sub_0891D6C8,0x0891D6C8,relocated_r_mips32_code_pointer
sub_0891D758,0x0891D758,relocated_r_mips32_code_pointer
sub_0891D794,0x0891D794,relocated_r_mips32_code_pointer
sub_0891D7CC,0x0891D7CC,relocated_r_mips32_code_pointer
sub_0891D7DC,0x0891D7DC,relocated_r_mips32_code_pointer
sub_0891D7EC,0x0891D7EC,relocated_r_mips32_code_pointer
sub_0891D830,0x0891D830,relocated_r_mips32_code_pointer
sub_0891D840,0x0891D840,relocated_r_mips32_code_pointer
sub_0891D850,0x0891D850,relocated_r_mips32_code_pointer
sub_0891D894,0x0891D894,relocated_r_mips32_code_pointer
sub_0891D8A8,0x0891D8A8,relocated_r_mips32_code_pointer
sub_0891D8BC,0x0891D8BC,relocated_r_mips32_code_pointer
sub_0891D8D0,0x0891D8D0,relocated_r_mips32_code_pointer
sub_0891D8E4,0x0891D8E4,relocated_r_mips32_code_pointer
sub_0891D94C,0x0891D94C,relocated_r_mips32_code_pointer
sub_0891D9A8,0x0891D9A8,relocated_r_mips32_code_pointer
sub_0891DA24,0x0891DA24,relocated_r_mips32_code_pointer
sub_0891DA88,0x0891DA88,relocated_r_mips32_code_pointer
sub_0891DA9C,0x0891DA9C,relocated_r_mips32_code_pointer
sub_0891DAF0,0x0891DAF0,relocated_r_mips32_code_pointer
sub_0891DB04,0x0891DB04,relocated_r_mips32_code_pointer
sub_0891DB18,0x0891DB18,relocated_r_mips32_code_pointer
sub_0891DB2C,0x0891DB2C,direct_jal_target
sub_0891DC24,0x0891DC24,relocated_r_mips32_code_pointer
sub_0891DC34,0x0891DC34,relocated_r_mips32_code_pointer
sub_0891DC44,0x0891DC44,relocated_r_mips32_code_pointer
sub_0891DC8C,0x0891DC8C,relocated_r_mips32_code_pointer
sub_0891DC9C,0x0891DC9C,relocated_r_mips32_code_pointer
sub_0891DCE0,0x0891DCE0,relocated_r_mips32_code_pointer
sub_0891DD10,0x0891DD10,direct_jal_target
sub_0891DE60,0x0891DE60,relocated_r_mips32_code_pointer
sub_0891E02C,0x0891E02C,relocated_r_mips32_code_pointer
sub_0891E0D0,0x0891E0D0,relocated_r_mips32_code_pointer
sub_0891E1A0,0x0891E1A0,relocated_r_mips32_code_pointer
sub_0891E244,0x0891E244,relocated_r_mips32_code_pointer
sub_0891E340,0x0891E340,relocated_r_mips32_code_pointer
sub_0891E3DC,0x0891E3DC,relocated_r_mips32_code_pointer
sub_0891E588,0x0891E588,relocated_r_mips32_code_pointer
sub_0891E85C,0x0891E85C,relocated_r_mips32_code_pointer
sub_0891E870,0x0891E870,relocated_r_mips32_code_pointer
sub_0891E884,0x0891E884,relocated_r_mips32_code_pointer
sub_0891E898,0x0891E898,relocated_r_mips32_code_pointer
sub_0891E8AC,0x0891E8AC,relocated_r_mips32_code_pointer
sub_0891E924,0x0891E924,relocated_r_mips32_code_pointer
sub_0891E93C,0x0891E93C,relocated_r_mips32_code_pointer
sub_0891E954,0x0891E954,relocated_r_mips32_code_pointer
sub_0891E96C,0x0891E96C,relocated_r_mips32_code_pointer
sub_0891E984,0x0891E984,relocated_r_mips32_code_pointer
sub_0891E9CC,0x0891E9CC,relocated_r_mips32_code_pointer
sub_0891E9E0,0x0891E9E0,relocated_r_mips32_code_pointer
sub_0891EA28,0x0891EA28,relocated_r_mips32_code_pointer
sub_0891EA3C,0x0891EA3C,relocated_r_mips32_code_pointer
sub_0891EA50,0x0891EA50,relocated_r_mips32_code_pointer
sub_0891EA64,0x0891EA64,relocated_r_mips32_code_pointer
sub_0891EA74,0x0891EA74,relocated_r_mips32_code_pointer
sub_0891EA84,0x0891EA84,relocated_r_mips32_code_pointer
sub_0891EAC8,0x0891EAC8,relocated_r_mips32_code_pointer
sub_0891EAD8,0x0891EAD8,relocated_r_mips32_code_pointer
sub_0891EAE8,0x0891EAE8,relocated_r_mips32_code_pointer
sub_0891EAFC,0x0891EAFC,relocated_r_mips32_code_pointer
sub_0891EB38,0x0891EB38,relocated_r_mips32_code_pointer
sub_0891EB4C,0x0891EB4C,relocated_r_mips32_code_pointer
sub_0891EB60,0x0891EB60,relocated_r_mips32_code_pointer
sub_0891EBA8,0x0891EBA8,relocated_r_mips32_code_pointer
sub_0891EBBC,0x0891EBBC,relocated_r_mips32_code_pointer
sub_0891EC04,0x0891EC04,relocated_r_mips32_code_pointer
sub_0891EC18,0x0891EC18,relocated_r_mips32_code_pointer
sub_0891EC2C,0x0891EC2C,relocated_r_mips32_code_pointer
sub_0891EC40,0x0891EC40,relocated_r_mips32_code_pointer
sub_0891EC54,0x0891EC54,relocated_r_mips32_code_pointer
sub_0891EC90,0x0891EC90,relocated_r_mips32_code_pointer
sub_0891ECD4,0x0891ECD4,relocated_r_mips32_code_pointer
sub_0891ECE8,0x0891ECE8,relocated_r_mips32_code_pointer
sub_0891ECFC,0x0891ECFC,relocated_r_mips32_code_pointer
sub_0891ED0C,0x0891ED0C,relocated_r_mips32_code_pointer
sub_0891ED1C,0x0891ED1C,relocated_r_mips32_code_pointer
sub_0891ED60,0x0891ED60,relocated_r_mips32_code_pointer
sub_0891ED70,0x0891ED70,relocated_r_mips32_code_pointer
sub_0891ED80,0x0891ED80,relocated_r_mips32_code_pointer
sub_0891EDC4,0x0891EDC4,relocated_r_mips32_code_pointer
sub_0891EDDC,0x0891EDDC,relocated_r_mips32_code_pointer
sub_0891EDF4,0x0891EDF4,relocated_r_mips32_code_pointer
sub_0891EE3C,0x0891EE3C,relocated_r_mips32_code_pointer
sub_0891EE54,0x0891EE54,relocated_r_mips32_code_pointer
sub_0891EE6C,0x0891EE6C,relocated_r_mips32_code_pointer
sub_0891EEB4,0x0891EEB4,relocated_r_mips32_code_pointer
sub_0891EEC4,0x0891EEC4,relocated_r_mips32_code_pointer
sub_0891EED4,0x0891EED4,relocated_r_mips32_code_pointer
sub_0891EF18,0x0891EF18,relocated_r_mips32_code_pointer
sub_0891EF28,0x0891EF28,relocated_r_mips32_code_pointer
sub_0891EF6C,0x0891EF6C,relocated_r_mips32_code_pointer
sub_0891EF7C,0x0891EF7C,relocated_r_mips32_code_pointer
sub_0891EF8C,0x0891EF8C,relocated_r_mips32_code_pointer
sub_0891EFD0,0x0891EFD0,relocated_r_mips32_code_pointer
sub_0891EFE0,0x0891EFE0,relocated_r_mips32_code_pointer
sub_0891EFF0,0x0891EFF0,relocated_r_mips32_code_pointer
sub_0891F044,0x0891F044,relocated_r_mips32_code_pointer
sub_0891F054,0x0891F054,relocated_r_mips32_code_pointer
sub_0891F064,0x0891F064,relocated_r_mips32_code_pointer
sub_0891F0A8,0x0891F0A8,relocated_r_mips32_code_pointer
sub_0891F0B8,0x0891F0B8,relocated_r_mips32_code_pointer
sub_0891F0C8,0x0891F0C8,relocated_r_mips32_code_pointer
sub_0891F2AC,0x0891F2AC,direct_jal_target
sub_0891F3AC,0x0891F3AC,relocated_r_mips32_code_pointer
sub_0891F3E8,0x0891F3E8,relocated_r_mips32_code_pointer
sub_0891F404,0x0891F404,relocated_r_mips32_code_pointer
sub_0891F420,0x0891F420,relocated_r_mips32_code_pointer
sub_0891F464,0x0891F464,relocated_r_mips32_code_pointer
sub_0891F480,0x0891F480,relocated_r_mips32_code_pointer
sub_0891F55C,0x0891F55C,relocated_r_mips32_code_pointer
sub_0891F570,0x0891F570,relocated_r_mips32_code_pointer
sub_0891F5B4,0x0891F5B4,relocated_r_mips32_code_pointer
sub_0891F5C8,0x0891F5C8,relocated_r_mips32_code_pointer
sub_0891F5DC,0x0891F5DC,relocated_r_mips32_code_pointer
sub_0891F624,0x0891F624,relocated_r_mips32_code_pointer
sub_0891F638,0x0891F638,relocated_r_mips32_code_pointer
sub_0891F648,0x0891F648,relocated_r_mips32_code_pointer
sub_0891F658,0x0891F658,relocated_r_mips32_code_pointer
sub_0891F69C,0x0891F69C,relocated_r_mips32_code_pointer
sub_0891F6AC,0x0891F6AC,relocated_r_mips32_code_pointer
sub_0891F6BC,0x0891F6BC,relocated_r_mips32_code_pointer
sub_0891F700,0x0891F700,relocated_r_mips32_code_pointer
sub_0891F710,0x0891F710,relocated_r_mips32_code_pointer
sub_0891F720,0x0891F720,relocated_r_mips32_code_pointer
sub_0891F764,0x0891F764,relocated_r_mips32_code_pointer
sub_0891F774,0x0891F774,relocated_r_mips32_code_pointer
sub_0891F7B8,0x0891F7B8,relocated_r_mips32_code_pointer
sub_0891F828,0x0891F828,direct_jal_target
sub_0891F888,0x0891F888,relocated_r_mips32_code_pointer
sub_0891F938,0x0891F938,relocated_r_mips32_code_pointer
sub_0891F978,0x0891F978,relocated_r_mips32_code_pointer
sub_0891FA4C,0x0891FA4C,relocated_r_mips32_code_pointer
sub_0891FB4C,0x0891FB4C,relocated_r_mips32_code_pointer
sub_0891FCA8,0x0891FCA8,relocated_r_mips32_code_pointer
sub_0891FD30,0x0891FD30,relocated_r_mips32_code_pointer
sub_0891FD94,0x0891FD94,relocated_r_mips32_code_pointer
sub_0891FEA8,0x0891FEA8,relocated_r_mips32_code_pointer
sub_0891FEB8,0x0891FEB8,relocated_r_mips32_code_pointer
sub_0891FEFC,0x0891FEFC,relocated_r_mips32_code_pointer
sub_0891FF0C,0x0891FF0C,relocated_r_mips32_code_pointer
sub_0891FF1C,0x0891FF1C,relocated_r_mips32_code_pointer
sub_0891FF60,0x0891FF60,relocated_r_mips32_code_pointer
sub_0891FF70,0x0891FF70,relocated_r_mips32_code_pointer
sub_0891FFB4,0x0891FFB4,relocated_r_mips32_code_pointer
sub_0891FFC4,0x0891FFC4,relocated_r_mips32_code_pointer
sub_08920000,0x08920000,materialized_code_pointer
sub_08920014,0x08920014,relocated_r_mips32_code_pointer
sub_08920024,0x08920024,relocated_r_mips32_code_pointer
sub_08920034,0x08920034,relocated_r_mips32_code_pointer
sub_08920084,0x08920084,relocated_r_mips32_code_pointer
sub_089200C8,0x089200C8,relocated_r_mips32_code_pointer
sub_089200D8,0x089200D8,relocated_r_mips32_code_pointer
sub_0892012C,0x0892012C,relocated_r_mips32_code_pointer
sub_089202DC,0x089202DC,relocated_r_mips32_code_pointer
sub_089202EC,0x089202EC,relocated_r_mips32_code_pointer
sub_08920330,0x08920330,relocated_r_mips32_code_pointer
sub_08920340,0x08920340,relocated_r_mips32_code_pointer
sub_08920350,0x08920350,relocated_r_mips32_code_pointer
sub_0892059C,0x0892059C,direct_jal_target
sub_08920694,0x08920694,direct_jal_target
sub_08920798,0x08920798,direct_jal_target
sub_08920820,0x08920820,relocated_r_mips32_code_pointer
sub_08920830,0x08920830,relocated_r_mips32_code_pointer
sub_08920840,0x08920840,relocated_r_mips32_code_pointer
sub_08920888,0x08920888,relocated_r_mips32_code_pointer
sub_08920898,0x08920898,relocated_r_mips32_code_pointer
sub_089208DC,0x089208DC,relocated_r_mips32_code_pointer
sub_0892090C,0x0892090C,direct_jal_target
sub_08920994,0x08920994,relocated_r_mips32_code_pointer
sub_089209D4,0x089209D4,relocated_r_mips32_code_pointer
sub_08920A1C,0x08920A1C,relocated_r_mips32_code_pointer
sub_08920A64,0x08920A64,relocated_r_mips32_code_pointer
sub_08920AAC,0x08920AAC,relocated_r_mips32_code_pointer
sub_08920AF4,0x08920AF4,relocated_r_mips32_code_pointer
sub_08920B3C,0x08920B3C,relocated_r_mips32_code_pointer
sub_08920B84,0x08920B84,relocated_r_mips32_code_pointer
sub_08920BCC,0x08920BCC,relocated_r_mips32_code_pointer
sub_08920C14,0x08920C14,relocated_r_mips32_code_pointer
sub_08920C5C,0x08920C5C,relocated_r_mips32_code_pointer
sub_08920CD0,0x08920CD0,relocated_r_mips32_code_pointer
sub_08920D18,0x08920D18,relocated_r_mips32_code_pointer
sub_08920D60,0x08920D60,relocated_r_mips32_code_pointer
sub_08920DD4,0x08920DD4,relocated_r_mips32_code_pointer
sub_08920E48,0x08920E48,relocated_r_mips32_code_pointer
sub_08920E90,0x08920E90,relocated_r_mips32_code_pointer
sub_08920F04,0x08920F04,relocated_r_mips32_code_pointer
sub_08920F4C,0x08920F4C,relocated_r_mips32_code_pointer
sub_08920F94,0x08920F94,relocated_r_mips32_code_pointer
sub_08920FDC,0x08920FDC,relocated_r_mips32_code_pointer
sub_08921030,0x08921030,relocated_r_mips32_code_pointer
sub_08921084,0x08921084,relocated_r_mips32_code_pointer
sub_089210DC,0x089210DC,relocated_r_mips32_code_pointer
sub_0892114C,0x0892114C,relocated_r_mips32_code_pointer
sub_08921258,0x08921258,relocated_r_mips32_code_pointer
sub_08921364,0x08921364,relocated_r_mips32_code_pointer
sub_08921590,0x08921590,relocated_r_mips32_code_pointer
sub_089215B8,0x089215B8,relocated_r_mips32_code_pointer
sub_08921640,0x08921640,direct_jal_target
sub_08921664,0x08921664,direct_jal_target
sub_089216F4,0x089216F4,direct_jal_target
sub_08921894,0x08921894,direct_jal_target
sub_089219A4,0x089219A4,materialized_code_pointer
sub_089219D0,0x089219D0,relocated_r_mips32_code_pointer
sub_08921AAC,0x08921AAC,direct_jal_target
sub_08921C58,0x08921C58,materialized_code_pointer
sub_08921D08,0x08921D08,relocated_r_mips32_code_pointer
sub_08922018,0x08922018,relocated_r_mips32_code_pointer
sub_089222B0,0x089222B0,relocated_r_mips32_code_pointer
sub_0892233C,0x0892233C,direct_jal_target
sub_089223FC,0x089223FC,relocated_r_mips32_code_pointer
sub_089225DC,0x089225DC,relocated_r_mips32_code_pointer
sub_089226AC,0x089226AC,relocated_r_mips32_code_pointer
sub_089227E8,0x089227E8,relocated_r_mips32_code_pointer
sub_08922988,0x08922988,direct_jal_target
sub_089229CC,0x089229CC,direct_jal_target
sub_089229F0,0x089229F0,direct_jal_target
sub_08922A24,0x08922A24,direct_jal_target
sub_08922AD0,0x08922AD0,direct_jal_target
sub_08922C00,0x08922C00,direct_jal_target
sub_08922DA0,0x08922DA0,direct_jal_target
sub_0892318C,0x0892318C,direct_jal_target
sub_089231C8,0x089231C8,direct_jal_target
sub_089232A8,0x089232A8,direct_jal_target
sub_089233DC,0x089233DC,direct_jal_target
sub_08923790,0x08923790,direct_jal_target
sub_0892388C,0x0892388C,direct_jal_target
sub_08923C54,0x08923C54,direct_jal_target
sub_08923E54,0x08923E54,direct_jal_target
sub_089243F4,0x089243F4,direct_jal_target
sub_08924454,0x08924454,relocated_r_mips32_code_pointer
sub_08924518,0x08924518,relocated_r_mips32_code_pointer
sub_08924594,0x08924594,relocated_r_mips32_code_pointer
sub_089247C4,0x089247C4,relocated_r_mips32_code_pointer
sub_08924850,0x08924850,relocated_r_mips32_code_pointer
sub_08924864,0x08924864,relocated_r_mips32_code_pointer
sub_08924988,0x08924988,relocated_r_mips32_code_pointer
sub_08924B50,0x08924B50,relocated_r_mips32_code_pointer
sub_08924C18,0x08924C18,relocated_r_mips32_code_pointer
sub_08924C2C,0x08924C2C,relocated_r_mips32_code_pointer
sub_08925884,0x08925884,materialized_code_pointer
sub_08925A0C,0x08925A0C,direct_jal_target
sub_08925ED0,0x08925ED0,direct_jal_target
sub_08926438,0x08926438,direct_jal_target
sub_08926928,0x08926928,direct_jal_target
sub_08926B74,0x08926B74,direct_jal_target
sub_08926F1C,0x08926F1C,direct_jal_target
sub_08927124,0x08927124,direct_jal_target
sub_08927650,0x08927650,direct_jal_target
sub_0892796C,0x0892796C,direct_jal_target
sub_08927C88,0x08927C88,materialized_code_pointer
sub_08927DD4,0x08927DD4,direct_jal_target
sub_08927E98,0x08927E98,direct_jal_target
sub_08928034,0x08928034,direct_jal_target
sub_08928138,0x08928138,direct_jal_target
sub_089282A0,0x089282A0,direct_jal_target
sub_089283E0,0x089283E0,direct_jal_target
sub_0892847C,0x0892847C,direct_jal_target
sub_08928780,0x08928780,relocated_r_mips32_code_pointer
sub_089287BC,0x089287BC,relocated_r_mips32_code_pointer
sub_089288B4,0x089288B4,relocated_r_mips32_code_pointer
sub_089289CC,0x089289CC,relocated_r_mips32_code_pointer
sub_08928AE4,0x08928AE4,relocated_r_mips32_code_pointer
sub_08928B80,0x08928B80,relocated_r_mips32_code_pointer
sub_08928C5C,0x08928C5C,materialized_code_pointer
sub_08928C7C,0x08928C7C,relocated_r_mips32_code_pointer
sub_08928CF8,0x08928CF8,direct_jal_target
sub_08928DF4,0x08928DF4,relocated_r_mips32_code_pointer
sub_08928E60,0x08928E60,relocated_r_mips32_code_pointer
sub_08928E6C,0x08928E6C,relocated_r_mips32_code_pointer
sub_08928F40,0x08928F40,relocated_r_mips32_code_pointer
sub_089290A0,0x089290A0,relocated_r_mips32_code_pointer
sub_089291C8,0x089291C8,relocated_r_mips32_code_pointer
sub_0892936C,0x0892936C,relocated_r_mips32_code_pointer
sub_089294CC,0x089294CC,relocated_r_mips32_code_pointer
sub_08929528,0x08929528,relocated_r_mips32_code_pointer
sub_089295FC,0x089295FC,relocated_r_mips32_code_pointer
sub_08929658,0x08929658,relocated_r_mips32_code_pointer
sub_08929684,0x08929684,relocated_r_mips32_code_pointer
sub_089296A0,0x089296A0,relocated_r_mips32_code_pointer
sub_08929810,0x08929810,direct_jal_target
sub_08929868,0x08929868,relocated_r_mips32_code_pointer
sub_08929914,0x08929914,relocated_r_mips32_code_pointer
sub_08929A34,0x08929A34,relocated_r_mips32_code_pointer
sub_08929A54,0x08929A54,relocated_r_mips32_code_pointer
sub_08929AE0,0x08929AE0,relocated_r_mips32_code_pointer
sub_08929B44,0x08929B44,relocated_r_mips32_code_pointer
sub_08929D2C,0x08929D2C,relocated_r_mips32_code_pointer
sub_08929D44,0x08929D44,relocated_r_mips32_code_pointer
sub_08929D64,0x08929D64,relocated_r_mips32_code_pointer
sub_08929D84,0x08929D84,relocated_r_mips32_code_pointer
sub_08929DA4,0x08929DA4,relocated_r_mips32_code_pointer
sub_08929DC4,0x08929DC4,relocated_r_mips32_code_pointer
sub_08929DE4,0x08929DE4,relocated_r_mips32_code_pointer
sub_08929E04,0x08929E04,relocated_r_mips32_code_pointer
sub_08929E24,0x08929E24,relocated_r_mips32_code_pointer
sub_08929E44,0x08929E44,relocated_r_mips32_code_pointer
sub_08929E64,0x08929E64,relocated_r_mips32_code_pointer
sub_08929EF4,0x08929EF4,relocated_r_mips32_code_pointer
sub_0892A014,0x0892A014,relocated_r_mips32_code_pointer
sub_0892A11C,0x0892A11C,relocated_r_mips32_code_pointer
sub_0892A194,0x0892A194,relocated_r_mips32_code_pointer
sub_0892A214,0x0892A214,relocated_r_mips32_code_pointer
sub_0892A300,0x0892A300,relocated_r_mips32_code_pointer
sub_0892A320,0x0892A320,relocated_r_mips32_code_pointer
sub_0892A340,0x0892A340,relocated_r_mips32_code_pointer
sub_0892A360,0x0892A360,relocated_r_mips32_code_pointer
sub_0892A380,0x0892A380,relocated_r_mips32_code_pointer
sub_0892A3A0,0x0892A3A0,relocated_r_mips32_code_pointer
sub_0892A3C0,0x0892A3C0,relocated_r_mips32_code_pointer
sub_0892A3E0,0x0892A3E0,relocated_r_mips32_code_pointer
sub_0892A400,0x0892A400,relocated_r_mips32_code_pointer
sub_0892A420,0x0892A420,relocated_r_mips32_code_pointer
sub_0892A44C,0x0892A44C,relocated_r_mips32_code_pointer
sub_0892A46C,0x0892A46C,relocated_r_mips32_code_pointer
sub_0892A48C,0x0892A48C,relocated_r_mips32_code_pointer
sub_0892A4AC,0x0892A4AC,relocated_r_mips32_code_pointer
sub_0892A4CC,0x0892A4CC,relocated_r_mips32_code_pointer
sub_0892A4EC,0x0892A4EC,relocated_r_mips32_code_pointer
sub_0892A500,0x0892A500,relocated_r_mips32_code_pointer
sub_0892A520,0x0892A520,relocated_r_mips32_code_pointer
sub_0892A540,0x0892A540,relocated_r_mips32_code_pointer
sub_0892A560,0x0892A560,relocated_r_mips32_code_pointer
sub_0892A580,0x0892A580,relocated_r_mips32_code_pointer
sub_0892A5A4,0x0892A5A4,relocated_r_mips32_code_pointer
sub_0892A5B8,0x0892A5B8,relocated_r_mips32_code_pointer
sub_0892A5CC,0x0892A5CC,relocated_r_mips32_code_pointer
sub_0892A5E0,0x0892A5E0,relocated_r_mips32_code_pointer
sub_0892A5F4,0x0892A5F4,relocated_r_mips32_code_pointer
sub_0892A608,0x0892A608,relocated_r_mips32_code_pointer
sub_0892A61C,0x0892A61C,relocated_r_mips32_code_pointer
sub_0892A630,0x0892A630,relocated_r_mips32_code_pointer
sub_0892A644,0x0892A644,relocated_r_mips32_code_pointer
sub_0892A64C,0x0892A64C,relocated_r_mips32_code_pointer
sub_0892A670,0x0892A670,relocated_r_mips32_code_pointer
sub_0892A684,0x0892A684,relocated_r_mips32_code_pointer
sub_0892A698,0x0892A698,relocated_r_mips32_code_pointer
sub_0892A6AC,0x0892A6AC,relocated_r_mips32_code_pointer
sub_0892A6C0,0x0892A6C0,relocated_r_mips32_code_pointer
sub_0892A6D4,0x0892A6D4,relocated_r_mips32_code_pointer
sub_0892A6DC,0x0892A6DC,relocated_r_mips32_code_pointer
sub_0892A6F0,0x0892A6F0,relocated_r_mips32_code_pointer
sub_0892A704,0x0892A704,relocated_r_mips32_code_pointer
sub_0892A718,0x0892A718,relocated_r_mips32_code_pointer
sub_0892A73C,0x0892A73C,relocated_r_mips32_code_pointer
sub_0892A750,0x0892A750,relocated_r_mips32_code_pointer
sub_0892A764,0x0892A764,relocated_r_mips32_code_pointer
sub_0892A778,0x0892A778,relocated_r_mips32_code_pointer
sub_0892A78C,0x0892A78C,relocated_r_mips32_code_pointer
sub_0892A7A0,0x0892A7A0,relocated_r_mips32_code_pointer
sub_0892A7B4,0x0892A7B4,relocated_r_mips32_code_pointer
sub_0892A7C8,0x0892A7C8,relocated_r_mips32_code_pointer
sub_0892A7DC,0x0892A7DC,relocated_r_mips32_code_pointer
sub_0892A834,0x0892A834,relocated_r_mips32_code_pointer
sub_0892A84C,0x0892A84C,relocated_r_mips32_code_pointer
sub_0892A86C,0x0892A86C,relocated_r_mips32_code_pointer
sub_0892A88C,0x0892A88C,relocated_r_mips32_code_pointer
sub_0892A8AC,0x0892A8AC,relocated_r_mips32_code_pointer
sub_0892A8CC,0x0892A8CC,relocated_r_mips32_code_pointer
sub_0892A8EC,0x0892A8EC,relocated_r_mips32_code_pointer
sub_0892A90C,0x0892A90C,relocated_r_mips32_code_pointer
sub_0892A92C,0x0892A92C,relocated_r_mips32_code_pointer
sub_0892A94C,0x0892A94C,relocated_r_mips32_code_pointer
sub_0892A96C,0x0892A96C,relocated_r_mips32_code_pointer
sub_0892AC24,0x0892AC24,relocated_r_mips32_code_pointer
sub_0892AC3C,0x0892AC3C,relocated_r_mips32_code_pointer
sub_0892AC5C,0x0892AC5C,relocated_r_mips32_code_pointer
sub_0892AC7C,0x0892AC7C,relocated_r_mips32_code_pointer
sub_0892AC9C,0x0892AC9C,relocated_r_mips32_code_pointer
sub_0892ACBC,0x0892ACBC,relocated_r_mips32_code_pointer
sub_0892ACDC,0x0892ACDC,relocated_r_mips32_code_pointer
sub_0892ACFC,0x0892ACFC,relocated_r_mips32_code_pointer
sub_0892AD1C,0x0892AD1C,relocated_r_mips32_code_pointer
sub_0892AD3C,0x0892AD3C,relocated_r_mips32_code_pointer
sub_0892AD5C,0x0892AD5C,relocated_r_mips32_code_pointer
sub_0892ADC0,0x0892ADC0,relocated_r_mips32_code_pointer
sub_0892ADD8,0x0892ADD8,relocated_r_mips32_code_pointer
sub_0892ADF8,0x0892ADF8,relocated_r_mips32_code_pointer
sub_0892AE18,0x0892AE18,relocated_r_mips32_code_pointer
sub_0892AE38,0x0892AE38,relocated_r_mips32_code_pointer
sub_0892AE58,0x0892AE58,relocated_r_mips32_code_pointer
sub_0892AE78,0x0892AE78,relocated_r_mips32_code_pointer
sub_0892AE98,0x0892AE98,relocated_r_mips32_code_pointer
sub_0892AEB8,0x0892AEB8,relocated_r_mips32_code_pointer
sub_0892AED8,0x0892AED8,relocated_r_mips32_code_pointer
sub_0892AEF8,0x0892AEF8,relocated_r_mips32_code_pointer
sub_0892AFFC,0x0892AFFC,relocated_r_mips32_code_pointer
sub_0892B008,0x0892B008,relocated_r_mips32_code_pointer
sub_0892B02C,0x0892B02C,relocated_r_mips32_code_pointer
sub_0892B040,0x0892B040,relocated_r_mips32_code_pointer
sub_0892B054,0x0892B054,relocated_r_mips32_code_pointer
sub_0892B068,0x0892B068,relocated_r_mips32_code_pointer
sub_0892B07C,0x0892B07C,relocated_r_mips32_code_pointer
sub_0892B090,0x0892B090,relocated_r_mips32_code_pointer
sub_0892B0A4,0x0892B0A4,relocated_r_mips32_code_pointer
sub_0892B0B8,0x0892B0B8,relocated_r_mips32_code_pointer
sub_0892B0CC,0x0892B0CC,relocated_r_mips32_code_pointer
sub_0892B1A4,0x0892B1A4,materialized_code_pointer
sub_0892B30C,0x0892B30C,relocated_r_mips32_code_pointer
sub_0892BB2C,0x0892BB2C,relocated_r_mips32_code_pointer
sub_0892BB34,0x0892BB34,relocated_r_mips32_code_pointer
sub_0892BB3C,0x0892BB3C,direct_jal_target
sub_0892BCF4,0x0892BCF4,direct_jal_target
sub_0892BD54,0x0892BD54,direct_jal_target
sub_0892BE80,0x0892BE80,direct_jal_target
sub_0892BF90,0x0892BF90,direct_jal_target
sub_0892C3D4,0x0892C3D4,direct_jal_target
sub_0892C7AC,0x0892C7AC,direct_jal_target
sub_0892CB08,0x0892CB08,direct_jal_target
sub_0892D1C8,0x0892D1C8,direct_jal_target
sub_0892D270,0x0892D270,direct_jal_target
sub_0892D40C,0x0892D40C,direct_jal_target
sub_0892D82C,0x0892D82C,direct_jal_target
sub_0892DB98,0x0892DB98,direct_jal_target
sub_0892DBC4,0x0892DBC4,relocated_r_mips32_code_pointer
sub_0892DCA4,0x0892DCA4,relocated_r_mips32_code_pointer
sub_0892DD6C,0x0892DD6C,relocated_r_mips32_code_pointer
sub_0892DE5C,0x0892DE5C,relocated_r_mips32_code_pointer
sub_0892DEA4,0x0892DEA4,relocated_r_mips32_code_pointer
sub_0892DEF0,0x0892DEF0,relocated_r_mips32_code_pointer
sub_0892E004,0x0892E004,relocated_r_mips32_code_pointer
sub_0892E11C,0x0892E11C,direct_jal_target
sub_0892E1A4,0x0892E1A4,relocated_r_mips32_code_pointer
sub_0892E2FC,0x0892E2FC,direct_jal_target
sub_0892E3B8,0x0892E3B8,relocated_r_mips32_code_pointer
sub_0892E3E4,0x0892E3E4,direct_jal_target
sub_0892E7D8,0x0892E7D8,relocated_r_mips32_code_pointer
sub_0892E874,0x0892E874,direct_jal_target
sub_0892E91C,0x0892E91C,direct_jal_target
sub_0892E990,0x0892E990,direct_jal_target
sub_0892E9F4,0x0892E9F4,direct_jal_target
sub_0892EA50,0x0892EA50,direct_jal_target
sub_0892EB54,0x0892EB54,direct_jal_target
sub_0892F888,0x0892F888,materialized_code_pointer
sub_0892FA58,0x0892FA58,direct_jal_target
sub_0892FAE4,0x0892FAE4,direct_jal_target
sub_0892FB7C,0x0892FB7C,direct_jal_target
sub_0892FE18,0x0892FE18,direct_jal_target
sub_08930000,0x08930000,materialized_code_pointer
sub_08930094,0x08930094,direct_jal_target
sub_089302D0,0x089302D0,relocated_r_mips32_code_pointer
sub_089302F8,0x089302F8,relocated_r_mips32_code_pointer
sub_08930324,0x08930324,relocated_r_mips32_code_pointer
sub_0893034C,0x0893034C,relocated_r_mips32_code_pointer
sub_08930374,0x08930374,relocated_r_mips32_code_pointer
sub_089303BC,0x089303BC,relocated_r_mips32_code_pointer
sub_089303E4,0x089303E4,relocated_r_mips32_code_pointer
sub_08930400,0x08930400,direct_jal_target
sub_08930874,0x08930874,direct_jal_target
sub_08930AA4,0x08930AA4,direct_jal_target
sub_08930AF8,0x08930AF8,relocated_r_mips32_code_pointer
sub_08930B30,0x08930B30,relocated_r_mips32_code_pointer
sub_08930CC8,0x08930CC8,relocated_r_mips32_code_pointer
sub_08930CF4,0x08930CF4,relocated_r_mips32_code_pointer
sub_08930D2C,0x08930D2C,direct_jal_target
sub_08930E8C,0x08930E8C,relocated_r_mips32_code_pointer
sub_08930EB8,0x08930EB8,relocated_r_mips32_code_pointer
sub_08930EF0,0x08930EF0,relocated_r_mips32_code_pointer
sub_08930F34,0x08930F34,relocated_r_mips32_code_pointer
sub_08930F74,0x08930F74,relocated_r_mips32_code_pointer
sub_08930FB8,0x08930FB8,relocated_r_mips32_code_pointer
sub_08930FDC,0x08930FDC,relocated_r_mips32_code_pointer
sub_08931004,0x08931004,relocated_r_mips32_code_pointer
sub_08931018,0x08931018,relocated_r_mips32_code_pointer
sub_08931088,0x08931088,relocated_r_mips32_code_pointer
sub_089310D0,0x089310D0,relocated_r_mips32_code_pointer
sub_08931100,0x08931100,direct_jal_target
sub_0893112C,0x0893112C,relocated_r_mips32_code_pointer
sub_08931184,0x08931184,relocated_r_mips32_code_pointer
sub_089311EC,0x089311EC,relocated_r_mips32_code_pointer
sub_08931254,0x08931254,relocated_r_mips32_code_pointer
sub_089312C0,0x089312C0,relocated_r_mips32_code_pointer
sub_08931328,0x08931328,relocated_r_mips32_code_pointer
sub_08931394,0x08931394,relocated_r_mips32_code_pointer
sub_08931494,0x08931494,relocated_r_mips32_code_pointer
sub_089314D0,0x089314D0,relocated_r_mips32_code_pointer
sub_08931500,0x08931500,relocated_r_mips32_code_pointer
sub_08931568,0x08931568,relocated_r_mips32_code_pointer
sub_08931588,0x08931588,relocated_r_mips32_code_pointer
sub_089315EC,0x089315EC,relocated_r_mips32_code_pointer
sub_08931648,0x08931648,relocated_r_mips32_code_pointer
sub_089316B4,0x089316B4,relocated_r_mips32_code_pointer
sub_0893172C,0x0893172C,relocated_r_mips32_code_pointer
sub_089317E8,0x089317E8,relocated_r_mips32_code_pointer
sub_08931878,0x08931878,relocated_r_mips32_code_pointer
sub_0893194C,0x0893194C,relocated_r_mips32_code_pointer
sub_08931960,0x08931960,relocated_r_mips32_code_pointer
sub_089319F4,0x089319F4,relocated_r_mips32_code_pointer
sub_08931A34,0x08931A34,relocated_r_mips32_code_pointer
sub_08931A70,0x08931A70,relocated_r_mips32_code_pointer
sub_08931AC8,0x08931AC8,relocated_r_mips32_code_pointer
sub_08931B7C,0x08931B7C,relocated_r_mips32_code_pointer
sub_08931CF8,0x08931CF8,relocated_r_mips32_code_pointer
sub_08931D58,0x08931D58,relocated_r_mips32_code_pointer
sub_089328AC,0x089328AC,direct_jal_target
sub_0893291C,0x0893291C,direct_jal_target
sub_08932934,0x08932934,direct_jal_target
sub_089329D0,0x089329D0,direct_jal_target
sub_08932ACC,0x08932ACC,direct_jal_target
sub_08932B68,0x08932B68,direct_jal_target
sub_08932BAC,0x08932BAC,direct_jal_target
sub_08932BE4,0x08932BE4,direct_jal_target
sub_08932C28,0x08932C28,direct_jal_target
sub_08932C30,0x08932C30,direct_jal_target
sub_08932C70,0x08932C70,direct_jal_target
sub_08932D98,0x08932D98,direct_jal_target
sub_08932E0C,0x08932E0C,direct_jal_target
sub_08932ED8,0x08932ED8,direct_jal_target
sub_08932FCC,0x08932FCC,direct_jal_target
sub_0893301C,0x0893301C,relocated_r_mips32_code_pointer
sub_08933148,0x08933148,relocated_r_mips32_code_pointer
sub_089332E8,0x089332E8,relocated_r_mips32_code_pointer
sub_0893336C,0x0893336C,relocated_r_mips32_code_pointer
sub_089333DC,0x089333DC,relocated_r_mips32_code_pointer
sub_08933490,0x08933490,direct_jal_target
sub_0893359C,0x0893359C,relocated_r_mips32_code_pointer
sub_08933604,0x08933604,relocated_r_mips32_code_pointer
sub_08933710,0x08933710,relocated_r_mips32_code_pointer
sub_08933764,0x08933764,relocated_r_mips32_code_pointer
sub_089337B8,0x089337B8,relocated_r_mips32_code_pointer
sub_08933818,0x08933818,relocated_r_mips32_code_pointer
sub_08933854,0x08933854,relocated_r_mips32_code_pointer
sub_089339C8,0x089339C8,relocated_r_mips32_code_pointer
sub_08933A18,0x08933A18,materialized_code_pointer
sub_08933A78,0x08933A78,materialized_code_pointer
sub_08933AC8,0x08933AC8,materialized_code_pointer
sub_08933B40,0x08933B40,materialized_code_pointer
sub_08933B94,0x08933B94,relocated_r_mips32_code_pointer
sub_08933C1C,0x08933C1C,materialized_code_pointer
sub_08933CE4,0x08933CE4,relocated_r_mips32_code_pointer
sub_08933D6C,0x08933D6C,relocated_r_mips32_code_pointer
sub_08933DE0,0x08933DE0,relocated_r_mips32_code_pointer
sub_08933F24,0x08933F24,relocated_r_mips32_code_pointer
sub_08934004,0x08934004,relocated_r_mips32_code_pointer
sub_08934064,0x08934064,relocated_r_mips32_code_pointer
sub_089340D4,0x089340D4,relocated_r_mips32_code_pointer
sub_0893424C,0x0893424C,materialized_code_pointer
sub_0893439C,0x0893439C,direct_jal_target
sub_08934550,0x08934550,relocated_r_mips32_code_pointer
sub_08934614,0x08934614,materialized_code_pointer
sub_089346D8,0x089346D8,direct_jal_target
sub_08934770,0x08934770,relocated_r_mips32_code_pointer
sub_089347AC,0x089347AC,relocated_r_mips32_code_pointer
sub_089347D8,0x089347D8,relocated_r_mips32_code_pointer
sub_08934810,0x08934810,relocated_r_mips32_code_pointer
sub_0893499C,0x0893499C,relocated_r_mips32_code_pointer
sub_08934A00,0x08934A00,relocated_r_mips32_code_pointer
sub_08934A9C,0x08934A9C,relocated_r_mips32_code_pointer
sub_08934BCC,0x08934BCC,direct_jal_target
sub_08934BD8,0x08934BD8,direct_jal_target
sub_08934C3C,0x08934C3C,direct_jal_target
sub_08934E10,0x08934E10,direct_jal_target
sub_08934E3C,0x08934E3C,direct_jal_target
sub_08934E6C,0x08934E6C,direct_jal_target
sub_08934EEC,0x08934EEC,direct_jal_target
sub_08934F08,0x08934F08,direct_jal_target
sub_08934FF4,0x08934FF4,direct_jal_target
sub_089351FC,0x089351FC,direct_jal_target
sub_08935278,0x08935278,direct_jal_target
sub_089353CC,0x089353CC,direct_jal_target
sub_08935814,0x08935814,direct_jal_target
sub_08935B38,0x08935B38,direct_jal_target
sub_08935B88,0x08935B88,relocated_r_mips32_code_pointer
sub_08935C28,0x08935C28,relocated_r_mips32_code_pointer
sub_08935C48,0x08935C48,relocated_r_mips32_code_pointer
sub_08935C54,0x08935C54,relocated_r_mips32_code_pointer
sub_08935C9C,0x08935C9C,relocated_r_mips32_code_pointer
sub_08935D84,0x08935D84,relocated_r_mips32_code_pointer
sub_08935EBC,0x08935EBC,direct_jal_target
sub_08935F18,0x08935F18,relocated_r_mips32_code_pointer
sub_08935FE4,0x08935FE4,relocated_r_mips32_code_pointer
sub_08936008,0x08936008,relocated_r_mips32_code_pointer
sub_08936060,0x08936060,relocated_r_mips32_code_pointer
sub_0893610C,0x0893610C,relocated_r_mips32_code_pointer
sub_08936148,0x08936148,relocated_r_mips32_code_pointer
sub_08936168,0x08936168,relocated_r_mips32_code_pointer
sub_089362B8,0x089362B8,direct_jal_target
sub_08936420,0x08936420,direct_jal_target
sub_0893657C,0x0893657C,direct_jal_target
sub_08936694,0x08936694,direct_jal_target
sub_08936884,0x08936884,direct_jal_target
sub_08936BB0,0x08936BB0,direct_jal_target
sub_08936CA4,0x08936CA4,direct_jal_target
sub_089371FC,0x089371FC,direct_jal_target
sub_089372BC,0x089372BC,direct_jal_target
sub_08937310,0x08937310,relocated_r_mips32_code_pointer
sub_089374C8,0x089374C8,relocated_r_mips32_code_pointer
sub_089374D8,0x089374D8,relocated_r_mips32_code_pointer
sub_08937538,0x08937538,relocated_r_mips32_code_pointer
sub_08937540,0x08937540,direct_jal_target
sub_0893768C,0x0893768C,direct_jal_target
sub_089376AC,0x089376AC,direct_jal_target
sub_08937844,0x08937844,direct_jal_target
sub_08937888,0x08937888,relocated_r_mips32_code_pointer
sub_08937B5C,0x08937B5C,relocated_r_mips32_code_pointer
sub_08937B8C,0x08937B8C,relocated_r_mips32_code_pointer
sub_08937BAC,0x08937BAC,relocated_r_mips32_code_pointer
sub_08937BCC,0x08937BCC,relocated_r_mips32_code_pointer
sub_08937BEC,0x08937BEC,relocated_r_mips32_code_pointer
sub_08937C28,0x08937C28,relocated_r_mips32_code_pointer
sub_08937C98,0x08937C98,relocated_r_mips32_code_pointer
sub_08937CB8,0x08937CB8,relocated_r_mips32_code_pointer
sub_08937CD0,0x08937CD0,direct_jal_target
sub_08937DAC,0x08937DAC,relocated_r_mips32_code_pointer
sub_08937F98,0x08937F98,relocated_r_mips32_code_pointer
sub_08937FA4,0x08937FA4,relocated_r_mips32_code_pointer
sub_08937FB0,0x08937FB0,relocated_r_mips32_code_pointer
sub_0893800C,0x0893800C,relocated_r_mips32_code_pointer
sub_089384A0,0x089384A0,direct_jal_target
sub_089384D4,0x089384D4,direct_jal_target
sub_08938760,0x08938760,direct_jal_target
sub_08938AD8,0x08938AD8,direct_jal_target
sub_08938B20,0x08938B20,relocated_r_mips32_code_pointer
sub_08938B4C,0x08938B4C,relocated_r_mips32_code_pointer
sub_08938B74,0x08938B74,relocated_r_mips32_code_pointer
sub_08938D00,0x08938D00,relocated_r_mips32_code_pointer
sub_08938D28,0x08938D28,relocated_r_mips32_code_pointer
sub_08938E48,0x08938E48,direct_jal_target
sub_08938EFC,0x08938EFC,relocated_r_mips32_code_pointer
sub_08938F28,0x08938F28,relocated_r_mips32_code_pointer
sub_08938F34,0x08938F34,relocated_r_mips32_code_pointer
sub_08938F40,0x08938F40,relocated_r_mips32_code_pointer
sub_08938F4C,0x08938F4C,relocated_r_mips32_code_pointer
sub_08938F58,0x08938F58,relocated_r_mips32_code_pointer
sub_08938F64,0x08938F64,relocated_r_mips32_code_pointer
sub_08939024,0x08939024,relocated_r_mips32_code_pointer
sub_0893905C,0x0893905C,relocated_r_mips32_code_pointer
sub_08939074,0x08939074,relocated_r_mips32_code_pointer
sub_0893908C,0x0893908C,relocated_r_mips32_code_pointer
sub_089390A4,0x089390A4,relocated_r_mips32_code_pointer
sub_08939174,0x08939174,relocated_r_mips32_code_pointer
sub_08939230,0x08939230,relocated_r_mips32_code_pointer
sub_08939248,0x08939248,relocated_r_mips32_code_pointer
sub_08939344,0x08939344,relocated_r_mips32_code_pointer
sub_08939364,0x08939364,relocated_r_mips32_code_pointer
sub_089393AC,0x089393AC,relocated_r_mips32_code_pointer
sub_08939424,0x08939424,relocated_r_mips32_code_pointer
sub_08939444,0x08939444,relocated_r_mips32_code_pointer
sub_08939574,0x08939574,relocated_r_mips32_code_pointer
sub_0893957C,0x0893957C,relocated_r_mips32_code_pointer
sub_089395AC,0x089395AC,materialized_code_pointer
sub_08939684,0x08939684,direct_jal_target
sub_0893972C,0x0893972C,relocated_r_mips32_code_pointer
sub_08939888,0x08939888,relocated_r_mips32_code_pointer
sub_08939BB4,0x08939BB4,relocated_r_mips32_code_pointer
sub_08939BE0,0x08939BE0,relocated_r_mips32_code_pointer
sub_08939D2C,0x08939D2C,relocated_r_mips32_code_pointer
sub_0893A13C,0x0893A13C,relocated_r_mips32_code_pointer
sub_0893A260,0x0893A260,relocated_r_mips32_code_pointer
sub_0893A460,0x0893A460,relocated_r_mips32_code_pointer
sub_0893A584,0x0893A584,direct_jal_target
sub_0893A60C,0x0893A60C,direct_jal_target
sub_0893A670,0x0893A670,direct_jal_target
sub_0893A6E0,0x0893A6E0,direct_jal_target
sub_0893A7AC,0x0893A7AC,direct_jal_target
sub_0893A97C,0x0893A97C,direct_jal_target
sub_0893A984,0x0893A984,direct_jal_target
sub_0893AF48,0x0893AF48,direct_jal_target
sub_0893BCC8,0x0893BCC8,direct_jal_target
sub_0893D488,0x0893D488,direct_jal_target
sub_0893D4B4,0x0893D4B4,direct_jal_target
sub_0893D548,0x0893D548,relocated_r_mips32_code_pointer
sub_0893D5B0,0x0893D5B0,relocated_r_mips32_code_pointer
sub_0893D670,0x0893D670,direct_jal_target
sub_0893D734,0x0893D734,relocated_r_mips32_code_pointer
sub_0893D740,0x0893D740,relocated_r_mips32_code_pointer
sub_0893D774,0x0893D774,direct_jal_target
sub_0893D7CC,0x0893D7CC,relocated_r_mips32_code_pointer
sub_0893D85C,0x0893D85C,relocated_r_mips32_code_pointer
sub_0893D928,0x0893D928,relocated_r_mips32_code_pointer
sub_0893D9B0,0x0893D9B0,relocated_r_mips32_code_pointer
sub_0893DA38,0x0893DA38,relocated_r_mips32_code_pointer
sub_0893DAC0,0x0893DAC0,relocated_r_mips32_code_pointer
sub_0893DB48,0x0893DB48,relocated_r_mips32_code_pointer
sub_0893DBD0,0x0893DBD0,relocated_r_mips32_code_pointer
sub_0893DC58,0x0893DC58,relocated_r_mips32_code_pointer
sub_0893DCE0,0x0893DCE0,relocated_r_mips32_code_pointer
sub_0893DD68,0x0893DD68,relocated_r_mips32_code_pointer
sub_0893DDF0,0x0893DDF0,relocated_r_mips32_code_pointer
sub_0893E478,0x0893E478,direct_jal_target
sub_0893E708,0x0893E708,relocated_r_mips32_code_pointer
sub_0893E714,0x0893E714,relocated_r_mips32_code_pointer
sub_0893E720,0x0893E720,direct_jal_target
sub_0893EDF4,0x0893EDF4,direct_jal_target
sub_0893EF44,0x0893EF44,direct_jal_target
sub_0893F15C,0x0893F15C,direct_jal_target
sub_0893F334,0x0893F334,direct_jal_target
sub_0893FAD8,0x0893FAD8,direct_jal_target
sub_08940000,0x08940000,materialized_code_pointer
sub_08940370,0x08940370,direct_jal_target
sub_08940C90,0x08940C90,direct_jal_target
sub_08940D7C,0x08940D7C,direct_jal_target
sub_08940F1C,0x08940F1C,direct_jal_target
sub_08941238,0x08941238,direct_jal_target
sub_089412CC,0x089412CC,direct_jal_target
sub_08941344,0x08941344,direct_jal_target
sub_089413D4,0x089413D4,direct_jal_target
sub_0894145C,0x0894145C,relocated_r_mips32_code_pointer
sub_0894146C,0x0894146C,relocated_r_mips32_code_pointer
sub_0894147C,0x0894147C,direct_jal_target
sub_08941484,0x08941484,direct_jal_target
sub_089414B4,0x089414B4,direct_jal_target
sub_089414BC,0x089414BC,direct_jal_target
sub_08941518,0x08941518,direct_jal_target
sub_08941568,0x08941568,direct_jal_target
sub_089415D4,0x089415D4,direct_jal_target
sub_0894168C,0x0894168C,direct_jal_target
sub_089416D4,0x089416D4,relocated_r_mips32_code_pointer
sub_089416FC,0x089416FC,relocated_r_mips32_code_pointer
sub_08941724,0x08941724,direct_jal_target
sub_0894174C,0x0894174C,direct_jal_target
sub_08941754,0x08941754,direct_jal_target
sub_089417BC,0x089417BC,direct_jal_target
sub_0894199C,0x0894199C,direct_jal_target
sub_089419F4,0x089419F4,direct_jal_target
sub_08941B00,0x08941B00,relocated_r_mips32_code_pointer
sub_08941C04,0x08941C04,direct_jal_target
sub_08941C10,0x08941C10,direct_jal_target
sub_08941C80,0x08941C80,direct_jal_target
sub_08941D18,0x08941D18,direct_jal_target
sub_08941D38,0x08941D38,direct_jal_target
sub_08941E10,0x08941E10,relocated_r_mips32_code_pointer
sub_08941E1C,0x08941E1C,relocated_r_mips32_code_pointer
sub_08941E28,0x08941E28,direct_jal_target
sub_08941E70,0x08941E70,direct_jal_target
sub_08941EB8,0x08941EB8,direct_jal_target
sub_08941F40,0x08941F40,direct_jal_target
sub_0894225C,0x0894225C,relocated_r_mips32_code_pointer
sub_08942628,0x08942628,relocated_r_mips32_code_pointer
sub_08942788,0x08942788,relocated_r_mips32_code_pointer
sub_089428F0,0x089428F0,relocated_r_mips32_code_pointer
sub_08942DD0,0x08942DD0,relocated_r_mips32_code_pointer
sub_08942DE0,0x08942DE0,direct_jal_target
sub_08942E34,0x08942E34,direct_jal_target
sub_08942E88,0x08942E88,direct_jal_target
sub_08942E98,0x08942E98,relocated_r_mips32_code_pointer
sub_08942F78,0x08942F78,direct_jal_target
sub_08943060,0x08943060,direct_jal_target
sub_089430B8,0x089430B8,relocated_r_mips32_code_pointer
sub_089430C0,0x089430C0,direct_jal_target
sub_089430E8,0x089430E8,direct_jal_target
sub_0894329C,0x0894329C,relocated_r_mips32_code_pointer
sub_089432A8,0x089432A8,relocated_r_mips32_code_pointer
sub_089432B4,0x089432B4,direct_jal_target
sub_08943414,0x08943414,relocated_r_mips32_code_pointer
sub_08943694,0x08943694,relocated_r_mips32_code_pointer
sub_0894391C,0x0894391C,direct_jal_target
sub_08943BF4,0x08943BF4,relocated_r_mips32_code_pointer
sub_08943CE4,0x08943CE4,materialized_code_pointer
sub_08943D48,0x08943D48,direct_jal_target
sub_08943E64,0x08943E64,relocated_r_mips32_code_pointer
sub_08943F80,0x08943F80,relocated_r_mips32_code_pointer
sub_089440A4,0x089440A4,relocated_r_mips32_code_pointer
sub_089446AC,0x089446AC,direct_jal_target
sub_08944940,0x08944940,direct_jal_target
sub_08944C20,0x08944C20,direct_jal_target
sub_08944CD0,0x08944CD0,relocated_r_mips32_code_pointer
sub_08944D80,0x08944D80,relocated_r_mips32_code_pointer
sub_08944E38,0x08944E38,relocated_r_mips32_code_pointer
sub_08944F34,0x08944F34,direct_jal_target
sub_08944F64,0x08944F64,direct_jal_target
sub_089452C4,0x089452C4,relocated_r_mips32_code_pointer
sub_089452D0,0x089452D0,relocated_r_mips32_code_pointer
sub_089452FC,0x089452FC,direct_jal_target
sub_089453D8,0x089453D8,direct_jal_target
sub_089454B4,0x089454B4,materialized_code_pointer
sub_089454E8,0x089454E8,direct_jal_target
sub_08945508,0x08945508,direct_jal_target
sub_089455B4,0x089455B4,relocated_r_mips32_code_pointer
sub_08945690,0x08945690,relocated_r_mips32_code_pointer
sub_08945E80,0x08945E80,relocated_r_mips32_code_pointer
sub_08946F4C,0x08946F4C,relocated_r_mips32_code_pointer
sub_08948188,0x08948188,direct_jal_target
sub_089484C0,0x089484C0,relocated_r_mips32_code_pointer
sub_08948574,0x08948574,relocated_r_mips32_code_pointer
sub_0894A998,0x0894A998,direct_jal_target
sub_0894A9CC,0x0894A9CC,relocated_r_mips32_code_pointer
sub_0894AA00,0x0894AA00,relocated_r_mips32_code_pointer
sub_0894AA3C,0x0894AA3C,relocated_r_mips32_code_pointer
sub_0894AA44,0x0894AA44,relocated_r_mips32_code_pointer
sub_0894AB38,0x0894AB38,relocated_r_mips32_code_pointer
sub_0894AB44,0x0894AB44,relocated_r_mips32_code_pointer
sub_0894AB50,0x0894AB50,direct_jal_target
sub_0894ABF0,0x0894ABF0,direct_jal_target
sub_0894ACDC,0x0894ACDC,direct_jal_target
sub_0894AD14,0x0894AD14,relocated_r_mips32_code_pointer
sub_0894ADF0,0x0894ADF0,relocated_r_mips32_code_pointer
sub_0894AEF4,0x0894AEF4,direct_jal_target
sub_0894AF7C,0x0894AF7C,materialized_code_pointer
sub_0894AFB0,0x0894AFB0,direct_jal_target
sub_0894B038,0x0894B038,relocated_r_mips32_code_pointer
sub_0894B078,0x0894B078,direct_jal_target
sub_0894B420,0x0894B420,direct_jal_target
sub_0894BD94,0x0894BD94,direct_jal_target
sub_0894BFA4,0x0894BFA4,direct_jal_target
sub_0894C094,0x0894C094,direct_jal_target
sub_0894C0C4,0x0894C0C4,direct_jal_target
sub_0894C0F4,0x0894C0F4,relocated_r_mips32_code_pointer
sub_0894C0FC,0x0894C0FC,relocated_r_mips32_code_pointer
sub_0894C1C4,0x0894C1C4,relocated_r_mips32_code_pointer
sub_0894C1E0,0x0894C1E0,relocated_r_mips32_code_pointer
sub_0894C350,0x0894C350,relocated_r_mips32_code_pointer
sub_0894C35C,0x0894C35C,relocated_r_mips32_code_pointer
sub_0894C368,0x0894C368,direct_jal_target
sub_0894C590,0x0894C590,relocated_r_mips32_code_pointer
sub_0894C788,0x0894C788,materialized_code_pointer
sub_0894C7C8,0x0894C7C8,direct_jal_target
sub_0894C894,0x0894C894,relocated_r_mips32_code_pointer
sub_0894C960,0x0894C960,relocated_r_mips32_code_pointer
sub_0894C970,0x0894C970,relocated_r_mips32_code_pointer
sub_0894C978,0x0894C978,relocated_r_mips32_code_pointer
sub_0894CAC8,0x0894CAC8,relocated_r_mips32_code_pointer
sub_0894CAD4,0x0894CAD4,relocated_r_mips32_code_pointer
sub_0894CAE0,0x0894CAE0,direct_jal_target
sub_0894CB74,0x0894CB74,relocated_r_mips32_code_pointer
sub_0894CBB4,0x0894CBB4,relocated_r_mips32_code_pointer
sub_0894CC60,0x0894CC60,relocated_r_mips32_code_pointer
sub_0894CD30,0x0894CD30,relocated_r_mips32_code_pointer
sub_0894CDD4,0x0894CDD4,relocated_r_mips32_code_pointer
sub_0894D304,0x0894D304,direct_jal_target
sub_0894D7BC,0x0894D7BC,direct_jal_target
sub_0894D8E8,0x0894D8E8,materialized_code_pointer
sub_0894D91C,0x0894D91C,direct_jal_target
sub_0894DA48,0x0894DA48,direct_jal_target
sub_0894DCC0,0x0894DCC0,relocated_r_mips32_code_pointer
sub_0894DF38,0x0894DF38,relocated_r_mips32_code_pointer
sub_0894E280,0x0894E280,relocated_r_mips32_code_pointer
sub_0894E28C,0x0894E28C,relocated_r_mips32_code_pointer
sub_0894E298,0x0894E298,relocated_r_mips32_code_pointer
sub_0894E318,0x0894E318,direct_jal_target
sub_0894E390,0x0894E390,relocated_r_mips32_code_pointer
sub_0894E4E4,0x0894E4E4,direct_jal_target
sub_0894E628,0x0894E628,relocated_r_mips32_code_pointer
sub_0894E868,0x0894E868,direct_jal_target
sub_0894E918,0x0894E918,direct_jal_target
sub_0894EC88,0x0894EC88,direct_jal_target
sub_0894ED84,0x0894ED84,direct_jal_target
sub_0894EFC0,0x0894EFC0,relocated_r_mips32_code_pointer
sub_0894F1FC,0x0894F1FC,relocated_r_mips32_code_pointer
sub_0894F440,0x0894F440,direct_jal_target
sub_0894F8BC,0x0894F8BC,direct_jal_target
sub_0894F9F8,0x0894F9F8,direct_jal_target
sub_0894FCC0,0x0894FCC0,direct_jal_target
sub_0894FE5C,0x0894FE5C,direct_jal_target
sub_08950000,0x08950000,materialized_code_pointer
sub_0895005C,0x0895005C,relocated_r_mips32_code_pointer
sub_08950098,0x08950098,relocated_r_mips32_code_pointer
sub_089500EC,0x089500EC,direct_jal_target
sub_089500FC,0x089500FC,relocated_r_mips32_code_pointer
sub_08950130,0x08950130,direct_jal_target
sub_08950180,0x08950180,direct_jal_target
sub_0895018C,0x0895018C,relocated_r_mips32_code_pointer
sub_0895029C,0x0895029C,direct_jal_target
sub_08950478,0x08950478,direct_jal_target
sub_089504BC,0x089504BC,direct_jal_target
sub_08950838,0x08950838,direct_jal_target
sub_0895096C,0x0895096C,relocated_r_mips32_code_pointer
sub_089509A8,0x089509A8,direct_jal_target
sub_08950A10,0x08950A10,direct_jal_target
sub_08950D70,0x08950D70,direct_jal_target
sub_0895129C,0x0895129C,direct_jal_target
sub_0895157C,0x0895157C,direct_jal_target
sub_08951BF0,0x08951BF0,direct_jal_target
sub_08951CEC,0x08951CEC,relocated_r_mips32_code_pointer
sub_08951CF8,0x08951CF8,relocated_r_mips32_code_pointer
sub_08951D18,0x08951D18,relocated_r_mips32_code_pointer
sub_08951D2C,0x08951D2C,relocated_r_mips32_code_pointer
sub_08951E9C,0x08951E9C,direct_jal_target
sub_089520AC,0x089520AC,relocated_r_mips32_code_pointer
sub_08952174,0x08952174,relocated_r_mips32_code_pointer
sub_08952240,0x08952240,direct_jal_target
sub_08952690,0x08952690,direct_jal_target
sub_08952944,0x08952944,direct_jal_target
sub_08952F40,0x08952F40,direct_jal_target
sub_08953C80,0x08953C80,direct_jal_target
sub_08953F38,0x08953F38,direct_jal_target
sub_08954810,0x08954810,relocated_r_mips32_code_pointer
sub_08954AB0,0x08954AB0,direct_jal_target
sub_089553CC,0x089553CC,direct_jal_target
sub_08955AE8,0x08955AE8,relocated_r_mips32_code_pointer
sub_08955CB0,0x08955CB0,relocated_r_mips32_code_pointer
sub_08955CB8,0x08955CB8,relocated_r_mips32_code_pointer
sub_08955CC0,0x08955CC0,relocated_r_mips32_code_pointer
sub_08955CEC,0x08955CEC,relocated_r_mips32_code_pointer
sub_08955CFC,0x08955CFC,relocated_r_mips32_code_pointer
sub_08955D28,0x08955D28,relocated_r_mips32_code_pointer
sub_08955D48,0x08955D48,direct_jal_target
sub_08956094,0x08956094,direct_jal_target
sub_08956344,0x08956344,relocated_r_mips32_code_pointer
sub_08956350,0x08956350,relocated_r_mips32_code_pointer
sub_0895635C,0x0895635C,relocated_r_mips32_code_pointer
sub_08956408,0x08956408,direct_jal_target
sub_08956630,0x08956630,direct_jal_target
sub_08956658,0x08956658,relocated_r_mips32_code_pointer
sub_08956664,0x08956664,relocated_r_mips32_code_pointer
sub_0895667C,0x0895667C,relocated_r_mips32_code_pointer
sub_0895677C,0x0895677C,relocated_r_mips32_code_pointer
sub_0895679C,0x0895679C,relocated_r_mips32_code_pointer
sub_0895681C,0x0895681C,relocated_r_mips32_code_pointer
sub_08956928,0x08956928,direct_jal_target
sub_08956AA0,0x08956AA0,direct_jal_target
sub_08956C3C,0x08956C3C,direct_jal_target
sub_089570D8,0x089570D8,direct_jal_target
sub_08957220,0x08957220,relocated_r_mips32_code_pointer
sub_08957368,0x08957368,relocated_r_mips32_code_pointer
sub_08957494,0x08957494,direct_jal_target
sub_08958564,0x08958564,direct_jal_target
sub_089585C0,0x089585C0,direct_jal_target
sub_089586E8,0x089586E8,direct_jal_target
sub_08958724,0x08958724,direct_jal_target
sub_0895875C,0x0895875C,direct_jal_target
sub_08958884,0x08958884,direct_jal_target
sub_0895895C,0x0895895C,direct_jal_target
sub_08958AB8,0x08958AB8,direct_jal_target
sub_08958CD4,0x08958CD4,direct_jal_target
sub_08959060,0x08959060,direct_jal_target
sub_089591D4,0x089591D4,direct_jal_target
sub_089593AC,0x089593AC,relocated_r_mips32_code_pointer
sub_089593C0,0x089593C0,relocated_r_mips32_code_pointer
sub_089593DC,0x089593DC,relocated_r_mips32_code_pointer
sub_089593FC,0x089593FC,relocated_r_mips32_code_pointer
sub_0895941C,0x0895941C,relocated_r_mips32_code_pointer
sub_0895943C,0x0895943C,relocated_r_mips32_code_pointer
sub_0895946C,0x0895946C,relocated_r_mips32_code_pointer
sub_0895948C,0x0895948C,direct_jal_target
sub_089594A0,0x089594A0,direct_jal_target
sub_089594A8,0x089594A8,relocated_r_mips32_code_pointer
sub_08959650,0x08959650,relocated_r_mips32_code_pointer
sub_0895965C,0x0895965C,relocated_r_mips32_code_pointer
sub_08959668,0x08959668,relocated_r_mips32_code_pointer
sub_08959798,0x08959798,relocated_r_mips32_code_pointer
sub_08959844,0x08959844,direct_jal_target
sub_08959B00,0x08959B00,direct_jal_target
sub_08959E08,0x08959E08,direct_jal_target
sub_0895A0D4,0x0895A0D4,direct_jal_target
sub_0895A36C,0x0895A36C,direct_jal_target
sub_0895A678,0x0895A678,direct_jal_target
sub_0895A908,0x0895A908,relocated_r_mips32_code_pointer
sub_0895A988,0x0895A988,relocated_r_mips32_code_pointer
sub_0895A99C,0x0895A99C,relocated_r_mips32_code_pointer
sub_0895AA60,0x0895AA60,relocated_r_mips32_code_pointer
sub_0895AA7C,0x0895AA7C,relocated_r_mips32_code_pointer
sub_0895AAAC,0x0895AAAC,relocated_r_mips32_code_pointer
sub_0895AAE0,0x0895AAE0,relocated_r_mips32_code_pointer
sub_0895AB14,0x0895AB14,relocated_r_mips32_code_pointer
sub_0895AB48,0x0895AB48,relocated_r_mips32_code_pointer
sub_0895AB7C,0x0895AB7C,relocated_r_mips32_code_pointer
sub_0895ABB0,0x0895ABB0,relocated_r_mips32_code_pointer
sub_0895ABD0,0x0895ABD0,relocated_r_mips32_code_pointer
sub_0895ABF0,0x0895ABF0,relocated_r_mips32_code_pointer
sub_0895AC10,0x0895AC10,relocated_r_mips32_code_pointer
sub_0895AC40,0x0895AC40,relocated_r_mips32_code_pointer
sub_0895AD58,0x0895AD58,direct_jal_target
sub_0895ADD0,0x0895ADD0,materialized_code_pointer
sub_0895AEB0,0x0895AEB0,relocated_r_mips32_code_pointer
sub_0895AF5C,0x0895AF5C,relocated_r_mips32_code_pointer
sub_0895B024,0x0895B024,direct_jal_target
sub_0895B06C,0x0895B06C,direct_jal_target
sub_0895B07C,0x0895B07C,direct_jal_target
sub_0895B17C,0x0895B17C,relocated_r_mips32_code_pointer
sub_0895B188,0x0895B188,relocated_r_mips32_code_pointer
sub_0895B1A8,0x0895B1A8,relocated_r_mips32_code_pointer
sub_0895B1BC,0x0895B1BC,relocated_r_mips32_code_pointer
sub_0895B1E4,0x0895B1E4,direct_jal_target
sub_0895B71C,0x0895B71C,direct_jal_target
sub_0895B9FC,0x0895B9FC,direct_jal_target
sub_0895C280,0x0895C280,direct_jal_target
sub_0895C890,0x0895C890,relocated_r_mips32_code_pointer
sub_0895C9A4,0x0895C9A4,direct_jal_target
sub_0895CC40,0x0895CC40,relocated_r_mips32_code_pointer
sub_0895CE30,0x0895CE30,relocated_r_mips32_code_pointer
sub_0895D064,0x0895D064,direct_jal_target
sub_0895D0A4,0x0895D0A4,direct_jal_target
sub_0895D0DC,0x0895D0DC,direct_jal_target
sub_0895D0FC,0x0895D0FC,relocated_r_mips32_code_pointer
sub_0895D134,0x0895D134,direct_jal_target
sub_0895D1B4,0x0895D1B4,relocated_r_mips32_code_pointer
sub_0895D348,0x0895D348,relocated_r_mips32_code_pointer
sub_0895D354,0x0895D354,relocated_r_mips32_code_pointer
sub_0895D360,0x0895D360,direct_jal_target
sub_0895D63C,0x0895D63C,relocated_r_mips32_code_pointer
sub_0895D974,0x0895D974,relocated_r_mips32_code_pointer
sub_0895DCF4,0x0895DCF4,relocated_r_mips32_code_pointer
sub_0895E45C,0x0895E45C,materialized_code_pointer
sub_0895E4AC,0x0895E4AC,direct_jal_target
sub_0895E5B4,0x0895E5B4,direct_jal_target
sub_0895E6F8,0x0895E6F8,relocated_r_mips32_code_pointer
sub_0895E73C,0x0895E73C,relocated_r_mips32_code_pointer
sub_0895E778,0x0895E778,direct_jal_target
sub_0895E7B4,0x0895E7B4,relocated_r_mips32_code_pointer
sub_0895EDF4,0x0895EDF4,relocated_r_mips32_code_pointer
sub_0895F4D0,0x0895F4D0,direct_jal_target
sub_0895F4D8,0x0895F4D8,relocated_r_mips32_code_pointer
sub_0895F5B0,0x0895F5B0,direct_jal_target
sub_0895F6E4,0x0895F6E4,direct_jal_target
sub_0895F76C,0x0895F76C,relocated_r_mips32_code_pointer
sub_0895F7D4,0x0895F7D4,direct_jal_target
sub_0895F8F4,0x0895F8F4,relocated_r_mips32_code_pointer
sub_0895F900,0x0895F900,relocated_r_mips32_code_pointer
sub_0895F90C,0x0895F90C,relocated_r_mips32_code_pointer
sub_0895FA00,0x0895FA00,direct_jal_target
sub_0895FB40,0x0895FB40,relocated_r_mips32_code_pointer
sub_0895FB94,0x0895FB94,direct_jal_target
sub_0895FBF0,0x0895FBF0,direct_jal_target
sub_0895FC30,0x0895FC30,relocated_r_mips32_code_pointer
sub_08960000,0x08960000,materialized_code_pointer
sub_08960054,0x08960054,direct_jal_target
sub_0896017C,0x0896017C,materialized_code_pointer
sub_089601B0,0x089601B0,direct_jal_target
sub_08960214,0x08960214,relocated_r_mips32_code_pointer
sub_08960278,0x08960278,direct_jal_target
sub_089603A0,0x089603A0,direct_jal_target
sub_08960720,0x08960720,direct_jal_target
sub_08960AC4,0x08960AC4,direct_jal_target
sub_08960EAC,0x08960EAC,relocated_r_mips32_code_pointer
sub_0896111C,0x0896111C,direct_jal_target
sub_089615A4,0x089615A4,relocated_r_mips32_code_pointer
sub_08961794,0x08961794,direct_jal_target
sub_08961884,0x08961884,direct_jal_target
sub_08961ABC,0x08961ABC,direct_jal_target
sub_08961BAC,0x08961BAC,relocated_r_mips32_code_pointer
sub_08962388,0x08962388,direct_jal_target
sub_089623E8,0x089623E8,direct_jal_target
sub_089623F8,0x089623F8,relocated_r_mips32_code_pointer
sub_08962408,0x08962408,relocated_r_mips32_code_pointer
sub_0896243C,0x0896243C,relocated_r_mips32_code_pointer
sub_08962444,0x08962444,relocated_r_mips32_code_pointer
sub_0896244C,0x0896244C,relocated_r_mips32_code_pointer
sub_08962454,0x08962454,relocated_r_mips32_code_pointer
sub_089624F8,0x089624F8,relocated_r_mips32_code_pointer
sub_08962504,0x08962504,relocated_r_mips32_code_pointer
sub_08962510,0x08962510,materialized_code_pointer
sub_0896269C,0x0896269C,relocated_r_mips32_code_pointer
sub_089626A8,0x089626A8,relocated_r_mips32_code_pointer
sub_08962784,0x08962784,relocated_r_mips32_code_pointer
sub_08962830,0x08962830,direct_jal_target
sub_08962B5C,0x08962B5C,relocated_r_mips32_code_pointer
sub_08962D9C,0x08962D9C,materialized_code_pointer
sub_08962F04,0x08962F04,relocated_r_mips32_code_pointer
sub_08962FF4,0x08962FF4,relocated_r_mips32_code_pointer
sub_089630EC,0x089630EC,relocated_r_mips32_code_pointer
sub_089631C4,0x089631C4,relocated_r_mips32_code_pointer
sub_0896391C,0x0896391C,relocated_r_mips32_code_pointer
sub_08963D88,0x08963D88,relocated_r_mips32_code_pointer
sub_08963E2C,0x08963E2C,relocated_r_mips32_code_pointer
sub_08963E38,0x08963E38,relocated_r_mips32_code_pointer
sub_08963E44,0x08963E44,direct_jal_target
sub_08964054,0x08964054,direct_jal_target
sub_089642C0,0x089642C0,relocated_r_mips32_code_pointer
sub_089643D4,0x089643D4,materialized_code_pointer
sub_08964424,0x08964424,direct_jal_target
sub_08964554,0x08964554,relocated_r_mips32_code_pointer
sub_08964CF4,0x08964CF4,relocated_r_mips32_code_pointer
sub_08964D30,0x08964D30,relocated_r_mips32_code_pointer
sub_08964D98,0x08964D98,direct_jal_target
sub_08965110,0x08965110,relocated_r_mips32_code_pointer
sub_089651F8,0x089651F8,relocated_r_mips32_code_pointer
sub_0896529C,0x0896529C,relocated_r_mips32_code_pointer
sub_089652A8,0x089652A8,relocated_r_mips32_code_pointer
sub_089656A8,0x089656A8,direct_jal_target
sub_089659B0,0x089659B0,direct_jal_target
sub_08965AD0,0x08965AD0,relocated_r_mips32_code_pointer
sub_08965B0C,0x08965B0C,relocated_r_mips32_code_pointer
sub_08965B74,0x08965B74,direct_jal_target
sub_08965D0C,0x08965D0C,relocated_r_mips32_code_pointer
sub_08965ED4,0x08965ED4,relocated_r_mips32_code_pointer
sub_0896605C,0x0896605C,materialized_code_pointer
sub_08966114,0x08966114,relocated_r_mips32_code_pointer
sub_0896611C,0x0896611C,relocated_r_mips32_code_pointer
sub_08966124,0x08966124,relocated_r_mips32_code_pointer
sub_08966140,0x08966140,relocated_r_mips32_code_pointer
sub_089662C0,0x089662C0,relocated_r_mips32_code_pointer
sub_089662CC,0x089662CC,relocated_r_mips32_code_pointer
sub_089662D8,0x089662D8,materialized_code_pointer
sub_089663DC,0x089663DC,relocated_r_mips32_code_pointer
sub_089664A0,0x089664A0,relocated_r_mips32_code_pointer
sub_0896656C,0x0896656C,relocated_r_mips32_code_pointer
sub_08966660,0x08966660,relocated_r_mips32_code_pointer
sub_089667B0,0x089667B0,relocated_r_mips32_code_pointer
sub_089667BC,0x089667BC,relocated_r_mips32_code_pointer
sub_089667C8,0x089667C8,relocated_r_mips32_code_pointer
sub_08966950,0x08966950,direct_jal_target
sub_08966A30,0x08966A30,materialized_code_pointer
sub_08966B44,0x08966B44,relocated_r_mips32_code_pointer
sub_08966C10,0x08966C10,relocated_r_mips32_code_pointer
sub_08967240,0x08967240,relocated_r_mips32_code_pointer
sub_08967DDC,0x08967DDC,relocated_r_mips32_code_pointer
sub_08967DEC,0x08967DEC,relocated_r_mips32_code_pointer
sub_08967E20,0x08967E20,relocated_r_mips32_code_pointer
sub_08967F6C,0x08967F6C,relocated_r_mips32_code_pointer
sub_08967F88,0x08967F88,relocated_r_mips32_code_pointer
sub_0896802C,0x0896802C,relocated_r_mips32_code_pointer
sub_08968038,0x08968038,relocated_r_mips32_code_pointer
sub_08968094,0x08968094,direct_jal_target
sub_089680E4,0x089680E4,materialized_code_pointer
sub_08968118,0x08968118,relocated_r_mips32_code_pointer
sub_089681C4,0x089681C4,relocated_r_mips32_code_pointer
sub_08968290,0x08968290,relocated_r_mips32_code_pointer
sub_08968334,0x08968334,relocated_r_mips32_code_pointer
sub_08968340,0x08968340,relocated_r_mips32_code_pointer
sub_089683BC,0x089683BC,relocated_r_mips32_code_pointer
sub_089685B0,0x089685B0,materialized_code_pointer
sub_089685F8,0x089685F8,relocated_r_mips32_code_pointer
sub_08968888,0x08968888,relocated_r_mips32_code_pointer
sub_089689E0,0x089689E0,relocated_r_mips32_code_pointer
sub_08968B40,0x08968B40,relocated_r_mips32_code_pointer
sub_08968FD4,0x08968FD4,relocated_r_mips32_code_pointer
sub_0896A4D0,0x0896A4D0,relocated_r_mips32_code_pointer
sub_0896A4E0,0x0896A4E0,relocated_r_mips32_code_pointer
sub_0896A514,0x0896A514,relocated_r_mips32_code_pointer
sub_0896A51C,0x0896A51C,relocated_r_mips32_code_pointer
sub_0896A524,0x0896A524,relocated_r_mips32_code_pointer
sub_0896A52C,0x0896A52C,materialized_code_pointer
sub_0896A56C,0x0896A56C,relocated_r_mips32_code_pointer
sub_0896A574,0x0896A574,relocated_r_mips32_code_pointer
sub_0896A62C,0x0896A62C,relocated_r_mips32_code_pointer
sub_0896A638,0x0896A638,relocated_r_mips32_code_pointer
sub_0896A644,0x0896A644,relocated_r_mips32_code_pointer
sub_0896A744,0x0896A744,relocated_r_mips32_code_pointer
sub_0896A924,0x0896A924,direct_jal_target
sub_0896A9AC,0x0896A9AC,materialized_code_pointer
sub_0896AA68,0x0896AA68,relocated_r_mips32_code_pointer
sub_0896AE78,0x0896AE78,relocated_r_mips32_code_pointer
sub_0896BC48,0x0896BC48,relocated_r_mips32_code_pointer
sub_0896C964,0x0896C964,relocated_r_mips32_code_pointer
sub_0896C9CC,0x0896C9CC,relocated_r_mips32_code_pointer
sub_0896CAF0,0x0896CAF0,relocated_r_mips32_code_pointer
sub_0896CB50,0x0896CB50,relocated_r_mips32_code_pointer
sub_0896CD54,0x0896CD54,relocated_r_mips32_code_pointer
sub_0896CD60,0x0896CD60,relocated_r_mips32_code_pointer
sub_0896CDEC,0x0896CDEC,materialized_code_pointer
sub_0896CE3C,0x0896CE3C,direct_jal_target
sub_0896D178,0x0896D178,relocated_r_mips32_code_pointer
sub_0896D504,0x0896D504,relocated_r_mips32_code_pointer
sub_0896D510,0x0896D510,relocated_r_mips32_code_pointer
sub_0896D51C,0x0896D51C,relocated_r_mips32_code_pointer
sub_0896D648,0x0896D648,relocated_r_mips32_code_pointer
sub_0896D760,0x0896D760,relocated_r_mips32_code_pointer
sub_0896DA64,0x0896DA64,relocated_r_mips32_code_pointer
sub_0896DB70,0x0896DB70,relocated_r_mips32_code_pointer
sub_0896DD78,0x0896DD78,materialized_code_pointer
sub_0896DE00,0x0896DE00,direct_jal_target
sub_0896DED8,0x0896DED8,direct_jal_target
sub_0896DF88,0x0896DF88,relocated_r_mips32_code_pointer
sub_0896E038,0x0896E038,relocated_r_mips32_code_pointer
sub_0896E0E4,0x0896E0E4,relocated_r_mips32_code_pointer
sub_0896E140,0x0896E140,relocated_r_mips32_code_pointer
sub_0896E1A8,0x0896E1A8,relocated_r_mips32_code_pointer
sub_0896E1B0,0x0896E1B0,relocated_r_mips32_code_pointer
sub_0896E1B8,0x0896E1B8,relocated_r_mips32_code_pointer
sub_0896E1C0,0x0896E1C0,relocated_r_mips32_code_pointer
sub_0896E1C8,0x0896E1C8,relocated_r_mips32_code_pointer
sub_0896E1D0,0x0896E1D0,direct_jal_target
sub_0896E468,0x0896E468,relocated_r_mips32_code_pointer
sub_0896E4D0,0x0896E4D0,relocated_r_mips32_code_pointer
sub_0896E4FC,0x0896E4FC,relocated_r_mips32_code_pointer
sub_0896E598,0x0896E598,direct_jal_target
sub_0896E710,0x0896E710,relocated_r_mips32_code_pointer
sub_0896E784,0x0896E784,relocated_r_mips32_code_pointer
sub_0896E78C,0x0896E78C,direct_jal_target
sub_0896E840,0x0896E840,relocated_r_mips32_code_pointer
sub_0896E9B8,0x0896E9B8,direct_jal_target
sub_0896EA0C,0x0896EA0C,direct_jal_target
sub_0896EA70,0x0896EA70,direct_jal_target
sub_0896EB1C,0x0896EB1C,relocated_r_mips32_code_pointer
sub_0896EB24,0x0896EB24,relocated_r_mips32_code_pointer
sub_0896EB2C,0x0896EB2C,relocated_r_mips32_code_pointer
sub_0896EE60,0x0896EE60,relocated_r_mips32_code_pointer
sub_0896EE6C,0x0896EE6C,relocated_r_mips32_code_pointer
sub_0896EEC0,0x0896EEC0,relocated_r_mips32_code_pointer
sub_0896EF84,0x0896EF84,direct_jal_target
sub_0896F004,0x0896F004,relocated_r_mips32_code_pointer
sub_0896F1F4,0x0896F1F4,relocated_r_mips32_code_pointer
sub_0896F208,0x0896F208,relocated_r_mips32_code_pointer
sub_0896F300,0x0896F300,relocated_r_mips32_code_pointer
sub_0896F3A8,0x0896F3A8,relocated_r_mips32_code_pointer
sub_0896F4BC,0x0896F4BC,relocated_r_mips32_code_pointer
sub_0896F62C,0x0896F62C,relocated_r_mips32_code_pointer
sub_0896F6D0,0x0896F6D0,relocated_r_mips32_code_pointer
sub_0896F770,0x0896F770,relocated_r_mips32_code_pointer
sub_0896F7B8,0x0896F7B8,direct_jal_target
sub_0896F9C8,0x0896F9C8,direct_jal_target
sub_0896FB34,0x0896FB34,relocated_r_mips32_code_pointer
sub_0896FBCC,0x0896FBCC,relocated_r_mips32_code_pointer
sub_0896FC58,0x0896FC58,relocated_r_mips32_code_pointer
sub_08970000,0x08970000,materialized_code_pointer
sub_0897095C,0x0897095C,relocated_r_mips32_code_pointer
sub_08970A44,0x08970A44,relocated_r_mips32_code_pointer
sub_08970A54,0x08970A54,relocated_r_mips32_code_pointer
sub_08970A64,0x08970A64,direct_jal_target
sub_08970A9C,0x08970A9C,direct_jal_target
sub_08970BA8,0x08970BA8,relocated_r_mips32_code_pointer
sub_08970BB4,0x08970BB4,relocated_r_mips32_code_pointer
sub_08970BC0,0x08970BC0,relocated_r_mips32_code_pointer
sub_0897105C,0x0897105C,relocated_r_mips32_code_pointer
sub_08971100,0x08971100,relocated_r_mips32_code_pointer
sub_089711A4,0x089711A4,relocated_r_mips32_code_pointer
sub_08971400,0x08971400,relocated_r_mips32_code_pointer
sub_08971568,0x08971568,relocated_r_mips32_code_pointer
sub_08971600,0x08971600,relocated_r_mips32_code_pointer
sub_08971698,0x08971698,relocated_r_mips32_code_pointer
sub_08971730,0x08971730,relocated_r_mips32_code_pointer
sub_08971740,0x08971740,relocated_r_mips32_code_pointer
sub_08971748,0x08971748,relocated_r_mips32_code_pointer
sub_089717E0,0x089717E0,relocated_r_mips32_code_pointer
sub_08971878,0x08971878,materialized_code_pointer
sub_0897195C,0x0897195C,materialized_code_pointer
sub_08971BF8,0x08971BF8,relocated_r_mips32_code_pointer
sub_08971F68,0x08971F68,relocated_r_mips32_code_pointer
sub_08971F74,0x08971F74,relocated_r_mips32_code_pointer
sub_08971F80,0x08971F80,relocated_r_mips32_code_pointer
sub_089720E8,0x089720E8,direct_jal_target
sub_089721C0,0x089721C0,relocated_r_mips32_code_pointer
sub_0897225C,0x0897225C,relocated_r_mips32_code_pointer
sub_08972490,0x08972490,relocated_r_mips32_code_pointer
sub_08972924,0x08972924,relocated_r_mips32_code_pointer
sub_08972DC4,0x08972DC4,relocated_r_mips32_code_pointer
sub_08973254,0x08973254,relocated_r_mips32_code_pointer
sub_089736BC,0x089736BC,relocated_r_mips32_code_pointer
sub_08973B50,0x08973B50,direct_jal_target
sub_08973CA8,0x08973CA8,relocated_r_mips32_code_pointer
sub_08973DBC,0x08973DBC,relocated_r_mips32_code_pointer
sub_08973ED8,0x08973ED8,direct_jal_target
sub_08973F70,0x08973F70,direct_jal_target
sub_0897400C,0x0897400C,relocated_r_mips32_code_pointer
sub_08974364,0x08974364,relocated_r_mips32_code_pointer
sub_08974370,0x08974370,relocated_r_mips32_code_pointer
sub_0897437C,0x0897437C,direct_jal_target
sub_08974438,0x08974438,relocated_r_mips32_code_pointer
sub_089749F8,0x089749F8,relocated_r_mips32_code_pointer
sub_08974A08,0x08974A08,relocated_r_mips32_code_pointer
sub_08974ADC,0x08974ADC,relocated_r_mips32_code_pointer
sub_08974AEC,0x08974AEC,relocated_r_mips32_code_pointer
sub_08974BC0,0x08974BC0,relocated_r_mips32_code_pointer
sub_08974BD0,0x08974BD0,relocated_r_mips32_code_pointer
sub_08974CA4,0x08974CA4,relocated_r_mips32_code_pointer
sub_08974CB4,0x08974CB4,relocated_r_mips32_code_pointer
sub_08974D88,0x08974D88,relocated_r_mips32_code_pointer
sub_08974D98,0x08974D98,relocated_r_mips32_code_pointer
sub_08974DCC,0x08974DCC,relocated_r_mips32_code_pointer
sub_08974E98,0x08974E98,direct_jal_target
sub_08974F0C,0x08974F0C,direct_jal_target
sub_08974FB0,0x08974FB0,direct_jal_target
sub_08975024,0x08975024,direct_jal_target
sub_0897503C,0x0897503C,direct_jal_target
sub_089750C8,0x089750C8,direct_jal_target
sub_0897513C,0x0897513C,direct_jal_target
sub_08975158,0x08975158,direct_jal_target
sub_08975238,0x08975238,relocated_r_mips32_code_pointer
sub_08975624,0x08975624,direct_jal_target
sub_0897598C,0x0897598C,direct_jal_target
sub_089759F8,0x089759F8,relocated_r_mips32_code_pointer
sub_08975A20,0x08975A20,relocated_r_mips32_code_pointer
sub_08975A74,0x08975A74,direct_jal_target
sub_08975BC0,0x08975BC0,direct_jal_target
sub_08975C10,0x08975C10,relocated_r_mips32_code_pointer
sub_08975C64,0x08975C64,direct_jal_target
sub_08975EF0,0x08975EF0,relocated_r_mips32_code_pointer
sub_08975EFC,0x08975EFC,relocated_r_mips32_code_pointer
sub_08975F84,0x08975F84,direct_jal_target
sub_0897614C,0x0897614C,direct_jal_target
sub_08976324,0x08976324,direct_jal_target
sub_08976404,0x08976404,direct_jal_target
sub_08976D28,0x08976D28,direct_jal_target
sub_08976F80,0x08976F80,direct_jal_target
sub_08977290,0x08977290,direct_jal_target
sub_08977530,0x08977530,direct_jal_target
sub_0897770C,0x0897770C,direct_jal_target
sub_08977C04,0x08977C04,direct_jal_target
sub_08978504,0x08978504,direct_jal_target
sub_08978F88,0x08978F88,direct_jal_target
sub_089790F4,0x089790F4,direct_jal_target
sub_08979180,0x08979180,direct_jal_target
sub_089792B8,0x089792B8,direct_jal_target
sub_089793B0,0x089793B0,direct_jal_target
sub_0897942C,0x0897942C,relocated_r_mips32_code_pointer
sub_089794B0,0x089794B0,relocated_r_mips32_code_pointer
sub_08979640,0x08979640,relocated_r_mips32_code_pointer
sub_08979AA8,0x08979AA8,direct_jal_target
sub_08979BD4,0x08979BD4,relocated_r_mips32_code_pointer
sub_08979CC0,0x08979CC0,relocated_r_mips32_code_pointer
sub_08979DF0,0x08979DF0,direct_jal_target
sub_08979E2C,0x08979E2C,direct_jal_target
sub_08979F60,0x08979F60,relocated_r_mips32_code_pointer
sub_08979F94,0x08979F94,relocated_r_mips32_code_pointer
sub_0897A078,0x0897A078,relocated_r_mips32_code_pointer
sub_0897A29C,0x0897A29C,relocated_r_mips32_code_pointer
sub_0897A528,0x0897A528,relocated_r_mips32_code_pointer
sub_0897A730,0x0897A730,relocated_r_mips32_code_pointer
sub_0897AA30,0x0897AA30,relocated_r_mips32_code_pointer
sub_0897AD74,0x0897AD74,direct_jal_target
sub_0897AE14,0x0897AE14,relocated_r_mips32_code_pointer
sub_0897AE6C,0x0897AE6C,relocated_r_mips32_code_pointer
sub_0897AECC,0x0897AECC,direct_jal_target
sub_0897B1A0,0x0897B1A0,relocated_r_mips32_code_pointer
sub_0897B2E4,0x0897B2E4,direct_jal_target
sub_0897B370,0x0897B370,relocated_r_mips32_code_pointer
sub_0897B3C0,0x0897B3C0,relocated_r_mips32_code_pointer
sub_0897B4BC,0x0897B4BC,relocated_r_mips32_code_pointer
sub_0897B7F8,0x0897B7F8,relocated_r_mips32_code_pointer
sub_0897B800,0x0897B800,relocated_r_mips32_code_pointer
sub_0897B808,0x0897B808,relocated_r_mips32_code_pointer
sub_0897B810,0x0897B810,relocated_r_mips32_code_pointer
sub_0897B818,0x0897B818,relocated_r_mips32_code_pointer
sub_0897B820,0x0897B820,relocated_r_mips32_code_pointer
sub_0897B828,0x0897B828,direct_jal_target
sub_0897B838,0x0897B838,relocated_r_mips32_code_pointer
sub_0897B8C4,0x0897B8C4,relocated_r_mips32_code_pointer
sub_0897B9DC,0x0897B9DC,relocated_r_mips32_code_pointer
sub_0897BA14,0x0897BA14,relocated_r_mips32_code_pointer
sub_0897BCFC,0x0897BCFC,direct_jal_target
sub_0897BD94,0x0897BD94,direct_jal_target
sub_0897BE08,0x0897BE08,relocated_r_mips32_code_pointer
sub_0897BE7C,0x0897BE7C,relocated_r_mips32_code_pointer
sub_0897BF00,0x0897BF00,direct_jal_target
sub_0897BFE0,0x0897BFE0,relocated_r_mips32_code_pointer
sub_0897C03C,0x0897C03C,relocated_r_mips32_code_pointer
sub_0897C0A0,0x0897C0A0,relocated_r_mips32_code_pointer
sub_0897C0F0,0x0897C0F0,relocated_r_mips32_code_pointer
sub_0897C0F8,0x0897C0F8,relocated_r_mips32_code_pointer
sub_0897C23C,0x0897C23C,relocated_r_mips32_code_pointer
sub_0897C290,0x0897C290,relocated_r_mips32_code_pointer
sub_0897C318,0x0897C318,relocated_r_mips32_code_pointer
sub_0897C394,0x0897C394,materialized_code_pointer
sub_0897C72C,0x0897C72C,relocated_r_mips32_code_pointer
sub_0897C738,0x0897C738,relocated_r_mips32_code_pointer
sub_0897C7D8,0x0897C7D8,relocated_r_mips32_code_pointer
sub_0897CC48,0x0897CC48,relocated_r_mips32_code_pointer
sub_0897E6C0,0x0897E6C0,direct_jal_target
sub_0897F49C,0x0897F49C,relocated_r_mips32_code_pointer
sub_0897F758,0x0897F758,relocated_r_mips32_code_pointer
sub_0897FA94,0x0897FA94,relocated_r_mips32_code_pointer
sub_0897FA9C,0x0897FA9C,relocated_r_mips32_code_pointer
sub_0897FB40,0x0897FB40,relocated_r_mips32_code_pointer
sub_0897FB4C,0x0897FB4C,relocated_r_mips32_code_pointer
sub_0897FB58,0x0897FB58,relocated_r_mips32_code_pointer
sub_0897FB78,0x0897FB78,relocated_r_mips32_code_pointer
sub_08980000,0x08980000,materialized_code_pointer
sub_08980258,0x08980258,direct_jal_target
sub_0898042C,0x0898042C,direct_jal_target
sub_08980980,0x08980980,relocated_r_mips32_code_pointer
sub_08980CD8,0x08980CD8,direct_jal_target
sub_08980DE8,0x08980DE8,relocated_r_mips32_code_pointer
sub_089814E8,0x089814E8,relocated_r_mips32_code_pointer
sub_0898161C,0x0898161C,direct_jal_target
sub_08981B94,0x08981B94,relocated_r_mips32_code_pointer
sub_089824E4,0x089824E4,direct_jal_target
sub_089824F4,0x089824F4,relocated_r_mips32_code_pointer
sub_08982504,0x08982504,relocated_r_mips32_code_pointer
sub_08982538,0x08982538,relocated_r_mips32_code_pointer
sub_08982540,0x08982540,relocated_r_mips32_code_pointer
sub_08982548,0x08982548,direct_jal_target
sub_089825A8,0x089825A8,relocated_r_mips32_code_pointer
sub_089825CC,0x089825CC,relocated_r_mips32_code_pointer
sub_089825F0,0x089825F0,relocated_r_mips32_code_pointer
sub_08982614,0x08982614,relocated_r_mips32_code_pointer
sub_08982638,0x08982638,direct_jal_target
sub_08982648,0x08982648,relocated_r_mips32_code_pointer
sub_08982658,0x08982658,relocated_r_mips32_code_pointer
sub_089826E8,0x089826E8,direct_jal_target
sub_08982A28,0x08982A28,direct_jal_target
sub_08982BE0,0x08982BE0,direct_jal_target
sub_089835F4,0x089835F4,direct_jal_target
sub_089858F4,0x089858F4,direct_jal_target
sub_089878EC,0x089878EC,direct_jal_target
sub_08987910,0x08987910,direct_jal_target
sub_08987AE0,0x08987AE0,relocated_r_mips32_code_pointer
sub_08987AEC,0x08987AEC,relocated_r_mips32_code_pointer
sub_08987B34,0x08987B34,direct_jal_target
sub_08987C4C,0x08987C4C,direct_jal_target
sub_08987C5C,0x08987C5C,direct_jal_target
sub_08988344,0x08988344,direct_jal_target
sub_08988360,0x08988360,direct_jal_target
sub_089884D0,0x089884D0,direct_jal_target
sub_0898867C,0x0898867C,relocated_r_mips32_code_pointer
sub_08988688,0x08988688,relocated_r_mips32_code_pointer
sub_0898869C,0x0898869C,direct_jal_target
sub_089886A4,0x089886A4,direct_jal_target
sub_089886E0,0x089886E0,direct_jal_target
sub_0898871C,0x0898871C,direct_jal_target
sub_08988BEC,0x08988BEC,relocated_r_mips32_code_pointer
sub_08988C54,0x08988C54,relocated_r_mips32_code_pointer
sub_08988E18,0x08988E18,direct_jal_target
sub_08988EFC,0x08988EFC,relocated_r_mips32_code_pointer
sub_08988F08,0x08988F08,relocated_r_mips32_code_pointer
sub_08988F14,0x08988F14,relocated_r_mips32_code_pointer
sub_08989128,0x08989128,relocated_r_mips32_code_pointer
sub_08989200,0x08989200,direct_jal_target
sub_089896DC,0x089896DC,relocated_r_mips32_code_pointer
sub_089897DC,0x089897DC,relocated_r_mips32_code_pointer
sub_089899B4,0x089899B4,relocated_r_mips32_code_pointer
sub_08989D70,0x08989D70,relocated_r_mips32_code_pointer
sub_08989F60,0x08989F60,direct_jal_target
sub_0898A018,0x0898A018,relocated_r_mips32_code_pointer
sub_0898A078,0x0898A078,direct_jal_target
sub_0898A0B8,0x0898A0B8,relocated_r_mips32_code_pointer
sub_0898A0C8,0x0898A0C8,relocated_r_mips32_code_pointer
sub_0898A0FC,0x0898A0FC,relocated_r_mips32_code_pointer
sub_0898A104,0x0898A104,relocated_r_mips32_code_pointer
sub_0898A1A8,0x0898A1A8,relocated_r_mips32_code_pointer
sub_0898A1B4,0x0898A1B4,relocated_r_mips32_code_pointer
sub_0898A1C0,0x0898A1C0,relocated_r_mips32_code_pointer
sub_0898A318,0x0898A318,relocated_r_mips32_code_pointer
sub_0898A664,0x0898A664,relocated_r_mips32_code_pointer
sub_0898B1BC,0x0898B1BC,relocated_r_mips32_code_pointer
sub_0898B230,0x0898B230,direct_jal_target
sub_0898B298,0x0898B298,relocated_r_mips32_code_pointer
sub_0898B320,0x0898B320,direct_jal_target
sub_0898B360,0x0898B360,direct_jal_target
sub_0898B3AC,0x0898B3AC,relocated_r_mips32_code_pointer
sub_0898B3D0,0x0898B3D0,relocated_r_mips32_code_pointer
sub_0898B64C,0x0898B64C,relocated_r_mips32_code_pointer
sub_0898B658,0x0898B658,relocated_r_mips32_code_pointer
sub_0898B6B0,0x0898B6B0,direct_jal_target
sub_0898B768,0x0898B768,relocated_r_mips32_code_pointer
sub_0898B7D4,0x0898B7D4,direct_jal_target
sub_0898BA88,0x0898BA88,direct_jal_target
sub_0898BB90,0x0898BB90,relocated_r_mips32_code_pointer
sub_0898BD88,0x0898BD88,relocated_r_mips32_code_pointer
sub_0898BE6C,0x0898BE6C,direct_jal_target
sub_0898BF0C,0x0898BF0C,relocated_r_mips32_code_pointer
sub_0898BF28,0x0898BF28,relocated_r_mips32_code_pointer
sub_0898BF68,0x0898BF68,relocated_r_mips32_code_pointer
sub_0898C014,0x0898C014,relocated_r_mips32_code_pointer
sub_0898C01C,0x0898C01C,relocated_r_mips32_code_pointer
sub_0898C024,0x0898C024,relocated_r_mips32_code_pointer
sub_0898C0C8,0x0898C0C8,relocated_r_mips32_code_pointer
sub_0898C0D4,0x0898C0D4,relocated_r_mips32_code_pointer
sub_0898C1DC,0x0898C1DC,relocated_r_mips32_code_pointer
sub_0898C2D8,0x0898C2D8,relocated_r_mips32_code_pointer
sub_0898C3DC,0x0898C3DC,relocated_r_mips32_code_pointer
sub_0898C414,0x0898C414,relocated_r_mips32_code_pointer
sub_0898C458,0x0898C458,relocated_r_mips32_code_pointer
sub_0898C4A0,0x0898C4A0,relocated_r_mips32_code_pointer
sub_0898C4B8,0x0898C4B8,relocated_r_mips32_code_pointer
sub_0898C4D0,0x0898C4D0,relocated_r_mips32_code_pointer
sub_0898C4E0,0x0898C4E0,relocated_r_mips32_code_pointer
sub_0898C4F0,0x0898C4F0,relocated_r_mips32_code_pointer
sub_0898C6B8,0x0898C6B8,relocated_r_mips32_code_pointer
sub_0898C78C,0x0898C78C,relocated_r_mips32_code_pointer
sub_0898C7CC,0x0898C7CC,relocated_r_mips32_code_pointer
sub_0898C824,0x0898C824,relocated_r_mips32_code_pointer
sub_0898C840,0x0898C840,relocated_r_mips32_code_pointer
sub_0898C85C,0x0898C85C,relocated_r_mips32_code_pointer
sub_0898C874,0x0898C874,relocated_r_mips32_code_pointer
sub_0898C88C,0x0898C88C,relocated_r_mips32_code_pointer
sub_0898CA4C,0x0898CA4C,direct_jal_target
sub_0898CABC,0x0898CABC,direct_jal_target
sub_0898CACC,0x0898CACC,relocated_r_mips32_code_pointer
sub_0898CADC,0x0898CADC,relocated_r_mips32_code_pointer
sub_0898CBAC,0x0898CBAC,relocated_r_mips32_code_pointer
sub_0898CBB8,0x0898CBB8,relocated_r_mips32_code_pointer
sub_0898CBC4,0x0898CBC4,direct_jal_target
sub_0898CE3C,0x0898CE3C,direct_jal_target
sub_0898CF4C,0x0898CF4C,materialized_code_pointer
sub_0898CF94,0x0898CF94,relocated_r_mips32_code_pointer
sub_0898CFF4,0x0898CFF4,relocated_r_mips32_code_pointer
sub_0898D040,0x0898D040,relocated_r_mips32_code_pointer
sub_0898D108,0x0898D108,relocated_r_mips32_code_pointer
sub_0898D150,0x0898D150,relocated_r_mips32_code_pointer
sub_0898D40C,0x0898D40C,relocated_r_mips32_code_pointer
sub_0898D418,0x0898D418,relocated_r_mips32_code_pointer
sub_0898D4EC,0x0898D4EC,relocated_r_mips32_code_pointer
sub_0898D514,0x0898D514,materialized_code_pointer
sub_0898D574,0x0898D574,relocated_r_mips32_code_pointer
sub_0898D610,0x0898D610,direct_jal_target
sub_0898D698,0x0898D698,direct_jal_target
sub_0898D6DC,0x0898D6DC,relocated_r_mips32_code_pointer
sub_0898D720,0x0898D720,relocated_r_mips32_code_pointer
sub_0898D76C,0x0898D76C,relocated_r_mips32_code_pointer
sub_0898D810,0x0898D810,relocated_r_mips32_code_pointer
sub_0898D81C,0x0898D81C,relocated_r_mips32_code_pointer
sub_0898D828,0x0898D828,relocated_r_mips32_code_pointer
sub_0898E24C,0x0898E24C,relocated_r_mips32_code_pointer
sub_0898E2FC,0x0898E2FC,direct_jal_target
sub_0898E344,0x0898E344,relocated_r_mips32_code_pointer
sub_0898E360,0x0898E360,relocated_r_mips32_code_pointer
sub_0898E39C,0x0898E39C,direct_jal_target
sub_0898E4C4,0x0898E4C4,direct_jal_target
sub_0898E5F0,0x0898E5F0,relocated_r_mips32_code_pointer
sub_0898E5FC,0x0898E5FC,relocated_r_mips32_code_pointer
sub_0898E608,0x0898E608,direct_jal_target
sub_0898E7C0,0x0898E7C0,direct_jal_target
sub_0898E7E0,0x0898E7E0,direct_jal_target
sub_0898E7F0,0x0898E7F0,direct_jal_target
sub_0898E848,0x0898E848,direct_jal_target
sub_0898EB48,0x0898EB48,relocated_r_mips32_code_pointer
sub_0898EB54,0x0898EB54,relocated_r_mips32_code_pointer
sub_0898EB60,0x0898EB60,direct_jal_target
sub_0898F1E8,0x0898F1E8,direct_jal_target
sub_0898F4C0,0x0898F4C0,direct_jal_target
sub_0898FB30,0x0898FB30,direct_jal_target
sub_0898FFEC,0x0898FFEC,direct_jal_target
sub_08990000,0x08990000,materialized_code_pointer
sub_08990974,0x08990974,direct_jal_target
sub_089909B4,0x089909B4,relocated_r_mips32_code_pointer
sub_089909C4,0x089909C4,relocated_r_mips32_code_pointer
sub_08990A00,0x08990A00,relocated_r_mips32_code_pointer
sub_08990B38,0x08990B38,relocated_r_mips32_code_pointer
sub_08990B54,0x08990B54,relocated_r_mips32_code_pointer
sub_08990D04,0x08990D04,relocated_r_mips32_code_pointer
sub_08990D10,0x08990D10,relocated_r_mips32_code_pointer
sub_08990D1C,0x08990D1C,relocated_r_mips32_code_pointer
sub_08990F64,0x08990F64,relocated_r_mips32_code_pointer
sub_08991040,0x08991040,relocated_r_mips32_code_pointer
sub_0899104C,0x0899104C,relocated_r_mips32_code_pointer
sub_08991058,0x08991058,relocated_r_mips32_code_pointer
sub_08991298,0x08991298,relocated_r_mips32_code_pointer
sub_08991508,0x08991508,relocated_r_mips32_code_pointer
sub_08991540,0x08991540,materialized_code_pointer
sub_08991590,0x08991590,relocated_r_mips32_code_pointer
sub_089916E4,0x089916E4,relocated_r_mips32_code_pointer
sub_089916F4,0x089916F4,direct_jal_target
sub_0899186C,0x0899186C,relocated_r_mips32_code_pointer
sub_08991878,0x08991878,relocated_r_mips32_code_pointer
sub_08991884,0x08991884,direct_jal_target
sub_0899194C,0x0899194C,relocated_r_mips32_code_pointer
sub_08991A18,0x08991A18,relocated_r_mips32_code_pointer
sub_08991B54,0x08991B54,direct_jal_target
sub_08991D40,0x08991D40,relocated_r_mips32_code_pointer
sub_08991EC4,0x08991EC4,relocated_r_mips32_code_pointer
sub_0899204C,0x0899204C,relocated_r_mips32_code_pointer
sub_0899237C,0x0899237C,relocated_r_mips32_code_pointer
sub_089925A8,0x089925A8,direct_jal_target
sub_089926CC,0x089926CC,relocated_r_mips32_code_pointer
sub_08992788,0x08992788,relocated_r_mips32_code_pointer
sub_0899289C,0x0899289C,relocated_r_mips32_code_pointer
sub_089928A4,0x089928A4,relocated_r_mips32_code_pointer
sub_089928AC,0x089928AC,direct_jal_target
sub_089928F0,0x089928F0,direct_jal_target
sub_08992AA4,0x08992AA4,direct_jal_target
sub_08992B00,0x08992B00,direct_jal_target
sub_08992B70,0x08992B70,relocated_r_mips32_code_pointer
sub_08992D4C,0x08992D4C,relocated_r_mips32_code_pointer
sub_08992D58,0x08992D58,relocated_r_mips32_code_pointer
sub_08992E44,0x08992E44,relocated_r_mips32_code_pointer
sub_08993294,0x08993294,relocated_r_mips32_code_pointer
sub_089933C8,0x089933C8,relocated_r_mips32_code_pointer
sub_089934FC,0x089934FC,relocated_r_mips32_code_pointer
sub_089935C0,0x089935C0,relocated_r_mips32_code_pointer
sub_08993630,0x08993630,relocated_r_mips32_code_pointer
sub_08993704,0x08993704,relocated_r_mips32_code_pointer
sub_08993868,0x08993868,direct_jal_target
sub_089938B8,0x089938B8,relocated_r_mips32_code_pointer
sub_08993A4C,0x08993A4C,relocated_r_mips32_code_pointer
sub_08993A58,0x08993A58,relocated_r_mips32_code_pointer
sub_08993A64,0x08993A64,relocated_r_mips32_code_pointer
sub_08993D14,0x08993D14,relocated_r_mips32_code_pointer
sub_089943BC,0x089943BC,direct_jal_target
sub_089944FC,0x089944FC,direct_jal_target
sub_089945CC,0x089945CC,relocated_r_mips32_code_pointer
sub_08994698,0x08994698,relocated_r_mips32_code_pointer
sub_08994810,0x08994810,relocated_r_mips32_code_pointer
sub_08994924,0x08994924,relocated_r_mips32_code_pointer
sub_0899526C,0x0899526C,relocated_r_mips32_code_pointer
sub_08995840,0x08995840,relocated_r_mips32_code_pointer
sub_08995DF4,0x08995DF4,relocated_r_mips32_code_pointer
sub_08995DFC,0x08995DFC,relocated_r_mips32_code_pointer
sub_08995E7C,0x08995E7C,relocated_r_mips32_code_pointer
sub_08995F18,0x08995F18,relocated_r_mips32_code_pointer
sub_08995F38,0x08995F38,relocated_r_mips32_code_pointer
sub_08995F44,0x08995F44,relocated_r_mips32_code_pointer
sub_08995FE4,0x08995FE4,relocated_r_mips32_code_pointer
sub_08995FFC,0x08995FFC,relocated_r_mips32_code_pointer
sub_08996168,0x08996168,relocated_r_mips32_code_pointer
sub_08996174,0x08996174,relocated_r_mips32_code_pointer
sub_08996180,0x08996180,direct_jal_target
sub_08996260,0x08996260,relocated_r_mips32_code_pointer
sub_08996328,0x08996328,direct_jal_target
sub_089963E8,0x089963E8,relocated_r_mips32_code_pointer
sub_089964A8,0x089964A8,direct_jal_target
sub_089964EC,0x089964EC,direct_jal_target
sub_08996550,0x08996550,relocated_r_mips32_code_pointer
sub_08996558,0x08996558,relocated_r_mips32_code_pointer
sub_08996560,0x08996560,relocated_r_mips32_code_pointer
sub_08996624,0x08996624,direct_jal_target
sub_08996B20,0x08996B20,direct_jal_target
sub_08996DB4,0x08996DB4,direct_jal_target
sub_08996F2C,0x08996F2C,relocated_r_mips32_code_pointer
sub_08997020,0x08997020,direct_jal_target
sub_089970A0,0x089970A0,direct_jal_target
sub_08997188,0x08997188,relocated_r_mips32_code_pointer
sub_08997270,0x08997270,direct_jal_target
sub_08997370,0x08997370,direct_jal_target
sub_08997584,0x08997584,direct_jal_target
sub_089976DC,0x089976DC,direct_jal_target
sub_089978C0,0x089978C0,relocated_r_mips32_code_pointer
sub_089978CC,0x089978CC,relocated_r_mips32_code_pointer
sub_089978D8,0x089978D8,direct_jal_target
sub_08997B68,0x08997B68,direct_jal_target
sub_08997B9C,0x08997B9C,relocated_r_mips32_code_pointer
sub_08997BC8,0x08997BC8,relocated_r_mips32_code_pointer
sub_08997CC4,0x08997CC4,relocated_r_mips32_code_pointer
sub_08997D48,0x08997D48,relocated_r_mips32_code_pointer
sub_089989C4,0x089989C4,relocated_r_mips32_code_pointer
sub_08998A34,0x08998A34,relocated_r_mips32_code_pointer
sub_08998AA8,0x08998AA8,relocated_r_mips32_code_pointer
sub_08998AD4,0x08998AD4,relocated_r_mips32_code_pointer
sub_08998B48,0x08998B48,relocated_r_mips32_code_pointer
sub_08998BFC,0x08998BFC,relocated_r_mips32_code_pointer
sub_08998C08,0x08998C08,relocated_r_mips32_code_pointer
sub_08998C14,0x08998C14,direct_jal_target
sub_08998C80,0x08998C80,relocated_r_mips32_code_pointer
sub_08998CEC,0x08998CEC,direct_jal_target
sub_08999064,0x08999064,direct_jal_target
sub_089990AC,0x089990AC,relocated_r_mips32_code_pointer
sub_089990BC,0x089990BC,relocated_r_mips32_code_pointer
sub_0899918C,0x0899918C,relocated_r_mips32_code_pointer
sub_08999198,0x08999198,relocated_r_mips32_code_pointer
sub_089991A4,0x089991A4,direct_jal_target
sub_089992BC,0x089992BC,direct_jal_target
sub_0899933C,0x0899933C,relocated_r_mips32_code_pointer
sub_089993BC,0x089993BC,relocated_r_mips32_code_pointer
sub_08999444,0x08999444,relocated_r_mips32_code_pointer
sub_0899944C,0x0899944C,relocated_r_mips32_code_pointer
sub_08999454,0x08999454,direct_jal_target
sub_089994C8,0x089994C8,relocated_r_mips32_code_pointer
sub_0899956C,0x0899956C,relocated_r_mips32_code_pointer
sub_08999578,0x08999578,relocated_r_mips32_code_pointer
sub_0899959C,0x0899959C,direct_jal_target
sub_0899990C,0x0899990C,relocated_r_mips32_code_pointer
sub_08999CB0,0x08999CB0,relocated_r_mips32_code_pointer
sub_08999CDC,0x08999CDC,relocated_r_mips32_code_pointer
sub_08999CE4,0x08999CE4,relocated_r_mips32_code_pointer
sub_08999CF0,0x08999CF0,relocated_r_mips32_code_pointer
sub_08999D50,0x08999D50,relocated_r_mips32_code_pointer
sub_0899A13C,0x0899A13C,relocated_r_mips32_code_pointer
sub_0899A148,0x0899A148,relocated_r_mips32_code_pointer
sub_0899A154,0x0899A154,relocated_r_mips32_code_pointer
sub_0899A198,0x0899A198,relocated_r_mips32_code_pointer
sub_0899A1B0,0x0899A1B0,relocated_r_mips32_code_pointer
sub_0899A1C8,0x0899A1C8,relocated_r_mips32_code_pointer
sub_0899A2B0,0x0899A2B0,relocated_r_mips32_code_pointer
sub_0899A498,0x0899A498,relocated_r_mips32_code_pointer
sub_0899AA00,0x0899AA00,direct_jal_target
sub_0899AD9C,0x0899AD9C,relocated_r_mips32_code_pointer
sub_0899B440,0x0899B440,direct_jal_target
sub_0899B8F0,0x0899B8F0,direct_jal_target
sub_0899B90C,0x0899B90C,relocated_r_mips32_code_pointer
sub_0899B928,0x0899B928,relocated_r_mips32_code_pointer
sub_0899B944,0x0899B944,direct_jal_target
sub_0899B96C,0x0899B96C,direct_jal_target
sub_0899BA68,0x0899BA68,relocated_r_mips32_code_pointer
sub_0899BAA8,0x0899BAA8,relocated_r_mips32_code_pointer
sub_0899BAD8,0x0899BAD8,direct_jal_target
sub_0899BB88,0x0899BB88,relocated_r_mips32_code_pointer
sub_0899BBC4,0x0899BBC4,relocated_r_mips32_code_pointer
sub_0899BBCC,0x0899BBCC,relocated_r_mips32_code_pointer
sub_0899BE30,0x0899BE30,relocated_r_mips32_code_pointer
sub_0899BE3C,0x0899BE3C,relocated_r_mips32_code_pointer
sub_0899BE48,0x0899BE48,direct_jal_target
sub_0899BE84,0x0899BE84,relocated_r_mips32_code_pointer
sub_0899BEC0,0x0899BEC0,direct_jal_target
sub_0899C040,0x0899C040,relocated_r_mips32_code_pointer
sub_0899C0C8,0x0899C0C8,relocated_r_mips32_code_pointer
sub_0899C454,0x0899C454,relocated_r_mips32_code_pointer
sub_0899C65C,0x0899C65C,relocated_r_mips32_code_pointer
sub_0899C960,0x0899C960,relocated_r_mips32_code_pointer
sub_0899C96C,0x0899C96C,relocated_r_mips32_code_pointer
sub_0899C978,0x0899C978,direct_jal_target
sub_0899CA00,0x0899CA00,direct_jal_target
sub_0899CA40,0x0899CA40,relocated_r_mips32_code_pointer
sub_0899CA80,0x0899CA80,relocated_r_mips32_code_pointer
sub_0899CAC8,0x0899CAC8,direct_jal_target
sub_0899CB88,0x0899CB88,direct_jal_target
sub_0899CBC8,0x0899CBC8,direct_jal_target
sub_0899CBF0,0x0899CBF0,relocated_r_mips32_code_pointer
sub_0899CCA8,0x0899CCA8,direct_jal_target
sub_0899D294,0x0899D294,direct_jal_target
sub_0899D2EC,0x0899D2EC,relocated_r_mips32_code_pointer
sub_0899D2F4,0x0899D2F4,relocated_r_mips32_code_pointer
sub_0899D36C,0x0899D36C,relocated_r_mips32_code_pointer
sub_0899D3EC,0x0899D3EC,relocated_r_mips32_code_pointer
sub_0899D500,0x0899D500,relocated_r_mips32_code_pointer
sub_0899DA54,0x0899DA54,relocated_r_mips32_code_pointer
sub_0899DB3C,0x0899DB3C,relocated_r_mips32_code_pointer
sub_0899DC30,0x0899DC30,direct_jal_target
sub_0899DCD8,0x0899DCD8,relocated_r_mips32_code_pointer
sub_0899DD6C,0x0899DD6C,relocated_r_mips32_code_pointer
sub_0899DDBC,0x0899DDBC,relocated_r_mips32_code_pointer
sub_0899DE08,0x0899DE08,relocated_r_mips32_code_pointer
sub_0899DE68,0x0899DE68,relocated_r_mips32_code_pointer
sub_0899E1B8,0x0899E1B8,direct_jal_target
sub_0899E200,0x0899E200,direct_jal_target
sub_0899E358,0x0899E358,relocated_r_mips32_code_pointer
sub_0899E364,0x0899E364,relocated_r_mips32_code_pointer
sub_0899E39C,0x0899E39C,direct_jal_target
sub_0899E4C0,0x0899E4C0,direct_jal_target
sub_0899E528,0x0899E528,relocated_r_mips32_code_pointer
sub_0899E618,0x0899E618,direct_jal_target
sub_0899E810,0x0899E810,direct_jal_target
sub_0899E8E0,0x0899E8E0,direct_jal_target
sub_0899EB20,0x0899EB20,direct_jal_target
sub_0899EB90,0x0899EB90,relocated_r_mips32_code_pointer
sub_0899EBD8,0x0899EBD8,relocated_r_mips32_code_pointer
sub_0899EBEC,0x0899EBEC,relocated_r_mips32_code_pointer
sub_0899EC08,0x0899EC08,direct_jal_target
sub_0899ED1C,0x0899ED1C,relocated_r_mips32_code_pointer
sub_0899ED28,0x0899ED28,relocated_r_mips32_code_pointer
sub_0899ED34,0x0899ED34,relocated_r_mips32_code_pointer
sub_0899ED7C,0x0899ED7C,direct_jal_target
sub_0899EEC8,0x0899EEC8,relocated_r_mips32_code_pointer
sub_0899F07C,0x0899F07C,relocated_r_mips32_code_pointer
sub_0899F294,0x0899F294,relocated_r_mips32_code_pointer
sub_0899F2F4,0x0899F2F4,direct_jal_target
sub_0899F738,0x0899F738,direct_jal_target
sub_0899FC9C,0x0899FC9C,relocated_r_mips32_code_pointer
sub_089A0064,0x089A0064,direct_jal_target
sub_089A021C,0x089A021C,relocated_r_mips32_code_pointer
sub_089A0240,0x089A0240,relocated_r_mips32_code_pointer
sub_089A05E8,0x089A05E8,relocated_r_mips32_code_pointer
sub_089A0F68,0x089A0F68,direct_jal_target
sub_089A26E0,0x089A26E0,relocated_r_mips32_code_pointer
sub_089A2CD0,0x089A2CD0,direct_jal_target
sub_089A30C0,0x089A30C0,relocated_r_mips32_code_pointer
sub_089A3254,0x089A3254,relocated_r_mips32_code_pointer
sub_089A334C,0x089A334C,relocated_r_mips32_code_pointer
sub_089A3358,0x089A3358,relocated_r_mips32_code_pointer
sub_089A3364,0x089A3364,direct_jal_target
sub_089A38F4,0x089A38F4,relocated_r_mips32_code_pointer
sub_089A3A70,0x089A3A70,direct_jal_target
sub_089A3B18,0x089A3B18,relocated_r_mips32_code_pointer
sub_089A3BB4,0x089A3BB4,direct_jal_target
sub_089A3C40,0x089A3C40,relocated_r_mips32_code_pointer
sub_089A3C80,0x089A3C80,relocated_r_mips32_code_pointer
sub_089A3CC8,0x089A3CC8,relocated_r_mips32_code_pointer
sub_089A3D08,0x089A3D08,relocated_r_mips32_code_pointer
sub_089A3DAC,0x089A3DAC,relocated_r_mips32_code_pointer
sub_089A3DB8,0x089A3DB8,relocated_r_mips32_code_pointer
sub_089A3DC4,0x089A3DC4,relocated_r_mips32_code_pointer
sub_089A3F30,0x089A3F30,relocated_r_mips32_code_pointer
sub_089A420C,0x089A420C,relocated_r_mips32_code_pointer
sub_089A438C,0x089A438C,relocated_r_mips32_code_pointer
sub_089A46C8,0x089A46C8,relocated_r_mips32_code_pointer
sub_089A46FC,0x089A46FC,direct_jal_target
sub_089A49E0,0x089A49E0,relocated_r_mips32_code_pointer
sub_089A4D60,0x089A4D60,direct_jal_target
sub_089A4D80,0x089A4D80,relocated_r_mips32_code_pointer
sub_089A4D90,0x089A4D90,relocated_r_mips32_code_pointer
sub_089A4E18,0x089A4E18,direct_jal_target
sub_089A4EB8,0x089A4EB8,relocated_data_code_pointer
sub_089A503C,0x089A503C,relocated_data_code_pointer
sub_089A51C4,0x089A51C4,relocated_data_code_pointer
sub_089A5340,0x089A5340,relocated_data_code_pointer
sub_089A54C4,0x089A54C4,relocated_data_code_pointer
sub_089A564C,0x089A564C,direct_jal_target
sub_089A6384,0x089A6384,direct_jal_target
sub_089A733C,0x089A733C,direct_jal_target
sub_089A73F0,0x089A73F0,direct_jal_target
sub_089A7430,0x089A7430,relocated_r_mips32_code_pointer
sub_089A7524,0x089A7524,relocated_r_mips32_code_pointer
sub_089A7624,0x089A7624,relocated_r_mips32_code_pointer
sub_089A7688,0x089A7688,relocated_r_mips32_code_pointer
sub_089A7690,0x089A7690,relocated_r_mips32_code_pointer
sub_089A7764,0x089A7764,relocated_r_mips32_code_pointer
sub_089A77C4,0x089A77C4,relocated_r_mips32_code_pointer
sub_089A77EC,0x089A77EC,relocated_r_mips32_code_pointer
sub_089A77F4,0x089A77F4,relocated_r_mips32_code_pointer
sub_089A77FC,0x089A77FC,relocated_r_mips32_code_pointer
sub_089A7804,0x089A7804,relocated_r_mips32_code_pointer
sub_089A780C,0x089A780C,relocated_r_mips32_code_pointer
sub_089A7814,0x089A7814,relocated_r_mips32_code_pointer
sub_089A781C,0x089A781C,relocated_r_mips32_code_pointer
sub_089A78E8,0x089A78E8,relocated_r_mips32_code_pointer
sub_089A78F4,0x089A78F4,relocated_r_mips32_code_pointer
sub_089A7900,0x089A7900,direct_jal_target
sub_089A7A68,0x089A7A68,relocated_r_mips32_code_pointer
sub_089A7B6C,0x089A7B6C,direct_jal_target
sub_089A8598,0x089A8598,relocated_r_mips32_code_pointer
sub_089A85A4,0x089A85A4,relocated_r_mips32_code_pointer
sub_089A8794,0x089A8794,direct_jal_target
sub_089A8B60,0x089A8B60,direct_jal_target
sub_089A8F6C,0x089A8F6C,direct_jal_target
sub_089A8FD4,0x089A8FD4,direct_jal_target
sub_089A912C,0x089A912C,direct_jal_target
sub_089A9134,0x089A9134,direct_jal_target
sub_089A93D0,0x089A93D0,direct_jal_target
sub_089AA910,0x089AA910,direct_jal_target
sub_089AA944,0x089AA944,direct_jal_target
sub_089AA964,0x089AA964,direct_jal_target
sub_089AA984,0x089AA984,relocated_r_mips32_code_pointer
sub_089AA98C,0x089AA98C,relocated_r_mips32_code_pointer
sub_089AA994,0x089AA994,relocated_r_mips32_code_pointer
sub_089AA9CC,0x089AA9CC,relocated_r_mips32_code_pointer
sub_089AA9D4,0x089AA9D4,relocated_r_mips32_code_pointer
sub_089AA9E0,0x089AA9E0,direct_jal_target
sub_089AA9EC,0x089AA9EC,relocated_r_mips32_code_pointer
sub_089AAA90,0x089AAA90,relocated_r_mips32_code_pointer
sub_089AAA9C,0x089AAA9C,relocated_r_mips32_code_pointer
sub_089AAAA8,0x089AAAA8,direct_jal_target
sub_089AABE8,0x089AABE8,relocated_r_mips32_code_pointer
sub_089AAC04,0x089AAC04,direct_jal_target
sub_089AAD14,0x089AAD14,relocated_r_mips32_code_pointer
sub_089AAE24,0x089AAE24,relocated_r_mips32_code_pointer
sub_089AAF34,0x089AAF34,direct_jal_target
sub_089AAFFC,0x089AAFFC,relocated_r_mips32_code_pointer
sub_089AB378,0x089AB378,relocated_r_mips32_code_pointer
sub_089AB890,0x089AB890,direct_jal_target
sub_089AB8A0,0x089AB8A0,relocated_r_mips32_code_pointer
sub_089AB8B0,0x089AB8B0,relocated_r_mips32_code_pointer
sub_089AB8E4,0x089AB8E4,direct_jal_target
sub_089AB924,0x089AB924,direct_jal_target
sub_089AB934,0x089AB934,relocated_r_mips32_code_pointer
sub_089AB9D8,0x089AB9D8,relocated_r_mips32_code_pointer
sub_089AB9E4,0x089AB9E4,relocated_r_mips32_code_pointer
sub_089ABB18,0x089ABB18,direct_jal_target
sub_089ABC04,0x089ABC04,direct_jal_target
sub_089ABC14,0x089ABC14,relocated_r_mips32_code_pointer
sub_089ABC24,0x089ABC24,relocated_r_mips32_code_pointer
sub_089ABC34,0x089ABC34,relocated_r_mips32_code_pointer
sub_089ABC3C,0x089ABC3C,relocated_r_mips32_code_pointer
sub_089ABDAC,0x089ABDAC,relocated_r_mips32_code_pointer
sub_089ABFB0,0x089ABFB0,relocated_r_mips32_code_pointer
sub_089ABFBC,0x089ABFBC,relocated_r_mips32_code_pointer
sub_089ABFD8,0x089ABFD8,relocated_r_mips32_code_pointer
sub_089AC6AC,0x089AC6AC,direct_jal_target
sub_089AC704,0x089AC704,direct_jal_target
sub_089AC75C,0x089AC75C,relocated_r_mips32_code_pointer
sub_089AC76C,0x089AC76C,relocated_r_mips32_code_pointer
sub_089AC7E8,0x089AC7E8,direct_jal_target
sub_089AC840,0x089AC840,relocated_r_mips32_code_pointer
sub_089AC850,0x089AC850,relocated_r_mips32_code_pointer
sub_089AC920,0x089AC920,relocated_r_mips32_code_pointer
sub_089AC92C,0x089AC92C,relocated_r_mips32_code_pointer
sub_089AC980,0x089AC980,direct_jal_target
sub_089AC9D8,0x089AC9D8,relocated_r_mips32_code_pointer
sub_089AC9E8,0x089AC9E8,relocated_r_mips32_code_pointer
sub_089ACAB8,0x089ACAB8,relocated_r_mips32_code_pointer
sub_089ACAC4,0x089ACAC4,relocated_r_mips32_code_pointer
sub_089ACB18,0x089ACB18,direct_jal_target
sub_089ACB70,0x089ACB70,relocated_r_mips32_code_pointer
sub_089ACB80,0x089ACB80,relocated_r_mips32_code_pointer
sub_089ACBB4,0x089ACBB4,relocated_r_mips32_code_pointer
sub_089ACC84,0x089ACC84,relocated_r_mips32_code_pointer
sub_089ACC90,0x089ACC90,relocated_r_mips32_code_pointer
sub_089ACCDC,0x089ACCDC,direct_jal_target
sub_089ACD2C,0x089ACD2C,relocated_r_mips32_code_pointer
sub_089ACD3C,0x089ACD3C,relocated_r_mips32_code_pointer
sub_089ACD70,0x089ACD70,relocated_r_mips32_code_pointer
sub_089ACDD0,0x089ACDD0,direct_jal_target
sub_089ACDD8,0x089ACDD8,relocated_r_mips32_code_pointer
sub_089ACE8C,0x089ACE8C,relocated_r_mips32_code_pointer
sub_089ACE98,0x089ACE98,relocated_r_mips32_code_pointer
sub_089ACEF8,0x089ACEF8,direct_jal_target
sub_089AD060,0x089AD060,relocated_r_mips32_code_pointer
sub_089AD174,0x089AD174,relocated_r_mips32_code_pointer
sub_089AD378,0x089AD378,direct_jal_target
sub_089AD618,0x089AD618,direct_jal_target
sub_089AD7C0,0x089AD7C0,relocated_r_mips32_code_pointer
sub_089AD7CC,0x089AD7CC,relocated_r_mips32_code_pointer
sub_089AD7D8,0x089AD7D8,relocated_r_mips32_code_pointer
sub_089ADC1C,0x089ADC1C,relocated_r_mips32_code_pointer
sub_089ADD68,0x089ADD68,relocated_r_mips32_code_pointer
sub_089ADD74,0x089ADD74,relocated_r_mips32_code_pointer
sub_089ADDA4,0x089ADDA4,direct_jal_target
sub_089ADE18,0x089ADE18,relocated_r_mips32_code_pointer
sub_089ADE68,0x089ADE68,direct_jal_target
sub_089ADF58,0x089ADF58,relocated_r_mips32_code_pointer
sub_089ADF68,0x089ADF68,relocated_r_mips32_code_pointer
sub_089ADFF8,0x089ADFF8,direct_jal_target
sub_089AE0F4,0x089AE0F4,relocated_r_mips32_code_pointer
sub_089AE1A8,0x089AE1A8,relocated_r_mips32_code_pointer
sub_089AE264,0x089AE264,relocated_r_mips32_code_pointer
sub_089AE4AC,0x089AE4AC,relocated_r_mips32_code_pointer
sub_089AE4F4,0x089AE4F4,relocated_r_mips32_code_pointer
sub_089AE500,0x089AE500,relocated_r_mips32_code_pointer
sub_089AE508,0x089AE508,relocated_r_mips32_code_pointer
sub_089AE510,0x089AE510,relocated_r_mips32_code_pointer
sub_089AE538,0x089AE538,relocated_r_mips32_code_pointer
sub_089AE668,0x089AE668,direct_jal_target
sub_089AE74C,0x089AE74C,relocated_r_mips32_code_pointer
sub_089AE7A8,0x089AE7A8,direct_jal_target
sub_089AE7E0,0x089AE7E0,relocated_r_mips32_code_pointer
sub_089AE8F0,0x089AE8F0,relocated_r_mips32_code_pointer
sub_089AE900,0x089AE900,relocated_r_mips32_code_pointer
sub_089AE9A4,0x089AE9A4,direct_jal_target
sub_089AEA40,0x089AEA40,relocated_r_mips32_code_pointer
sub_089AEA6C,0x089AEA6C,direct_jal_target
sub_089AEAC4,0x089AEAC4,relocated_r_mips32_code_pointer
sub_089AEB24,0x089AEB24,direct_jal_target
sub_089AEC58,0x089AEC58,direct_jal_target
sub_089AECDC,0x089AECDC,relocated_r_mips32_code_pointer
sub_089AED70,0x089AED70,relocated_r_mips32_code_pointer
sub_089AED90,0x089AED90,relocated_r_mips32_code_pointer
sub_089AED98,0x089AED98,direct_jal_target
sub_089AEF5C,0x089AEF5C,relocated_r_mips32_code_pointer
sub_089AF044,0x089AF044,relocated_r_mips32_code_pointer
sub_089AF1D0,0x089AF1D0,direct_jal_target
sub_089AF354,0x089AF354,relocated_r_mips32_code_pointer
sub_089AF3D4,0x089AF3D4,relocated_r_mips32_code_pointer
sub_089AF3DC,0x089AF3DC,relocated_r_mips32_code_pointer
sub_089AF47C,0x089AF47C,relocated_r_mips32_code_pointer
sub_089AF530,0x089AF530,relocated_r_mips32_code_pointer
sub_089AF53C,0x089AF53C,direct_jal_target
sub_089AF854,0x089AF854,relocated_r_mips32_code_pointer
sub_089AF860,0x089AF860,relocated_r_mips32_code_pointer
sub_089AF918,0x089AF918,direct_jal_target
sub_089AFEC0,0x089AFEC0,direct_jal_target
sub_089AFFE0,0x089AFFE0,relocated_r_mips32_code_pointer
sub_089B0454,0x089B0454,direct_jal_target
sub_089B04E4,0x089B04E4,direct_jal_target
sub_089B075C,0x089B075C,relocated_r_mips32_code_pointer
sub_089B09D4,0x089B09D4,relocated_r_mips32_code_pointer
sub_089B0C50,0x089B0C50,direct_jal_target
sub_089B0EAC,0x089B0EAC,direct_jal_target
sub_089B1200,0x089B1200,relocated_r_mips32_code_pointer
sub_089B1434,0x089B1434,direct_jal_target
sub_089B1AE4,0x089B1AE4,direct_jal_target
sub_089B1E98,0x089B1E98,direct_jal_target
sub_089B25A0,0x089B25A0,direct_jal_target
sub_089B2A60,0x089B2A60,direct_jal_target
sub_089B2F28,0x089B2F28,direct_jal_target
sub_089B35C0,0x089B35C0,direct_jal_target
sub_089B3600,0x089B3600,direct_jal_target
sub_089B364C,0x089B364C,relocated_r_mips32_code_pointer
sub_089B3698,0x089B3698,relocated_r_mips32_code_pointer
sub_089B36E8,0x089B36E8,relocated_r_mips32_code_pointer
sub_089B36F0,0x089B36F0,relocated_r_mips32_code_pointer
sub_089B38EC,0x089B38EC,relocated_r_mips32_code_pointer
sub_089B38F4,0x089B38F4,direct_jal_target
sub_089B3960,0x089B3960,relocated_r_mips32_code_pointer
sub_089B3968,0x089B3968,direct_jal_target
sub_089B3970,0x089B3970,direct_jal_target
sub_089B39A8,0x089B39A8,direct_jal_target
sub_089B3A20,0x089B3A20,direct_jal_target
sub_089B3A80,0x089B3A80,direct_jal_target
sub_089B3B08,0x089B3B08,direct_jal_target
sub_089B3BB0,0x089B3BB0,relocated_r_mips32_code_pointer
sub_089B3BBC,0x089B3BBC,relocated_r_mips32_code_pointer
sub_089B3E8C,0x089B3E8C,direct_jal_target
sub_089B4008,0x089B4008,relocated_r_mips32_code_pointer
sub_089B4014,0x089B4014,relocated_r_mips32_code_pointer
sub_089B41A8,0x089B41A8,direct_jal_target
sub_089B44E0,0x089B44E0,direct_jal_target
sub_089B4790,0x089B4790,relocated_r_mips32_code_pointer
sub_089B49A0,0x089B49A0,direct_jal_target
sub_089B4BAC,0x089B4BAC,relocated_r_mips32_code_pointer
sub_089B4D34,0x089B4D34,direct_jal_target
sub_089B5158,0x089B5158,direct_jal_target
sub_089B55DC,0x089B55DC,direct_jal_target
sub_089B562C,0x089B562C,direct_jal_target
sub_089B563C,0x089B563C,relocated_r_mips32_code_pointer
sub_089B564C,0x089B564C,relocated_r_mips32_code_pointer
sub_089B565C,0x089B565C,relocated_r_mips32_code_pointer
sub_089B5664,0x089B5664,relocated_r_mips32_code_pointer
sub_089B566C,0x089B566C,relocated_r_mips32_code_pointer
sub_089B5674,0x089B5674,relocated_r_mips32_code_pointer
sub_089B567C,0x089B567C,direct_jal_target
sub_089B5698,0x089B5698,direct_jal_target
sub_089B56D0,0x089B56D0,direct_jal_target
sub_089B5708,0x089B5708,direct_jal_target
sub_089B5AB4,0x089B5AB4,direct_jal_target
sub_089B5AD0,0x089B5AD0,direct_jal_target
sub_089B5C54,0x089B5C54,direct_jal_target
sub_089B5E68,0x089B5E68,direct_jal_target
sub_089B6138,0x089B6138,relocated_r_mips32_code_pointer
sub_089B637C,0x089B637C,direct_jal_target
sub_089B6434,0x089B6434,relocated_r_mips32_code_pointer
sub_089B64EC,0x089B64EC,relocated_r_mips32_code_pointer
sub_089B65A8,0x089B65A8,direct_jal_target
sub_089B6634,0x089B6634,direct_jal_target
sub_089B6788,0x089B6788,direct_jal_target
sub_089B6928,0x089B6928,relocated_r_mips32_code_pointer
sub_089B6934,0x089B6934,relocated_r_mips32_code_pointer
sub_089B6940,0x089B6940,direct_jal_target
sub_089B6A38,0x089B6A38,direct_jal_target
sub_089B6A78,0x089B6A78,direct_jal_target
sub_089B6BD0,0x089B6BD0,direct_jal_target
sub_089B6DBC,0x089B6DBC,direct_jal_target
sub_089B718C,0x089B718C,direct_jal_target
sub_089B7888,0x089B7888,direct_jal_target
sub_089B7920,0x089B7920,direct_jal_target
sub_089B825C,0x089B825C,direct_jal_target
sub_089B83F0,0x089B83F0,relocated_r_mips32_code_pointer
sub_089B83FC,0x089B83FC,relocated_r_mips32_code_pointer
sub_089B88F4,0x089B88F4,relocated_r_mips32_code_pointer
sub_089B8984,0x089B8984,relocated_r_mips32_code_pointer
sub_089B8AEC,0x089B8AEC,direct_jal_target
sub_089BA3E0,0x089BA3E0,direct_jal_target
sub_089BABF0,0x089BABF0,direct_jal_target
sub_089BB2D8,0x089BB2D8,materialized_code_pointer
sub_089BB314,0x089BB314,materialized_code_pointer
sub_089BB31C,0x089BB31C,materialized_code_pointer
sub_089BB330,0x089BB330,direct_jal_target
sub_089BB4CC,0x089BB4CC,direct_jal_target
sub_089BB68C,0x089BB68C,direct_jal_target
sub_089BBB94,0x089BBB94,direct_jal_target
sub_089BBC88,0x089BBC88,relocated_r_mips32_code_pointer
sub_089BBCC8,0x089BBCC8,relocated_r_mips32_code_pointer
sub_089BBCE0,0x089BBCE0,relocated_r_mips32_code_pointer
sub_089BBD08,0x089BBD08,relocated_r_mips32_code_pointer
sub_089BBD88,0x089BBD88,relocated_r_mips32_code_pointer
sub_089BBE04,0x089BBE04,relocated_r_mips32_code_pointer
sub_089BBE7C,0x089BBE7C,relocated_r_mips32_code_pointer
sub_089BBF4C,0x089BBF4C,relocated_r_mips32_code_pointer
sub_089BC000,0x089BC000,relocated_r_mips32_code_pointer
sub_089BC054,0x089BC054,relocated_r_mips32_code_pointer
sub_089BC454,0x089BC454,direct_jal_target
sub_089BCAB4,0x089BCAB4,direct_jal_target
sub_089BD010,0x089BD010,direct_jal_target
sub_089BD178,0x089BD178,relocated_r_mips32_code_pointer
sub_089BD1A8,0x089BD1A8,relocated_r_mips32_code_pointer
sub_089BD1C0,0x089BD1C0,relocated_r_mips32_code_pointer
sub_089BD268,0x089BD268,relocated_r_mips32_code_pointer
sub_089BD304,0x089BD304,relocated_r_mips32_code_pointer
sub_089BD3E4,0x089BD3E4,relocated_r_mips32_code_pointer
sub_089BD458,0x089BD458,relocated_r_mips32_code_pointer
sub_089BD528,0x089BD528,relocated_r_mips32_code_pointer
sub_089BD574,0x089BD574,relocated_r_mips32_code_pointer
sub_089BD5F4,0x089BD5F4,relocated_r_mips32_code_pointer
sub_089BDDC8,0x089BDDC8,direct_jal_target
sub_089BE0D4,0x089BE0D4,direct_jal_target
sub_089BE1F4,0x089BE1F4,direct_jal_target
sub_089BE5F0,0x089BE5F0,direct_jal_target
sub_089BE688,0x089BE688,relocated_r_mips32_code_pointer
sub_089BE6D0,0x089BE6D0,relocated_r_mips32_code_pointer
sub_089BE720,0x089BE720,relocated_r_mips32_code_pointer
sub_089BE770,0x089BE770,relocated_r_mips32_code_pointer
sub_089BE7F4,0x089BE7F4,relocated_r_mips32_code_pointer
sub_089BE83C,0x089BE83C,relocated_r_mips32_code_pointer
sub_089BE88C,0x089BE88C,relocated_r_mips32_code_pointer
sub_089BE8DC,0x089BE8DC,relocated_r_mips32_code_pointer
sub_089BE934,0x089BE934,relocated_r_mips32_code_pointer
sub_089BE958,0x089BE958,relocated_r_mips32_code_pointer
sub_089BE960,0x089BE960,relocated_r_mips32_code_pointer
sub_089BE9D4,0x089BE9D4,relocated_r_mips32_code_pointer
sub_089BEA74,0x089BEA74,relocated_r_mips32_code_pointer
sub_089BEA7C,0x089BEA7C,relocated_r_mips32_code_pointer
sub_089BEBE4,0x089BEBE4,direct_jal_target
sub_089BF4F0,0x089BF4F0,direct_jal_target
sub_089BF5E4,0x089BF5E4,direct_jal_target
sub_089BFE4C,0x089BFE4C,direct_jal_target
sub_089BFEB0,0x089BFEB0,direct_jal_target
sub_089C0000,0x089C0000,materialized_code_pointer
sub_089C00F8,0x089C00F8,direct_jal_target
sub_089C0144,0x089C0144,direct_jal_target
sub_089C0238,0x089C0238,direct_jal_target
sub_089C044C,0x089C044C,direct_jal_target
sub_089C05CC,0x089C05CC,direct_jal_target
sub_089C0664,0x089C0664,direct_jal_target
sub_089C0724,0x089C0724,relocated_r_mips32_code_pointer
sub_089C073C,0x089C073C,direct_jal_target
sub_089C0894,0x089C0894,direct_jal_target
sub_089C08EC,0x089C08EC,relocated_r_mips32_code_pointer
sub_089C0AE4,0x089C0AE4,direct_jal_target
sub_089C0AF8,0x089C0AF8,direct_jal_target
sub_089C0BB0,0x089C0BB0,direct_jal_target
sub_089C0CF8,0x089C0CF8,relocated_r_mips32_code_pointer
sub_089C0D74,0x089C0D74,relocated_r_mips32_code_pointer
sub_089C0DE8,0x089C0DE8,direct_jal_target
sub_089C0FE4,0x089C0FE4,direct_jal_target
sub_089C1054,0x089C1054,direct_jal_target
sub_089C106C,0x089C106C,direct_jal_target
sub_089C1094,0x089C1094,relocated_r_mips32_code_pointer
sub_089C10A4,0x089C10A4,relocated_r_mips32_code_pointer
sub_089C117C,0x089C117C,direct_jal_target
sub_089C1670,0x089C1670,relocated_r_mips32_code_pointer
sub_089C167C,0x089C167C,relocated_r_mips32_code_pointer
sub_089C1688,0x089C1688,direct_jal_target
sub_089C2128,0x089C2128,direct_jal_target
sub_089C2158,0x089C2158,relocated_r_mips32_code_pointer
sub_089C21B8,0x089C21B8,relocated_r_mips32_code_pointer
sub_089C21C8,0x089C21C8,relocated_r_mips32_code_pointer
sub_089C2324,0x089C2324,relocated_r_mips32_code_pointer
sub_089C23F4,0x089C23F4,relocated_r_mips32_code_pointer
sub_089C251C,0x089C251C,relocated_r_mips32_code_pointer
sub_089C2564,0x089C2564,direct_jal_target
sub_089C259C,0x089C259C,relocated_r_mips32_code_pointer
sub_089C25A8,0x089C25A8,relocated_r_mips32_code_pointer
sub_089C2600,0x089C2600,relocated_r_mips32_code_pointer
sub_089C2978,0x089C2978,relocated_r_mips32_code_pointer
sub_089C2B48,0x089C2B48,relocated_r_mips32_code_pointer
sub_089C2D78,0x089C2D78,direct_jal_target
sub_089C2DBC,0x089C2DBC,relocated_r_mips32_code_pointer
sub_089C2DCC,0x089C2DCC,relocated_r_mips32_code_pointer
sub_089C2E64,0x089C2E64,direct_jal_target
sub_089C2FFC,0x089C2FFC,direct_jal_target
sub_089C3164,0x089C3164,direct_jal_target
sub_089C3200,0x089C3200,direct_jal_target
sub_089C339C,0x089C339C,direct_jal_target
sub_089C34C0,0x089C34C0,direct_jal_target
sub_089C34F0,0x089C34F0,direct_jal_target
sub_089C3648,0x089C3648,direct_jal_target
sub_089C36A4,0x089C36A4,direct_jal_target
sub_089C3750,0x089C3750,direct_jal_target
sub_089C3894,0x089C3894,direct_jal_target
sub_089C38AC,0x089C38AC,direct_jal_target
sub_089C3970,0x089C3970,direct_jal_target
sub_089C3AE8,0x089C3AE8,direct_jal_target
sub_089C3BC8,0x089C3BC8,direct_jal_target
sub_089C3D1C,0x089C3D1C,direct_jal_target
sub_089C3FE4,0x089C3FE4,direct_jal_target
sub_089C40CC,0x089C40CC,direct_jal_target
sub_089C41C4,0x089C41C4,direct_jal_target
sub_089C438C,0x089C438C,direct_jal_target
sub_089C4414,0x089C4414,relocated_r_mips32_code_pointer
sub_089C44A0,0x089C44A0,direct_jal_target
sub_089C4620,0x089C4620,direct_jal_target
sub_089C47D8,0x089C47D8,direct_jal_target
sub_089C4998,0x089C4998,direct_jal_target
sub_089C49C4,0x089C49C4,direct_jal_target
sub_089C49F0,0x089C49F0,direct_jal_target
sub_089C4A58,0x089C4A58,direct_jal_target
sub_089C4AC0,0x089C4AC0,direct_jal_target
sub_089C4AD0,0x089C4AD0,direct_jal_target
sub_089C4B00,0x089C4B00,direct_jal_target
sub_089C4B30,0x089C4B30,direct_jal_target
sub_089C4B60,0x089C4B60,direct_jal_target
sub_089C4DA4,0x089C4DA4,relocated_r_mips32_code_pointer
sub_089C4DB0,0x089C4DB0,relocated_r_mips32_code_pointer
sub_089C4DBC,0x089C4DBC,direct_jal_target
sub_089C4E60,0x089C4E60,direct_jal_target
sub_089C4EB8,0x089C4EB8,direct_jal_target
sub_089C5280,0x089C5280,direct_jal_target
sub_089C54D0,0x089C54D0,direct_jal_target
sub_089C5520,0x089C5520,relocated_r_mips32_code_pointer
sub_089C5548,0x089C5548,relocated_r_mips32_code_pointer
sub_089C5558,0x089C5558,relocated_r_mips32_code_pointer
sub_089C5580,0x089C5580,relocated_r_mips32_code_pointer
sub_089C55EC,0x089C55EC,relocated_r_mips32_code_pointer
sub_089C565C,0x089C565C,relocated_r_mips32_code_pointer
sub_089C56D0,0x089C56D0,relocated_r_mips32_code_pointer
sub_089C5728,0x089C5728,relocated_r_mips32_code_pointer
sub_089C5764,0x089C5764,relocated_r_mips32_code_pointer
sub_089C5780,0x089C5780,direct_jal_target
sub_089C5874,0x089C5874,direct_jal_target
sub_089C58CC,0x089C58CC,relocated_r_mips32_code_pointer
sub_089C58E8,0x089C58E8,relocated_r_mips32_code_pointer
sub_089C5910,0x089C5910,relocated_r_mips32_code_pointer
sub_089C5958,0x089C5958,relocated_r_mips32_code_pointer
sub_089C59A8,0x089C59A8,relocated_r_mips32_code_pointer
sub_089C5A18,0x089C5A18,relocated_r_mips32_code_pointer
sub_089C5A78,0x089C5A78,relocated_r_mips32_code_pointer
sub_089C5ADC,0x089C5ADC,relocated_r_mips32_code_pointer
sub_089C5B34,0x089C5B34,relocated_r_mips32_code_pointer
sub_089C5B70,0x089C5B70,relocated_r_mips32_code_pointer
sub_089C5D1C,0x089C5D1C,direct_jal_target
sub_089C5F94,0x089C5F94,direct_jal_target
sub_089C60D4,0x089C60D4,direct_jal_target
sub_089C6110,0x089C6110,direct_jal_target
sub_089C614C,0x089C614C,direct_jal_target
sub_089C6188,0x089C6188,direct_jal_target
sub_089C61C4,0x089C61C4,direct_jal_target
sub_089C61CC,0x089C61CC,direct_jal_target
sub_089C62C0,0x089C62C0,direct_jal_target
sub_089C6300,0x089C6300,direct_jal_target
sub_089C63D4,0x089C63D4,direct_jal_target
sub_089C6414,0x089C6414,direct_jal_target
sub_089C64E8,0x089C64E8,direct_jal_target
sub_089C6528,0x089C6528,direct_jal_target
sub_089C65FC,0x089C65FC,direct_jal_target
sub_089C663C,0x089C663C,direct_jal_target
sub_089C66D0,0x089C66D0,direct_jal_target
sub_089C695C,0x089C695C,direct_jal_target
sub_089C6BC4,0x089C6BC4,direct_jal_target
sub_089C6C14,0x089C6C14,relocated_r_mips32_code_pointer
sub_089C6C6C,0x089C6C6C,relocated_r_mips32_code_pointer
sub_089C6C90,0x089C6C90,relocated_r_mips32_code_pointer
sub_089C6CC0,0x089C6CC0,relocated_r_mips32_code_pointer
sub_089C6CDC,0x089C6CDC,relocated_r_mips32_code_pointer
sub_089C6D38,0x089C6D38,relocated_r_mips32_code_pointer
sub_089C6DAC,0x089C6DAC,relocated_r_mips32_code_pointer
sub_089C6E08,0x089C6E08,relocated_r_mips32_code_pointer
sub_089C6E4C,0x089C6E4C,relocated_r_mips32_code_pointer
sub_089C71F4,0x089C71F4,direct_jal_target
sub_089C7378,0x089C7378,direct_jal_target
sub_089C75B4,0x089C75B4,direct_jal_target
sub_089C75CC,0x089C75CC,direct_jal_target
sub_089C7E6C,0x089C7E6C,direct_jal_target
sub_089C8280,0x089C8280,direct_jal_target
sub_089C82C8,0x089C82C8,relocated_r_mips32_code_pointer
sub_089C82E8,0x089C82E8,relocated_r_mips32_code_pointer
sub_089C831C,0x089C831C,relocated_r_mips32_code_pointer
sub_089C8338,0x089C8338,relocated_r_mips32_code_pointer
sub_089C8354,0x089C8354,relocated_r_mips32_code_pointer
sub_089C8370,0x089C8370,relocated_r_mips32_code_pointer
sub_089C8398,0x089C8398,relocated_r_mips32_code_pointer
sub_089C83CC,0x089C83CC,relocated_r_mips32_code_pointer
sub_089C8400,0x089C8400,relocated_r_mips32_code_pointer
sub_089C8424,0x089C8424,relocated_r_mips32_code_pointer
sub_089C8448,0x089C8448,relocated_r_mips32_code_pointer
sub_089C846C,0x089C846C,relocated_r_mips32_code_pointer
sub_089C87D0,0x089C87D0,direct_jal_target
sub_089C898C,0x089C898C,direct_jal_target
sub_089C89C0,0x089C89C0,relocated_r_mips32_code_pointer
sub_089C89D4,0x089C89D4,relocated_r_mips32_code_pointer
sub_089C89F8,0x089C89F8,relocated_r_mips32_code_pointer
sub_089C8A1C,0x089C8A1C,relocated_r_mips32_code_pointer
sub_089C8A40,0x089C8A40,relocated_r_mips32_code_pointer
sub_089C8A64,0x089C8A64,relocated_r_mips32_code_pointer
sub_089C8A84,0x089C8A84,relocated_r_mips32_code_pointer
sub_089C8AA4,0x089C8AA4,relocated_r_mips32_code_pointer
sub_089C8AC4,0x089C8AC4,relocated_r_mips32_code_pointer
sub_089C8ADC,0x089C8ADC,relocated_r_mips32_code_pointer
sub_089C8AF4,0x089C8AF4,relocated_r_mips32_code_pointer
sub_089C8B0C,0x089C8B0C,relocated_r_mips32_code_pointer
sub_089C8B3C,0x089C8B3C,direct_jal_target
sub_089C8CB0,0x089C8CB0,direct_jal_target
sub_089C95DC,0x089C95DC,direct_jal_target
sub_089C9D14,0x089C9D14,direct_jal_target
sub_089C9DD4,0x089C9DD4,direct_jal_target
sub_089C9E34,0x089C9E34,direct_jal_target
sub_089C9EF4,0x089C9EF4,direct_jal_target
sub_089C9F54,0x089C9F54,direct_jal_target
sub_089C9FB4,0x089C9FB4,direct_jal_target
sub_089CA580,0x089CA580,direct_jal_target
sub_089CAA8C,0x089CAA8C,direct_jal_target
sub_089CAB9C,0x089CAB9C,direct_jal_target
sub_089CB10C,0x089CB10C,direct_jal_target
sub_089CB870,0x089CB870,direct_jal_target
sub_089CBEFC,0x089CBEFC,direct_jal_target
sub_089CBF20,0x089CBF20,direct_jal_target
sub_089CBF40,0x089CBF40,direct_jal_target
sub_089CBF98,0x089CBF98,direct_jal_target
sub_089CBFC0,0x089CBFC0,direct_jal_target
sub_089CC010,0x089CC010,direct_jal_target
sub_089CC058,0x089CC058,direct_jal_target
sub_089CC0B8,0x089CC0B8,direct_jal_target
sub_089CC12C,0x089CC12C,direct_jal_target
sub_089CC278,0x089CC278,direct_jal_target
sub_089CC280,0x089CC280,direct_jal_target
sub_089CC288,0x089CC288,direct_jal_target
sub_089CC290,0x089CC290,direct_jal_target
sub_089CC324,0x089CC324,direct_jal_target
sub_089CC514,0x089CC514,direct_jal_target
sub_089CC554,0x089CC554,direct_jal_target
sub_089CC55C,0x089CC55C,direct_jal_target
sub_089CC694,0x089CC694,direct_jal_target
sub_089CC74C,0x089CC74C,direct_jal_target
sub_089CC7D4,0x089CC7D4,direct_jal_target
sub_089CC940,0x089CC940,direct_jal_target
sub_089CC9A8,0x089CC9A8,direct_jal_target
sub_089CC9B8,0x089CC9B8,relocated_r_mips32_code_pointer
sub_089CC9C8,0x089CC9C8,relocated_r_mips32_code_pointer
sub_089CC9D8,0x089CC9D8,direct_jal_target
sub_089CCA00,0x089CCA00,direct_jal_target
sub_089CCA60,0x089CCA60,relocated_r_mips32_code_pointer
sub_089CCA70,0x089CCA70,relocated_r_mips32_code_pointer
sub_089CCABC,0x089CCABC,direct_jal_target
sub_089CCACC,0x089CCACC,direct_jal_target
sub_089CCAD4,0x089CCAD4,relocated_r_mips32_code_pointer
sub_089CCADC,0x089CCADC,direct_jal_target
sub_089CCAE4,0x089CCAE4,materialized_code_pointer
sub_089CD108,0x089CD108,direct_jal_target
sub_089CD208,0x089CD208,direct_jal_target
sub_089CD284,0x089CD284,materialized_code_pointer
sub_089CD28C,0x089CD28C,materialized_code_pointer
sub_089CD294,0x089CD294,materialized_code_pointer
sub_089CD34C,0x089CD34C,materialized_code_pointer
sub_089CD59C,0x089CD59C,materialized_code_pointer
sub_089CD5F4,0x089CD5F4,materialized_code_pointer
sub_089CD6EC,0x089CD6EC,materialized_code_pointer
sub_089CD7C4,0x089CD7C4,direct_jal_target
sub_089CD8A4,0x089CD8A4,materialized_code_pointer
sub_089CD8EC,0x089CD8EC,materialized_code_pointer
sub_089CD944,0x089CD944,materialized_code_pointer
sub_089CDC2C,0x089CDC2C,direct_jal_target
sub_089CDC38,0x089CDC38,direct_jal_target
sub_089CDCB8,0x089CDCB8,direct_jal_target
sub_089CDF68,0x089CDF68,materialized_code_pointer
sub_089CE020,0x089CE020,materialized_code_pointer
sub_089CE05C,0x089CE05C,materialized_code_pointer
sub_089CE06C,0x089CE06C,materialized_code_pointer
sub_089CE07C,0x089CE07C,materialized_code_pointer
sub_089CE08C,0x089CE08C,materialized_code_pointer
sub_089CE094,0x089CE094,materialized_code_pointer
sub_089CE0A8,0x089CE0A8,direct_jal_target
sub_089CE1D8,0x089CE1D8,direct_jal_target
sub_089CE1F0,0x089CE1F0,direct_jal_target
sub_089CEA6C,0x089CEA6C,direct_jal_target
sub_089CFBFC,0x089CFBFC,direct_jal_target
sub_089CFF00,0x089CFF00,direct_jal_target
sub_089D0000,0x089D0000,materialized_code_pointer
sub_089D06F8,0x089D06F8,direct_jal_target
sub_089D0E2C,0x089D0E2C,direct_jal_target
sub_089D0FE0,0x089D0FE0,direct_jal_target
sub_089D1200,0x089D1200,direct_jal_target
sub_089D143C,0x089D143C,direct_jal_target
sub_089D157C,0x089D157C,materialized_code_pointer
sub_089D15C0,0x089D15C0,direct_jal_target
sub_089D17F4,0x089D17F4,direct_jal_target
sub_089D1DAC,0x089D1DAC,direct_jal_target
sub_089D1DB4,0x089D1DB4,direct_jal_target
sub_089D1F10,0x089D1F10,direct_jal_target
sub_089D2144,0x089D2144,direct_jal_target
sub_089D21A4,0x089D21A4,direct_jal_target
sub_089D25C0,0x089D25C0,direct_jal_target
sub_089D3CE0,0x089D3CE0,direct_jal_target
sub_089D4364,0x089D4364,materialized_code_pointer
sub_089D4460,0x089D4460,materialized_code_pointer
sub_089D4484,0x089D4484,materialized_code_pointer
sub_089D4548,0x089D4548,materialized_code_pointer
sub_089D45BC,0x089D45BC,materialized_code_pointer
sub_089D46BC,0x089D46BC,materialized_code_pointer
sub_089D4B7C,0x089D4B7C,direct_jal_target
sub_089D4E94,0x089D4E94,materialized_code_pointer
sub_089D4F5C,0x089D4F5C,direct_jal_target
sub_089D505C,0x089D505C,direct_jal_target
sub_089D5114,0x089D5114,direct_jal_target
sub_089D5148,0x089D5148,direct_jal_target
sub_089D5728,0x089D5728,direct_jal_target
sub_089D5730,0x089D5730,direct_jal_target
sub_089D573C,0x089D573C,direct_jal_target
sub_089D6D98,0x089D6D98,direct_jal_target
sub_089D72D0,0x089D72D0,materialized_code_pointer
sub_089D7614,0x089D7614,materialized_code_pointer
sub_089D793C,0x089D793C,direct_jal_target
sub_089D7E98,0x089D7E98,direct_jal_target
sub_089D8614,0x089D8614,direct_jal_target
sub_089DB704,0x089DB704,direct_jal_target
sub_089DB784,0x089DB784,direct_jal_target
sub_089DBFF8,0x089DBFF8,relocated_r_mips32_code_pointer
sub_089DC364,0x089DC364,relocated_r_mips32_code_pointer
sub_089DC3AC,0x089DC3AC,relocated_r_mips32_code_pointer
sub_089DC3E8,0x089DC3E8,relocated_r_mips32_code_pointer
sub_089DC57C,0x089DC57C,relocated_r_mips32_code_pointer
sub_089DC8BC,0x089DC8BC,relocated_r_mips32_code_pointer
sub_089DC9A8,0x089DC9A8,relocated_r_mips32_code_pointer
sub_089DCA5C,0x089DCA5C,relocated_r_mips32_code_pointer
sub_089DCB7C,0x089DCB7C,relocated_r_mips32_code_pointer
sub_089DCCAC,0x089DCCAC,relocated_r_mips32_code_pointer
sub_089DD018,0x089DD018,relocated_r_mips32_code_pointer
sub_089DD208,0x089DD208,direct_jal_target
sub_089DDB70,0x089DDB70,relocated_r_mips32_code_pointer
sub_089DDE0C,0x089DDE0C,relocated_r_mips32_code_pointer
sub_089DDEBC,0x089DDEBC,relocated_r_mips32_code_pointer
sub_089DE5CC,0x089DE5CC,relocated_r_mips32_code_pointer
sub_089DE764,0x089DE764,relocated_r_mips32_code_pointer
sub_089E0000,0x089E0000,materialized_code_pointer
sub_089E0100,0x089E0100,direct_jal_target
sub_089E05C8,0x089E05C8,materialized_code_pointer
sub_089E0B58,0x089E0B58,direct_jal_target
sub_089E0C00,0x089E0C00,direct_jal_target
sub_089E0C7C,0x089E0C7C,direct_jal_target
sub_089E0CC4,0x089E0CC4,direct_jal_target
sub_089E0CEC,0x089E0CEC,direct_jal_target
sub_089E0D28,0x089E0D28,direct_jal_target
sub_089E0D50,0x089E0D50,direct_jal_target
sub_089E0D58,0x089E0D58,direct_jal_target
sub_089E1064,0x089E1064,direct_jal_target
sub_089E12C4,0x089E12C4,direct_jal_target
sub_089E1634,0x089E1634,direct_jal_target
sub_089E1B04,0x089E1B04,materialized_code_pointer
sub_089E1B8C,0x089E1B8C,materialized_code_pointer
sub_089E1DF0,0x089E1DF0,direct_jal_target
sub_089E229C,0x089E229C,direct_jal_target
sub_089E259C,0x089E259C,direct_jal_target
sub_089E2CC8,0x089E2CC8,direct_jal_target
sub_089E2F88,0x089E2F88,direct_jal_target
sub_089E3150,0x089E3150,direct_jal_target
sub_089E315C,0x089E315C,direct_jal_target
sub_089E3388,0x089E3388,direct_jal_target
sub_089E3828,0x089E3828,direct_jal_target
sub_089E3B80,0x089E3B80,direct_jal_target
sub_089E4258,0x089E4258,direct_jal_target
sub_089E43F8,0x089E43F8,direct_jal_target
sub_089E4758,0x089E4758,direct_jal_target
sub_089E4BC8,0x089E4BC8,direct_jal_target
sub_089E553C,0x089E553C,direct_jal_target
sub_089E5754,0x089E5754,direct_jal_target
sub_089E5824,0x089E5824,direct_jal_target
sub_089E58EC,0x089E58EC,direct_jal_target
sub_089E5BC4,0x089E5BC4,direct_jal_target
sub_089E5CA8,0x089E5CA8,direct_jal_target
sub_089E6028,0x089E6028,direct_jal_target
sub_089E71D8,0x089E71D8,direct_jal_target
sub_089E7C5C,0x089E7C5C,direct_jal_target
sub_089E7C70,0x089E7C70,direct_jal_target
sub_089E8080,0x089E8080,direct_jal_target
sub_089E849C,0x089E849C,direct_jal_target
sub_089E8F40,0x089E8F40,direct_jal_target
sub_089E98D0,0x089E98D0,direct_jal_target
sub_089E9DCC,0x089E9DCC,direct_jal_target
sub_089E9EDC,0x089E9EDC,direct_jal_target
sub_089E9F10,0x089E9F10,direct_jal_target
sub_089E9F18,0x089E9F18,direct_jal_target
sub_089E9F3C,0x089E9F3C,direct_jal_target
sub_089E9F84,0x089E9F84,direct_jal_target
sub_089EA0A8,0x089EA0A8,direct_jal_target
sub_089EA0D0,0x089EA0D0,direct_jal_target
sub_089EA100,0x089EA100,direct_jal_target
sub_089EA1C8,0x089EA1C8,materialized_code_pointer
sub_089EA270,0x089EA270,materialized_code_pointer
sub_089EA290,0x089EA290,direct_jal_target
sub_089EA524,0x089EA524,relocated_r_mips32_code_pointer
sub_089EA574,0x089EA574,direct_jal_target
sub_089EA580,0x089EA580,direct_jal_target
sub_089EA63C,0x089EA63C,direct_jal_target
sub_089EA658,0x089EA658,direct_jal_target
sub_089EA664,0x089EA664,direct_jal_target
sub_089EA670,0x089EA670,direct_jal_target
sub_089EA67C,0x089EA67C,relocated_r_mips32_code_pointer
sub_089EA6C0,0x089EA6C0,direct_jal_target
sub_089EA720,0x089EA720,direct_jal_target
sub_089EA808,0x089EA808,direct_jal_target
sub_089EA8C4,0x089EA8C4,direct_jal_target
sub_089EA980,0x089EA980,direct_jal_target
sub_089EABD0,0x089EABD0,direct_jal_target
sub_089EAC0C,0x089EAC0C,direct_jal_target
sub_089EAC3C,0x089EAC3C,direct_jal_target
sub_089EACB4,0x089EACB4,direct_jal_target
sub_089EACC0,0x089EACC0,direct_jal_target
sub_089EAD44,0x089EAD44,direct_jal_target
sub_089EAF08,0x089EAF08,direct_jal_target
sub_089EAF3C,0x089EAF3C,direct_jal_target
sub_089EAF70,0x089EAF70,direct_jal_target
sub_089EB028,0x089EB028,direct_jal_target
sub_089EB068,0x089EB068,direct_jal_target
sub_089EB1BC,0x089EB1BC,direct_jal_target
sub_089EB25C,0x089EB25C,direct_jal_target
sub_089EB3D4,0x089EB3D4,direct_jal_target
sub_089EB464,0x089EB464,direct_jal_target
sub_089EB488,0x089EB488,direct_jal_target
sub_089EB4A8,0x089EB4A8,direct_jal_target
sub_089EB4C8,0x089EB4C8,direct_jal_target
sub_089EB4E8,0x089EB4E8,direct_jal_target
sub_089EB550,0x089EB550,direct_jal_target
sub_089EB574,0x089EB574,direct_jal_target
sub_089EB5CC,0x089EB5CC,direct_jal_target
sub_089EB5F0,0x089EB5F0,direct_jal_target
sub_089EB60C,0x089EB60C,direct_jal_target
sub_089EB628,0x089EB628,direct_jal_target
sub_089EB664,0x089EB664,direct_jal_target
sub_089EB6F4,0x089EB6F4,direct_jal_target
sub_089EB714,0x089EB714,direct_jal_target
sub_089EB780,0x089EB780,direct_jal_target
sub_089EB82C,0x089EB82C,direct_jal_target
sub_089EB854,0x089EB854,direct_jal_target
sub_089EB8B8,0x089EB8B8,direct_jal_target
sub_089EB980,0x089EB980,direct_jal_target
sub_089EB9BC,0x089EB9BC,direct_jal_target
sub_089EB9F8,0x089EB9F8,direct_jal_target
sub_089EBA7C,0x089EBA7C,direct_jal_target
sub_089EBBE8,0x089EBBE8,relocated_r_mips32_code_pointer
sub_089EBCA8,0x089EBCA8,direct_jal_target
sub_089EC314,0x089EC314,direct_jal_target
sub_089EC35C,0x089EC35C,direct_jal_target
sub_089EC42C,0x089EC42C,relocated_r_mips32_code_pointer
sub_089EC480,0x089EC480,direct_jal_target
sub_089EC4F8,0x089EC4F8,direct_jal_target
sub_089EC564,0x089EC564,direct_jal_target
sub_089EC59C,0x089EC59C,direct_jal_target
sub_089EC610,0x089EC610,direct_jal_target
sub_089EC728,0x089EC728,direct_jal_target
sub_089EC76C,0x089EC76C,direct_jal_target
sub_089EC7E4,0x089EC7E4,direct_jal_target
sub_089EC904,0x089EC904,direct_jal_target
sub_089ECBA4,0x089ECBA4,relocated_r_mips32_code_pointer
sub_089ECC88,0x089ECC88,direct_jal_target
sub_089ECC90,0x089ECC90,relocated_r_mips32_code_pointer
sub_089ECD18,0x089ECD18,relocated_r_mips32_code_pointer
sub_089ECD60,0x089ECD60,relocated_r_mips32_code_pointer
sub_089ECE20,0x089ECE20,direct_jal_target
sub_089ECEC0,0x089ECEC0,relocated_r_mips32_code_pointer
sub_089ECF80,0x089ECF80,relocated_r_mips32_code_pointer
sub_089ED024,0x089ED024,direct_jal_target
sub_089ED0E4,0x089ED0E4,direct_jal_target
sub_089ED320,0x089ED320,direct_jal_target
sub_089ED590,0x089ED590,direct_jal_target
sub_089ED6FC,0x089ED6FC,direct_jal_target
sub_089ED738,0x089ED738,direct_jal_target
sub_089ED780,0x089ED780,relocated_r_mips32_code_pointer
sub_089ED788,0x089ED788,relocated_r_mips32_code_pointer
sub_089ED7A4,0x089ED7A4,relocated_r_mips32_code_pointer
sub_089ED7AC,0x089ED7AC,relocated_r_mips32_code_pointer
sub_089ED7E0,0x089ED7E0,relocated_r_mips32_code_pointer
sub_089ED7F0,0x089ED7F0,direct_jal_target
sub_089ED858,0x089ED858,direct_jal_target
sub_089ED89C,0x089ED89C,direct_jal_target
sub_089ED8B4,0x089ED8B4,relocated_r_mips32_code_pointer
sub_089ED8D4,0x089ED8D4,relocated_r_mips32_code_pointer
sub_089ED8E8,0x089ED8E8,relocated_r_mips32_code_pointer
sub_089ED8F0,0x089ED8F0,direct_jal_target
sub_089ED96C,0x089ED96C,direct_jal_target
sub_089EDB54,0x089EDB54,direct_jal_target
sub_089EDB98,0x089EDB98,direct_jal_target
sub_089EDCA0,0x089EDCA0,direct_jal_target
sub_089EDD3C,0x089EDD3C,direct_jal_target
sub_089EDE00,0x089EDE00,direct_jal_target
sub_089EDF24,0x089EDF24,direct_jal_target
sub_089EDFC4,0x089EDFC4,direct_jal_target
sub_089EE00C,0x089EE00C,direct_jal_target
sub_089EE3C0,0x089EE3C0,direct_jal_target
sub_089EE3C8,0x089EE3C8,direct_jal_target
sub_089EE420,0x089EE420,relocated_r_mips32_code_pointer
sub_089EE4A0,0x089EE4A0,relocated_r_mips32_code_pointer
sub_089EE528,0x089EE528,relocated_r_mips32_code_pointer
sub_089EE56C,0x089EE56C,relocated_r_mips32_code_pointer
sub_089EE598,0x089EE598,relocated_r_mips32_code_pointer
sub_089EE5F0,0x089EE5F0,relocated_r_mips32_code_pointer
sub_089EE634,0x089EE634,relocated_r_mips32_code_pointer
sub_089EE660,0x089EE660,relocated_r_mips32_code_pointer
sub_089EE698,0x089EE698,relocated_r_mips32_code_pointer
sub_089EE6A8,0x089EE6A8,relocated_r_mips32_code_pointer
sub_089EE6D4,0x089EE6D4,relocated_r_mips32_code_pointer
sub_089EE740,0x089EE740,relocated_r_mips32_code_pointer
sub_089EE7BC,0x089EE7BC,relocated_r_mips32_code_pointer
sub_089EE7E8,0x089EE7E8,relocated_r_mips32_code_pointer
sub_089EE898,0x089EE898,direct_jal_target
sub_089EEA2C,0x089EEA2C,direct_jal_target
sub_089EEC28,0x089EEC28,direct_jal_target
sub_089EED70,0x089EED70,direct_jal_target
sub_089EEE90,0x089EEE90,relocated_r_mips32_code_pointer
sub_089EEF54,0x089EEF54,relocated_r_mips32_code_pointer
sub_089EEF70,0x089EEF70,relocated_r_mips32_code_pointer
sub_089EEF8C,0x089EEF8C,relocated_r_mips32_code_pointer
sub_089EEFE8,0x089EEFE8,relocated_r_mips32_code_pointer
sub_089EF01C,0x089EF01C,relocated_r_mips32_code_pointer
sub_089EF064,0x089EF064,relocated_r_mips32_code_pointer
sub_089EF098,0x089EF098,relocated_r_mips32_code_pointer
sub_089EF0B4,0x089EF0B4,relocated_r_mips32_code_pointer
sub_089EF0D0,0x089EF0D0,relocated_r_mips32_code_pointer
sub_089EF0F4,0x089EF0F4,relocated_r_mips32_code_pointer
sub_089EF134,0x089EF134,direct_jal_target
sub_089EF170,0x089EF170,direct_jal_target
sub_089EF2C8,0x089EF2C8,direct_jal_target
sub_089EF55C,0x089EF55C,direct_jal_target
sub_089EF6A4,0x089EF6A4,direct_jal_target
sub_089EF734,0x089EF734,direct_jal_target
sub_089EF7AC,0x089EF7AC,direct_jal_target
sub_089EF83C,0x089EF83C,direct_jal_target
sub_089EF868,0x089EF868,direct_jal_target
sub_089EFA6C,0x089EFA6C,direct_jal_target
sub_089EFCC0,0x089EFCC0,direct_jal_target
sub_089EFD10,0x089EFD10,relocated_r_mips32_code_pointer
sub_089EFD4C,0x089EFD4C,relocated_r_mips32_code_pointer
sub_089EFDDC,0x089EFDDC,relocated_r_mips32_code_pointer
sub_089EFE0C,0x089EFE0C,relocated_r_mips32_code_pointer
sub_089EFEDC,0x089EFEDC,relocated_r_mips32_code_pointer
sub_089EFFD8,0x089EFFD8,relocated_r_mips32_code_pointer
sub_089EFFE8,0x089EFFE8,relocated_r_mips32_code_pointer
sub_089F0000,0x089F0000,materialized_code_pointer
sub_089F0020,0x089F0020,relocated_r_mips32_code_pointer
sub_089F00BC,0x089F00BC,relocated_r_mips32_code_pointer
sub_089F014C,0x089F014C,relocated_r_mips32_code_pointer
sub_089F01B0,0x089F01B0,relocated_r_mips32_code_pointer
sub_089F022C,0x089F022C,relocated_r_mips32_code_pointer
sub_089F0340,0x089F0340,relocated_r_mips32_code_pointer
sub_089F03DC,0x089F03DC,relocated_r_mips32_code_pointer
sub_089F0448,0x089F0448,relocated_r_mips32_code_pointer
sub_089F0510,0x089F0510,relocated_r_mips32_code_pointer
sub_089F0554,0x089F0554,relocated_r_mips32_code_pointer
sub_089F0608,0x089F0608,relocated_r_mips32_code_pointer
sub_089F0694,0x089F0694,relocated_r_mips32_code_pointer
sub_089F0720,0x089F0720,relocated_r_mips32_code_pointer
sub_089F07B4,0x089F07B4,relocated_r_mips32_code_pointer
sub_089F0838,0x089F0838,relocated_r_mips32_code_pointer
sub_089F08B4,0x089F08B4,relocated_r_mips32_code_pointer
sub_089F0934,0x089F0934,relocated_r_mips32_code_pointer
sub_089F09C8,0x089F09C8,relocated_r_mips32_code_pointer
sub_089F0A34,0x089F0A34,relocated_r_mips32_code_pointer
sub_089F0A9C,0x089F0A9C,relocated_r_mips32_code_pointer
sub_089F0BF0,0x089F0BF0,relocated_r_mips32_code_pointer
sub_089F0CD4,0x089F0CD4,relocated_r_mips32_code_pointer
sub_089F0D24,0x089F0D24,relocated_r_mips32_code_pointer
sub_089F0DB4,0x089F0DB4,relocated_r_mips32_code_pointer
sub_089F0E14,0x089F0E14,relocated_r_mips32_code_pointer
sub_089F0ED0,0x089F0ED0,relocated_r_mips32_code_pointer
sub_089F0F08,0x089F0F08,relocated_r_mips32_code_pointer
sub_089F0F64,0x089F0F64,relocated_r_mips32_code_pointer
sub_089F10C4,0x089F10C4,relocated_r_mips32_code_pointer
sub_089F11A0,0x089F11A0,relocated_r_mips32_code_pointer
sub_089F1C8C,0x089F1C8C,relocated_r_mips32_code_pointer
sub_089F1CCC,0x089F1CCC,relocated_r_mips32_code_pointer
sub_089F1D44,0x089F1D44,relocated_r_mips32_code_pointer
sub_089F1D7C,0x089F1D7C,relocated_r_mips32_code_pointer
sub_089F1DF8,0x089F1DF8,relocated_r_mips32_code_pointer
sub_089F1EF8,0x089F1EF8,direct_jal_target
sub_089F2214,0x089F2214,direct_jal_target
sub_089F2258,0x089F2258,relocated_r_mips32_code_pointer
sub_089F2274,0x089F2274,relocated_r_mips32_code_pointer
sub_089F2280,0x089F2280,relocated_r_mips32_code_pointer
sub_089F22B4,0x089F22B4,relocated_r_mips32_code_pointer
sub_089F22E8,0x089F22E8,relocated_r_mips32_code_pointer
sub_089F231C,0x089F231C,relocated_r_mips32_code_pointer
sub_089F2364,0x089F2364,relocated_r_mips32_code_pointer
sub_089F2398,0x089F2398,relocated_r_mips32_code_pointer
sub_089F23D8,0x089F23D8,relocated_r_mips32_code_pointer
sub_089F2420,0x089F2420,relocated_r_mips32_code_pointer
sub_089F2454,0x089F2454,relocated_r_mips32_code_pointer
sub_089F267C,0x089F267C,direct_jal_target
sub_089F2854,0x089F2854,direct_jal_target
sub_089F2904,0x089F2904,direct_jal_target
sub_089F2CF0,0x089F2CF0,direct_jal_target
sub_089F2E18,0x089F2E18,direct_jal_target
sub_089F2E4C,0x089F2E4C,direct_jal_target
sub_089F2F34,0x089F2F34,direct_jal_target
sub_089F30DC,0x089F30DC,direct_jal_target
sub_089F3184,0x089F3184,direct_jal_target
sub_089F32CC,0x089F32CC,direct_jal_target
sub_089F3420,0x089F3420,direct_jal_target
sub_089F3A30,0x089F3A30,direct_jal_target
sub_089F3A78,0x089F3A78,direct_jal_target
sub_089F3DB8,0x089F3DB8,direct_jal_target
sub_089F3E30,0x089F3E30,direct_jal_target
sub_089F3E9C,0x089F3E9C,direct_jal_target
sub_089F4228,0x089F4228,direct_jal_target
sub_089F4488,0x089F4488,direct_jal_target
sub_089F4510,0x089F4510,direct_jal_target
sub_089F4598,0x089F4598,direct_jal_target
sub_089F4638,0x089F4638,direct_jal_target
sub_089F46D8,0x089F46D8,direct_jal_target
sub_089F4760,0x089F4760,direct_jal_target
sub_089F47E8,0x089F47E8,direct_jal_target
sub_089F48D0,0x089F48D0,direct_jal_target
sub_089F49A0,0x089F49A0,direct_jal_target
sub_089F49D0,0x089F49D0,direct_jal_target
sub_089F4A34,0x089F4A34,direct_jal_target
sub_089F4B0C,0x089F4B0C,direct_jal_target
sub_089F4B38,0x089F4B38,direct_jal_target
sub_089F4E1C,0x089F4E1C,direct_jal_target
sub_089F4F48,0x089F4F48,direct_jal_target
sub_089F506C,0x089F506C,direct_jal_target
sub_089F5204,0x089F5204,direct_jal_target
sub_089F520C,0x089F520C,direct_jal_target
sub_089F52AC,0x089F52AC,direct_jal_target
sub_089F52E0,0x089F52E0,direct_jal_target
sub_089F5338,0x089F5338,direct_jal_target
sub_089F5378,0x089F5378,relocated_r_mips32_code_pointer
sub_089F53CC,0x089F53CC,relocated_r_mips32_code_pointer
sub_089F53FC,0x089F53FC,relocated_r_mips32_code_pointer
sub_089F5410,0x089F5410,relocated_r_mips32_code_pointer
sub_089F5428,0x089F5428,relocated_r_mips32_code_pointer
sub_089F5444,0x089F5444,relocated_r_mips32_code_pointer
sub_089F545C,0x089F545C,relocated_r_mips32_code_pointer
sub_089F54CC,0x089F54CC,direct_jal_target
sub_089F551C,0x089F551C,direct_jal_target
sub_089F5524,0x089F5524,direct_jal_target
sub_089F552C,0x089F552C,direct_jal_target
sub_089F5534,0x089F5534,relocated_r_mips32_code_pointer
sub_089F5560,0x089F5560,direct_jal_target
sub_089F5EF8,0x089F5EF8,direct_jal_target
sub_089F5F18,0x089F5F18,direct_jal_target
sub_089F5FA0,0x089F5FA0,relocated_r_mips32_code_pointer
sub_089F5FEC,0x089F5FEC,relocated_r_mips32_code_pointer
sub_089F6034,0x089F6034,relocated_r_mips32_code_pointer
sub_089F60B0,0x089F60B0,relocated_r_mips32_code_pointer
sub_089F60D4,0x089F60D4,relocated_r_mips32_code_pointer
sub_089F60F8,0x089F60F8,relocated_r_mips32_code_pointer
sub_089F6124,0x089F6124,relocated_r_mips32_code_pointer
sub_089F6144,0x089F6144,relocated_r_mips32_code_pointer
sub_089F6170,0x089F6170,relocated_r_mips32_code_pointer
sub_089F61BC,0x089F61BC,relocated_r_mips32_code_pointer
sub_089F61D0,0x089F61D0,relocated_r_mips32_code_pointer
sub_089F621C,0x089F621C,relocated_r_mips32_code_pointer
sub_089F6230,0x089F6230,relocated_r_mips32_code_pointer
sub_089F6258,0x089F6258,relocated_r_mips32_code_pointer
sub_089F6280,0x089F6280,relocated_r_mips32_code_pointer
sub_089F62BC,0x089F62BC,relocated_r_mips32_code_pointer
sub_089F62E0,0x089F62E0,relocated_r_mips32_code_pointer
sub_089F62FC,0x089F62FC,relocated_r_mips32_code_pointer
sub_089F6318,0x089F6318,relocated_r_mips32_code_pointer
sub_089F6348,0x089F6348,relocated_r_mips32_code_pointer
sub_089F63A8,0x089F63A8,relocated_r_mips32_code_pointer
sub_089F6410,0x089F6410,relocated_r_mips32_code_pointer
sub_089F6454,0x089F6454,direct_jal_target
sub_089F67B8,0x089F67B8,relocated_r_mips32_code_pointer
sub_089F689C,0x089F689C,direct_jal_target
sub_089F69D0,0x089F69D0,direct_jal_target
sub_089F6A1C,0x089F6A1C,relocated_r_mips32_code_pointer
sub_089F6A74,0x089F6A74,relocated_r_mips32_code_pointer
sub_089F6AA0,0x089F6AA0,relocated_r_mips32_code_pointer
sub_089F6AB4,0x089F6AB4,relocated_r_mips32_code_pointer
sub_089F6ACC,0x089F6ACC,relocated_r_mips32_code_pointer
sub_089F6ADC,0x089F6ADC,relocated_r_mips32_code_pointer
sub_089F6AFC,0x089F6AFC,relocated_r_mips32_code_pointer
sub_089F6B18,0x089F6B18,relocated_r_mips32_code_pointer
sub_089F6B6C,0x089F6B6C,relocated_r_mips32_code_pointer
sub_089F6BCC,0x089F6BCC,relocated_r_mips32_code_pointer
sub_089F6BDC,0x089F6BDC,relocated_r_mips32_code_pointer
sub_089F6BF8,0x089F6BF8,relocated_r_mips32_code_pointer
sub_089F6C0C,0x089F6C0C,relocated_r_mips32_code_pointer
sub_089F6C3C,0x089F6C3C,relocated_r_mips32_code_pointer
sub_089F6C58,0x089F6C58,relocated_r_mips32_code_pointer
sub_089F6C6C,0x089F6C6C,relocated_r_mips32_code_pointer
sub_089F6C84,0x089F6C84,relocated_r_mips32_code_pointer
sub_089F6CD0,0x089F6CD0,relocated_r_mips32_code_pointer
sub_089F6CF8,0x089F6CF8,relocated_r_mips32_code_pointer
sub_089F6D10,0x089F6D10,relocated_r_mips32_code_pointer
sub_089F6D1C,0x089F6D1C,relocated_r_mips32_code_pointer
sub_089F6D40,0x089F6D40,relocated_r_mips32_code_pointer
sub_089F6D88,0x089F6D88,relocated_r_mips32_code_pointer
sub_089F6DC4,0x089F6DC4,relocated_r_mips32_code_pointer
sub_089F6E0C,0x089F6E0C,relocated_r_mips32_code_pointer
sub_089F6E1C,0x089F6E1C,relocated_r_mips32_code_pointer
sub_089F6E38,0x089F6E38,relocated_r_mips32_code_pointer
sub_089F6E48,0x089F6E48,relocated_r_mips32_code_pointer
sub_089F6E64,0x089F6E64,relocated_r_mips32_code_pointer
sub_089F6E78,0x089F6E78,relocated_r_mips32_code_pointer
sub_089F6E88,0x089F6E88,relocated_r_mips32_code_pointer
sub_089F6E98,0x089F6E98,relocated_r_mips32_code_pointer
sub_089F6EA8,0x089F6EA8,relocated_r_mips32_code_pointer
sub_089F6EB8,0x089F6EB8,relocated_r_mips32_code_pointer
sub_089F6EC8,0x089F6EC8,relocated_r_mips32_code_pointer
sub_089F6ED8,0x089F6ED8,relocated_r_mips32_code_pointer
sub_089F6EEC,0x089F6EEC,relocated_r_mips32_code_pointer
sub_089F6F00,0x089F6F00,relocated_r_mips32_code_pointer
sub_089F6F10,0x089F6F10,relocated_r_mips32_code_pointer
sub_089F6F24,0x089F6F24,relocated_r_mips32_code_pointer
sub_089F6F34,0x089F6F34,relocated_r_mips32_code_pointer
sub_089F700C,0x089F700C,direct_jal_target
sub_089F720C,0x089F720C,direct_jal_target
sub_089F7D04,0x089F7D04,direct_jal_target
sub_089F7D7C,0x089F7D7C,relocated_r_mips32_code_pointer
sub_089F7EBC,0x089F7EBC,direct_jal_target
sub_089F7FC4,0x089F7FC4,relocated_r_mips32_code_pointer
sub_089F814C,0x089F814C,direct_jal_target
sub_089F8210,0x089F8210,direct_jal_target
sub_089F83A4,0x089F83A4,direct_jal_target
sub_089F8604,0x089F8604,direct_jal_target
sub_089F878C,0x089F878C,direct_jal_target
sub_089F8814,0x089F8814,direct_jal_target
sub_089F8848,0x089F8848,direct_jal_target
sub_089F88A0,0x089F88A0,direct_jal_target
sub_089F88E0,0x089F88E0,relocated_r_mips32_code_pointer
sub_089F8934,0x089F8934,relocated_r_mips32_code_pointer
sub_089F8964,0x089F8964,relocated_r_mips32_code_pointer
sub_089F8978,0x089F8978,relocated_r_mips32_code_pointer
sub_089F8990,0x089F8990,relocated_r_mips32_code_pointer
sub_089F89AC,0x089F89AC,relocated_r_mips32_code_pointer
sub_089F89C4,0x089F89C4,relocated_r_mips32_code_pointer
sub_089F89DC,0x089F89DC,direct_jal_target
sub_089F8A68,0x089F8A68,direct_jal_target
sub_089F8B80,0x089F8B80,materialized_code_pointer
sub_089F8C50,0x089F8C50,direct_jal_target
sub_089F8D74,0x089F8D74,direct_jal_target
sub_089F8E4C,0x089F8E4C,direct_jal_target
sub_089F8FAC,0x089F8FAC,direct_jal_target
sub_089F9138,0x089F9138,direct_jal_target
sub_089F92D0,0x089F92D0,relocated_r_mips32_code_pointer
sub_089F934C,0x089F934C,direct_jal_target
sub_089F9358,0x089F9358,relocated_r_mips32_code_pointer
sub_089F93A4,0x089F93A4,relocated_r_mips32_code_pointer
sub_089F9404,0x089F9404,relocated_r_mips32_code_pointer
sub_089F9410,0x089F9410,relocated_r_mips32_code_pointer
sub_089F9440,0x089F9440,relocated_r_mips32_code_pointer
sub_089F9584,0x089F9584,direct_jal_target
sub_089F958C,0x089F958C,relocated_r_mips32_code_pointer
sub_089F95C0,0x089F95C0,direct_jal_target
sub_089F9D1C,0x089F9D1C,direct_jal_target
sub_089F9EC0,0x089F9EC0,materialized_code_pointer
sub_089FA024,0x089FA024,direct_jal_target
sub_089FA154,0x089FA154,direct_jal_target
sub_089FA21C,0x089FA21C,direct_jal_target
sub_089FA30C,0x089FA30C,direct_jal_target
sub_089FA3B0,0x089FA3B0,direct_jal_target
sub_089FA454,0x089FA454,direct_jal_target
sub_089FA4D8,0x089FA4D8,direct_jal_target
sub_089FA4E8,0x089FA4E8,direct_jal_target
sub_089FA52C,0x089FA52C,direct_jal_target
sub_089FA534,0x089FA534,direct_jal_target
sub_089FA554,0x089FA554,relocated_r_mips32_code_pointer
sub_089FA604,0x089FA604,direct_jal_target
sub_089FA61C,0x089FA61C,direct_jal_target
sub_089FA64C,0x089FA64C,direct_jal_target
sub_089FA6F4,0x089FA6F4,direct_jal_target
sub_089FA710,0x089FA710,direct_jal_target
sub_089FA77C,0x089FA77C,direct_jal_target
sub_089FA83C,0x089FA83C,direct_jal_target
sub_089FA848,0x089FA848,direct_jal_target
sub_089FA938,0x089FA938,direct_jal_target
sub_089FAA70,0x089FAA70,direct_jal_target
sub_089FAAA4,0x089FAAA4,direct_jal_target
sub_089FAB34,0x089FAB34,direct_jal_target
sub_089FAB80,0x089FAB80,direct_jal_target
sub_089FAF60,0x089FAF60,direct_jal_target
sub_089FB018,0x089FB018,direct_jal_target
sub_089FB040,0x089FB040,direct_jal_target
sub_089FB18C,0x089FB18C,direct_jal_target
sub_089FB1AC,0x089FB1AC,direct_jal_target
sub_089FB1D0,0x089FB1D0,direct_jal_target
sub_089FB1F8,0x089FB1F8,direct_jal_target
sub_089FB42C,0x089FB42C,direct_jal_target
sub_089FB998,0x089FB998,direct_jal_target
sub_089FBA80,0x089FBA80,direct_jal_target
sub_089FBB04,0x089FBB04,direct_jal_target
sub_089FBC40,0x089FBC40,direct_jal_target
sub_089FBF40,0x089FBF40,direct_jal_target
sub_089FBFF8,0x089FBFF8,direct_jal_target
sub_089FC034,0x089FC034,direct_jal_target
sub_089FC0B0,0x089FC0B0,direct_jal_target
sub_089FC0F8,0x089FC0F8,direct_jal_target
sub_089FC17C,0x089FC17C,direct_jal_target
sub_089FC1A0,0x089FC1A0,direct_jal_target
sub_089FC1B8,0x089FC1B8,direct_jal_target
sub_089FC224,0x089FC224,direct_jal_target
sub_089FC250,0x089FC250,direct_jal_target
sub_089FC7C0,0x089FC7C0,direct_jal_target
sub_089FC814,0x089FC814,direct_jal_target
sub_089FC9DC,0x089FC9DC,materialized_code_pointer
sub_089FCA18,0x089FCA18,direct_jal_target
sub_089FCBA4,0x089FCBA4,direct_jal_target
sub_089FCC00,0x089FCC00,direct_jal_target
sub_089FCC64,0x089FCC64,direct_jal_target
sub_089FCCD0,0x089FCCD0,direct_jal_target
sub_089FCD30,0x089FCD30,direct_jal_target
sub_089FCDB8,0x089FCDB8,direct_jal_target
sub_089FCE7C,0x089FCE7C,direct_jal_target
sub_089FCF18,0x089FCF18,direct_jal_target
sub_089FCFAC,0x089FCFAC,direct_jal_target
sub_089FD010,0x089FD010,direct_jal_target
sub_089FD094,0x089FD094,direct_jal_target
sub_089FD10C,0x089FD10C,materialized_code_pointer
sub_089FD114,0x089FD114,direct_jal_target
sub_089FD21C,0x089FD21C,direct_jal_target
sub_089FD2B8,0x089FD2B8,direct_jal_target
sub_089FD364,0x089FD364,direct_jal_target
sub_089FD464,0x089FD464,direct_jal_target
sub_089FD4D8,0x089FD4D8,direct_jal_target
sub_089FD4F4,0x089FD4F4,direct_jal_target
sub_089FD58C,0x089FD58C,direct_jal_target
sub_089FD5F8,0x089FD5F8,direct_jal_target
sub_089FD628,0x089FD628,relocated_r_mips32_code_pointer
sub_089FD63C,0x089FD63C,relocated_r_mips32_code_pointer
sub_089FD648,0x089FD648,relocated_r_mips32_code_pointer
sub_089FD654,0x089FD654,relocated_r_mips32_code_pointer
sub_089FD660,0x089FD660,relocated_r_mips32_code_pointer
sub_089FD66C,0x089FD66C,relocated_r_mips32_code_pointer
sub_089FD678,0x089FD678,relocated_r_mips32_code_pointer
sub_089FD684,0x089FD684,relocated_r_mips32_code_pointer
sub_089FD690,0x089FD690,relocated_r_mips32_code_pointer
sub_089FD69C,0x089FD69C,relocated_r_mips32_code_pointer
sub_089FD6A8,0x089FD6A8,relocated_r_mips32_code_pointer
sub_089FD6B4,0x089FD6B4,relocated_r_mips32_code_pointer
sub_089FD6C0,0x089FD6C0,relocated_r_mips32_code_pointer
sub_089FD6CC,0x089FD6CC,relocated_r_mips32_code_pointer
sub_089FD6D8,0x089FD6D8,relocated_r_mips32_code_pointer
sub_089FD6E4,0x089FD6E4,relocated_r_mips32_code_pointer
sub_089FD6F0,0x089FD6F0,relocated_r_mips32_code_pointer
sub_089FD6FC,0x089FD6FC,relocated_r_mips32_code_pointer
sub_089FD708,0x089FD708,relocated_r_mips32_code_pointer
sub_089FD714,0x089FD714,relocated_r_mips32_code_pointer
sub_089FD720,0x089FD720,relocated_r_mips32_code_pointer
sub_089FD72C,0x089FD72C,relocated_r_mips32_code_pointer
sub_089FD738,0x089FD738,relocated_r_mips32_code_pointer
sub_089FD744,0x089FD744,relocated_r_mips32_code_pointer
sub_089FD750,0x089FD750,relocated_r_mips32_code_pointer
sub_089FD75C,0x089FD75C,relocated_r_mips32_code_pointer
sub_089FD768,0x089FD768,relocated_r_mips32_code_pointer
sub_089FD774,0x089FD774,relocated_r_mips32_code_pointer
sub_089FD780,0x089FD780,relocated_r_mips32_code_pointer
sub_089FD78C,0x089FD78C,relocated_r_mips32_code_pointer
sub_089FD798,0x089FD798,relocated_r_mips32_code_pointer
sub_089FD7A4,0x089FD7A4,relocated_r_mips32_code_pointer
sub_089FD7B0,0x089FD7B0,relocated_r_mips32_code_pointer
sub_089FD7BC,0x089FD7BC,relocated_r_mips32_code_pointer
sub_089FD7C8,0x089FD7C8,relocated_r_mips32_code_pointer
sub_089FD7D4,0x089FD7D4,relocated_r_mips32_code_pointer
sub_089FD7E0,0x089FD7E0,relocated_r_mips32_code_pointer
sub_089FD7EC,0x089FD7EC,relocated_r_mips32_code_pointer
sub_089FD7F8,0x089FD7F8,relocated_r_mips32_code_pointer
sub_089FD804,0x089FD804,relocated_r_mips32_code_pointer
sub_089FD810,0x089FD810,relocated_r_mips32_code_pointer
sub_089FD81C,0x089FD81C,relocated_r_mips32_code_pointer
sub_089FD828,0x089FD828,relocated_r_mips32_code_pointer
sub_089FD834,0x089FD834,relocated_r_mips32_code_pointer
sub_089FD840,0x089FD840,relocated_r_mips32_code_pointer
sub_089FD84C,0x089FD84C,relocated_r_mips32_code_pointer
sub_089FD858,0x089FD858,relocated_r_mips32_code_pointer
sub_089FD864,0x089FD864,relocated_r_mips32_code_pointer
sub_089FD870,0x089FD870,relocated_r_mips32_code_pointer
sub_089FD87C,0x089FD87C,relocated_r_mips32_code_pointer
sub_089FD888,0x089FD888,relocated_r_mips32_code_pointer
sub_089FD894,0x089FD894,relocated_r_mips32_code_pointer
sub_089FD8A0,0x089FD8A0,relocated_r_mips32_code_pointer
sub_089FD8AC,0x089FD8AC,relocated_r_mips32_code_pointer
sub_089FD8B8,0x089FD8B8,relocated_r_mips32_code_pointer
sub_089FD8C4,0x089FD8C4,relocated_r_mips32_code_pointer
sub_089FD8D0,0x089FD8D0,relocated_r_mips32_code_pointer
sub_089FD8DC,0x089FD8DC,relocated_r_mips32_code_pointer
sub_089FD8E8,0x089FD8E8,relocated_r_mips32_code_pointer
sub_089FD8F4,0x089FD8F4,relocated_r_mips32_code_pointer
sub_089FD900,0x089FD900,relocated_r_mips32_code_pointer
sub_089FD90C,0x089FD90C,relocated_r_mips32_code_pointer
sub_089FD918,0x089FD918,relocated_r_mips32_code_pointer
sub_089FD924,0x089FD924,relocated_r_mips32_code_pointer
sub_089FD930,0x089FD930,relocated_r_mips32_code_pointer
sub_089FD93C,0x089FD93C,relocated_r_mips32_code_pointer
sub_089FD948,0x089FD948,relocated_r_mips32_code_pointer
sub_089FD954,0x089FD954,relocated_r_mips32_code_pointer
sub_089FD960,0x089FD960,relocated_r_mips32_code_pointer
sub_089FD96C,0x089FD96C,relocated_r_mips32_code_pointer
sub_089FD978,0x089FD978,relocated_r_mips32_code_pointer
sub_089FD984,0x089FD984,relocated_r_mips32_code_pointer
sub_089FD990,0x089FD990,relocated_r_mips32_code_pointer
sub_089FD99C,0x089FD99C,relocated_r_mips32_code_pointer
sub_089FD9A8,0x089FD9A8,relocated_r_mips32_code_pointer
sub_089FD9B4,0x089FD9B4,relocated_r_mips32_code_pointer
sub_089FD9C0,0x089FD9C0,relocated_r_mips32_code_pointer
sub_089FD9CC,0x089FD9CC,relocated_r_mips32_code_pointer
sub_089FD9D8,0x089FD9D8,relocated_r_mips32_code_pointer
sub_089FD9E4,0x089FD9E4,relocated_r_mips32_code_pointer
sub_089FD9F0,0x089FD9F0,relocated_r_mips32_code_pointer
sub_089FD9FC,0x089FD9FC,relocated_r_mips32_code_pointer
sub_089FDA08,0x089FDA08,relocated_r_mips32_code_pointer
sub_089FDA14,0x089FDA14,relocated_r_mips32_code_pointer
sub_089FDA20,0x089FDA20,relocated_r_mips32_code_pointer
sub_089FDA3C,0x089FDA3C,relocated_r_mips32_code_pointer
sub_089FDA48,0x089FDA48,direct_jal_target
sub_089FDA60,0x089FDA60,direct_jal_target
sub_089FDB3C,0x089FDB3C,direct_jal_target
sub_089FDC58,0x089FDC58,direct_jal_target
sub_089FDDE0,0x089FDDE0,direct_jal_target
sub_089FDE58,0x089FDE58,direct_jal_target
sub_089FDEC0,0x089FDEC0,direct_jal_target
sub_089FDF1C,0x089FDF1C,direct_jal_target
sub_089FDF98,0x089FDF98,relocated_r_mips32_code_pointer
sub_089FDFA0,0x089FDFA0,relocated_r_mips32_code_pointer
sub_089FDFB8,0x089FDFB8,relocated_r_mips32_code_pointer
sub_089FE018,0x089FE018,relocated_r_mips32_code_pointer
sub_089FEF70,0x089FEF70,relocated_r_mips32_code_pointer
sub_089FEF80,0x089FEF80,direct_jal_target
sub_089FEFE4,0x089FEFE4,direct_jal_target
sub_089FF1A8,0x089FF1A8,direct_jal_target
sub_089FF1DC,0x089FF1DC,direct_jal_target
sub_089FF388,0x089FF388,direct_jal_target
sub_089FF3BC,0x089FF3BC,direct_jal_target
sub_089FF3D8,0x089FF3D8,direct_jal_target
sub_089FF3E0,0x089FF3E0,direct_jal_target
sub_089FF42C,0x089FF42C,direct_jal_target
sub_089FF4D4,0x089FF4D4,direct_jal_target
sub_089FF54C,0x089FF54C,direct_jal_target
sub_089FF6C8,0x089FF6C8,relocated_r_mips32_code_pointer
sub_089FF6E8,0x089FF6E8,relocated_r_mips32_code_pointer
sub_089FF6FC,0x089FF6FC,relocated_r_mips32_code_pointer
sub_089FF720,0x089FF720,relocated_r_mips32_code_pointer
sub_089FF734,0x089FF734,relocated_r_mips32_code_pointer
sub_089FF740,0x089FF740,relocated_r_mips32_code_pointer
sub_089FF7B4,0x089FF7B4,relocated_r_mips32_code_pointer
sub_089FF7C8,0x089FF7C8,relocated_r_mips32_code_pointer
sub_089FF800,0x089FF800,relocated_r_mips32_code_pointer
sub_089FF80C,0x089FF80C,relocated_r_mips32_code_pointer
sub_089FFF78,0x089FFF78,relocated_r_mips32_code_pointer
sub_089FFF84,0x089FFF84,relocated_r_mips32_code_pointer
sub_08A00000,0x08A00000,materialized_code_pointer
sub_08A00004,0x08A00004,materialized_code_pointer
sub_08A00014,0x08A00014,relocated_r_mips32_code_pointer
sub_08A00020,0x08A00020,relocated_r_mips32_code_pointer
sub_08A0009C,0x08A0009C,relocated_r_mips32_code_pointer
sub_08A00150,0x08A00150,relocated_r_mips32_code_pointer
sub_08A001D0,0x08A001D0,relocated_r_mips32_code_pointer
sub_08A001E0,0x08A001E0,relocated_r_mips32_code_pointer
sub_08A00210,0x08A00210,relocated_r_mips32_code_pointer
sub_08A002A8,0x08A002A8,relocated_r_mips32_code_pointer
sub_08A002E0,0x08A002E0,relocated_r_mips32_code_pointer
sub_08A002F0,0x08A002F0,relocated_r_mips32_code_pointer
sub_08A00458,0x08A00458,relocated_r_mips32_code_pointer
sub_08A00498,0x08A00498,relocated_r_mips32_code_pointer
sub_08A004E0,0x08A004E0,direct_jal_target
sub_08A0052C,0x08A0052C,direct_jal_target
sub_08A005D4,0x08A005D4,direct_jal_target
sub_08A0064C,0x08A0064C,direct_jal_target
sub_08A007F0,0x08A007F0,relocated_r_mips32_code_pointer
sub_08A00810,0x08A00810,relocated_r_mips32_code_pointer
sub_08A00824,0x08A00824,relocated_r_mips32_code_pointer
sub_08A0084C,0x08A0084C,relocated_r_mips32_code_pointer
sub_08A00860,0x08A00860,relocated_r_mips32_code_pointer
sub_08A0086C,0x08A0086C,relocated_r_mips32_code_pointer
sub_08A008E0,0x08A008E0,relocated_r_mips32_code_pointer
sub_08A008F4,0x08A008F4,relocated_r_mips32_code_pointer
sub_08A0092C,0x08A0092C,relocated_r_mips32_code_pointer
sub_08A00938,0x08A00938,relocated_r_mips32_code_pointer
sub_08A0185C,0x08A0185C,relocated_r_mips32_code_pointer
sub_08A01870,0x08A01870,relocated_r_mips32_code_pointer
sub_08A0187C,0x08A0187C,relocated_r_mips32_code_pointer
sub_08A0190C,0x08A0190C,relocated_r_mips32_code_pointer
sub_08A01918,0x08A01918,relocated_r_mips32_code_pointer
sub_08A01994,0x08A01994,relocated_r_mips32_code_pointer
sub_08A01A48,0x08A01A48,relocated_r_mips32_code_pointer
sub_08A01AC8,0x08A01AC8,relocated_r_mips32_code_pointer
sub_08A01D18,0x08A01D18,relocated_r_mips32_code_pointer
sub_08A01D28,0x08A01D28,relocated_r_mips32_code_pointer
sub_08A01D58,0x08A01D58,relocated_r_mips32_code_pointer
sub_08A01DF4,0x08A01DF4,relocated_r_mips32_code_pointer
sub_08A01E2C,0x08A01E2C,relocated_r_mips32_code_pointer
sub_08A01E3C,0x08A01E3C,relocated_r_mips32_code_pointer
sub_08A01FA4,0x08A01FA4,relocated_r_mips32_code_pointer
sub_08A01FE4,0x08A01FE4,relocated_r_mips32_code_pointer
sub_08A0202C,0x08A0202C,direct_jal_target
sub_08A021F4,0x08A021F4,direct_jal_target
sub_08A02394,0x08A02394,direct_jal_target
sub_08A0240C,0x08A0240C,relocated_r_mips32_code_pointer
sub_08A024D0,0x08A024D0,relocated_r_mips32_code_pointer
sub_08A024D8,0x08A024D8,relocated_r_mips32_code_pointer
sub_08A024E4,0x08A024E4,relocated_r_mips32_code_pointer
sub_08A02500,0x08A02500,relocated_r_mips32_code_pointer
sub_08A02504,0x08A02504,relocated_r_mips32_code_pointer
sub_08A025A8,0x08A025A8,relocated_r_mips32_code_pointer
sub_08A02750,0x08A02750,relocated_r_mips32_code_pointer
sub_08A0289C,0x08A0289C,relocated_r_mips32_code_pointer
sub_08A02B7C,0x08A02B7C,relocated_r_mips32_code_pointer
sub_08A02BCC,0x08A02BCC,relocated_r_mips32_code_pointer
sub_08A02C28,0x08A02C28,relocated_r_mips32_code_pointer
sub_08A02DB0,0x08A02DB0,relocated_r_mips32_code_pointer
sub_08A02DC4,0x08A02DC4,relocated_r_mips32_code_pointer
sub_08A02DEC,0x08A02DEC,relocated_r_mips32_code_pointer
sub_08A02E18,0x08A02E18,relocated_r_mips32_code_pointer
sub_08A02E30,0x08A02E30,relocated_r_mips32_code_pointer
sub_08A02E50,0x08A02E50,relocated_r_mips32_code_pointer
sub_08A02EB0,0x08A02EB0,relocated_r_mips32_code_pointer
sub_08A02EBC,0x08A02EBC,relocated_r_mips32_code_pointer
sub_08A02EF8,0x08A02EF8,relocated_r_mips32_code_pointer
sub_08A030BC,0x08A030BC,relocated_r_mips32_code_pointer
sub_08A030D0,0x08A030D0,relocated_r_mips32_code_pointer
sub_08A030E8,0x08A030E8,relocated_r_mips32_code_pointer
sub_08A03168,0x08A03168,relocated_r_mips32_code_pointer
sub_08A0316C,0x08A0316C,relocated_r_mips32_code_pointer
sub_08A03188,0x08A03188,relocated_r_mips32_code_pointer
sub_08A03194,0x08A03194,relocated_r_mips32_code_pointer
sub_08A03198,0x08A03198,relocated_r_mips32_code_pointer
sub_08A031B4,0x08A031B4,relocated_r_mips32_code_pointer
sub_08A031B8,0x08A031B8,relocated_r_mips32_code_pointer
sub_08A031C0,0x08A031C0,relocated_r_mips32_code_pointer
sub_08A031DC,0x08A031DC,relocated_r_mips32_code_pointer
sub_08A031E4,0x08A031E4,relocated_r_mips32_code_pointer
sub_08A0320C,0x08A0320C,relocated_r_mips32_code_pointer
sub_08A03224,0x08A03224,relocated_r_mips32_code_pointer
sub_08A03240,0x08A03240,relocated_r_mips32_code_pointer
sub_08A032BC,0x08A032BC,relocated_r_mips32_code_pointer
sub_08A032D8,0x08A032D8,relocated_r_mips32_code_pointer
sub_08A032F4,0x08A032F4,relocated_r_mips32_code_pointer
sub_08A0331C,0x08A0331C,relocated_r_mips32_code_pointer
sub_08A033A8,0x08A033A8,direct_jal_target
sub_08A03480,0x08A03480,direct_jal_target
sub_08A03540,0x08A03540,direct_jal_target
sub_08A035F0,0x08A035F0,direct_jal_target
sub_08A036FC,0x08A036FC,direct_jal_target
sub_08A0379C,0x08A0379C,direct_jal_target
sub_08A03930,0x08A03930,direct_jal_target
sub_08A03D90,0x08A03D90,direct_jal_target
sub_08A03EA4,0x08A03EA4,direct_jal_target
sub_08A040E8,0x08A040E8,direct_jal_target
sub_08A043D0,0x08A043D0,relocated_r_mips32_code_pointer
sub_08A052C0,0x08A052C0,relocated_r_mips32_code_pointer
sub_08A052C4,0x08A052C4,relocated_r_mips32_code_pointer
sub_08A052E0,0x08A052E0,relocated_r_mips32_code_pointer
sub_08A052E4,0x08A052E4,relocated_r_mips32_code_pointer
sub_08A05474,0x08A05474,direct_jal_target
sub_08A0547C,0x08A0547C,direct_jal_target
sub_08A05484,0x08A05484,direct_jal_target
sub_08A05578,0x08A05578,direct_jal_target
sub_08A055D0,0x08A055D0,direct_jal_target
sub_08A05728,0x08A05728,direct_jal_target
sub_08A0576C,0x08A0576C,direct_jal_target
sub_08A057F0,0x08A057F0,direct_jal_target
sub_08A0590C,0x08A0590C,direct_jal_target
sub_08A05B90,0x08A05B90,direct_jal_target
sub_08A05CD4,0x08A05CD4,direct_jal_target
sub_08A05DDC,0x08A05DDC,direct_jal_target
sub_08A05E04,0x08A05E04,direct_jal_target
sub_08A05EA4,0x08A05EA4,direct_jal_target
sub_08A05EDC,0x08A05EDC,direct_jal_target
sub_08A05EFC,0x08A05EFC,direct_jal_target
sub_08A06054,0x08A06054,direct_jal_target
sub_08A06104,0x08A06104,direct_jal_target
sub_08A06144,0x08A06144,direct_jal_target
sub_08A061FC,0x08A061FC,direct_jal_target
sub_08A06228,0x08A06228,direct_jal_target
sub_08A06338,0x08A06338,direct_jal_target
sub_08A06458,0x08A06458,direct_jal_target
sub_08A064D8,0x08A064D8,direct_jal_target
sub_08A06590,0x08A06590,direct_jal_target
sub_08A065C4,0x08A065C4,direct_jal_target
sub_08A067DC,0x08A067DC,direct_jal_target
sub_08A068F4,0x08A068F4,direct_jal_target
sub_08A06A2C,0x08A06A2C,direct_jal_target
sub_08A06A94,0x08A06A94,direct_jal_target
sub_08A06C10,0x08A06C10,direct_jal_target
sub_08A06C80,0x08A06C80,direct_jal_target
sub_08A06DA4,0x08A06DA4,direct_jal_target
sub_08A06F14,0x08A06F14,direct_jal_target
sub_08A07054,0x08A07054,direct_jal_target
sub_08A07090,0x08A07090,materialized_code_pointer
sub_08A070F8,0x08A070F8,materialized_code_pointer
sub_08A07180,0x08A07180,materialized_code_pointer
sub_08A071EC,0x08A071EC,materialized_code_pointer
sub_08A07210,0x08A07210,direct_jal_target
sub_08A074E0,0x08A074E0,direct_jal_target
sub_08A07784,0x08A07784,direct_jal_target
sub_08A0786C,0x08A0786C,direct_jal_target
sub_08A079FC,0x08A079FC,direct_jal_target
sub_08A07A64,0x08A07A64,direct_jal_target
sub_08A07AC0,0x08A07AC0,direct_jal_target
sub_08A07B24,0x08A07B24,direct_jal_target
sub_08A07B8C,0x08A07B8C,direct_jal_target
sub_08A07BF4,0x08A07BF4,direct_jal_target
sub_08A08258,0x08A08258,direct_jal_target
sub_08A082A0,0x08A082A0,direct_jal_target
sub_08A082F4,0x08A082F4,direct_jal_target
sub_08A089FC,0x08A089FC,direct_jal_target
sub_08A08CA8,0x08A08CA8,direct_jal_target
sub_08A08D28,0x08A08D28,direct_jal_target
sub_08A08D98,0x08A08D98,direct_jal_target
sub_08A08E68,0x08A08E68,direct_jal_target
sub_08A08ED0,0x08A08ED0,direct_jal_target
sub_08A090CC,0x08A090CC,direct_jal_target
sub_08A09108,0x08A09108,materialized_code_pointer
sub_08A099D4,0x08A099D4,direct_jal_target
sub_08A099F8,0x08A099F8,direct_jal_target
sub_08A09A24,0x08A09A24,direct_jal_target
sub_08A09B00,0x08A09B00,direct_jal_target
sub_08A09BBC,0x08A09BBC,direct_jal_target
sub_08A09CBC,0x08A09CBC,direct_jal_target
sub_08A09CF8,0x08A09CF8,direct_jal_target
sub_08A09D34,0x08A09D34,direct_jal_target
sub_08A09E14,0x08A09E14,direct_jal_target
sub_08A09E78,0x08A09E78,direct_jal_target
sub_08A09EC8,0x08A09EC8,direct_jal_target
sub_08A09FCC,0x08A09FCC,direct_jal_target
sub_08A0A144,0x08A0A144,direct_jal_target
sub_08A0A550,0x08A0A550,direct_jal_target
sub_08A0A56C,0x08A0A56C,direct_jal_target
sub_08A0A594,0x08A0A594,direct_jal_target
sub_08A0B0C4,0x08A0B0C4,direct_jal_target
sub_08A0B16C,0x08A0B16C,direct_jal_target
sub_08A0B20C,0x08A0B20C,direct_jal_target
sub_08A0B240,0x08A0B240,direct_jal_target
sub_08A0B298,0x08A0B298,direct_jal_target
sub_08A0B2D8,0x08A0B2D8,relocated_r_mips32_code_pointer
sub_08A0B32C,0x08A0B32C,relocated_r_mips32_code_pointer
sub_08A0B35C,0x08A0B35C,relocated_r_mips32_code_pointer
sub_08A0B370,0x08A0B370,relocated_r_mips32_code_pointer
sub_08A0B388,0x08A0B388,relocated_r_mips32_code_pointer
sub_08A0B3A4,0x08A0B3A4,relocated_r_mips32_code_pointer
sub_08A0B3BC,0x08A0B3BC,relocated_r_mips32_code_pointer
sub_08A0B3D4,0x08A0B3D4,direct_jal_target
sub_08A0B51C,0x08A0B51C,direct_jal_target
sub_08A0B5D0,0x08A0B5D0,direct_jal_target
sub_08A0B668,0x08A0B668,direct_jal_target
sub_08A0B6F0,0x08A0B6F0,direct_jal_target
sub_08A0B7E4,0x08A0B7E4,relocated_r_mips32_code_pointer
sub_08A0B928,0x08A0B928,direct_jal_target
sub_08A0BCEC,0x08A0BCEC,direct_jal_target
sub_08A0BD24,0x08A0BD24,direct_jal_target
sub_08A0BD3C,0x08A0BD3C,direct_jal_target
sub_08A0BD54,0x08A0BD54,direct_jal_target
sub_08A0BD8C,0x08A0BD8C,materialized_code_pointer
sub_08A0BDD4,0x08A0BDD4,direct_jal_target
sub_08A0BE48,0x08A0BE48,direct_jal_target
sub_08A0BEC8,0x08A0BEC8,relocated_r_mips32_code_pointer
sub_08A0BEEC,0x08A0BEEC,direct_jal_target
sub_08A0BEFC,0x08A0BEFC,direct_jal_target
sub_08A0BF0C,0x08A0BF0C,relocated_r_mips32_code_pointer
sub_08A0BF1C,0x08A0BF1C,relocated_r_mips32_code_pointer
sub_08A0BF3C,0x08A0BF3C,relocated_r_mips32_code_pointer
sub_08A0BF4C,0x08A0BF4C,relocated_r_mips32_code_pointer
sub_08A0BF90,0x08A0BF90,relocated_r_mips32_code_pointer
sub_08A0BFA0,0x08A0BFA0,relocated_r_mips32_code_pointer
sub_08A0BFD4,0x08A0BFD4,relocated_r_mips32_code_pointer
sub_08A0BFDC,0x08A0BFDC,relocated_r_mips32_code_pointer
sub_08A0BFE4,0x08A0BFE4,relocated_r_mips32_code_pointer
sub_08A0BFEC,0x08A0BFEC,relocated_r_mips32_code_pointer
sub_08A0BFFC,0x08A0BFFC,relocated_r_mips32_code_pointer
sub_08A0C040,0x08A0C040,relocated_r_mips32_code_pointer
sub_08A0C050,0x08A0C050,relocated_r_mips32_code_pointer
sub_08A0C094,0x08A0C094,relocated_r_mips32_code_pointer
sub_08A0C0A4,0x08A0C0A4,relocated_r_mips32_code_pointer
sub_08A0C0D8,0x08A0C0D8,relocated_r_mips32_code_pointer
sub_08A0C0EC,0x08A0C0EC,relocated_r_mips32_code_pointer
sub_08A0C100,0x08A0C100,relocated_r_mips32_code_pointer
sub_08A0C164,0x08A0C164,relocated_r_mips32_code_pointer
sub_08A0C19C,0x08A0C19C,relocated_r_mips32_code_pointer
sub_08A0C1E4,0x08A0C1E4,direct_jal_target
sub_08A0C21C,0x08A0C21C,relocated_r_mips32_code_pointer
sub_08A0C294,0x08A0C294,relocated_r_mips32_code_pointer
sub_08A0C364,0x08A0C364,relocated_r_mips32_code_pointer
sub_08A0C634,0x08A0C634,direct_jal_target
sub_08A0C794,0x08A0C794,relocated_r_mips32_code_pointer
sub_08A0C800,0x08A0C800,relocated_r_mips32_code_pointer
sub_08A0C96C,0x08A0C96C,relocated_r_mips32_code_pointer
sub_08A0CED4,0x08A0CED4,relocated_data_code_pointer
sub_08A0D0DC,0x08A0D0DC,relocated_r_mips32_code_pointer
sub_08A0D180,0x08A0D180,direct_jal_target
sub_08A0D284,0x08A0D284,direct_jal_target
sub_08A0D34C,0x08A0D34C,direct_jal_target
sub_08A0D430,0x08A0D430,direct_jal_target
sub_08A0D440,0x08A0D440,relocated_r_mips32_code_pointer
sub_08A0D450,0x08A0D450,relocated_r_mips32_code_pointer
sub_08A0D470,0x08A0D470,materialized_code_pointer
sub_08A0D480,0x08A0D480,relocated_r_mips32_code_pointer
sub_08A0D4B4,0x08A0D4B4,relocated_r_mips32_code_pointer
sub_08A0D4C4,0x08A0D4C4,relocated_r_mips32_code_pointer
sub_08A0D528,0x08A0D528,direct_jal_target
sub_08A0D534,0x08A0D534,direct_jal_target
sub_08A0D5FC,0x08A0D5FC,direct_jal_target
sub_08A0D674,0x08A0D674,direct_jal_target
sub_08A0D694,0x08A0D694,direct_jal_target
sub_08A0D6C4,0x08A0D6C4,direct_jal_target
sub_08A0DCF8,0x08A0DCF8,direct_jal_target
sub_08A0DF50,0x08A0DF50,direct_jal_target
sub_08A0E07C,0x08A0E07C,direct_jal_target
sub_08A0E090,0x08A0E090,direct_jal_target
sub_08A0E2FC,0x08A0E2FC,direct_jal_target
sub_08A0E3B4,0x08A0E3B4,direct_jal_target
sub_08A0E494,0x08A0E494,direct_jal_target
sub_08A0E6B0,0x08A0E6B0,direct_jal_target
sub_08A0E884,0x08A0E884,direct_jal_target
sub_08A0E9B0,0x08A0E9B0,direct_jal_target
sub_08A0EA44,0x08A0EA44,direct_jal_target
sub_08A0ED04,0x08A0ED04,direct_jal_target
sub_08A0EDE4,0x08A0EDE4,direct_jal_target
sub_08A0EF44,0x08A0EF44,direct_jal_target
sub_08A0F098,0x08A0F098,direct_jal_target
sub_08A0F1EC,0x08A0F1EC,direct_jal_target
sub_08A0F34C,0x08A0F34C,direct_jal_target
sub_08A0F4C4,0x08A0F4C4,direct_jal_target
sub_08A0F664,0x08A0F664,direct_jal_target
sub_08A0F7F8,0x08A0F7F8,direct_jal_target
sub_08A0F9A4,0x08A0F9A4,direct_jal_target
sub_08A0FB50,0x08A0FB50,direct_jal_target
sub_08A10000,0x08A10000,materialized_code_pointer
sub_08A10068,0x08A10068,direct_jal_target
sub_08A10224,0x08A10224,direct_jal_target
sub_08A10388,0x08A10388,direct_jal_target
sub_08A1088C,0x08A1088C,direct_jal_target
sub_08A11188,0x08A11188,direct_jal_target
sub_08A11934,0x08A11934,direct_jal_target
sub_08A11C60,0x08A11C60,direct_jal_target
sub_08A11FC8,0x08A11FC8,direct_jal_target
sub_08A1256C,0x08A1256C,direct_jal_target
sub_08A128E0,0x08A128E0,direct_jal_target
sub_08A13000,0x08A13000,direct_jal_target
sub_08A13214,0x08A13214,direct_jal_target
sub_08A143C0,0x08A143C0,direct_jal_target
sub_08A14B20,0x08A14B20,direct_jal_target
sub_08A14E88,0x08A14E88,direct_jal_target
sub_08A15178,0x08A15178,direct_jal_target
sub_08A15920,0x08A15920,direct_jal_target
sub_08A15DE8,0x08A15DE8,direct_jal_target
sub_08A161A8,0x08A161A8,direct_jal_target
sub_08A16F14,0x08A16F14,direct_jal_target
sub_08A171F4,0x08A171F4,direct_jal_target
sub_08A1790C,0x08A1790C,direct_jal_target
sub_08A17A5C,0x08A17A5C,direct_jal_target
sub_08A182A0,0x08A182A0,direct_jal_target
sub_08A18378,0x08A18378,direct_jal_target
sub_08A18610,0x08A18610,direct_jal_target
sub_08A18630,0x08A18630,direct_jal_target
sub_08A18E48,0x08A18E48,direct_jal_target
sub_08A18E5C,0x08A18E5C,direct_jal_target
sub_08A18E84,0x08A18E84,direct_jal_target
sub_08A18E8C,0x08A18E8C,direct_jal_target
sub_08A190AC,0x08A190AC,direct_jal_target
sub_08A190BC,0x08A190BC,direct_jal_target
sub_08A190D8,0x08A190D8,direct_jal_target
sub_08A191C4,0x08A191C4,direct_jal_target
sub_08A191D8,0x08A191D8,direct_jal_target
sub_08A19324,0x08A19324,direct_jal_target
sub_08A19340,0x08A19340,relocated_r_mips32_code_pointer
sub_08A19350,0x08A19350,relocated_r_mips32_code_pointer
sub_08A19360,0x08A19360,relocated_r_mips32_code_pointer
sub_08A19368,0x08A19368,relocated_r_mips32_code_pointer
sub_08A19394,0x08A19394,relocated_r_mips32_code_pointer
sub_08A193C0,0x08A193C0,relocated_r_mips32_code_pointer
sub_08A193D0,0x08A193D0,relocated_r_mips32_code_pointer
sub_08A193E0,0x08A193E0,relocated_r_mips32_code_pointer
sub_08A193F0,0x08A193F0,relocated_r_mips32_code_pointer
sub_08A194C0,0x08A194C0,relocated_r_mips32_code_pointer
sub_08A194C8,0x08A194C8,relocated_r_mips32_code_pointer
sub_08A194E8,0x08A194E8,materialized_code_pointer
sub_08A1953C,0x08A1953C,materialized_code_pointer
sub_08A19570,0x08A19570,materialized_code_pointer
sub_08A195A4,0x08A195A4,materialized_code_pointer
sub_08A19640,0x08A19640,relocated_r_mips32_code_pointer
sub_08A19650,0x08A19650,relocated_r_mips32_code_pointer
sub_08A19684,0x08A19684,materialized_code_pointer
sub_08A196C4,0x08A196C4,relocated_r_mips32_code_pointer
sub_08A19738,0x08A19738,relocated_r_mips32_code_pointer
sub_08A1974C,0x08A1974C,relocated_r_mips32_code_pointer
sub_08A19754,0x08A19754,relocated_r_mips32_code_pointer
sub_08A1975C,0x08A1975C,materialized_code_pointer
sub_08A19790,0x08A19790,materialized_code_pointer
sub_08A197E8,0x08A197E8,materialized_code_pointer
sub_08A19840,0x08A19840,materialized_code_pointer
sub_08A19898,0x08A19898,materialized_code_pointer
sub_08A198CC,0x08A198CC,materialized_code_pointer
sub_08A19900,0x08A19900,materialized_code_pointer
sub_08A19934,0x08A19934,materialized_code_pointer
sub_08A1998C,0x08A1998C,materialized_code_pointer
sub_08A199CC,0x08A199CC,materialized_code_pointer
sub_08A19A00,0x08A19A00,materialized_code_pointer
sub_08A19A34,0x08A19A34,materialized_code_pointer
sub_08A19A68,0x08A19A68,materialized_code_pointer
sub_08A19A9C,0x08A19A9C,materialized_code_pointer
sub_08A19AD0,0x08A19AD0,materialized_code_pointer
sub_08A19B04,0x08A19B04,materialized_code_pointer
sub_08A19B38,0x08A19B38,materialized_code_pointer
sub_08A19BA0,0x08A19BA0,materialized_code_pointer
sub_08A19BFC,0x08A19BFC,materialized_code_pointer
sub_08A19C30,0x08A19C30,materialized_code_pointer
sub_08A19CCC,0x08A19CCC,materialized_code_pointer
sub_08A19D00,0x08A19D00,materialized_code_pointer
sub_08A19D5C,0x08A19D5C,materialized_code_pointer
sub_08A19D90,0x08A19D90,materialized_code_pointer
sub_08A19DC4,0x08A19DC4,materialized_code_pointer
sub_08A19DF8,0x08A19DF8,materialized_code_pointer
sub_08A19E2C,0x08A19E2C,materialized_code_pointer
sub_08A19E60,0x08A19E60,materialized_code_pointer
sub_08A19E94,0x08A19E94,materialized_code_pointer
sub_08A19EC8,0x08A19EC8,materialized_code_pointer
sub_08A19F20,0x08A19F20,materialized_code_pointer
sub_08A19F54,0x08A19F54,materialized_code_pointer
sub_08A19F88,0x08A19F88,materialized_code_pointer
sub_08A19FD0,0x08A19FD0,materialized_code_pointer
sub_08A1A004,0x08A1A004,materialized_code_pointer
sub_08A1A038,0x08A1A038,materialized_code_pointer
sub_08A1A06C,0x08A1A06C,materialized_code_pointer
sub_08A1A0A0,0x08A1A0A0,materialized_code_pointer
sub_08A1A0D4,0x08A1A0D4,materialized_code_pointer
sub_08A1A108,0x08A1A108,relocated_r_mips32_code_pointer
sub_08A1A120,0x08A1A120,relocated_r_mips32_code_pointer
sub_08A1A138,0x08A1A138,relocated_r_mips32_code_pointer
sub_08A1A150,0x08A1A150,relocated_r_mips32_code_pointer
sub_08A1A168,0x08A1A168,direct_jal_target
sub_08A1A1F8,0x08A1A1F8,relocated_r_mips32_code_pointer
sub_08A1A208,0x08A1A208,relocated_r_mips32_code_pointer
sub_08A1A218,0x08A1A218,relocated_r_mips32_code_pointer
sub_08A1A238,0x08A1A238,relocated_r_mips32_code_pointer
sub_08A1A258,0x08A1A258,relocated_r_mips32_code_pointer
sub_08A1A268,0x08A1A268,direct_jal_target
sub_08A1A49C,0x08A1A49C,relocated_r_mips32_code_pointer
sub_08A1A52C,0x08A1A52C,materialized_code_pointer
sub_08A1A574,0x08A1A574,materialized_code_pointer
sub_08A1A5DC,0x08A1A5DC,relocated_r_mips32_code_pointer
sub_08A1A5EC,0x08A1A5EC,relocated_r_mips32_code_pointer
sub_08A1A5FC,0x08A1A5FC,relocated_r_mips32_code_pointer
sub_08A1A60C,0x08A1A60C,relocated_r_mips32_code_pointer
sub_08A1A61C,0x08A1A61C,relocated_r_mips32_code_pointer
sub_08A1A62C,0x08A1A62C,relocated_r_mips32_code_pointer
sub_08A1A63C,0x08A1A63C,relocated_r_mips32_code_pointer
sub_08A1A6C4,0x08A1A6C4,relocated_r_mips32_code_pointer
sub_08A1A750,0x08A1A750,relocated_r_mips32_code_pointer
sub_08A1A874,0x08A1A874,relocated_r_mips32_code_pointer
sub_08A1A99C,0x08A1A99C,relocated_r_mips32_code_pointer
sub_08A1A9AC,0x08A1A9AC,relocated_r_mips32_code_pointer
sub_08A1A9BC,0x08A1A9BC,direct_jal_target
sub_08A1AB78,0x08A1AB78,relocated_r_mips32_code_pointer
sub_08A1AB90,0x08A1AB90,relocated_r_mips32_code_pointer
sub_08A1ABA4,0x08A1ABA4,direct_jal_target
sub_08A1ACF0,0x08A1ACF0,relocated_r_mips32_code_pointer
sub_08A1AE78,0x08A1AE78,relocated_r_mips32_code_pointer
sub_08A1B034,0x08A1B034,direct_jal_target
sub_08A1B4D8,0x08A1B4D8,relocated_r_mips32_code_pointer
sub_08A1B4E0,0x08A1B4E0,relocated_r_mips32_code_pointer
sub_08A1B4E8,0x08A1B4E8,relocated_r_mips32_code_pointer
sub_08A1B4F0,0x08A1B4F0,relocated_r_mips32_code_pointer
sub_08A1B4F8,0x08A1B4F8,relocated_r_mips32_code_pointer
sub_08A1B500,0x08A1B500,relocated_r_mips32_code_pointer
sub_08A1B510,0x08A1B510,relocated_r_mips32_code_pointer
sub_08A1B520,0x08A1B520,relocated_r_mips32_code_pointer
sub_08A1B528,0x08A1B528,relocated_r_mips32_code_pointer
sub_08A1B530,0x08A1B530,relocated_r_mips32_code_pointer
sub_08A1B538,0x08A1B538,relocated_r_mips32_code_pointer
sub_08A1B540,0x08A1B540,relocated_r_mips32_code_pointer
sub_08A1B548,0x08A1B548,relocated_r_mips32_code_pointer
sub_08A1B550,0x08A1B550,relocated_r_mips32_code_pointer
sub_08A1B558,0x08A1B558,relocated_r_mips32_code_pointer
sub_08A1B560,0x08A1B560,relocated_r_mips32_code_pointer
sub_08A1B568,0x08A1B568,relocated_r_mips32_code_pointer
sub_08A1B570,0x08A1B570,relocated_r_mips32_code_pointer
sub_08A1B578,0x08A1B578,relocated_r_mips32_code_pointer
sub_08A1B5B8,0x08A1B5B8,relocated_r_mips32_code_pointer
sub_08A1B5C0,0x08A1B5C0,relocated_r_mips32_code_pointer
sub_08A1B5EC,0x08A1B5EC,relocated_r_mips32_code_pointer
sub_08A1B5FC,0x08A1B5FC,relocated_r_mips32_code_pointer
sub_08A1B648,0x08A1B648,relocated_r_mips32_code_pointer
sub_08A1B670,0x08A1B670,relocated_r_mips32_code_pointer
sub_08A1B684,0x08A1B684,relocated_r_mips32_code_pointer
sub_08A1B68C,0x08A1B68C,relocated_r_mips32_code_pointer
sub_08A1B694,0x08A1B694,relocated_r_mips32_code_pointer
sub_08A1B69C,0x08A1B69C,relocated_r_mips32_code_pointer
sub_08A1B6AC,0x08A1B6AC,relocated_r_mips32_code_pointer
sub_08A1B6BC,0x08A1B6BC,relocated_r_mips32_code_pointer
sub_08A1B6FC,0x08A1B6FC,relocated_r_mips32_code_pointer
sub_08A1B740,0x08A1B740,relocated_r_mips32_code_pointer
sub_08A1B750,0x08A1B750,direct_jal_target
sub_08A1B7D8,0x08A1B7D8,direct_jal_target
sub_08A1B7E0,0x08A1B7E0,direct_jal_target
sub_08A1B7F4,0x08A1B7F4,direct_jal_target
sub_08A1B814,0x08A1B814,direct_jal_target
sub_08A1B88C,0x08A1B88C,direct_jal_target
sub_08A1B894,0x08A1B894,direct_jal_target
sub_08A1B910,0x08A1B910,direct_jal_target
sub_08A1B918,0x08A1B918,direct_jal_target
sub_08A1B994,0x08A1B994,direct_jal_target
sub_08A1B99C,0x08A1B99C,direct_jal_target
sub_08A1BA3C,0x08A1BA3C,direct_jal_target
sub_08A1BB2C,0x08A1BB2C,direct_jal_target
sub_08A1BB44,0x08A1BB44,direct_jal_target
sub_08A1BC34,0x08A1BC34,direct_jal_target
sub_08A1BC54,0x08A1BC54,direct_jal_target
sub_08A1BD3C,0x08A1BD3C,direct_jal_target
sub_08A1BD50,0x08A1BD50,relocated_r_mips32_code_pointer
sub_08A1BD5C,0x08A1BD5C,relocated_r_mips32_code_pointer
sub_08A1BD64,0x08A1BD64,relocated_r_mips32_code_pointer
sub_08A1BD6C,0x08A1BD6C,relocated_r_mips32_code_pointer
sub_08A1BD78,0x08A1BD78,relocated_r_mips32_code_pointer
sub_08A1BD84,0x08A1BD84,relocated_r_mips32_code_pointer
sub_08A1BD90,0x08A1BD90,relocated_r_mips32_code_pointer
sub_08A1BDA0,0x08A1BDA0,relocated_r_mips32_code_pointer
sub_08A1BDD4,0x08A1BDD4,relocated_r_mips32_code_pointer
sub_08A1BDF4,0x08A1BDF4,relocated_r_mips32_code_pointer
sub_08A1BDFC,0x08A1BDFC,relocated_r_mips32_code_pointer
sub_08A1BE08,0x08A1BE08,relocated_r_mips32_code_pointer
sub_08A1BE14,0x08A1BE14,relocated_r_mips32_code_pointer
sub_08A1BE70,0x08A1BE70,relocated_r_mips32_code_pointer
sub_08A1BEF4,0x08A1BEF4,relocated_r_mips32_code_pointer
sub_08A1BF80,0x08A1BF80,relocated_r_mips32_code_pointer
sub_08A1BFA0,0x08A1BFA0,relocated_r_mips32_code_pointer
sub_08A1BFAC,0x08A1BFAC,relocated_r_mips32_code_pointer
sub_08A1BFB8,0x08A1BFB8,relocated_r_mips32_code_pointer
sub_08A1BFC0,0x08A1BFC0,relocated_r_mips32_code_pointer
sub_08A1BFC8,0x08A1BFC8,relocated_r_mips32_code_pointer
sub_08A1BFD4,0x08A1BFD4,relocated_r_mips32_code_pointer
sub_08A1BFE0,0x08A1BFE0,relocated_r_mips32_code_pointer
sub_08A1BFEC,0x08A1BFEC,relocated_r_mips32_code_pointer
sub_08A1BFF8,0x08A1BFF8,relocated_r_mips32_code_pointer
sub_08A1C004,0x08A1C004,relocated_r_mips32_code_pointer
sub_08A1C010,0x08A1C010,relocated_r_mips32_code_pointer
sub_08A1C01C,0x08A1C01C,relocated_r_mips32_code_pointer
sub_08A1C028,0x08A1C028,relocated_r_mips32_code_pointer
sub_08A1C030,0x08A1C030,relocated_r_mips32_code_pointer
sub_08A1C03C,0x08A1C03C,relocated_r_mips32_code_pointer
sub_08A1C048,0x08A1C048,relocated_r_mips32_code_pointer
sub_08A1C054,0x08A1C054,relocated_r_mips32_code_pointer
sub_08A1C060,0x08A1C060,relocated_r_mips32_code_pointer
sub_08A1C06C,0x08A1C06C,relocated_r_mips32_code_pointer
sub_08A1C078,0x08A1C078,relocated_r_mips32_code_pointer
sub_08A1C084,0x08A1C084,relocated_r_mips32_code_pointer
sub_08A1C090,0x08A1C090,relocated_r_mips32_code_pointer
sub_08A1C09C,0x08A1C09C,relocated_r_mips32_code_pointer
sub_08A1C0A8,0x08A1C0A8,relocated_r_mips32_code_pointer
sub_08A1C0B4,0x08A1C0B4,relocated_r_mips32_code_pointer
sub_08A1C0C0,0x08A1C0C0,relocated_r_mips32_code_pointer
sub_08A1C0CC,0x08A1C0CC,relocated_r_mips32_code_pointer
sub_08A1C0D8,0x08A1C0D8,relocated_r_mips32_code_pointer
sub_08A1C0E4,0x08A1C0E4,relocated_r_mips32_code_pointer
sub_08A1C0F4,0x08A1C0F4,relocated_r_mips32_code_pointer
sub_08A1C104,0x08A1C104,relocated_r_mips32_code_pointer
sub_08A1C110,0x08A1C110,relocated_r_mips32_code_pointer
sub_08A1C11C,0x08A1C11C,relocated_r_mips32_code_pointer
sub_08A1C128,0x08A1C128,relocated_r_mips32_code_pointer
sub_08A1C134,0x08A1C134,relocated_r_mips32_code_pointer
sub_08A1C140,0x08A1C140,relocated_r_mips32_code_pointer
sub_08A1C14C,0x08A1C14C,relocated_r_mips32_code_pointer
sub_08A1C158,0x08A1C158,relocated_r_mips32_code_pointer
sub_08A1C164,0x08A1C164,relocated_r_mips32_code_pointer
sub_08A1C170,0x08A1C170,relocated_r_mips32_code_pointer
sub_08A1C178,0x08A1C178,relocated_r_mips32_code_pointer
sub_08A1C184,0x08A1C184,relocated_r_mips32_code_pointer
sub_08A1C190,0x08A1C190,relocated_r_mips32_code_pointer
sub_08A1C19C,0x08A1C19C,relocated_r_mips32_code_pointer
sub_08A1C1A8,0x08A1C1A8,relocated_r_mips32_code_pointer
sub_08A1C1B4,0x08A1C1B4,relocated_r_mips32_code_pointer
sub_08A1C1C0,0x08A1C1C0,relocated_r_mips32_code_pointer
sub_08A1C1CC,0x08A1C1CC,relocated_r_mips32_code_pointer
sub_08A1C1D8,0x08A1C1D8,relocated_r_mips32_code_pointer
sub_08A1C1E4,0x08A1C1E4,relocated_r_mips32_code_pointer
sub_08A1C1EC,0x08A1C1EC,relocated_r_mips32_code_pointer
sub_08A1C1F4,0x08A1C1F4,relocated_r_mips32_code_pointer
sub_08A1C1FC,0x08A1C1FC,relocated_r_mips32_code_pointer
sub_08A1C208,0x08A1C208,relocated_r_mips32_code_pointer
sub_08A1C214,0x08A1C214,relocated_r_mips32_code_pointer
sub_08A1C220,0x08A1C220,relocated_r_mips32_code_pointer
sub_08A1C22C,0x08A1C22C,relocated_r_mips32_code_pointer
sub_08A1C238,0x08A1C238,relocated_r_mips32_code_pointer
sub_08A1C244,0x08A1C244,relocated_r_mips32_code_pointer
sub_08A1C250,0x08A1C250,relocated_r_mips32_code_pointer
sub_08A1C2A8,0x08A1C2A8,relocated_r_mips32_code_pointer
sub_08A1C2B4,0x08A1C2B4,relocated_r_mips32_code_pointer
sub_08A1C2C0,0x08A1C2C0,relocated_r_mips32_code_pointer
sub_08A1C310,0x08A1C310,relocated_r_mips32_code_pointer
sub_08A1C31C,0x08A1C31C,relocated_r_mips32_code_pointer
sub_08A1C328,0x08A1C328,relocated_r_mips32_code_pointer
sub_08A1C374,0x08A1C374,relocated_r_mips32_code_pointer
sub_08A1C380,0x08A1C380,relocated_r_mips32_code_pointer
sub_08A1C38C,0x08A1C38C,relocated_r_mips32_code_pointer
sub_08A1C3B4,0x08A1C3B4,relocated_r_mips32_code_pointer
sub_08A1C3C0,0x08A1C3C0,relocated_r_mips32_code_pointer
sub_08A1C3CC,0x08A1C3CC,relocated_r_mips32_code_pointer
sub_08A1C418,0x08A1C418,relocated_r_mips32_code_pointer
sub_08A1C424,0x08A1C424,relocated_r_mips32_code_pointer
sub_08A1C430,0x08A1C430,relocated_r_mips32_code_pointer
sub_08A1C458,0x08A1C458,relocated_r_mips32_code_pointer
sub_08A1C464,0x08A1C464,relocated_r_mips32_code_pointer
sub_08A1C470,0x08A1C470,relocated_r_mips32_code_pointer
sub_08A1C4BC,0x08A1C4BC,relocated_r_mips32_code_pointer
sub_08A1C4C8,0x08A1C4C8,relocated_r_mips32_code_pointer
sub_08A1C4D4,0x08A1C4D4,relocated_r_mips32_code_pointer
sub_08A1C4FC,0x08A1C4FC,relocated_r_mips32_code_pointer
sub_08A1C508,0x08A1C508,relocated_r_mips32_code_pointer
sub_08A1C514,0x08A1C514,relocated_r_mips32_code_pointer
sub_08A1C520,0x08A1C520,relocated_r_mips32_code_pointer
sub_08A1C52C,0x08A1C52C,relocated_r_mips32_code_pointer
sub_08A1C534,0x08A1C534,relocated_r_mips32_code_pointer
sub_08A1C540,0x08A1C540,relocated_r_mips32_code_pointer
sub_08A1C54C,0x08A1C54C,relocated_r_mips32_code_pointer
sub_08A1C558,0x08A1C558,relocated_r_mips32_code_pointer
sub_08A1C564,0x08A1C564,relocated_r_mips32_code_pointer
sub_08A1C570,0x08A1C570,relocated_r_mips32_code_pointer
sub_08A1C57C,0x08A1C57C,relocated_r_mips32_code_pointer
sub_08A1C588,0x08A1C588,relocated_r_mips32_code_pointer
sub_08A1C594,0x08A1C594,relocated_r_mips32_code_pointer
sub_08A1C5A0,0x08A1C5A0,relocated_r_mips32_code_pointer
sub_08A1C5EC,0x08A1C5EC,relocated_r_mips32_code_pointer
sub_08A1C5F8,0x08A1C5F8,relocated_r_mips32_code_pointer
sub_08A1C604,0x08A1C604,relocated_r_mips32_code_pointer
sub_08A1C62C,0x08A1C62C,relocated_r_mips32_code_pointer
sub_08A1C638,0x08A1C638,relocated_r_mips32_code_pointer
sub_08A1C644,0x08A1C644,relocated_r_mips32_code_pointer
sub_08A1C650,0x08A1C650,relocated_r_mips32_code_pointer
sub_08A1C65C,0x08A1C65C,relocated_r_mips32_code_pointer
sub_08A1C668,0x08A1C668,relocated_r_mips32_code_pointer
sub_08A1C674,0x08A1C674,relocated_r_mips32_code_pointer
sub_08A1C67C,0x08A1C67C,relocated_r_mips32_code_pointer
sub_08A1C684,0x08A1C684,relocated_r_mips32_code_pointer
sub_08A1C690,0x08A1C690,relocated_r_mips32_code_pointer
sub_08A1C69C,0x08A1C69C,relocated_r_mips32_code_pointer
sub_08A1C6A8,0x08A1C6A8,relocated_r_mips32_code_pointer
sub_08A1C6B4,0x08A1C6B4,relocated_r_mips32_code_pointer
sub_08A1C6C0,0x08A1C6C0,relocated_r_mips32_code_pointer
sub_08A1C6CC,0x08A1C6CC,relocated_r_mips32_code_pointer
sub_08A1C6D8,0x08A1C6D8,relocated_r_mips32_code_pointer
sub_08A1C6E4,0x08A1C6E4,relocated_r_mips32_code_pointer
sub_08A1C6F0,0x08A1C6F0,relocated_r_mips32_code_pointer
sub_08A1C6FC,0x08A1C6FC,relocated_r_mips32_code_pointer
sub_08A1C708,0x08A1C708,relocated_r_mips32_code_pointer
sub_08A1C754,0x08A1C754,relocated_r_mips32_code_pointer
sub_08A1C75C,0x08A1C75C,relocated_r_mips32_code_pointer
sub_08A1C768,0x08A1C768,relocated_r_mips32_code_pointer
sub_08A1C774,0x08A1C774,relocated_r_mips32_code_pointer
sub_08A1C780,0x08A1C780,relocated_r_mips32_code_pointer
sub_08A1C7C4,0x08A1C7C4,relocated_r_mips32_code_pointer
sub_08A1C7CC,0x08A1C7CC,relocated_r_mips32_code_pointer
sub_08A1C7D8,0x08A1C7D8,relocated_r_mips32_code_pointer
sub_08A1C7E0,0x08A1C7E0,relocated_r_mips32_code_pointer
sub_08A1C7EC,0x08A1C7EC,relocated_r_mips32_code_pointer
sub_08A1C7F8,0x08A1C7F8,relocated_r_mips32_code_pointer
sub_08A1C804,0x08A1C804,relocated_r_mips32_code_pointer
sub_08A1C810,0x08A1C810,relocated_r_mips32_code_pointer
sub_08A1C81C,0x08A1C81C,relocated_r_mips32_code_pointer
sub_08A1C828,0x08A1C828,relocated_r_mips32_code_pointer
sub_08A1C834,0x08A1C834,relocated_r_mips32_code_pointer
sub_08A1C88C,0x08A1C88C,relocated_r_mips32_code_pointer
sub_08A1C894,0x08A1C894,relocated_r_mips32_code_pointer
sub_08A1C8A0,0x08A1C8A0,relocated_r_mips32_code_pointer
sub_08A1C8AC,0x08A1C8AC,relocated_r_mips32_code_pointer
sub_08A1C8B8,0x08A1C8B8,relocated_r_mips32_code_pointer
sub_08A1C908,0x08A1C908,relocated_r_mips32_code_pointer
sub_08A1C914,0x08A1C914,relocated_r_mips32_code_pointer
sub_08A1C930,0x08A1C930,relocated_r_mips32_code_pointer
sub_08A1C93C,0x08A1C93C,relocated_r_mips32_code_pointer
sub_08A1C97C,0x08A1C97C,relocated_r_mips32_code_pointer
sub_08A1C988,0x08A1C988,relocated_r_mips32_code_pointer
sub_08A1C994,0x08A1C994,relocated_r_mips32_code_pointer
sub_08A1C9A0,0x08A1C9A0,relocated_r_mips32_code_pointer
sub_08A1C9AC,0x08A1C9AC,relocated_r_mips32_code_pointer
sub_08A1C9B8,0x08A1C9B8,relocated_r_mips32_code_pointer
sub_08A1C9C4,0x08A1C9C4,relocated_r_mips32_code_pointer
sub_08A1C9D0,0x08A1C9D0,relocated_r_mips32_code_pointer
sub_08A1C9DC,0x08A1C9DC,relocated_r_mips32_code_pointer
sub_08A1CA28,0x08A1CA28,relocated_r_mips32_code_pointer
sub_08A1CA34,0x08A1CA34,relocated_r_mips32_code_pointer
sub_08A1CA40,0x08A1CA40,relocated_r_mips32_code_pointer
sub_08A1CA68,0x08A1CA68,relocated_r_mips32_code_pointer
sub_08A1CA74,0x08A1CA74,relocated_r_mips32_code_pointer
sub_08A1CA80,0x08A1CA80,relocated_r_mips32_code_pointer
sub_08A1CA8C,0x08A1CA8C,relocated_r_mips32_code_pointer
sub_08A1CA98,0x08A1CA98,relocated_r_mips32_code_pointer
sub_08A1CAA4,0x08A1CAA4,relocated_r_mips32_code_pointer
sub_08A1CB1C,0x08A1CB1C,relocated_r_mips32_code_pointer
sub_08A1CB24,0x08A1CB24,relocated_r_mips32_code_pointer
sub_08A1CB30,0x08A1CB30,relocated_r_mips32_code_pointer
sub_08A1CB3C,0x08A1CB3C,relocated_r_mips32_code_pointer
sub_08A1CB48,0x08A1CB48,relocated_r_mips32_code_pointer
sub_08A1CB54,0x08A1CB54,relocated_r_mips32_code_pointer
sub_08A1CBC4,0x08A1CBC4,relocated_r_mips32_code_pointer
sub_08A1CBCC,0x08A1CBCC,relocated_r_mips32_code_pointer
sub_08A1CBD8,0x08A1CBD8,relocated_r_mips32_code_pointer
sub_08A1CBE4,0x08A1CBE4,relocated_r_mips32_code_pointer
sub_08A1CBF0,0x08A1CBF0,relocated_r_mips32_code_pointer
sub_08A1CBFC,0x08A1CBFC,relocated_r_mips32_code_pointer
sub_08A1CC08,0x08A1CC08,relocated_r_mips32_code_pointer
sub_08A1CC48,0x08A1CC48,relocated_r_mips32_code_pointer
sub_08A1CC54,0x08A1CC54,relocated_r_mips32_code_pointer
sub_08A1CC70,0x08A1CC70,relocated_r_mips32_code_pointer
sub_08A1CC7C,0x08A1CC7C,relocated_r_mips32_code_pointer
sub_08A1CC88,0x08A1CC88,relocated_r_mips32_code_pointer
sub_08A1CC94,0x08A1CC94,relocated_r_mips32_code_pointer
sub_08A1CCA0,0x08A1CCA0,relocated_r_mips32_code_pointer
sub_08A1CCAC,0x08A1CCAC,relocated_r_mips32_code_pointer
sub_08A1CCB8,0x08A1CCB8,relocated_r_mips32_code_pointer
sub_08A1CCC4,0x08A1CCC4,relocated_r_mips32_code_pointer
sub_08A1CCD0,0x08A1CCD0,relocated_r_mips32_code_pointer
sub_08A1CCDC,0x08A1CCDC,relocated_r_mips32_code_pointer
sub_08A1CD1C,0x08A1CD1C,relocated_r_mips32_code_pointer
sub_08A1CD28,0x08A1CD28,relocated_r_mips32_code_pointer
sub_08A1CD44,0x08A1CD44,relocated_r_mips32_code_pointer
sub_08A1CD50,0x08A1CD50,relocated_r_mips32_code_pointer
sub_08A1CD5C,0x08A1CD5C,relocated_r_mips32_code_pointer
sub_08A1CD68,0x08A1CD68,relocated_r_mips32_code_pointer
sub_08A1CDC0,0x08A1CDC0,relocated_r_mips32_code_pointer
sub_08A1CDCC,0x08A1CDCC,relocated_r_mips32_code_pointer
sub_08A1CDD8,0x08A1CDD8,relocated_r_mips32_code_pointer
sub_08A1CE28,0x08A1CE28,relocated_r_mips32_code_pointer
sub_08A1CE34,0x08A1CE34,relocated_r_mips32_code_pointer
sub_08A1CE40,0x08A1CE40,relocated_r_mips32_code_pointer
sub_08A1CE84,0x08A1CE84,relocated_r_mips32_code_pointer
sub_08A1CE90,0x08A1CE90,relocated_r_mips32_code_pointer
sub_08A1CEDC,0x08A1CEDC,relocated_r_mips32_code_pointer
sub_08A1CEE8,0x08A1CEE8,relocated_r_mips32_code_pointer
sub_08A1CEF4,0x08A1CEF4,relocated_r_mips32_code_pointer
sub_08A1CF00,0x08A1CF00,relocated_r_mips32_code_pointer
sub_08A1CF44,0x08A1CF44,relocated_r_mips32_code_pointer
sub_08A1CF50,0x08A1CF50,relocated_r_mips32_code_pointer
sub_08A1CF9C,0x08A1CF9C,relocated_r_mips32_code_pointer
sub_08A1CFA8,0x08A1CFA8,relocated_r_mips32_code_pointer
sub_08A1CFF4,0x08A1CFF4,relocated_r_mips32_code_pointer
sub_08A1D000,0x08A1D000,relocated_r_mips32_code_pointer
sub_08A1D00C,0x08A1D00C,relocated_r_mips32_code_pointer
sub_08A1D01C,0x08A1D01C,relocated_r_mips32_code_pointer
sub_08A1D02C,0x08A1D02C,relocated_r_mips32_code_pointer
sub_08A1D034,0x08A1D034,relocated_r_mips32_code_pointer
sub_08A1D03C,0x08A1D03C,relocated_r_mips32_code_pointer
sub_08A1D044,0x08A1D044,relocated_r_mips32_code_pointer
sub_08A1D054,0x08A1D054,relocated_r_mips32_code_pointer
sub_08A1D05C,0x08A1D05C,relocated_r_mips32_code_pointer
sub_08A1D064,0x08A1D064,relocated_r_mips32_code_pointer
sub_08A1D06C,0x08A1D06C,relocated_r_mips32_code_pointer
sub_08A1D074,0x08A1D074,relocated_r_mips32_code_pointer
sub_08A1D080,0x08A1D080,relocated_r_mips32_code_pointer
sub_08A1D090,0x08A1D090,relocated_r_mips32_code_pointer
sub_08A1D09C,0x08A1D09C,relocated_r_mips32_code_pointer
sub_08A1D0A8,0x08A1D0A8,relocated_r_mips32_code_pointer
sub_08A1D0B4,0x08A1D0B4,relocated_r_mips32_code_pointer
sub_08A1D0C0,0x08A1D0C0,relocated_r_mips32_code_pointer
sub_08A1D0CC,0x08A1D0CC,relocated_r_mips32_code_pointer
sub_08A1D0D8,0x08A1D0D8,relocated_r_mips32_code_pointer
sub_08A1D0E4,0x08A1D0E4,relocated_r_mips32_code_pointer
sub_08A1D0EC,0x08A1D0EC,relocated_r_mips32_code_pointer
sub_08A1D0F8,0x08A1D0F8,relocated_r_mips32_code_pointer
sub_08A1D104,0x08A1D104,relocated_r_mips32_code_pointer
sub_08A1D110,0x08A1D110,relocated_r_mips32_code_pointer
sub_08A1D11C,0x08A1D11C,relocated_r_mips32_code_pointer
sub_08A1D128,0x08A1D128,relocated_r_mips32_code_pointer
sub_08A1D134,0x08A1D134,relocated_r_mips32_code_pointer
sub_08A1D140,0x08A1D140,relocated_r_mips32_code_pointer
sub_08A1D14C,0x08A1D14C,relocated_r_mips32_code_pointer
sub_08A1D190,0x08A1D190,relocated_r_mips32_code_pointer
sub_08A1D198,0x08A1D198,relocated_r_mips32_code_pointer
sub_08A1D1A0,0x08A1D1A0,relocated_r_mips32_code_pointer
sub_08A1D1A8,0x08A1D1A8,relocated_r_mips32_code_pointer
sub_08A1D1B0,0x08A1D1B0,relocated_r_mips32_code_pointer
sub_08A1D1BC,0x08A1D1BC,relocated_r_mips32_code_pointer
sub_08A1D1FC,0x08A1D1FC,relocated_r_mips32_code_pointer
sub_08A1D208,0x08A1D208,relocated_r_mips32_code_pointer
sub_08A1D214,0x08A1D214,relocated_r_mips32_code_pointer
sub_08A1D220,0x08A1D220,relocated_r_mips32_code_pointer
sub_08A1D22C,0x08A1D22C,relocated_r_mips32_code_pointer
sub_08A1D238,0x08A1D238,relocated_r_mips32_code_pointer
sub_08A1D244,0x08A1D244,relocated_r_mips32_code_pointer
sub_08A1D250,0x08A1D250,relocated_r_mips32_code_pointer
sub_08A1D25C,0x08A1D25C,relocated_r_mips32_code_pointer
sub_08A1D268,0x08A1D268,relocated_r_mips32_code_pointer
sub_08A1D290,0x08A1D290,relocated_r_mips32_code_pointer
sub_08A1D29C,0x08A1D29C,relocated_r_mips32_code_pointer
sub_08A1D2A8,0x08A1D2A8,relocated_r_mips32_code_pointer
sub_08A1D2F4,0x08A1D2F4,relocated_r_mips32_code_pointer
sub_08A1D300,0x08A1D300,relocated_r_mips32_code_pointer
sub_08A1D30C,0x08A1D30C,relocated_r_mips32_code_pointer
sub_08A1D364,0x08A1D364,relocated_r_mips32_code_pointer
sub_08A1D370,0x08A1D370,relocated_r_mips32_code_pointer
sub_08A1D3C0,0x08A1D3C0,relocated_r_mips32_code_pointer
sub_08A1D3F4,0x08A1D3F4,relocated_r_mips32_code_pointer
sub_08A1D404,0x08A1D404,relocated_r_mips32_code_pointer
sub_08A1D438,0x08A1D438,relocated_r_mips32_code_pointer
sub_08A1D448,0x08A1D448,relocated_r_mips32_code_pointer
sub_08A1D454,0x08A1D454,relocated_r_mips32_code_pointer
sub_08A1D460,0x08A1D460,relocated_r_mips32_code_pointer
sub_08A1D46C,0x08A1D46C,relocated_r_mips32_code_pointer
sub_08A1D478,0x08A1D478,relocated_r_mips32_code_pointer
sub_08A1D484,0x08A1D484,relocated_r_mips32_code_pointer
sub_08A1D490,0x08A1D490,relocated_r_mips32_code_pointer
sub_08A1D49C,0x08A1D49C,relocated_r_mips32_code_pointer
sub_08A1D4A8,0x08A1D4A8,relocated_r_mips32_code_pointer
sub_08A1D4DC,0x08A1D4DC,relocated_r_mips32_code_pointer
sub_08A1D4EC,0x08A1D4EC,relocated_r_mips32_code_pointer
sub_08A1D4FC,0x08A1D4FC,relocated_r_mips32_code_pointer
sub_08A1D530,0x08A1D530,relocated_r_mips32_code_pointer
sub_08A1D538,0x08A1D538,relocated_r_mips32_code_pointer
sub_08A1D540,0x08A1D540,relocated_r_mips32_code_pointer
sub_08A1D54C,0x08A1D54C,relocated_r_mips32_code_pointer
sub_08A1D554,0x08A1D554,relocated_r_mips32_code_pointer
sub_08A1D564,0x08A1D564,relocated_r_mips32_code_pointer
sub_08A1D598,0x08A1D598,relocated_r_mips32_code_pointer
sub_08A1D5A0,0x08A1D5A0,relocated_r_mips32_code_pointer
sub_08A1D5A8,0x08A1D5A8,relocated_r_mips32_code_pointer
sub_08A1D5B0,0x08A1D5B0,relocated_r_mips32_code_pointer
sub_08A1D5B8,0x08A1D5B8,relocated_r_mips32_code_pointer
sub_08A1D5C0,0x08A1D5C0,relocated_r_mips32_code_pointer
sub_08A1D5D0,0x08A1D5D0,relocated_r_mips32_code_pointer
sub_08A1D5D8,0x08A1D5D8,relocated_r_mips32_code_pointer
sub_08A1D5E0,0x08A1D5E0,relocated_r_mips32_code_pointer
sub_08A1D5E8,0x08A1D5E8,relocated_r_mips32_code_pointer
sub_08A1D5F0,0x08A1D5F0,relocated_r_mips32_code_pointer
sub_08A1D5F8,0x08A1D5F8,relocated_r_mips32_code_pointer
sub_08A1D600,0x08A1D600,relocated_r_mips32_code_pointer
sub_08A1D610,0x08A1D610,relocated_r_mips32_code_pointer
sub_08A1D644,0x08A1D644,relocated_r_mips32_code_pointer
sub_08A1D654,0x08A1D654,relocated_r_mips32_code_pointer
sub_08A1D688,0x08A1D688,relocated_r_mips32_code_pointer
sub_08A1D698,0x08A1D698,relocated_r_mips32_code_pointer
sub_08A1D6A8,0x08A1D6A8,relocated_r_mips32_code_pointer
sub_08A1D6DC,0x08A1D6DC,relocated_r_mips32_code_pointer
sub_08A1D6EC,0x08A1D6EC,relocated_r_mips32_code_pointer
sub_08A1D6FC,0x08A1D6FC,relocated_r_mips32_code_pointer
sub_08A1D70C,0x08A1D70C,relocated_r_mips32_code_pointer
sub_08A1D714,0x08A1D714,relocated_r_mips32_code_pointer
sub_08A1D71C,0x08A1D71C,relocated_r_mips32_code_pointer
sub_08A1D72C,0x08A1D72C,direct_jal_target
sub_08A1D8E8,0x08A1D8E8,relocated_r_mips32_code_pointer
sub_08A1D8F0,0x08A1D8F0,relocated_r_mips32_code_pointer
sub_08A1D900,0x08A1D900,relocated_r_mips32_code_pointer
sub_08A1D934,0x08A1D934,relocated_r_mips32_code_pointer
sub_08A1D944,0x08A1D944,relocated_r_mips32_code_pointer
sub_08A1D978,0x08A1D978,relocated_r_mips32_code_pointer
sub_08A1D980,0x08A1D980,relocated_r_mips32_code_pointer
sub_08A1D988,0x08A1D988,relocated_r_mips32_code_pointer
sub_08A1D998,0x08A1D998,relocated_r_mips32_code_pointer
sub_08A1D9CC,0x08A1D9CC,relocated_r_mips32_code_pointer
sub_08A1DA04,0x08A1DA04,relocated_r_mips32_code_pointer
sub_08A1DA44,0x08A1DA44,relocated_r_mips32_code_pointer
sub_08A1DA54,0x08A1DA54,relocated_r_mips32_code_pointer
sub_08A1DA88,0x08A1DA88,relocated_r_mips32_code_pointer
sub_08A1DA98,0x08A1DA98,relocated_r_mips32_code_pointer
sub_08A1DACC,0x08A1DACC,relocated_r_mips32_code_pointer
sub_08A1DADC,0x08A1DADC,relocated_r_mips32_code_pointer
sub_08A1DB10,0x08A1DB10,relocated_r_mips32_code_pointer
sub_08A1DB48,0x08A1DB48,relocated_r_mips32_code_pointer
sub_08A1DB88,0x08A1DB88,relocated_r_mips32_code_pointer
sub_08A1DB98,0x08A1DB98,relocated_r_mips32_code_pointer
sub_08A1DBCC,0x08A1DBCC,relocated_r_mips32_code_pointer
sub_08A1DBD4,0x08A1DBD4,relocated_r_mips32_code_pointer
sub_08A1DBDC,0x08A1DBDC,relocated_r_mips32_code_pointer
sub_08A1DBE4,0x08A1DBE4,relocated_r_mips32_code_pointer
sub_08A1DC50,0x08A1DC50,relocated_r_mips32_code_pointer
sub_08A1DCB8,0x08A1DCB8,relocated_r_mips32_code_pointer
sub_08A1DCC4,0x08A1DCC4,direct_jal_target
sub_08A1DDA0,0x08A1DDA0,direct_jal_target
sub_08A1DF00,0x08A1DF00,relocated_r_mips32_code_pointer
sub_08A1DF08,0x08A1DF08,relocated_r_mips32_code_pointer
sub_08A1DF2C,0x08A1DF2C,relocated_r_mips32_code_pointer
sub_08A1DFA4,0x08A1DFA4,relocated_r_mips32_code_pointer
sub_08A1E018,0x08A1E018,relocated_r_mips32_code_pointer
sub_08A1E090,0x08A1E090,relocated_r_mips32_code_pointer
sub_08A1E104,0x08A1E104,relocated_r_mips32_code_pointer
sub_08A1E294,0x08A1E294,direct_jal_target
sub_08A1E87C,0x08A1E87C,relocated_r_mips32_code_pointer
sub_08A1EBE4,0x08A1EBE4,relocated_r_mips32_code_pointer
sub_08A1EC58,0x08A1EC58,relocated_r_mips32_code_pointer
sub_08A1ECD0,0x08A1ECD0,relocated_r_mips32_code_pointer
sub_08A1EDE8,0x08A1EDE8,relocated_r_mips32_code_pointer
sub_08A1F158,0x08A1F158,direct_jal_target
sub_08A1F4F4,0x08A1F4F4,relocated_r_mips32_code_pointer
sub_08A1F568,0x08A1F568,relocated_r_mips32_code_pointer
sub_08A1F5E0,0x08A1F5E0,relocated_r_mips32_code_pointer
sub_08A1F748,0x08A1F748,relocated_r_mips32_code_pointer
sub_08A1FC50,0x08A1FC50,materialized_code_pointer
sub_08A1FC58,0x08A1FC58,direct_jal_target
sub_08A20000,0x08A20000,materialized_code_pointer
sub_08A200E4,0x08A200E4,relocated_r_mips32_code_pointer
sub_08A20180,0x08A20180,relocated_r_mips32_code_pointer
sub_08A20224,0x08A20224,relocated_r_mips32_code_pointer
sub_08A20234,0x08A20234,relocated_r_mips32_code_pointer
sub_08A20244,0x08A20244,relocated_r_mips32_code_pointer
sub_08A20270,0x08A20270,relocated_r_mips32_code_pointer
sub_08A2029C,0x08A2029C,relocated_r_mips32_code_pointer
sub_08A202A4,0x08A202A4,relocated_r_mips32_code_pointer
sub_08A202AC,0x08A202AC,relocated_r_mips32_code_pointer
sub_08A202C0,0x08A202C0,relocated_r_mips32_code_pointer
sub_08A202F8,0x08A202F8,direct_jal_target
sub_08A20388,0x08A20388,direct_jal_target
sub_08A2049C,0x08A2049C,direct_jal_target
sub_08A20920,0x08A20920,relocated_r_mips32_code_pointer
sub_08A209B8,0x08A209B8,relocated_r_mips32_code_pointer
sub_08A20A30,0x08A20A30,relocated_r_mips32_code_pointer
sub_08A20AA4,0x08A20AA4,relocated_r_mips32_code_pointer
sub_08A20BE4,0x08A20BE4,direct_jal_target
sub_08A20E14,0x08A20E14,direct_jal_target
sub_08A20ED0,0x08A20ED0,direct_jal_target
sub_08A20F04,0x08A20F04,direct_jal_target
sub_08A20F80,0x08A20F80,direct_jal_target
sub_08A21010,0x08A21010,direct_jal_target
sub_08A210A0,0x08A210A0,relocated_r_mips32_code_pointer
sub_08A210A8,0x08A210A8,relocated_r_mips32_code_pointer
sub_08A210B0,0x08A210B0,relocated_r_mips32_code_pointer
sub_08A210B8,0x08A210B8,relocated_r_mips32_code_pointer
sub_08A210C0,0x08A210C0,direct_jal_target
sub_08A211DC,0x08A211DC,relocated_r_mips32_code_pointer
sub_08A211E4,0x08A211E4,relocated_r_mips32_code_pointer
sub_08A211EC,0x08A211EC,direct_jal_target
sub_08A21294,0x08A21294,relocated_r_mips32_code_pointer
sub_08A21358,0x08A21358,direct_jal_target
sub_08A213DC,0x08A213DC,relocated_r_mips32_code_pointer
sub_08A2161C,0x08A2161C,relocated_r_mips32_code_pointer
sub_08A21624,0x08A21624,relocated_r_mips32_code_pointer
sub_08A2162C,0x08A2162C,direct_jal_target
sub_08A21774,0x08A21774,direct_jal_target
sub_08A218AC,0x08A218AC,direct_jal_target
sub_08A21A04,0x08A21A04,relocated_r_mips32_code_pointer
sub_08A21A14,0x08A21A14,relocated_r_mips32_code_pointer
sub_08A21A48,0x08A21A48,relocated_r_mips32_code_pointer
sub_08A21A5C,0x08A21A5C,relocated_r_mips32_code_pointer
sub_08A21A94,0x08A21A94,relocated_r_mips32_code_pointer
sub_08A21ACC,0x08A21ACC,direct_jal_target
sub_08A21F04,0x08A21F04,relocated_r_mips32_code_pointer
sub_08A21F18,0x08A21F18,relocated_r_mips32_code_pointer
sub_08A21F50,0x08A21F50,relocated_r_mips32_code_pointer
sub_08A21F64,0x08A21F64,relocated_r_mips32_code_pointer
sub_08A21F6C,0x08A21F6C,relocated_r_mips32_code_pointer
sub_08A21FFC,0x08A21FFC,relocated_r_mips32_code_pointer
sub_08A22088,0x08A22088,relocated_r_mips32_code_pointer
sub_08A22118,0x08A22118,relocated_r_mips32_code_pointer
sub_08A221A4,0x08A221A4,relocated_r_mips32_code_pointer
sub_08A221E8,0x08A221E8,relocated_r_mips32_code_pointer
sub_08A22228,0x08A22228,relocated_r_mips32_code_pointer
sub_08A22318,0x08A22318,relocated_r_mips32_code_pointer
sub_08A22404,0x08A22404,relocated_r_mips32_code_pointer
sub_08A22494,0x08A22494,relocated_r_mips32_code_pointer
sub_08A22520,0x08A22520,relocated_r_mips32_code_pointer
sub_08A225B0,0x08A225B0,relocated_r_mips32_code_pointer
sub_08A2263C,0x08A2263C,relocated_r_mips32_code_pointer
sub_08A226CC,0x08A226CC,relocated_r_mips32_code_pointer
sub_08A22758,0x08A22758,relocated_r_mips32_code_pointer
sub_08A22818,0x08A22818,relocated_r_mips32_code_pointer
sub_08A228D4,0x08A228D4,relocated_r_mips32_code_pointer
sub_08A22918,0x08A22918,relocated_r_mips32_code_pointer
sub_08A22958,0x08A22958,relocated_r_mips32_code_pointer
sub_08A229E8,0x08A229E8,relocated_r_mips32_code_pointer
sub_08A22A74,0x08A22A74,relocated_r_mips32_code_pointer
sub_08A22B04,0x08A22B04,relocated_r_mips32_code_pointer
sub_08A22B90,0x08A22B90,relocated_r_mips32_code_pointer
sub_08A22BA0,0x08A22BA0,relocated_r_mips32_code_pointer
sub_08A22BB0,0x08A22BB0,relocated_r_mips32_code_pointer
sub_08A22BC0,0x08A22BC0,relocated_r_mips32_code_pointer
sub_08A22BD0,0x08A22BD0,relocated_r_mips32_code_pointer
sub_08A22BE0,0x08A22BE0,relocated_r_mips32_code_pointer
sub_08A22BF0,0x08A22BF0,relocated_r_mips32_code_pointer
sub_08A22CB0,0x08A22CB0,relocated_r_mips32_code_pointer
sub_08A22D6C,0x08A22D6C,relocated_r_mips32_code_pointer
sub_08A22DFC,0x08A22DFC,relocated_r_mips32_code_pointer
sub_08A22E88,0x08A22E88,relocated_r_mips32_code_pointer
sub_08A22E98,0x08A22E98,relocated_r_mips32_code_pointer
sub_08A22EA8,0x08A22EA8,relocated_r_mips32_code_pointer
sub_08A22EB0,0x08A22EB0,relocated_r_mips32_code_pointer
sub_08A22EB8,0x08A22EB8,relocated_r_mips32_code_pointer
sub_08A22EC0,0x08A22EC0,relocated_r_mips32_code_pointer
sub_08A22EC8,0x08A22EC8,relocated_r_mips32_code_pointer
sub_08A22ED0,0x08A22ED0,relocated_r_mips32_code_pointer
sub_08A22ED8,0x08A22ED8,relocated_r_mips32_code_pointer
sub_08A22EE0,0x08A22EE0,relocated_r_mips32_code_pointer
sub_08A22EE8,0x08A22EE8,relocated_r_mips32_code_pointer
sub_08A22EF0,0x08A22EF0,relocated_r_mips32_code_pointer
sub_08A22EF8,0x08A22EF8,relocated_r_mips32_code_pointer
sub_08A22F00,0x08A22F00,relocated_r_mips32_code_pointer
sub_08A22F08,0x08A22F08,relocated_r_mips32_code_pointer
sub_08A22F10,0x08A22F10,relocated_r_mips32_code_pointer
sub_08A22F1C,0x08A22F1C,relocated_r_mips32_code_pointer
sub_08A22F2C,0x08A22F2C,relocated_r_mips32_code_pointer
sub_08A22F34,0x08A22F34,relocated_r_mips32_code_pointer
sub_08A22F3C,0x08A22F3C,relocated_r_mips32_code_pointer
sub_08A23014,0x08A23014,relocated_r_mips32_code_pointer
sub_08A230F0,0x08A230F0,relocated_r_mips32_code_pointer
sub_08A23108,0x08A23108,relocated_r_mips32_code_pointer
sub_08A23120,0x08A23120,relocated_r_mips32_code_pointer
sub_08A2312C,0x08A2312C,relocated_r_mips32_code_pointer
sub_08A23138,0x08A23138,relocated_r_mips32_code_pointer
sub_08A23150,0x08A23150,relocated_r_mips32_code_pointer
sub_08A23168,0x08A23168,relocated_r_mips32_code_pointer
sub_08A23180,0x08A23180,relocated_r_mips32_code_pointer
sub_08A23198,0x08A23198,relocated_r_mips32_code_pointer
sub_08A231A0,0x08A231A0,relocated_r_mips32_code_pointer
sub_08A231C4,0x08A231C4,relocated_r_mips32_code_pointer
sub_08A231D0,0x08A231D0,relocated_r_mips32_code_pointer
sub_08A231D8,0x08A231D8,relocated_r_mips32_code_pointer
sub_08A2324C,0x08A2324C,relocated_r_mips32_code_pointer
sub_08A232C4,0x08A232C4,direct_jal_target
sub_08A23394,0x08A23394,relocated_r_mips32_code_pointer
sub_08A23468,0x08A23468,direct_jal_target
sub_08A23480,0x08A23480,direct_jal_target
sub_08A23488,0x08A23488,relocated_r_mips32_code_pointer
sub_08A234A0,0x08A234A0,relocated_r_mips32_code_pointer
sub_08A234B8,0x08A234B8,relocated_r_mips32_code_pointer
sub_08A23590,0x08A23590,direct_jal_target
sub_08A236F0,0x08A236F0,relocated_r_mips32_code_pointer
sub_08A2372C,0x08A2372C,relocated_r_mips32_code_pointer
sub_08A23760,0x08A23760,direct_jal_target
sub_08A23920,0x08A23920,relocated_r_mips32_code_pointer
sub_08A23954,0x08A23954,relocated_r_mips32_code_pointer
sub_08A23990,0x08A23990,relocated_r_mips32_code_pointer
sub_08A2399C,0x08A2399C,relocated_r_mips32_code_pointer
sub_08A239E4,0x08A239E4,relocated_r_mips32_code_pointer
sub_08A23A18,0x08A23A18,relocated_r_mips32_code_pointer
sub_08A23A24,0x08A23A24,relocated_r_mips32_code_pointer
sub_08A23A48,0x08A23A48,relocated_r_mips32_code_pointer
sub_08A23A50,0x08A23A50,relocated_r_mips32_code_pointer
sub_08A23A58,0x08A23A58,relocated_r_mips32_code_pointer
sub_08A23A9C,0x08A23A9C,relocated_r_mips32_code_pointer
sub_08A23AAC,0x08A23AAC,relocated_r_mips32_code_pointer
sub_08A23ABC,0x08A23ABC,relocated_r_mips32_code_pointer
sub_08A23AD4,0x08A23AD4,relocated_r_mips32_code_pointer
sub_08A23AEC,0x08A23AEC,relocated_r_mips32_code_pointer
sub_08A23B98,0x08A23B98,relocated_r_mips32_code_pointer
sub_08A23C44,0x08A23C44,relocated_r_mips32_code_pointer
sub_08A23CF0,0x08A23CF0,relocated_r_mips32_code_pointer
sub_08A23D9C,0x08A23D9C,direct_jal_target
sub_08A23FEC,0x08A23FEC,relocated_r_mips32_code_pointer
sub_08A24020,0x08A24020,relocated_r_mips32_code_pointer
sub_08A2405C,0x08A2405C,relocated_r_mips32_code_pointer
sub_08A24090,0x08A24090,direct_jal_target
sub_08A242E0,0x08A242E0,relocated_r_mips32_code_pointer
sub_08A24314,0x08A24314,relocated_r_mips32_code_pointer
sub_08A24350,0x08A24350,relocated_r_mips32_code_pointer
sub_08A24384,0x08A24384,direct_jal_target
sub_08A24668,0x08A24668,relocated_r_mips32_code_pointer
sub_08A2469C,0x08A2469C,relocated_r_mips32_code_pointer
sub_08A246D8,0x08A246D8,relocated_r_mips32_code_pointer
sub_08A2470C,0x08A2470C,direct_jal_target
sub_08A24A84,0x08A24A84,relocated_r_mips32_code_pointer
sub_08A24AB8,0x08A24AB8,relocated_r_mips32_code_pointer
sub_08A24AF4,0x08A24AF4,relocated_r_mips32_code_pointer
sub_08A24B28,0x08A24B28,relocated_r_mips32_code_pointer
sub_08A24B64,0x08A24B64,relocated_r_mips32_code_pointer
sub_08A24BA0,0x08A24BA0,relocated_r_mips32_code_pointer
sub_08A24BDC,0x08A24BDC,relocated_r_mips32_code_pointer
sub_08A24C18,0x08A24C18,direct_jal_target
sub_08A251A4,0x08A251A4,direct_jal_target
sub_08A25360,0x08A25360,direct_jal_target
sub_08A2590C,0x08A2590C,direct_jal_target
sub_08A26600,0x08A26600,direct_jal_target
sub_08A26F74,0x08A26F74,direct_jal_target
sub_08A27338,0x08A27338,relocated_r_mips32_code_pointer
sub_08A27340,0x08A27340,relocated_r_mips32_code_pointer
sub_08A273B8,0x08A273B8,relocated_r_mips32_code_pointer
sub_08A2742C,0x08A2742C,relocated_r_mips32_code_pointer
sub_08A274A0,0x08A274A0,relocated_r_mips32_code_pointer
sub_08A27518,0x08A27518,relocated_r_mips32_code_pointer
sub_08A27554,0x08A27554,relocated_r_mips32_code_pointer
sub_08A275F4,0x08A275F4,relocated_r_mips32_code_pointer
sub_08A27604,0x08A27604,relocated_r_mips32_code_pointer
sub_08A27614,0x08A27614,relocated_r_mips32_code_pointer
sub_08A2761C,0x08A2761C,relocated_r_mips32_code_pointer
sub_08A2762C,0x08A2762C,relocated_r_mips32_code_pointer
sub_08A276D8,0x08A276D8,relocated_r_mips32_code_pointer
sub_08A276E8,0x08A276E8,relocated_r_mips32_code_pointer
sub_08A276F8,0x08A276F8,relocated_r_mips32_code_pointer
sub_08A27708,0x08A27708,direct_jal_target
sub_08A27958,0x08A27958,relocated_r_mips32_code_pointer
sub_08A2798C,0x08A2798C,relocated_r_mips32_code_pointer
sub_08A279C8,0x08A279C8,relocated_r_mips32_code_pointer
sub_08A279FC,0x08A279FC,relocated_r_mips32_code_pointer
sub_08A27A38,0x08A27A38,direct_jal_target
sub_08A27FC4,0x08A27FC4,direct_jal_target
sub_08A28050,0x08A28050,relocated_r_mips32_code_pointer
sub_08A28068,0x08A28068,relocated_r_mips32_code_pointer
sub_08A28080,0x08A28080,relocated_r_mips32_code_pointer
sub_08A28090,0x08A28090,relocated_r_mips32_code_pointer
sub_08A280A0,0x08A280A0,relocated_r_mips32_code_pointer
sub_08A280A8,0x08A280A8,relocated_r_mips32_code_pointer
sub_08A280F8,0x08A280F8,relocated_r_mips32_code_pointer
sub_08A28100,0x08A28100,relocated_r_mips32_code_pointer
sub_08A28108,0x08A28108,relocated_r_mips32_code_pointer
sub_08A28110,0x08A28110,relocated_r_mips32_code_pointer
sub_08A28118,0x08A28118,relocated_r_mips32_code_pointer
sub_08A28120,0x08A28120,relocated_r_mips32_code_pointer
sub_08A28128,0x08A28128,relocated_r_mips32_code_pointer
sub_08A28130,0x08A28130,relocated_r_mips32_code_pointer
sub_08A28138,0x08A28138,relocated_r_mips32_code_pointer
sub_08A28140,0x08A28140,relocated_r_mips32_code_pointer
sub_08A28148,0x08A28148,relocated_r_mips32_code_pointer
sub_08A28158,0x08A28158,relocated_r_mips32_code_pointer
sub_08A28160,0x08A28160,relocated_r_mips32_code_pointer
sub_08A28168,0x08A28168,relocated_r_mips32_code_pointer
sub_08A28170,0x08A28170,relocated_r_mips32_code_pointer
sub_08A28178,0x08A28178,relocated_r_mips32_code_pointer
sub_08A28180,0x08A28180,relocated_r_mips32_code_pointer
sub_08A28188,0x08A28188,relocated_r_mips32_code_pointer
sub_08A28194,0x08A28194,relocated_r_mips32_code_pointer
sub_08A281AC,0x08A281AC,relocated_r_mips32_code_pointer
sub_08A281C4,0x08A281C4,relocated_r_mips32_code_pointer
sub_08A281D0,0x08A281D0,relocated_r_mips32_code_pointer
sub_08A28204,0x08A28204,relocated_r_mips32_code_pointer
sub_08A28238,0x08A28238,relocated_r_mips32_code_pointer
sub_08A2826C,0x08A2826C,relocated_r_mips32_code_pointer
sub_08A282A0,0x08A282A0,relocated_r_mips32_code_pointer
sub_08A282D4,0x08A282D4,relocated_r_mips32_code_pointer
sub_08A282EC,0x08A282EC,relocated_r_mips32_code_pointer
sub_08A28304,0x08A28304,relocated_r_mips32_code_pointer
sub_08A2830C,0x08A2830C,direct_jal_target
sub_08A28500,0x08A28500,relocated_r_mips32_code_pointer
sub_08A28510,0x08A28510,relocated_r_mips32_code_pointer
sub_08A28520,0x08A28520,relocated_r_mips32_code_pointer
sub_08A28528,0x08A28528,relocated_r_mips32_code_pointer
sub_08A28530,0x08A28530,relocated_r_mips32_code_pointer
sub_08A28550,0x08A28550,relocated_r_mips32_code_pointer
sub_08A28558,0x08A28558,relocated_r_mips32_code_pointer
sub_08A285CC,0x08A285CC,relocated_r_mips32_code_pointer
sub_08A285D4,0x08A285D4,relocated_r_mips32_code_pointer
sub_08A285F8,0x08A285F8,relocated_r_mips32_code_pointer
sub_08A28670,0x08A28670,relocated_r_mips32_code_pointer
sub_08A28678,0x08A28678,relocated_r_mips32_code_pointer
sub_08A28680,0x08A28680,relocated_r_mips32_code_pointer
sub_08A28688,0x08A28688,relocated_r_mips32_code_pointer
sub_08A28690,0x08A28690,relocated_r_mips32_code_pointer
sub_08A28698,0x08A28698,relocated_r_mips32_code_pointer
sub_08A286A0,0x08A286A0,relocated_r_mips32_code_pointer
sub_08A28764,0x08A28764,relocated_r_mips32_code_pointer
sub_08A2876C,0x08A2876C,relocated_r_mips32_code_pointer
sub_08A2878C,0x08A2878C,relocated_r_mips32_code_pointer
sub_08A28794,0x08A28794,relocated_r_mips32_code_pointer
sub_08A2879C,0x08A2879C,relocated_r_mips32_code_pointer
sub_08A287A4,0x08A287A4,relocated_r_mips32_code_pointer
sub_08A287AC,0x08A287AC,relocated_r_mips32_code_pointer
sub_08A287B4,0x08A287B4,relocated_r_mips32_code_pointer
sub_08A287BC,0x08A287BC,relocated_r_mips32_code_pointer
sub_08A287C4,0x08A287C4,relocated_r_mips32_code_pointer
sub_08A287CC,0x08A287CC,relocated_r_mips32_code_pointer
sub_08A287D4,0x08A287D4,relocated_r_mips32_code_pointer
sub_08A2884C,0x08A2884C,relocated_r_mips32_code_pointer
sub_08A2886C,0x08A2886C,relocated_r_mips32_code_pointer
sub_08A288E0,0x08A288E0,relocated_r_mips32_code_pointer
sub_08A28910,0x08A28910,direct_jal_target
sub_08A28930,0x08A28930,relocated_r_mips32_code_pointer
sub_08A28938,0x08A28938,relocated_r_mips32_code_pointer
sub_08A28940,0x08A28940,relocated_r_mips32_code_pointer
sub_08A2894C,0x08A2894C,relocated_r_mips32_code_pointer
sub_08A28964,0x08A28964,relocated_r_mips32_code_pointer
sub_08A2897C,0x08A2897C,relocated_r_mips32_code_pointer
sub_08A28988,0x08A28988,relocated_r_mips32_code_pointer
sub_08A28990,0x08A28990,relocated_r_mips32_code_pointer
sub_08A2899C,0x08A2899C,relocated_r_mips32_code_pointer
sub_08A289A4,0x08A289A4,relocated_r_mips32_code_pointer
sub_08A289B0,0x08A289B0,relocated_r_mips32_code_pointer
sub_08A289C8,0x08A289C8,relocated_r_mips32_code_pointer
sub_08A289E0,0x08A289E0,relocated_r_mips32_code_pointer
sub_08A289EC,0x08A289EC,relocated_r_mips32_code_pointer
sub_08A289F8,0x08A289F8,relocated_r_mips32_code_pointer
sub_08A28A04,0x08A28A04,relocated_r_mips32_code_pointer
sub_08A28A10,0x08A28A10,relocated_r_mips32_code_pointer
sub_08A28A1C,0x08A28A1C,relocated_r_mips32_code_pointer
sub_08A28A28,0x08A28A28,relocated_r_mips32_code_pointer
sub_08A28A34,0x08A28A34,relocated_r_mips32_code_pointer
sub_08A28A40,0x08A28A40,relocated_r_mips32_code_pointer
sub_08A28A50,0x08A28A50,relocated_r_mips32_code_pointer
sub_08A28A60,0x08A28A60,relocated_r_mips32_code_pointer
sub_08A28A68,0x08A28A68,direct_jal_target
sub_08A28CB8,0x08A28CB8,relocated_r_mips32_code_pointer
sub_08A28D64,0x08A28D64,relocated_r_mips32_code_pointer
sub_08A28DA0,0x08A28DA0,relocated_r_mips32_code_pointer
sub_08A28DD4,0x08A28DD4,relocated_r_mips32_code_pointer
sub_08A28E08,0x08A28E08,relocated_r_mips32_code_pointer
sub_08A28E44,0x08A28E44,direct_jal_target
sub_08A293D0,0x08A293D0,relocated_r_mips32_code_pointer
sub_08A29404,0x08A29404,relocated_r_mips32_code_pointer
sub_08A29414,0x08A29414,relocated_r_mips32_code_pointer
sub_08A29424,0x08A29424,relocated_r_mips32_code_pointer
sub_08A2942C,0x08A2942C,relocated_r_mips32_code_pointer
sub_08A29434,0x08A29434,relocated_r_mips32_code_pointer
sub_08A2944C,0x08A2944C,relocated_r_mips32_code_pointer
sub_08A29464,0x08A29464,relocated_r_mips32_code_pointer
sub_08A29470,0x08A29470,relocated_r_mips32_code_pointer
sub_08A2947C,0x08A2947C,relocated_r_mips32_code_pointer
sub_08A2948C,0x08A2948C,relocated_r_mips32_code_pointer
sub_08A2949C,0x08A2949C,relocated_r_mips32_code_pointer
sub_08A294A4,0x08A294A4,relocated_r_mips32_code_pointer
sub_08A294AC,0x08A294AC,direct_jal_target
sub_08A29708,0x08A29708,direct_jal_target
sub_08A29D58,0x08A29D58,relocated_r_mips32_code_pointer
sub_08A29D60,0x08A29D60,relocated_r_mips32_code_pointer
sub_08A29D68,0x08A29D68,relocated_r_mips32_code_pointer
sub_08A29D9C,0x08A29D9C,relocated_r_mips32_code_pointer
sub_08A29DD0,0x08A29DD0,relocated_r_mips32_code_pointer
sub_08A29E08,0x08A29E08,relocated_r_mips32_code_pointer
sub_08A29E10,0x08A29E10,relocated_r_mips32_code_pointer
sub_08A29E24,0x08A29E24,relocated_r_mips32_code_pointer
sub_08A29E38,0x08A29E38,relocated_r_mips32_code_pointer
sub_08A29E44,0x08A29E44,relocated_r_mips32_code_pointer
sub_08A29E5C,0x08A29E5C,relocated_r_mips32_code_pointer
sub_08A29E74,0x08A29E74,relocated_r_mips32_code_pointer
sub_08A29E80,0x08A29E80,relocated_r_mips32_code_pointer
sub_08A29E88,0x08A29E88,relocated_r_mips32_code_pointer
sub_08A29E90,0x08A29E90,relocated_r_mips32_code_pointer
sub_08A29E98,0x08A29E98,relocated_r_mips32_code_pointer
sub_08A29EA0,0x08A29EA0,relocated_r_mips32_code_pointer
sub_08A29EA8,0x08A29EA8,relocated_r_mips32_code_pointer
sub_08A29EB0,0x08A29EB0,relocated_r_mips32_code_pointer
sub_08A29EB8,0x08A29EB8,relocated_r_mips32_code_pointer
sub_08A29EC0,0x08A29EC0,relocated_r_mips32_code_pointer
sub_08A29EC8,0x08A29EC8,relocated_r_mips32_code_pointer
sub_08A29ED0,0x08A29ED0,relocated_r_mips32_code_pointer
sub_08A29ED8,0x08A29ED8,relocated_r_mips32_code_pointer
sub_08A29EE0,0x08A29EE0,relocated_r_mips32_code_pointer
sub_08A29EE8,0x08A29EE8,relocated_r_mips32_code_pointer
sub_08A29EF0,0x08A29EF0,relocated_r_mips32_code_pointer
sub_08A29EFC,0x08A29EFC,relocated_r_mips32_code_pointer
sub_08A29F08,0x08A29F08,relocated_r_mips32_code_pointer
sub_08A29F10,0x08A29F10,relocated_r_mips32_code_pointer
sub_08A29F18,0x08A29F18,relocated_r_mips32_code_pointer
sub_08A29F20,0x08A29F20,relocated_r_mips32_code_pointer
sub_08A29F28,0x08A29F28,relocated_r_mips32_code_pointer
sub_08A29F30,0x08A29F30,relocated_r_mips32_code_pointer
sub_08A29F38,0x08A29F38,relocated_r_mips32_code_pointer
sub_08A29F40,0x08A29F40,relocated_r_mips32_code_pointer
sub_08A29F48,0x08A29F48,relocated_r_mips32_code_pointer
sub_08A29F50,0x08A29F50,relocated_r_mips32_code_pointer
sub_08A29F58,0x08A29F58,relocated_r_mips32_code_pointer
sub_08A29F60,0x08A29F60,relocated_r_mips32_code_pointer
sub_08A29F68,0x08A29F68,relocated_r_mips32_code_pointer
sub_08A29F70,0x08A29F70,relocated_r_mips32_code_pointer
sub_08A29F78,0x08A29F78,relocated_r_mips32_code_pointer
sub_08A29F80,0x08A29F80,relocated_r_mips32_code_pointer
sub_08A29F88,0x08A29F88,relocated_r_mips32_code_pointer
sub_08A29F98,0x08A29F98,relocated_r_mips32_code_pointer
sub_08A29FA8,0x08A29FA8,relocated_r_mips32_code_pointer
sub_08A29FB0,0x08A29FB0,relocated_r_mips32_code_pointer
sub_08A29FB8,0x08A29FB8,relocated_r_mips32_code_pointer
sub_08A2A004,0x08A2A004,relocated_r_mips32_code_pointer
sub_08A2A00C,0x08A2A00C,relocated_r_mips32_code_pointer
sub_08A2A018,0x08A2A018,relocated_r_mips32_code_pointer
sub_08A2A020,0x08A2A020,relocated_r_mips32_code_pointer
sub_08A2A044,0x08A2A044,relocated_r_mips32_code_pointer
sub_08A2A090,0x08A2A090,relocated_r_mips32_code_pointer
sub_08A2A0DC,0x08A2A0DC,relocated_r_mips32_code_pointer
sub_08A2A150,0x08A2A150,relocated_r_mips32_code_pointer
sub_08A2A1C8,0x08A2A1C8,direct_jal_target
sub_08A2A298,0x08A2A298,relocated_r_mips32_code_pointer
sub_08A2A2AC,0x08A2A2AC,relocated_r_mips32_code_pointer
sub_08A2A2E4,0x08A2A2E4,relocated_r_mips32_code_pointer
sub_08A2A2F8,0x08A2A2F8,relocated_r_mips32_code_pointer
sub_08A2A330,0x08A2A330,relocated_r_mips32_code_pointer
sub_08A2A344,0x08A2A344,relocated_r_mips32_code_pointer
sub_08A2A37C,0x08A2A37C,direct_jal_target
sub_08A2A3E4,0x08A2A3E4,relocated_r_mips32_code_pointer
sub_08A2A4B8,0x08A2A4B8,relocated_r_mips32_code_pointer
sub_08A2A538,0x08A2A538,relocated_r_mips32_code_pointer
sub_08A2A5C0,0x08A2A5C0,relocated_r_mips32_code_pointer
sub_08A2A5CC,0x08A2A5CC,relocated_r_mips32_code_pointer
sub_08A2A5F0,0x08A2A5F0,relocated_r_mips32_code_pointer
sub_08A2A5FC,0x08A2A5FC,relocated_r_mips32_code_pointer
sub_08A2A620,0x08A2A620,relocated_r_mips32_code_pointer
sub_08A2A664,0x08A2A664,relocated_r_mips32_code_pointer
sub_08A2A6A0,0x08A2A6A0,relocated_r_mips32_code_pointer
sub_08A2A718,0x08A2A718,relocated_r_mips32_code_pointer
sub_08A2A78C,0x08A2A78C,relocated_r_mips32_code_pointer
sub_08A2A7A4,0x08A2A7A4,relocated_r_mips32_code_pointer
sub_08A2A7BC,0x08A2A7BC,relocated_r_mips32_code_pointer
sub_08A2A7D4,0x08A2A7D4,relocated_r_mips32_code_pointer
sub_08A2A7EC,0x08A2A7EC,relocated_r_mips32_code_pointer
sub_08A2A804,0x08A2A804,relocated_r_mips32_code_pointer
sub_08A2A81C,0x08A2A81C,direct_jal_target
sub_08A2A91C,0x08A2A91C,relocated_r_mips32_code_pointer
sub_08A2A934,0x08A2A934,relocated_r_mips32_code_pointer
sub_08A2A94C,0x08A2A94C,relocated_r_mips32_code_pointer
sub_08A2A9F8,0x08A2A9F8,direct_jal_target
sub_08A2AC48,0x08A2AC48,direct_jal_target
sub_08A2AC7C,0x08A2AC7C,relocated_r_mips32_code_pointer
sub_08A2ACB8,0x08A2ACB8,relocated_r_mips32_code_pointer
sub_08A2ACEC,0x08A2ACEC,direct_jal_target
sub_08A2AE20,0x08A2AE20,direct_jal_target
sub_08A2B0B4,0x08A2B0B4,relocated_r_mips32_code_pointer
sub_08A2B0F0,0x08A2B0F0,direct_jal_target
sub_08A2B67C,0x08A2B67C,relocated_r_mips32_code_pointer
sub_08A2B684,0x08A2B684,relocated_r_mips32_code_pointer
sub_08A2B68C,0x08A2B68C,relocated_r_mips32_code_pointer
sub_08A2B694,0x08A2B694,relocated_r_mips32_code_pointer
sub_08A2B69C,0x08A2B69C,relocated_r_mips32_code_pointer
sub_08A2B6A4,0x08A2B6A4,relocated_r_mips32_code_pointer
sub_08A2B6AC,0x08A2B6AC,relocated_r_mips32_code_pointer
sub_08A2B6B4,0x08A2B6B4,relocated_r_mips32_code_pointer
sub_08A2B6BC,0x08A2B6BC,relocated_r_mips32_code_pointer
sub_08A2B6C4,0x08A2B6C4,relocated_r_mips32_code_pointer
sub_08A2B6CC,0x08A2B6CC,relocated_r_mips32_code_pointer
sub_08A2B6D4,0x08A2B6D4,relocated_r_mips32_code_pointer
sub_08A2B6DC,0x08A2B6DC,relocated_r_mips32_code_pointer
sub_08A2B6E4,0x08A2B6E4,relocated_r_mips32_code_pointer
sub_08A2B6F0,0x08A2B6F0,relocated_r_mips32_code_pointer
sub_08A2B6F8,0x08A2B6F8,relocated_r_mips32_code_pointer
sub_08A2B700,0x08A2B700,relocated_r_mips32_code_pointer
sub_08A2B708,0x08A2B708,relocated_r_mips32_code_pointer
sub_08A2B710,0x08A2B710,relocated_r_mips32_code_pointer
sub_08A2B718,0x08A2B718,relocated_r_mips32_code_pointer
sub_08A2B720,0x08A2B720,relocated_r_mips32_code_pointer
sub_08A2B728,0x08A2B728,relocated_r_mips32_code_pointer
sub_08A2B730,0x08A2B730,relocated_r_mips32_code_pointer
sub_08A2B738,0x08A2B738,relocated_r_mips32_code_pointer
sub_08A2B740,0x08A2B740,relocated_r_mips32_code_pointer
sub_08A2B748,0x08A2B748,relocated_r_mips32_code_pointer
sub_08A2B750,0x08A2B750,relocated_r_mips32_code_pointer
sub_08A2B758,0x08A2B758,relocated_r_mips32_code_pointer
sub_08A2B760,0x08A2B760,relocated_r_mips32_code_pointer
sub_08A2B768,0x08A2B768,relocated_r_mips32_code_pointer
sub_08A2B770,0x08A2B770,relocated_r_mips32_code_pointer
sub_08A2B778,0x08A2B778,relocated_r_mips32_code_pointer
sub_08A2B780,0x08A2B780,relocated_r_mips32_code_pointer
sub_08A2B788,0x08A2B788,relocated_r_mips32_code_pointer
sub_08A2B790,0x08A2B790,relocated_r_mips32_code_pointer
sub_08A2B798,0x08A2B798,relocated_r_mips32_code_pointer
sub_08A2B7A0,0x08A2B7A0,relocated_r_mips32_code_pointer
sub_08A2B7A8,0x08A2B7A8,relocated_r_mips32_code_pointer
sub_08A2B7F4,0x08A2B7F4,relocated_r_mips32_code_pointer
sub_08A2B7FC,0x08A2B7FC,relocated_r_mips32_code_pointer
sub_08A2B804,0x08A2B804,relocated_r_mips32_code_pointer
sub_08A2B81C,0x08A2B81C,relocated_r_mips32_code_pointer
sub_08A2B834,0x08A2B834,relocated_r_mips32_code_pointer
sub_08A2B880,0x08A2B880,relocated_r_mips32_code_pointer
sub_08A2B8CC,0x08A2B8CC,relocated_r_mips32_code_pointer
sub_08A2B918,0x08A2B918,relocated_r_mips32_code_pointer
sub_08A2B964,0x08A2B964,relocated_r_mips32_code_pointer
sub_08A2B99C,0x08A2B99C,relocated_r_mips32_code_pointer
sub_08A2B9B0,0x08A2B9B0,relocated_r_mips32_code_pointer
sub_08A2B9E8,0x08A2B9E8,relocated_r_mips32_code_pointer
sub_08A2BA20,0x08A2BA20,relocated_r_mips32_code_pointer
sub_08A2BA58,0x08A2BA58,relocated_r_mips32_code_pointer
sub_08A2BA6C,0x08A2BA6C,relocated_r_mips32_code_pointer
sub_08A2BA80,0x08A2BA80,relocated_r_mips32_code_pointer
sub_08A2BA94,0x08A2BA94,relocated_r_mips32_code_pointer
sub_08A2BB14,0x08A2BB14,relocated_r_mips32_code_pointer
sub_08A2BB9C,0x08A2BB9C,relocated_r_mips32_code_pointer
sub_08A2BBF4,0x08A2BBF4,relocated_r_mips32_code_pointer
sub_08A2BC54,0x08A2BC54,relocated_r_mips32_code_pointer
sub_08A2BC5C,0x08A2BC5C,relocated_r_mips32_code_pointer
sub_08A2BC80,0x08A2BC80,relocated_r_mips32_code_pointer
sub_08A2BC8C,0x08A2BC8C,relocated_r_mips32_code_pointer
sub_08A2BC94,0x08A2BC94,direct_jal_target
sub_08A2BCFC,0x08A2BCFC,relocated_r_mips32_code_pointer
sub_08A2BD70,0x08A2BD70,relocated_r_mips32_code_pointer
sub_08A2BDE8,0x08A2BDE8,relocated_r_mips32_code_pointer
sub_08A2BEBC,0x08A2BEBC,direct_jal_target
sub_08A2BF8C,0x08A2BF8C,relocated_r_mips32_code_pointer
sub_08A2BF94,0x08A2BF94,materialized_code_pointer
sub_08A2BFB0,0x08A2BFB0,relocated_r_mips32_code_pointer
sub_08A2BFB8,0x08A2BFB8,direct_jal_target
sub_08A2BFC0,0x08A2BFC0,direct_jal_target
sub_08A2BFC8,0x08A2BFC8,direct_jal_target
sub_08A2BFD0,0x08A2BFD0,direct_jal_target
sub_08A2BFD8,0x08A2BFD8,direct_jal_target
sub_08A2BFE0,0x08A2BFE0,direct_jal_target
sub_08A2BFE8,0x08A2BFE8,direct_jal_target
sub_08A2BFF0,0x08A2BFF0,direct_jal_target
sub_08A2BFF8,0x08A2BFF8,direct_jal_target
sub_08A2C000,0x08A2C000,direct_jal_target
sub_08A2C008,0x08A2C008,direct_jal_target
sub_08A2C010,0x08A2C010,direct_jal_target
sub_08A2C020,0x08A2C020,direct_jal_target
sub_08A2C028,0x08A2C028,direct_jal_target
sub_08A2C030,0x08A2C030,direct_jal_target
sub_08A2C038,0x08A2C038,direct_jal_target
sub_08A2C040,0x08A2C040,direct_jal_target
sub_08A2C048,0x08A2C048,direct_jal_target
sub_08A2C050,0x08A2C050,direct_jal_target
sub_08A2C058,0x08A2C058,direct_jal_target
sub_08A2C060,0x08A2C060,direct_jal_target
sub_08A2C068,0x08A2C068,direct_jal_target
sub_08A2C070,0x08A2C070,direct_jal_target
sub_08A2C078,0x08A2C078,direct_jal_target
sub_08A2C080,0x08A2C080,direct_jal_target
sub_08A2C088,0x08A2C088,direct_jal_target
sub_08A2C090,0x08A2C090,direct_jal_target
sub_08A2C098,0x08A2C098,direct_jal_target
sub_08A2C0A0,0x08A2C0A0,direct_jal_target
sub_08A2C0A8,0x08A2C0A8,direct_jal_target
sub_08A2C0B0,0x08A2C0B0,direct_jal_target
sub_08A2C0B8,0x08A2C0B8,direct_jal_target
sub_08A2C0C0,0x08A2C0C0,direct_jal_target
sub_08A2C0C8,0x08A2C0C8,direct_jal_target
sub_08A2C0D0,0x08A2C0D0,direct_jal_target
sub_08A2C0D8,0x08A2C0D8,direct_jal_target
sub_08A2C0E0,0x08A2C0E0,direct_jal_target
sub_08A2C0E8,0x08A2C0E8,direct_jal_target
sub_08A2C0F0,0x08A2C0F0,direct_jal_target
sub_08A2C0F8,0x08A2C0F8,direct_jal_target
sub_08A2C100,0x08A2C100,direct_jal_target
sub_08A2C108,0x08A2C108,direct_jal_target
sub_08A2C110,0x08A2C110,direct_jal_target
sub_08A2C118,0x08A2C118,direct_jal_target
sub_08A2C120,0x08A2C120,direct_jal_target
sub_08A2C128,0x08A2C128,direct_jal_target
sub_08A2C130,0x08A2C130,direct_jal_target
sub_08A2C138,0x08A2C138,direct_jal_target
sub_08A2C140,0x08A2C140,direct_jal_target
sub_08A2C148,0x08A2C148,direct_jal_target
sub_08A2C150,0x08A2C150,direct_jal_target
sub_08A2C158,0x08A2C158,direct_jal_target
sub_08A2C160,0x08A2C160,direct_jal_target
sub_08A2C168,0x08A2C168,direct_jal_target
sub_08A2C170,0x08A2C170,direct_jal_target
sub_08A2C178,0x08A2C178,direct_jal_target
sub_08A2C180,0x08A2C180,direct_jal_target
sub_08A2C188,0x08A2C188,direct_jal_target
sub_08A2C190,0x08A2C190,direct_jal_target
sub_08A2C198,0x08A2C198,direct_jal_target
sub_08A2C1A0,0x08A2C1A0,direct_jal_target
sub_08A2C1A8,0x08A2C1A8,direct_jal_target
sub_08A2C1B0,0x08A2C1B0,direct_jal_target
sub_08A2C1B8,0x08A2C1B8,direct_jal_target
sub_08A2C1C0,0x08A2C1C0,direct_jal_target
sub_08A2C1C8,0x08A2C1C8,direct_jal_target
sub_08A2C1D0,0x08A2C1D0,direct_jal_target
sub_08A2C1D8,0x08A2C1D8,direct_jal_target
sub_08A2C1E0,0x08A2C1E0,direct_jal_target
sub_08A2C1E8,0x08A2C1E8,direct_jal_target
sub_08A2C1F0,0x08A2C1F0,direct_jal_target
sub_08A2C1F8,0x08A2C1F8,direct_jal_target
sub_08A2C200,0x08A2C200,direct_jal_target
sub_08A2C208,0x08A2C208,direct_jal_target
sub_08A2C210,0x08A2C210,direct_jal_target
sub_08A2C218,0x08A2C218,direct_jal_target
sub_08A2C220,0x08A2C220,direct_jal_target
sub_08A2C228,0x08A2C228,direct_jal_target
sub_08A2C230,0x08A2C230,direct_jal_target
sub_08A2C238,0x08A2C238,direct_jal_target
sub_08A2C240,0x08A2C240,direct_jal_target
sub_08A2C248,0x08A2C248,direct_jal_target
sub_08A2C250,0x08A2C250,direct_jal_target
sub_08A2C258,0x08A2C258,direct_jal_target
sub_08A2C260,0x08A2C260,direct_jal_target
sub_08A2C268,0x08A2C268,direct_jal_target
sub_08A2C270,0x08A2C270,direct_jal_target
sub_08A2C278,0x08A2C278,direct_jal_target
sub_08A2C280,0x08A2C280,relocated_r_mips32_code_pointer
sub_08A2C288,0x08A2C288,direct_jal_target
sub_08A2C290,0x08A2C290,direct_jal_target
sub_08A2C298,0x08A2C298,direct_jal_target
sub_08A2C2A0,0x08A2C2A0,direct_jal_target
sub_08A2C2A8,0x08A2C2A8,direct_jal_target
sub_08A2C2B0,0x08A2C2B0,direct_jal_target
sub_08A2C2B8,0x08A2C2B8,direct_jal_target
sub_08A2C2C0,0x08A2C2C0,direct_jal_target
sub_08A2C2C8,0x08A2C2C8,direct_jal_target
sub_08A2C2D0,0x08A2C2D0,direct_jal_target
sub_08A2C2E0,0x08A2C2E0,direct_jal_target
sub_08A2C2E8,0x08A2C2E8,direct_jal_target
sub_08A2C2F0,0x08A2C2F0,direct_jal_target
sub_08A2C2F8,0x08A2C2F8,direct_jal_target
sub_08A2C300,0x08A2C300,direct_jal_target
sub_08A2C308,0x08A2C308,direct_jal_target
sub_08A2C310,0x08A2C310,direct_jal_target
sub_08A2C318,0x08A2C318,direct_jal_target
sub_08A2C320,0x08A2C320,direct_jal_target
sub_08A2C328,0x08A2C328,direct_jal_target
sub_08A2C330,0x08A2C330,direct_jal_target
sub_08A2C338,0x08A2C338,direct_jal_target
sub_08A2C340,0x08A2C340,direct_jal_target
sub_08A2C348,0x08A2C348,direct_jal_target
sub_08A2C350,0x08A2C350,direct_jal_target
sub_08A2C358,0x08A2C358,direct_jal_target
sub_08A2C360,0x08A2C360,direct_jal_target
sub_08A2C368,0x08A2C368,direct_jal_target
sub_08A2C370,0x08A2C370,direct_jal_target
sub_08A2C378,0x08A2C378,direct_jal_target
sub_08A2C380,0x08A2C380,direct_jal_target
sub_08A2C388,0x08A2C388,direct_jal_target
sub_08A2C390,0x08A2C390,direct_jal_target
sub_08A2C398,0x08A2C398,direct_jal_target
sub_08A2C3A0,0x08A2C3A0,direct_jal_target
sub_08A2C3A8,0x08A2C3A8,direct_jal_target
sub_08A2C3B0,0x08A2C3B0,direct_jal_target
sub_08A2C3B8,0x08A2C3B8,direct_jal_target
sub_08A2C3C0,0x08A2C3C0,direct_jal_target
sub_08A2C3C8,0x08A2C3C8,direct_jal_target
sub_08A2C3D0,0x08A2C3D0,direct_jal_target
sub_08A2C3D8,0x08A2C3D8,direct_jal_target
sub_08A2C3E0,0x08A2C3E0,direct_jal_target
sub_08A2C3E8,0x08A2C3E8,direct_jal_target
sub_08A2C3F0,0x08A2C3F0,direct_jal_target
sub_08A2C3F8,0x08A2C3F8,direct_jal_target
sub_08A2C400,0x08A2C400,direct_jal_target
sub_08A2C408,0x08A2C408,direct_jal_target
sub_08A2C410,0x08A2C410,direct_jal_target
sub_08A2C418,0x08A2C418,direct_jal_target
sub_08A2C420,0x08A2C420,direct_jal_target
sub_08A2C428,0x08A2C428,direct_jal_target
sub_08A2C430,0x08A2C430,direct_jal_target
sub_08A2C438,0x08A2C438,direct_jal_target
sub_08A2C440,0x08A2C440,direct_jal_target
sub_08A2C448,0x08A2C448,direct_jal_target
sub_08A2C450,0x08A2C450,direct_jal_target
sub_08A2C458,0x08A2C458,direct_jal_target
sub_08A2C460,0x08A2C460,direct_jal_target
sub_08A2C468,0x08A2C468,direct_jal_target
sub_08A2C470,0x08A2C470,direct_jal_target
sub_08A2C478,0x08A2C478,direct_jal_target
sub_08A2C480,0x08A2C480,direct_jal_target
sub_08A2C488,0x08A2C488,direct_jal_target
sub_08A2C490,0x08A2C490,direct_jal_target
sub_08A2C498,0x08A2C498,direct_jal_target
sub_08A2C4A0,0x08A2C4A0,direct_jal_target
sub_08A2C4A8,0x08A2C4A8,direct_jal_target
sub_08A2C4B0,0x08A2C4B0,direct_jal_target
sub_08A2C4B8,0x08A2C4B8,direct_jal_target
sub_08A2C4C0,0x08A2C4C0,direct_jal_target
sub_08A2C4C8,0x08A2C4C8,direct_jal_target
sub_08A2C4D0,0x08A2C4D0,direct_jal_target
sub_08A2C4D8,0x08A2C4D8,direct_jal_target
sub_08A2C4E0,0x08A2C4E0,direct_jal_target
sub_08A2C4E8,0x08A2C4E8,direct_jal_target
sub_08A2C4F0,0x08A2C4F0,direct_jal_target
sub_08A2C4F8,0x08A2C4F8,direct_jal_target
sub_08A2C500,0x08A2C500,direct_jal_target
sub_08A2C508,0x08A2C508,direct_jal_target
sub_08A2C510,0x08A2C510,direct_jal_target
sub_08A2C518,0x08A2C518,direct_jal_target
sub_08A2C520,0x08A2C520,direct_jal_target
sub_08A2C528,0x08A2C528,direct_jal_target
sub_08A2C534,0x08A2C534,relocated_r_mips32_code_pointer
sub_08A2C544,0x08A2C544,relocated_r_mips32_code_pointer
sub_08A2C54C,0x08A2C54C,relocated_r_mips32_code_pointer
sub_08A2C718,0x08A2C718,relocated_r_mips32_code_pointer
sub_08A2C71C,0x08A2C71C,relocated_r_mips32_code_pointer
sub_08A2C754,0x08A2C754,relocated_r_mips32_code_pointer
sub_08A2C764,0x08A2C764,relocated_r_mips32_code_pointer
sub_08A2C774,0x08A2C774,relocated_r_mips32_code_pointer
sub_08A2C788,0x08A2C788,relocated_r_mips32_code_pointer
sub_08A2C794,0x08A2C794,relocated_r_mips32_code_pointer
sub_08A2C7A4,0x08A2C7A4,relocated_r_mips32_code_pointer
sub_08A2C7B4,0x08A2C7B4,relocated_r_mips32_code_pointer
sub_08A2C7C4,0x08A2C7C4,relocated_r_mips32_code_pointer
sub_08A2C7D4,0x08A2C7D4,relocated_r_mips32_code_pointer
sub_08A2C7E4,0x08A2C7E4,relocated_r_mips32_code_pointer
sub_08A2C7F0,0x08A2C7F0,relocated_r_mips32_code_pointer
sub_08A2C800,0x08A2C800,relocated_r_mips32_code_pointer
sub_08A2C814,0x08A2C814,relocated_r_mips32_code_pointer
sub_08A2C824,0x08A2C824,relocated_r_mips32_code_pointer
sub_08A2C834,0x08A2C834,relocated_r_mips32_code_pointer
sub_08A2C84C,0x08A2C84C,relocated_r_mips32_code_pointer
sub_08A2C860,0x08A2C860,relocated_r_mips32_code_pointer
sub_08A2C874,0x08A2C874,relocated_r_mips32_code_pointer
sub_08A2C88C,0x08A2C88C,relocated_r_mips32_code_pointer
sub_08A2C8A0,0x08A2C8A0,relocated_r_mips32_code_pointer
sub_08A2C8B8,0x08A2C8B8,relocated_r_mips32_code_pointer
sub_08A2C8D0,0x08A2C8D0,relocated_r_mips32_code_pointer
sub_08A2C8E4,0x08A2C8E4,relocated_r_mips32_code_pointer
sub_08A2C8F8,0x08A2C8F8,relocated_r_mips32_code_pointer
sub_08A2C928,0x08A2C928,relocated_r_mips32_code_pointer
sub_08A2C954,0x08A2C954,direct_jal_target
sub_08A2C968,0x08A2C968,relocated_r_mips32_code_pointer
sub_08A2C974,0x08A2C974,relocated_r_mips32_code_pointer
sub_08A2C97C,0x08A2C97C,relocated_r_mips32_code_pointer
sub_08A2C990,0x08A2C990,relocated_r_mips32_code_pointer
sub_08A2C99C,0x08A2C99C,relocated_r_mips32_code_pointer
sub_08A2C9BC,0x08A2C9BC,relocated_r_mips32_code_pointer
sub_08A2CA1C,0x08A2CA1C,relocated_r_mips32_code_pointer
sub_08A2CA30,0x08A2CA30,relocated_r_mips32_code_pointer
sub_08A2CA50,0x08A2CA50,relocated_r_mips32_code_pointer
sub_08A2CA84,0x08A2CA84,relocated_r_mips32_code_pointer
sub_08A2CA90,0x08A2CA90,relocated_r_mips32_code_pointer
sub_08A2CAA4,0x08A2CAA4,relocated_r_mips32_code_pointer
sub_08A2CADC,0x08A2CADC,relocated_r_mips32_code_pointer
sub_08A2CAE0,0x08A2CAE0,relocated_r_mips32_code_pointer
sub_08A2CAEC,0x08A2CAEC,relocated_r_mips32_code_pointer
sub_08A2CB04,0x08A2CB04,relocated_r_mips32_code_pointer
sub_08A2CB2C,0x08A2CB2C,relocated_r_mips32_code_pointer
sub_08A2CB34,0x08A2CB34,relocated_r_mips32_code_pointer
sub_08A2CBA0,0x08A2CBA0,relocated_r_mips32_code_pointer
sub_08A2CBA4,0x08A2CBA4,relocated_r_mips32_code_pointer
sub_08A2CBB4,0x08A2CBB4,relocated_r_mips32_code_pointer
sub_08A2CBE4,0x08A2CBE4,relocated_r_mips32_code_pointer
sub_08A2D098,0x08A2D098,materialized_code_pointer
sub_08A2D09C,0x08A2D09C,materialized_code_pointer
sub_08A2D0A4,0x08A2D0A4,relocated_data_code_pointer
sub_08A2D55C,0x08A2D55C,materialized_code_pointer
sub_08A2E130,0x08A2E130,relocated_r_mips32_code_pointer
sub_08A2E150,0x08A2E150,relocated_r_mips32_code_pointer
sub_08A2E178,0x08A2E178,relocated_r_mips32_code_pointer
sub_08A2E190,0x08A2E190,relocated_r_mips32_code_pointer
sub_08A2E1C8,0x08A2E1C8,relocated_r_mips32_code_pointer
sub_08A2E1E0,0x08A2E1E0,relocated_r_mips32_code_pointer
sub_08A2E1F8,0x08A2E1F8,relocated_r_mips32_code_pointer
sub_08A2E210,0x08A2E210,relocated_r_mips32_code_pointer
sub_08A2E298,0x08A2E298,relocated_r_mips32_code_pointer
sub_08A2E2A8,0x08A2E2A8,relocated_r_mips32_code_pointer
sub_08A2E2B8,0x08A2E2B8,materialized_code_pointer
sub_08A2E2C4,0x08A2E2C4,materialized_code_pointer
sub_08A2E2C8,0x08A2E2C8,materialized_code_pointer
sub_08A2E2E4,0x08A2E2E4,materialized_code_pointer
sub_08A2E300,0x08A2E300,materialized_code_pointer
sub_08A2E310,0x08A2E310,materialized_code_pointer
sub_08A2E350,0x08A2E350,materialized_code_pointer
sub_08A30000,0x08A30000,materialized_code_pointer
sub_08A41344,0x08A41344,direct_jal_target
sub_08A4AB08,0x08A4AB08,materialized_code_pointer
sub_08A4CE90,0x08A4CE90,direct_jal_target
sub_08A4F718,0x08A4F718,materialized_code_pointer
sub_08A4F72C,0x08A4F72C,materialized_code_pointer
sub_08A4F934,0x08A4F934,materialized_code_pointer
sub_08A4F948,0x08A4F948,materialized_code_pointer
sub_08A4F95C,0x08A4F95C,materialized_code_pointer
sub_08A4F96C,0x08A4F96C,materialized_code_pointer
sub_08A4F998,0x08A4F998,materialized_code_pointer
sub_08A4F9D4,0x08A4F9D4,materialized_code_pointer
sub_08A4F9E4,0x08A4F9E4,materialized_code_pointer
sub_08A4F9F8,0x08A4F9F8,materialized_code_pointer
sub_08A4FA08,0x08A4FA08,materialized_code_pointer
sub_08A4FA18,0x08A4FA18,materialized_code_pointer
sub_08A4FA28,0x08A4FA28,materialized_code_pointer
sub_08A4FA38,0x08A4FA38,materialized_code_pointer
sub_08A4FA50,0x08A4FA50,materialized_code_pointer
sub_08A4FA60,0x08A4FA60,materialized_code_pointer
sub_08A4FA6C,0x08A4FA6C,materialized_code_pointer
sub_08A4FA78,0x08A4FA78,materialized_code_pointer
sub_08A4FA88,0x08A4FA88,materialized_code_pointer
sub_08A4FA98,0x08A4FA98,materialized_code_pointer
sub_08A4FAAC,0x08A4FAAC,materialized_code_pointer
sub_08A4FAC0,0x08A4FAC0,materialized_code_pointer
sub_08A4FAD0,0x08A4FAD0,materialized_code_pointer
sub_08A4FAE4,0x08A4FAE4,materialized_code_pointer
sub_08A4FAF8,0x08A4FAF8,materialized_code_pointer
sub_08A4FB0C,0x08A4FB0C,materialized_code_pointer
sub_08A4FB1C,0x08A4FB1C,materialized_code_pointer
sub_08A4FB64,0x08A4FB64,materialized_code_pointer
sub_08A4FB74,0x08A4FB74,materialized_code_pointer
sub_08A4FBAC,0x08A4FBAC,materialized_code_pointer
sub_08A4FBC8,0x08A4FBC8,materialized_code_pointer
sub_08A4FBF4,0x08A4FBF4,materialized_code_pointer
sub_08A4FC10,0x08A4FC10,materialized_code_pointer
sub_08A4FC24,0x08A4FC24,materialized_code_pointer
sub_08A4FC34,0x08A4FC34,materialized_code_pointer
sub_08A4FC70,0x08A4FC70,materialized_code_pointer
sub_08A4FC94,0x08A4FC94,materialized_code_pointer
sub_08A4FCA8,0x08A4FCA8,materialized_code_pointer
sub_08A4FCBC,0x08A4FCBC,materialized_code_pointer
sub_08A4FCD0,0x08A4FCD0,materialized_code_pointer
sub_08A4FCE4,0x08A4FCE4,materialized_code_pointer
sub_08A4FCF8,0x08A4FCF8,materialized_code_pointer
sub_08A4FD10,0x08A4FD10,materialized_code_pointer
sub_08A4FD24,0x08A4FD24,materialized_code_pointer
sub_08A4FD38,0x08A4FD38,materialized_code_pointer
sub_08A4FD50,0x08A4FD50,materialized_code_pointer
sub_08A4FD64,0x08A4FD64,materialized_code_pointer
sub_08A4FDB0,0x08A4FDB0,materialized_code_pointer
sub_08A4FDC0,0x08A4FDC0,materialized_code_pointer
sub_08A4FDD4,0x08A4FDD4,materialized_code_pointer
sub_08A4FDE4,0x08A4FDE4,materialized_code_pointer
sub_08A4FDF4,0x08A4FDF4,materialized_code_pointer
sub_08A4FE0C,0x08A4FE0C,materialized_code_pointer
sub_08A4FE24,0x08A4FE24,materialized_code_pointer
sub_08A4FE3C,0x08A4FE3C,materialized_code_pointer
sub_08A4FE54,0x08A4FE54,materialized_code_pointer
sub_08A4FE90,0x08A4FE90,materialized_code_pointer
sub_08A4FE9C,0x08A4FE9C,materialized_code_pointer
sub_08A4FEAC,0x08A4FEAC,materialized_code_pointer
sub_08A4FEB4,0x08A4FEB4,materialized_code_pointer
sub_08A4FEBC,0x08A4FEBC,materialized_code_pointer
sub_08A4FEC8,0x08A4FEC8,materialized_code_pointer
sub_08A4FED0,0x08A4FED0,materialized_code_pointer
sub_08A4FED8,0x08A4FED8,materialized_code_pointer
sub_08A4FEE0,0x08A4FEE0,materialized_code_pointer
sub_08A4FEE8,0x08A4FEE8,materialized_code_pointer
sub_08A4FEEC,0x08A4FEEC,materialized_code_pointer
sub_08A4FF00,0x08A4FF00,materialized_code_pointer
sub_08A4FF10,0x08A4FF10,materialized_code_pointer
sub_08A4FF20,0x08A4FF20,materialized_code_pointer
sub_08A4FF30,0x08A4FF30,materialized_code_pointer
sub_08A4FF40,0x08A4FF40,materialized_code_pointer
sub_08A4FF50,0x08A4FF50,materialized_code_pointer
sub_08A4FF58,0x08A4FF58,materialized_code_pointer
sub_08A4FF5C,0x08A4FF5C,materialized_code_pointer
sub_08A4FF64,0x08A4FF64,materialized_code_pointer
sub_08A4FFAC,0x08A4FFAC,materialized_code_pointer
sub_08A4FFB8,0x08A4FFB8,materialized_code_pointer
sub_08A4FFC0,0x08A4FFC0,materialized_code_pointer
sub_08A4FFC8,0x08A4FFC8,materialized_code_pointer
sub_08A4FFD8,0x08A4FFD8,materialized_code_pointer
sub_08A4FFE0,0x08A4FFE0,materialized_code_pointer
sub_08A4FFE8,0x08A4FFE8,materialized_code_pointer
sub_08A4FFF0,0x08A4FFF0,materialized_code_pointer
sub_08A4FFF8,0x08A4FFF8,materialized_code_pointer
sub_08A50000,0x08A50000,materialized_code_pointer
sub_08A50008,0x08A50008,materialized_code_pointer
sub_08A50094,0x08A50094,materialized_code_pointer
sub_08A500A4,0x08A500A4,materialized_code_pointer
sub_08A500B4,0x08A500B4,materialized_code_pointer
sub_08A500C4,0x08A500C4,materialized_code_pointer
sub_08A500D4,0x08A500D4,materialized_code_pointer
sub_08A500E4,0x08A500E4,materialized_code_pointer
sub_08A500F4,0x08A500F4,materialized_code_pointer
sub_08A50104,0x08A50104,materialized_code_pointer
sub_08A50114,0x08A50114,materialized_code_pointer
sub_08A50124,0x08A50124,materialized_code_pointer
sub_08A50134,0x08A50134,materialized_code_pointer
sub_08A50140,0x08A50140,materialized_code_pointer
sub_08A50150,0x08A50150,materialized_code_pointer
sub_08A50160,0x08A50160,materialized_code_pointer
sub_08A50170,0x08A50170,materialized_code_pointer
sub_08A50180,0x08A50180,materialized_code_pointer
sub_08A501E0,0x08A501E0,materialized_code_pointer
sub_08A501F0,0x08A501F0,materialized_code_pointer
sub_08A50210,0x08A50210,materialized_code_pointer
sub_08A50218,0x08A50218,materialized_code_pointer
sub_08A5022C,0x08A5022C,materialized_code_pointer
sub_08A5023C,0x08A5023C,materialized_code_pointer
sub_08A5025C,0x08A5025C,materialized_code_pointer
sub_08A50274,0x08A50274,materialized_code_pointer
sub_08A50284,0x08A50284,materialized_code_pointer
sub_08A50298,0x08A50298,materialized_code_pointer
sub_08A502A8,0x08A502A8,materialized_code_pointer
sub_08A502B8,0x08A502B8,materialized_code_pointer
sub_08A502C8,0x08A502C8,materialized_code_pointer
sub_08A502CC,0x08A502CC,materialized_code_pointer
sub_08A502E0,0x08A502E0,materialized_code_pointer
sub_08A502F0,0x08A502F0,materialized_code_pointer
sub_08A502F8,0x08A502F8,materialized_code_pointer
sub_08A50304,0x08A50304,materialized_code_pointer
sub_08A50310,0x08A50310,materialized_code_pointer
sub_08A50324,0x08A50324,materialized_code_pointer
sub_08A50338,0x08A50338,materialized_code_pointer
sub_08A50348,0x08A50348,materialized_code_pointer
sub_08A50358,0x08A50358,materialized_code_pointer
sub_08A50368,0x08A50368,materialized_code_pointer
sub_08A50378,0x08A50378,materialized_code_pointer
sub_08A50388,0x08A50388,materialized_code_pointer
sub_08A50398,0x08A50398,materialized_code_pointer
sub_08A503AC,0x08A503AC,materialized_code_pointer
sub_08A503BC,0x08A503BC,materialized_code_pointer
sub_08A503CC,0x08A503CC,materialized_code_pointer
sub_08A503DC,0x08A503DC,materialized_code_pointer
sub_08A503EC,0x08A503EC,materialized_code_pointer
sub_08A503FC,0x08A503FC,materialized_code_pointer
sub_08A5040C,0x08A5040C,materialized_code_pointer
sub_08A5041C,0x08A5041C,materialized_code_pointer
sub_08A50434,0x08A50434,materialized_code_pointer
sub_08A50474,0x08A50474,materialized_code_pointer
sub_08A50484,0x08A50484,materialized_code_pointer
sub_08A50494,0x08A50494,materialized_code_pointer
sub_08A50554,0x08A50554,materialized_code_pointer
sub_08A5057C,0x08A5057C,materialized_code_pointer
sub_08A50598,0x08A50598,materialized_code_pointer
sub_08A505B0,0x08A505B0,materialized_code_pointer
sub_08A505B4,0x08A505B4,materialized_code_pointer
sub_08A505D0,0x08A505D0,materialized_code_pointer
sub_08A505D8,0x08A505D8,materialized_code_pointer
sub_08A505F4,0x08A505F4,materialized_code_pointer
sub_08A50604,0x08A50604,materialized_code_pointer
sub_08A50618,0x08A50618,materialized_code_pointer
sub_08A507B8,0x08A507B8,materialized_code_pointer
sub_08A508BC,0x08A508BC,materialized_code_pointer
sub_08A50990,0x08A50990,materialized_code_pointer
sub_08A509A0,0x08A509A0,materialized_code_pointer
sub_08A509B0,0x08A509B0,materialized_code_pointer
sub_08A50A00,0x08A50A00,materialized_code_pointer
sub_08A50A50,0x08A50A50,materialized_code_pointer
sub_08A50A60,0x08A50A60,materialized_code_pointer
sub_08A50A70,0x08A50A70,materialized_code_pointer
sub_08A50A80,0x08A50A80,materialized_code_pointer
sub_08A50A90,0x08A50A90,materialized_code_pointer
sub_08A50AA4,0x08A50AA4,materialized_code_pointer
sub_08A50AB4,0x08A50AB4,materialized_code_pointer
sub_08A50AC0,0x08A50AC0,materialized_code_pointer
sub_08A50AD0,0x08A50AD0,materialized_code_pointer
sub_08A50AE0,0x08A50AE0,materialized_code_pointer
sub_08A50AF8,0x08A50AF8,materialized_code_pointer
sub_08A50B08,0x08A50B08,materialized_code_pointer
sub_08A50B18,0x08A50B18,materialized_code_pointer
sub_08A50B34,0x08A50B34,materialized_code_pointer
sub_08A50B44,0x08A50B44,materialized_code_pointer
sub_08A50B54,0x08A50B54,materialized_code_pointer
sub_08A50B68,0x08A50B68,materialized_code_pointer
sub_08A50B7C,0x08A50B7C,materialized_code_pointer
sub_08A50BA0,0x08A50BA0,materialized_code_pointer
sub_08A50BB0,0x08A50BB0,materialized_code_pointer
sub_08A50BC0,0x08A50BC0,materialized_code_pointer
sub_08A50BD8,0x08A50BD8,materialized_code_pointer
sub_08A50BE8,0x08A50BE8,materialized_code_pointer
sub_08A50BF8,0x08A50BF8,materialized_code_pointer
sub_08A50C10,0x08A50C10,materialized_code_pointer
sub_08A50C20,0x08A50C20,materialized_code_pointer
sub_08A50C30,0x08A50C30,materialized_code_pointer
sub_08A50CBC,0x08A50CBC,materialized_code_pointer
sub_08A50CD4,0x08A50CD4,materialized_code_pointer
sub_08A50CD8,0x08A50CD8,materialized_code_pointer
sub_08A50D00,0x08A50D00,materialized_code_pointer
sub_08A50ED4,0x08A50ED4,materialized_code_pointer
sub_08A50F54,0x08A50F54,materialized_code_pointer
sub_08A50FAC,0x08A50FAC,materialized_code_pointer
sub_08A50FD4,0x08A50FD4,materialized_code_pointer
sub_08A51024,0x08A51024,materialized_code_pointer
sub_08A510AC,0x08A510AC,materialized_code_pointer
sub_08A510E0,0x08A510E0,materialized_code_pointer
sub_08A51110,0x08A51110,materialized_code_pointer
sub_08A5113C,0x08A5113C,materialized_code_pointer
sub_08A51164,0x08A51164,materialized_code_pointer
sub_08A511FC,0x08A511FC,materialized_code_pointer
sub_08A51224,0x08A51224,materialized_code_pointer
sub_08A51254,0x08A51254,materialized_code_pointer
sub_08A5127C,0x08A5127C,materialized_code_pointer
sub_08A5129C,0x08A5129C,materialized_code_pointer
sub_08A512C4,0x08A512C4,materialized_code_pointer
sub_08A512EC,0x08A512EC,materialized_code_pointer
sub_08A51314,0x08A51314,materialized_code_pointer
sub_08A5132C,0x08A5132C,materialized_code_pointer
sub_08A51344,0x08A51344,materialized_code_pointer
sub_08A51374,0x08A51374,materialized_code_pointer
sub_08A5139C,0x08A5139C,materialized_code_pointer
sub_08A513CC,0x08A513CC,materialized_code_pointer
sub_08A5143C,0x08A5143C,materialized_code_pointer
sub_08A5144C,0x08A5144C,materialized_code_pointer
sub_08A51464,0x08A51464,materialized_code_pointer
sub_08A51494,0x08A51494,materialized_code_pointer
sub_08A514A4,0x08A514A4,materialized_code_pointer
sub_08A514C4,0x08A514C4,materialized_code_pointer
sub_08A514E8,0x08A514E8,materialized_code_pointer
sub_08A5150C,0x08A5150C,materialized_code_pointer
sub_08A51524,0x08A51524,materialized_code_pointer
sub_08A51534,0x08A51534,materialized_code_pointer
sub_08A51560,0x08A51560,materialized_code_pointer
sub_08A51588,0x08A51588,materialized_code_pointer
sub_08A515A8,0x08A515A8,materialized_code_pointer
sub_08A515D4,0x08A515D4,materialized_code_pointer
sub_08A515EC,0x08A515EC,materialized_code_pointer
sub_08A51618,0x08A51618,materialized_code_pointer
sub_08A51640,0x08A51640,materialized_code_pointer
sub_08A51678,0x08A51678,materialized_code_pointer
sub_08A51688,0x08A51688,materialized_code_pointer
sub_08A516B8,0x08A516B8,materialized_code_pointer
sub_08A51700,0x08A51700,materialized_code_pointer
sub_08A51728,0x08A51728,materialized_code_pointer
sub_08A51750,0x08A51750,materialized_code_pointer
sub_08A51778,0x08A51778,materialized_code_pointer
sub_08A517A0,0x08A517A0,materialized_code_pointer
sub_08A517C8,0x08A517C8,materialized_code_pointer
sub_08A51800,0x08A51800,materialized_code_pointer
sub_08A51828,0x08A51828,materialized_code_pointer
sub_08A51930,0x08A51930,materialized_code_pointer
sub_08A51958,0x08A51958,materialized_code_pointer
sub_08A51978,0x08A51978,materialized_code_pointer
sub_08A519A0,0x08A519A0,materialized_code_pointer
sub_08A519C0,0x08A519C0,materialized_code_pointer
sub_08A519E8,0x08A519E8,materialized_code_pointer
sub_08A51A08,0x08A51A08,materialized_code_pointer
sub_08A51A30,0x08A51A30,materialized_code_pointer
sub_08A51A78,0x08A51A78,materialized_code_pointer
sub_08A51AA0,0x08A51AA0,materialized_code_pointer
sub_08A51AD8,0x08A51AD8,materialized_code_pointer
sub_08A51AF0,0x08A51AF0,materialized_code_pointer
sub_08A51B00,0x08A51B00,materialized_code_pointer
sub_08A51B04,0x08A51B04,materialized_code_pointer
sub_08A51B14,0x08A51B14,materialized_code_pointer
sub_08A51B24,0x08A51B24,materialized_code_pointer
sub_08A51B40,0x08A51B40,materialized_code_pointer
sub_08A51B5C,0x08A51B5C,materialized_code_pointer
sub_08A51B74,0x08A51B74,materialized_code_pointer
sub_08A51B8C,0x08A51B8C,materialized_code_pointer
sub_08A51B9C,0x08A51B9C,materialized_code_pointer
sub_08A51BAC,0x08A51BAC,materialized_code_pointer
sub_08A51BB8,0x08A51BB8,materialized_code_pointer
sub_08A51BC4,0x08A51BC4,materialized_code_pointer
sub_08A51BE8,0x08A51BE8,materialized_code_pointer
sub_08A51BEC,0x08A51BEC,materialized_code_pointer
sub_08A51BF8,0x08A51BF8,materialized_code_pointer
sub_08A51C04,0x08A51C04,materialized_code_pointer
sub_08A51C10,0x08A51C10,materialized_code_pointer
sub_08A51C1C,0x08A51C1C,materialized_code_pointer
sub_08A51C28,0x08A51C28,materialized_code_pointer
sub_08A51C48,0x08A51C48,materialized_code_pointer
sub_08A51C64,0x08A51C64,materialized_code_pointer
sub_08A51C74,0x08A51C74,materialized_code_pointer
sub_08A51C84,0x08A51C84,materialized_code_pointer
sub_08A51C94,0x08A51C94,materialized_code_pointer
sub_08A51E1C,0x08A51E1C,materialized_code_pointer
sub_08A51E38,0x08A51E38,materialized_code_pointer
sub_08A51E48,0x08A51E48,materialized_code_pointer
sub_08A51E54,0x08A51E54,materialized_code_pointer
sub_08A51E64,0x08A51E64,materialized_code_pointer
sub_08A51E7C,0x08A51E7C,materialized_code_pointer
sub_08A51EBC,0x08A51EBC,materialized_code_pointer
sub_08A52048,0x08A52048,materialized_code_pointer
sub_08A52078,0x08A52078,materialized_code_pointer
sub_08A52084,0x08A52084,materialized_code_pointer
sub_08A520AC,0x08A520AC,materialized_code_pointer
sub_08A520B8,0x08A520B8,materialized_code_pointer
sub_08A520C8,0x08A520C8,materialized_code_pointer
sub_08A5217C,0x08A5217C,materialized_code_pointer
sub_08A52188,0x08A52188,materialized_code_pointer
sub_08A52194,0x08A52194,materialized_code_pointer
sub_08A521A0,0x08A521A0,materialized_code_pointer
sub_08A521B0,0x08A521B0,materialized_code_pointer
sub_08A521BC,0x08A521BC,materialized_code_pointer
sub_08A521D4,0x08A521D4,materialized_code_pointer
sub_08A52200,0x08A52200,materialized_code_pointer
sub_08A5220C,0x08A5220C,materialized_code_pointer
sub_08A5222C,0x08A5222C,materialized_code_pointer
sub_08A52254,0x08A52254,materialized_code_pointer
sub_08A522F4,0x08A522F4,materialized_code_pointer
sub_08A5230C,0x08A5230C,materialized_code_pointer
sub_08A52324,0x08A52324,materialized_code_pointer
sub_08A5233C,0x08A5233C,materialized_code_pointer
sub_08A52354,0x08A52354,materialized_code_pointer
sub_08A523A8,0x08A523A8,materialized_code_pointer
sub_08A523B4,0x08A523B4,materialized_code_pointer
sub_08A52424,0x08A52424,materialized_code_pointer
sub_08A52438,0x08A52438,materialized_code_pointer
sub_08A52444,0x08A52444,materialized_code_pointer
sub_08A52450,0x08A52450,materialized_code_pointer
sub_08A52474,0x08A52474,materialized_code_pointer
sub_08A52484,0x08A52484,materialized_code_pointer
sub_08A52494,0x08A52494,materialized_code_pointer
sub_08A52498,0x08A52498,materialized_code_pointer
sub_08A5249C,0x08A5249C,materialized_code_pointer
sub_08A524AC,0x08A524AC,materialized_code_pointer
sub_08A524B8,0x08A524B8,materialized_code_pointer
sub_08A524C8,0x08A524C8,materialized_code_pointer
sub_08A524D8,0x08A524D8,materialized_code_pointer
sub_08A524F0,0x08A524F0,materialized_code_pointer
sub_08A52538,0x08A52538,materialized_code_pointer
sub_08A5254C,0x08A5254C,materialized_code_pointer
sub_08A52564,0x08A52564,materialized_code_pointer
sub_08A52588,0x08A52588,materialized_code_pointer
sub_08A525A4,0x08A525A4,materialized_code_pointer
sub_08A525C4,0x08A525C4,materialized_code_pointer
sub_08A52684,0x08A52684,materialized_code_pointer
sub_08A5269C,0x08A5269C,materialized_code_pointer
sub_08A526B4,0x08A526B4,materialized_code_pointer
sub_08A526D0,0x08A526D0,materialized_code_pointer
sub_08A52710,0x08A52710,materialized_code_pointer
sub_08A52740,0x08A52740,materialized_code_pointer
sub_08A52754,0x08A52754,materialized_code_pointer
sub_08A52788,0x08A52788,materialized_code_pointer
sub_08A527B4,0x08A527B4,materialized_code_pointer
sub_08A529A8,0x08A529A8,materialized_code_pointer
sub_08A529EC,0x08A529EC,materialized_code_pointer
sub_08A52A30,0x08A52A30,materialized_code_pointer
sub_08A52C24,0x08A52C24,materialized_code_pointer
sub_08A52C58,0x08A52C58,materialized_code_pointer
sub_08A52C9C,0x08A52C9C,materialized_code_pointer
sub_08A52CF4,0x08A52CF4,materialized_code_pointer
sub_08A52D10,0x08A52D10,materialized_code_pointer
sub_08A52D20,0x08A52D20,materialized_code_pointer
sub_08A52D30,0x08A52D30,materialized_code_pointer
sub_08A52D3C,0x08A52D3C,materialized_code_pointer
sub_08A52D40,0x08A52D40,materialized_code_pointer
sub_08A52D4C,0x08A52D4C,materialized_code_pointer
sub_08A52E7C,0x08A52E7C,materialized_code_pointer
sub_08A52E80,0x08A52E80,materialized_code_pointer
sub_08A52EC4,0x08A52EC4,materialized_code_pointer
sub_08A52EE4,0x08A52EE4,relocated_r_mips32_code_pointer
sub_08A52EEC,0x08A52EEC,materialized_code_pointer
sub_08A52F10,0x08A52F10,materialized_code_pointer
sub_08A52F34,0x08A52F34,materialized_code_pointer
sub_08A52F48,0x08A52F48,materialized_code_pointer
sub_08A52F5C,0x08A52F5C,materialized_code_pointer
sub_08A52F8C,0x08A52F8C,materialized_code_pointer
sub_08A52F9C,0x08A52F9C,materialized_code_pointer
sub_08A52FAC,0x08A52FAC,materialized_code_pointer
sub_08A52FBC,0x08A52FBC,materialized_code_pointer
sub_08A52FCC,0x08A52FCC,materialized_code_pointer
sub_08A53014,0x08A53014,materialized_code_pointer
sub_08A53140,0x08A53140,materialized_code_pointer
sub_08A532A8,0x08A532A8,materialized_code_pointer
sub_08A532C8,0x08A532C8,materialized_code_pointer
sub_08A532EC,0x08A532EC,materialized_code_pointer
sub_08A53384,0x08A53384,materialized_code_pointer
sub_08A533B4,0x08A533B4,materialized_code_pointer
sub_08A5345C,0x08A5345C,materialized_code_pointer
sub_08A53478,0x08A53478,materialized_code_pointer
sub_08A53490,0x08A53490,materialized_code_pointer
sub_08A534A8,0x08A534A8,materialized_code_pointer
sub_08A534C0,0x08A534C0,materialized_code_pointer
sub_08A534D8,0x08A534D8,materialized_code_pointer
sub_08A534F0,0x08A534F0,materialized_code_pointer
sub_08A53508,0x08A53508,materialized_code_pointer
sub_08A53520,0x08A53520,materialized_code_pointer
sub_08A53538,0x08A53538,materialized_code_pointer
sub_08A53550,0x08A53550,materialized_code_pointer
sub_08A53568,0x08A53568,materialized_code_pointer
sub_08A53580,0x08A53580,materialized_code_pointer
sub_08A53598,0x08A53598,materialized_code_pointer
sub_08A535B0,0x08A535B0,materialized_code_pointer
sub_08A535C8,0x08A535C8,materialized_code_pointer
sub_08A535E0,0x08A535E0,materialized_code_pointer
sub_08A535F8,0x08A535F8,materialized_code_pointer
sub_08A53610,0x08A53610,materialized_code_pointer
sub_08A53628,0x08A53628,materialized_code_pointer
sub_08A53640,0x08A53640,materialized_code_pointer
sub_08A53658,0x08A53658,materialized_code_pointer
sub_08A53670,0x08A53670,materialized_code_pointer
sub_08A53688,0x08A53688,materialized_code_pointer
sub_08A536A0,0x08A536A0,materialized_code_pointer
sub_08A536B4,0x08A536B4,materialized_code_pointer
sub_08A536CC,0x08A536CC,materialized_code_pointer
sub_08A536E4,0x08A536E4,materialized_code_pointer
sub_08A536FC,0x08A536FC,materialized_code_pointer
sub_08A53714,0x08A53714,materialized_code_pointer
sub_08A5372C,0x08A5372C,materialized_code_pointer
sub_08A53734,0x08A53734,materialized_code_pointer
sub_08A53738,0x08A53738,materialized_code_pointer
sub_08A53764,0x08A53764,materialized_code_pointer
sub_08A5384C,0x08A5384C,materialized_code_pointer
sub_08A53868,0x08A53868,materialized_code_pointer
sub_08A53878,0x08A53878,materialized_code_pointer
sub_08A53890,0x08A53890,materialized_code_pointer
sub_08A53898,0x08A53898,materialized_code_pointer
sub_08A538A8,0x08A538A8,materialized_code_pointer
sub_08A539A8,0x08A539A8,materialized_code_pointer
sub_08A53A6C,0x08A53A6C,materialized_code_pointer
sub_08A53A8C,0x08A53A8C,materialized_code_pointer
sub_08A53ADC,0x08A53ADC,materialized_code_pointer
sub_08A53B5C,0x08A53B5C,materialized_code_pointer
sub_08A53C2C,0x08A53C2C,materialized_code_pointer
sub_08A53CD4,0x08A53CD4,materialized_code_pointer
sub_08A53D3C,0x08A53D3C,materialized_code_pointer
sub_08A53DA4,0x08A53DA4,materialized_code_pointer
sub_08A53E0C,0x08A53E0C,materialized_code_pointer
sub_08A53E74,0x08A53E74,materialized_code_pointer
sub_08A53EDC,0x08A53EDC,materialized_code_pointer
sub_08A53F44,0x08A53F44,materialized_code_pointer
sub_08A53FAC,0x08A53FAC,materialized_code_pointer
sub_08A54014,0x08A54014,materialized_code_pointer
sub_08A5407C,0x08A5407C,materialized_code_pointer
sub_08A540E8,0x08A540E8,materialized_code_pointer
sub_08A54108,0x08A54108,materialized_code_pointer
sub_08A54158,0x08A54158,materialized_code_pointer
sub_08A54184,0x08A54184,materialized_code_pointer
sub_08A54188,0x08A54188,materialized_code_pointer
sub_08A541C8,0x08A541C8,materialized_code_pointer
sub_08A541E4,0x08A541E4,materialized_code_pointer
sub_08A54204,0x08A54204,materialized_code_pointer
sub_08A5429C,0x08A5429C,materialized_code_pointer
sub_08A542D4,0x08A542D4,materialized_code_pointer
sub_08A542E4,0x08A542E4,materialized_code_pointer
sub_08A543AC,0x08A543AC,materialized_code_pointer
sub_08A543C8,0x08A543C8,materialized_code_pointer
sub_08A543E8,0x08A543E8,materialized_code_pointer
sub_08A5440C,0x08A5440C,materialized_code_pointer
sub_08A54440,0x08A54440,materialized_code_pointer
sub_08A5446C,0x08A5446C,materialized_code_pointer
sub_08A544C4,0x08A544C4,materialized_code_pointer
sub_08A54500,0x08A54500,materialized_code_pointer
sub_08A5453C,0x08A5453C,materialized_code_pointer
sub_08A545B4,0x08A545B4,materialized_code_pointer
sub_08A545B8,0x08A545B8,materialized_code_pointer
sub_08A545CC,0x08A545CC,materialized_code_pointer
sub_08A545D0,0x08A545D0,materialized_code_pointer
sub_08A5464C,0x08A5464C,materialized_code_pointer
sub_08A5468C,0x08A5468C,materialized_code_pointer
sub_08A546A8,0x08A546A8,materialized_code_pointer
sub_08A546C4,0x08A546C4,materialized_code_pointer
sub_08A546E0,0x08A546E0,materialized_code_pointer
sub_08A54730,0x08A54730,materialized_code_pointer
sub_08A54770,0x08A54770,materialized_code_pointer
sub_08A54790,0x08A54790,materialized_code_pointer
sub_08A547B4,0x08A547B4,materialized_code_pointer
sub_08A5480C,0x08A5480C,materialized_code_pointer
sub_08A5482C,0x08A5482C,materialized_code_pointer
sub_08A54854,0x08A54854,materialized_code_pointer
sub_08A5486C,0x08A5486C,materialized_code_pointer
sub_08A54880,0x08A54880,materialized_code_pointer
sub_08A54894,0x08A54894,materialized_code_pointer
sub_08A548D4,0x08A548D4,materialized_code_pointer
sub_08A549FC,0x08A549FC,materialized_code_pointer
sub_08A54AFC,0x08A54AFC,materialized_code_pointer
sub_08A55AFC,0x08A55AFC,materialized_code_pointer
sub_08A55B74,0x08A55B74,materialized_code_pointer
sub_08A55BEC,0x08A55BEC,materialized_code_pointer
sub_08A55C68,0x08A55C68,materialized_code_pointer
sub_08A55CE4,0x08A55CE4,materialized_code_pointer
sub_08A55D28,0x08A55D28,materialized_code_pointer
sub_08A55D50,0x08A55D50,materialized_code_pointer
sub_08A55D60,0x08A55D60,materialized_code_pointer
sub_08A55D90,0x08A55D90,materialized_code_pointer
sub_08A55D9C,0x08A55D9C,materialized_code_pointer
sub_08A55DC8,0x08A55DC8,materialized_code_pointer
sub_08A55E00,0x08A55E00,materialized_code_pointer
sub_08A55E08,0x08A55E08,materialized_code_pointer
sub_08A55E38,0x08A55E38,materialized_code_pointer
sub_08A55E60,0x08A55E60,materialized_code_pointer
sub_08A55E88,0x08A55E88,materialized_code_pointer
sub_08A55EB8,0x08A55EB8,materialized_code_pointer
sub_08A55EE8,0x08A55EE8,materialized_code_pointer
sub_08A55EFC,0x08A55EFC,materialized_code_pointer
sub_08A56318,0x08A56318,materialized_code_pointer
sub_08A56328,0x08A56328,materialized_code_pointer
sub_08A56360,0x08A56360,materialized_code_pointer
sub_08A563A0,0x08A563A0,materialized_code_pointer
sub_08A563E0,0x08A563E0,materialized_code_pointer
sub_08A563F0,0x08A563F0,materialized_code_pointer
sub_08A56400,0x08A56400,materialized_code_pointer
sub_08A56420,0x08A56420,materialized_code_pointer
sub_08A56800,0x08A56800,materialized_code_pointer
sub_08A56840,0x08A56840,materialized_code_pointer
sub_08A56844,0x08A56844,materialized_code_pointer
sub_08A568A0,0x08A568A0,materialized_code_pointer
sub_08A578A0,0x08A578A0,materialized_code_pointer
sub_08A588A0,0x08A588A0,materialized_code_pointer
sub_08A58D00,0x08A58D00,materialized_code_pointer
sub_08A58D10,0x08A58D10,materialized_code_pointer
sub_08A58E80,0x08A58E80,materialized_code_pointer
sub_08A58F00,0x08A58F00,materialized_code_pointer
sub_08A59300,0x08A59300,materialized_code_pointer
sub_08A595E8,0x08A595E8,materialized_code_pointer
sub_08A59888,0x08A59888,materialized_code_pointer
sub_08A598E0,0x08A598E0,materialized_code_pointer
sub_08A59998,0x08A59998,materialized_code_pointer
sub_08A59A5C,0x08A59A5C,materialized_code_pointer
sub_08A59BDC,0x08A59BDC,materialized_code_pointer
sub_08A59D7C,0x08A59D7C,materialized_code_pointer
sub_08A59F84,0x08A59F84,materialized_code_pointer
sub_08A5A04C,0x08A5A04C,materialized_code_pointer
sub_08A5A0F4,0x08A5A0F4,materialized_code_pointer
sub_08A5A220,0x08A5A220,materialized_code_pointer
sub_08A5A3B8,0x08A5A3B8,materialized_code_pointer
sub_08A5A3D4,0x08A5A3D4,materialized_code_pointer
sub_08A5A460,0x08A5A460,materialized_code_pointer
sub_08A5A478,0x08A5A478,materialized_code_pointer
sub_08A5A578,0x08A5A578,materialized_code_pointer
sub_08A5A5AC,0x08A5A5AC,materialized_code_pointer
sub_08A5A66C,0x08A5A66C,materialized_code_pointer
sub_08A5A8BC,0x08A5A8BC,materialized_code_pointer
sub_08A5A910,0x08A5A910,materialized_code_pointer
sub_08A5A944,0x08A5A944,materialized_code_pointer
sub_08A5A94C,0x08A5A94C,materialized_code_pointer
sub_08A5A978,0x08A5A978,materialized_code_pointer
sub_08A5A97C,0x08A5A97C,materialized_code_pointer
sub_08A5A988,0x08A5A988,materialized_code_pointer
sub_08A5AA34,0x08A5AA34,materialized_code_pointer
sub_08A5AB34,0x08A5AB34,relocated_data_code_pointer
sub_08A5AB38,0x08A5AB38,materialized_code_pointer
sub_08A5AB3C,0x08A5AB3C,materialized_code_pointer
sub_08A5AB48,0x08A5AB48,materialized_code_pointer
sub_08A5AB64,0x08A5AB64,materialized_code_pointer
sub_08A5AB74,0x08A5AB74,materialized_code_pointer
sub_08A5AB8C,0x08A5AB8C,materialized_code_pointer
sub_08A5AB98,0x08A5AB98,materialized_code_pointer
sub_08A5ABB4,0x08A5ABB4,materialized_code_pointer
sub_08A5ABC8,0x08A5ABC8,materialized_code_pointer
sub_08A5ABDC,0x08A5ABDC,materialized_code_pointer
sub_08A5ABEC,0x08A5ABEC,materialized_code_pointer
sub_08A5ABF8,0x08A5ABF8,materialized_code_pointer
sub_08A5AC0C,0x08A5AC0C,materialized_code_pointer
sub_08A5AC20,0x08A5AC20,materialized_code_pointer
sub_08A5AC34,0x08A5AC34,materialized_code_pointer
sub_08A5AC40,0x08A5AC40,materialized_code_pointer
sub_08A5AC58,0x08A5AC58,materialized_code_pointer
sub_08A5AC70,0x08A5AC70,materialized_code_pointer
sub_08A5AC7C,0x08A5AC7C,materialized_code_pointer
sub_08A5AC90,0x08A5AC90,materialized_code_pointer
sub_08A5ACA0,0x08A5ACA0,materialized_code_pointer
sub_08A5ACB0,0x08A5ACB0,materialized_code_pointer
sub_08A5ACC0,0x08A5ACC0,materialized_code_pointer
sub_08A5ACD4,0x08A5ACD4,materialized_code_pointer
sub_08A5ACF4,0x08A5ACF4,materialized_code_pointer
sub_08A5AD08,0x08A5AD08,materialized_code_pointer
sub_08A5AD20,0x08A5AD20,materialized_code_pointer
sub_08A5AD30,0x08A5AD30,materialized_code_pointer
sub_08A5AD40,0x08A5AD40,materialized_code_pointer
sub_08A5AD58,0x08A5AD58,materialized_code_pointer
sub_08A5AD68,0x08A5AD68,materialized_code_pointer
sub_08A5AD80,0x08A5AD80,materialized_code_pointer
sub_08A5AD90,0x08A5AD90,materialized_code_pointer
sub_08A5AD9C,0x08A5AD9C,materialized_code_pointer
sub_08A5ADAC,0x08A5ADAC,materialized_code_pointer
sub_08A5ADC0,0x08A5ADC0,materialized_code_pointer
sub_08A5ADDC,0x08A5ADDC,materialized_code_pointer
sub_08A5ADF0,0x08A5ADF0,materialized_code_pointer
sub_08A5ADFC,0x08A5ADFC,materialized_code_pointer
sub_08A5AE04,0x08A5AE04,materialized_code_pointer
sub_08A5AE14,0x08A5AE14,materialized_code_pointer
sub_08A5AE2C,0x08A5AE2C,materialized_code_pointer
sub_08A5AE40,0x08A5AE40,materialized_code_pointer
sub_08A5AE60,0x08A5AE60,materialized_code_pointer
sub_08A5AE6C,0x08A5AE6C,materialized_code_pointer
sub_08A5AE80,0x08A5AE80,materialized_code_pointer
sub_08A5AE98,0x08A5AE98,materialized_code_pointer
sub_08A5AEA8,0x08A5AEA8,materialized_code_pointer
sub_08A5AEB8,0x08A5AEB8,materialized_code_pointer
sub_08A5AECC,0x08A5AECC,materialized_code_pointer
sub_08A5AEDC,0x08A5AEDC,materialized_code_pointer
sub_08A5AEF0,0x08A5AEF0,materialized_code_pointer
sub_08A5AEFC,0x08A5AEFC,materialized_code_pointer
sub_08A5AF24,0x08A5AF24,materialized_code_pointer
sub_08A5AF4C,0x08A5AF4C,materialized_code_pointer
sub_08A5AF6C,0x08A5AF6C,materialized_code_pointer
sub_08A5AFAC,0x08A5AFAC,materialized_code_pointer
sub_08A5AFD4,0x08A5AFD4,materialized_code_pointer
sub_08A5AFF0,0x08A5AFF0,materialized_code_pointer
sub_08A5B000,0x08A5B000,materialized_code_pointer
sub_08A5B014,0x08A5B014,materialized_code_pointer
sub_08A5B030,0x08A5B030,materialized_code_pointer
sub_08A5B048,0x08A5B048,materialized_code_pointer
sub_08A5B06C,0x08A5B06C,materialized_code_pointer
sub_08A5B088,0x08A5B088,materialized_code_pointer
sub_08A5B0B8,0x08A5B0B8,materialized_code_pointer
sub_08A5B0D8,0x08A5B0D8,materialized_code_pointer
sub_08A5B0F8,0x08A5B0F8,materialized_code_pointer
sub_08A5B110,0x08A5B110,materialized_code_pointer
sub_08A5B134,0x08A5B134,materialized_code_pointer
sub_08A5B148,0x08A5B148,materialized_code_pointer
sub_08A5B160,0x08A5B160,materialized_code_pointer
sub_08A5B184,0x08A5B184,materialized_code_pointer
sub_08A5B19C,0x08A5B19C,materialized_code_pointer
sub_08A5B1C0,0x08A5B1C0,materialized_code_pointer
sub_08A5B1D8,0x08A5B1D8,materialized_code_pointer
sub_08A5B1E8,0x08A5B1E8,materialized_code_pointer
sub_08A5B1FC,0x08A5B1FC,materialized_code_pointer
sub_08A5B21C,0x08A5B21C,materialized_code_pointer
sub_08A5B238,0x08A5B238,materialized_code_pointer
sub_08A5B258,0x08A5B258,materialized_code_pointer
sub_08A5B26C,0x08A5B26C,materialized_code_pointer
sub_08A5B280,0x08A5B280,materialized_code_pointer
sub_08A5B29C,0x08A5B29C,materialized_code_pointer
sub_08A5B2B8,0x08A5B2B8,materialized_code_pointer
sub_08A5B2D0,0x08A5B2D0,materialized_code_pointer
sub_08A5B2D4,0x08A5B2D4,materialized_code_pointer
sub_08A5B2E4,0x08A5B2E4,materialized_code_pointer
sub_08A5B540,0x08A5B540,materialized_code_pointer
sub_08A5B5F8,0x08A5B5F8,materialized_code_pointer
sub_08A5B608,0x08A5B608,materialized_code_pointer
sub_08A5B618,0x08A5B618,materialized_code_pointer
sub_08A5B634,0x08A5B634,materialized_code_pointer
sub_08A5B648,0x08A5B648,materialized_code_pointer
sub_08A5B65C,0x08A5B65C,materialized_code_pointer
sub_08A5B664,0x08A5B664,materialized_code_pointer
sub_08A5B7C8,0x08A5B7C8,materialized_code_pointer
sub_08A5B7D8,0x08A5B7D8,materialized_code_pointer
sub_08A5B7E8,0x08A5B7E8,materialized_code_pointer
sub_08A5B804,0x08A5B804,materialized_code_pointer
sub_08A5B808,0x08A5B808,materialized_code_pointer
sub_08A5B80C,0x08A5B80C,materialized_code_pointer
sub_08A5B820,0x08A5B820,materialized_code_pointer
sub_08A5B824,0x08A5B824,materialized_code_pointer
sub_08A5B828,0x08A5B828,materialized_code_pointer
sub_08A5B83C,0x08A5B83C,materialized_code_pointer
sub_08A5B844,0x08A5B844,materialized_code_pointer
sub_08A5B9A8,0x08A5B9A8,materialized_code_pointer
sub_08A5B9CC,0x08A5B9CC,materialized_code_pointer
sub_08A5B9D4,0x08A5B9D4,materialized_code_pointer
sub_08A5BBB8,0x08A5BBB8,materialized_code_pointer
sub_08A5BBCC,0x08A5BBCC,materialized_code_pointer
sub_08A5BD04,0x08A5BD04,materialized_code_pointer
sub_08A5BE00,0x08A5BE00,materialized_code_pointer
sub_08A5BE08,0x08A5BE08,materialized_code_pointer
sub_08A5BE10,0x08A5BE10,materialized_code_pointer
sub_08A5BE14,0x08A5BE14,materialized_code_pointer
sub_08A5BE20,0x08A5BE20,materialized_code_pointer
sub_08A5BE78,0x08A5BE78,materialized_code_pointer
sub_08A5BE90,0x08A5BE90,relocated_r_mips32_code_pointer
sub_08A5BE94,0x08A5BE94,materialized_code_pointer
sub_08A5BE98,0x08A5BE98,materialized_code_pointer
sub_08A5BEC8,0x08A5BEC8,relocated_data_code_pointer
sub_08A5BED4,0x08A5BED4,materialized_code_pointer
sub_08A5BED8,0x08A5BED8,materialized_code_pointer
sub_08A5BEE0,0x08A5BEE0,materialized_code_pointer
sub_08A5BEF0,0x08A5BEF0,materialized_code_pointer
sub_08A5BFB8,0x08A5BFB8,materialized_code_pointer
sub_08A5BFE0,0x08A5BFE0,materialized_code_pointer
sub_08A5C1E8,0x08A5C1E8,materialized_code_pointer
sub_08A5D638,0x08A5D638,materialized_code_pointer
sub_08A5D644,0x08A5D644,materialized_code_pointer
sub_08A5D648,0x08A5D648,materialized_code_pointer
sub_08A5D9A4,0x08A5D9A4,materialized_code_pointer
sub_08A5D9A8,0x08A5D9A8,materialized_code_pointer
sub_08A5EC98,0x08A5EC98,materialized_code_pointer
sub_08A5EC9C,0x08A5EC9C,materialized_code_pointer
sub_08A5EE14,0x08A5EE14,materialized_code_pointer
sub_08A5F504,0x08A5F504,materialized_code_pointer
sub_08A5F514,0x08A5F514,materialized_code_pointer
sub_08A5F93C,0x08A5F93C,materialized_code_pointer
sub_08A5F940,0x08A5F940,materialized_code_pointer
sub_08A5FA0C,0x08A5FA0C,materialized_code_pointer
sub_08A5FE28,0x08A5FE28,materialized_code_pointer
sub_08A5FE34,0x08A5FE34,materialized_code_pointer
sub_08A5FE38,0x08A5FE38,materialized_code_pointer
sub_08A5FFE0,0x08A5FFE0,materialized_code_pointer
sub_08A60000,0x08A60000,materialized_code_pointer
sub_08A6000C,0x08A6000C,materialized_code_pointer
sub_08A60038,0x08A60038,materialized_code_pointer
sub_08A60040,0x08A60040,materialized_code_pointer
sub_08A60048,0x08A60048,materialized_code_pointer
sub_08A60054,0x08A60054,materialized_code_pointer
sub_08A6005C,0x08A6005C,materialized_code_pointer
sub_08A60064,0x08A60064,materialized_code_pointer
sub_08A6006C,0x08A6006C,materialized_code_pointer
sub_08A60078,0x08A60078,materialized_code_pointer
sub_08A60088,0x08A60088,materialized_code_pointer
sub_08A60094,0x08A60094,materialized_code_pointer
sub_08A600A8,0x08A600A8,materialized_code_pointer
sub_08A600B8,0x08A600B8,materialized_code_pointer
sub_08A600C8,0x08A600C8,materialized_code_pointer
sub_08A600D8,0x08A600D8,materialized_code_pointer
sub_08A600E4,0x08A600E4,materialized_code_pointer
sub_08A600F8,0x08A600F8,materialized_code_pointer
sub_08A60108,0x08A60108,materialized_code_pointer
sub_08A60114,0x08A60114,materialized_code_pointer
sub_08A60120,0x08A60120,materialized_code_pointer
sub_08A60130,0x08A60130,materialized_code_pointer
sub_08A6013C,0x08A6013C,materialized_code_pointer
sub_08A60148,0x08A60148,materialized_code_pointer
sub_08A60158,0x08A60158,materialized_code_pointer
sub_08A6016C,0x08A6016C,materialized_code_pointer
sub_08A6017C,0x08A6017C,materialized_code_pointer
sub_08A6018C,0x08A6018C,materialized_code_pointer
sub_08A60194,0x08A60194,materialized_code_pointer
sub_08A601A0,0x08A601A0,materialized_code_pointer
sub_08A601AC,0x08A601AC,materialized_code_pointer
sub_08A601B8,0x08A601B8,materialized_code_pointer
sub_08A601C4,0x08A601C4,materialized_code_pointer
sub_08A601CC,0x08A601CC,materialized_code_pointer
sub_08A601D4,0x08A601D4,materialized_code_pointer
sub_08A601E4,0x08A601E4,materialized_code_pointer
sub_08A601F4,0x08A601F4,materialized_code_pointer
sub_08A60204,0x08A60204,materialized_code_pointer
sub_08A60210,0x08A60210,materialized_code_pointer
sub_08A6021C,0x08A6021C,materialized_code_pointer
sub_08A6022C,0x08A6022C,materialized_code_pointer
sub_08A6023C,0x08A6023C,materialized_code_pointer
sub_08A6024C,0x08A6024C,materialized_code_pointer
sub_08A60258,0x08A60258,materialized_code_pointer
sub_08A60260,0x08A60260,materialized_code_pointer
sub_08A60270,0x08A60270,materialized_code_pointer
sub_08A6027C,0x08A6027C,materialized_code_pointer
sub_08A60288,0x08A60288,materialized_code_pointer
sub_08A60294,0x08A60294,materialized_code_pointer
sub_08A602A0,0x08A602A0,materialized_code_pointer
sub_08A602A8,0x08A602A8,materialized_code_pointer
sub_08A602B0,0x08A602B0,materialized_code_pointer
sub_08A602BC,0x08A602BC,materialized_code_pointer
sub_08A602C8,0x08A602C8,materialized_code_pointer
sub_08A602D0,0x08A602D0,materialized_code_pointer
sub_08A602D8,0x08A602D8,materialized_code_pointer
sub_08A602E0,0x08A602E0,materialized_code_pointer
sub_08A602E4,0x08A602E4,materialized_code_pointer
sub_08A602E8,0x08A602E8,materialized_code_pointer
sub_08A602EC,0x08A602EC,materialized_code_pointer
sub_08A602FC,0x08A602FC,materialized_code_pointer
sub_08A6030C,0x08A6030C,materialized_code_pointer
sub_08A60318,0x08A60318,materialized_code_pointer
sub_08A60328,0x08A60328,materialized_code_pointer
sub_08A60338,0x08A60338,materialized_code_pointer
sub_08A60348,0x08A60348,materialized_code_pointer
sub_08A60354,0x08A60354,materialized_code_pointer
sub_08A60360,0x08A60360,materialized_code_pointer
sub_08A60370,0x08A60370,materialized_code_pointer
sub_08A60378,0x08A60378,materialized_code_pointer
sub_08A60384,0x08A60384,materialized_code_pointer
sub_08A6038C,0x08A6038C,materialized_code_pointer
sub_08A6039C,0x08A6039C,materialized_code_pointer
sub_08A603A4,0x08A603A4,materialized_code_pointer
sub_08A603AC,0x08A603AC,materialized_code_pointer
sub_08A603B4,0x08A603B4,materialized_code_pointer
sub_08A603C4,0x08A603C4,materialized_code_pointer
sub_08A603D4,0x08A603D4,materialized_code_pointer
sub_08A603E0,0x08A603E0,materialized_code_pointer
sub_08A6040C,0x08A6040C,materialized_code_pointer
sub_08A60444,0x08A60444,materialized_code_pointer
sub_08A60470,0x08A60470,materialized_code_pointer
sub_08A6049C,0x08A6049C,materialized_code_pointer
sub_08A604A4,0x08A604A4,materialized_code_pointer
sub_08A604D0,0x08A604D0,materialized_code_pointer
sub_08A604FC,0x08A604FC,materialized_code_pointer
sub_08A60508,0x08A60508,materialized_code_pointer
sub_08A60534,0x08A60534,materialized_code_pointer
sub_08A60560,0x08A60560,materialized_code_pointer
sub_08A60588,0x08A60588,materialized_code_pointer
sub_08A60590,0x08A60590,materialized_code_pointer
sub_08A605BC,0x08A605BC,materialized_code_pointer
sub_08A605E8,0x08A605E8,materialized_code_pointer
sub_08A605EC,0x08A605EC,materialized_code_pointer
sub_08A6062C,0x08A6062C,materialized_code_pointer
sub_08A60658,0x08A60658,materialized_code_pointer
sub_08A60684,0x08A60684,materialized_code_pointer
sub_08A606C8,0x08A606C8,materialized_code_pointer
sub_08A60700,0x08A60700,materialized_code_pointer
sub_08A60728,0x08A60728,materialized_code_pointer
sub_08A6073C,0x08A6073C,materialized_code_pointer
sub_08A60740,0x08A60740,materialized_code_pointer
sub_08A60750,0x08A60750,materialized_code_pointer
sub_08A60754,0x08A60754,materialized_code_pointer
sub_08A60758,0x08A60758,materialized_code_pointer
sub_08A6075C,0x08A6075C,materialized_code_pointer
sub_08A607B4,0x08A607B4,materialized_code_pointer
sub_08A607B8,0x08A607B8,materialized_code_pointer
sub_08A607BC,0x08A607BC,materialized_code_pointer
sub_08A607C0,0x08A607C0,materialized_code_pointer
sub_08A607C4,0x08A607C4,materialized_code_pointer
sub_08A607F4,0x08A607F4,materialized_code_pointer
sub_08A607F8,0x08A607F8,materialized_code_pointer
sub_08A60840,0x08A60840,materialized_code_pointer
sub_08A60844,0x08A60844,materialized_code_pointer
sub_08A60854,0x08A60854,materialized_code_pointer
sub_08A60878,0x08A60878,materialized_code_pointer
sub_08A608B0,0x08A608B0,materialized_code_pointer
sub_08A608D4,0x08A608D4,materialized_code_pointer
sub_08A60900,0x08A60900,materialized_code_pointer
sub_08A6092C,0x08A6092C,materialized_code_pointer
sub_08A6095C,0x08A6095C,materialized_code_pointer
sub_08A60988,0x08A60988,materialized_code_pointer
sub_08A609A4,0x08A609A4,materialized_code_pointer
sub_08A609D0,0x08A609D0,materialized_code_pointer
sub_08A609FC,0x08A609FC,materialized_code_pointer
sub_08A60A20,0x08A60A20,materialized_code_pointer
sub_08A60A40,0x08A60A40,materialized_code_pointer
sub_08A60A60,0x08A60A60,materialized_code_pointer
sub_08A60A7C,0x08A60A7C,materialized_code_pointer
sub_08A60A94,0x08A60A94,materialized_code_pointer
sub_08A60AE8,0x08A60AE8,relocated_data_code_pointer
sub_08A60AF4,0x08A60AF4,relocated_data_code_pointer
sub_08A60AFC,0x08A60AFC,relocated_data_code_pointer
sub_08A60B0C,0x08A60B0C,materialized_code_pointer
sub_08A60B38,0x08A60B38,materialized_code_pointer
sub_08A60B64,0x08A60B64,materialized_code_pointer
sub_08A60B80,0x08A60B80,materialized_code_pointer
sub_08A60B98,0x08A60B98,materialized_code_pointer
sub_08A60BB4,0x08A60BB4,materialized_code_pointer
sub_08A60BC8,0x08A60BC8,materialized_code_pointer
sub_08A60BDC,0x08A60BDC,materialized_code_pointer
sub_08A60BF0,0x08A60BF0,materialized_code_pointer
sub_08A60C04,0x08A60C04,materialized_code_pointer
sub_08A60C18,0x08A60C18,materialized_code_pointer
sub_08A60C2C,0x08A60C2C,materialized_code_pointer
sub_08A60C40,0x08A60C40,materialized_code_pointer
sub_08A60C54,0x08A60C54,materialized_code_pointer
sub_08A60C68,0x08A60C68,materialized_code_pointer
sub_08A60C7C,0x08A60C7C,materialized_code_pointer
sub_08A60C90,0x08A60C90,materialized_code_pointer
sub_08A60CA4,0x08A60CA4,materialized_code_pointer
sub_08A60CB8,0x08A60CB8,materialized_code_pointer
sub_08A60CCC,0x08A60CCC,materialized_code_pointer
sub_08A60CE0,0x08A60CE0,materialized_code_pointer
sub_08A60CF4,0x08A60CF4,materialized_code_pointer
sub_08A60D08,0x08A60D08,materialized_code_pointer
sub_08A60D1C,0x08A60D1C,materialized_code_pointer
sub_08A60D30,0x08A60D30,materialized_code_pointer
sub_08A60D44,0x08A60D44,materialized_code_pointer
sub_08A60D58,0x08A60D58,materialized_code_pointer
sub_08A60D6C,0x08A60D6C,materialized_code_pointer
sub_08A60D80,0x08A60D80,materialized_code_pointer
sub_08A60D94,0x08A60D94,materialized_code_pointer
sub_08A60DA8,0x08A60DA8,materialized_code_pointer
sub_08A60DBC,0x08A60DBC,materialized_code_pointer
sub_08A60DD0,0x08A60DD0,materialized_code_pointer
sub_08A60DE4,0x08A60DE4,materialized_code_pointer
sub_08A60DF8,0x08A60DF8,materialized_code_pointer
sub_08A60E0C,0x08A60E0C,materialized_code_pointer
sub_08A60E20,0x08A60E20,materialized_code_pointer
sub_08A60E34,0x08A60E34,materialized_code_pointer
sub_08A60E48,0x08A60E48,materialized_code_pointer
sub_08A60E5C,0x08A60E5C,materialized_code_pointer
sub_08A60E70,0x08A60E70,materialized_code_pointer
sub_08A60E84,0x08A60E84,materialized_code_pointer
sub_08A60E98,0x08A60E98,materialized_code_pointer
sub_08A60EAC,0x08A60EAC,materialized_code_pointer
sub_08A60EC0,0x08A60EC0,materialized_code_pointer
sub_08A60ED4,0x08A60ED4,materialized_code_pointer
sub_08A60EE8,0x08A60EE8,materialized_code_pointer
sub_08A60EFC,0x08A60EFC,materialized_code_pointer
sub_08A60F10,0x08A60F10,materialized_code_pointer
sub_08A60F24,0x08A60F24,materialized_code_pointer
sub_08A60F38,0x08A60F38,materialized_code_pointer
sub_08A60F4C,0x08A60F4C,materialized_code_pointer
sub_08A60F60,0x08A60F60,materialized_code_pointer
sub_08A60F74,0x08A60F74,materialized_code_pointer
sub_08A60F88,0x08A60F88,materialized_code_pointer
sub_08A60F9C,0x08A60F9C,materialized_code_pointer
sub_08A60FB0,0x08A60FB0,materialized_code_pointer
sub_08A60FC4,0x08A60FC4,materialized_code_pointer
sub_08A60FD8,0x08A60FD8,materialized_code_pointer
sub_08A60FEC,0x08A60FEC,materialized_code_pointer
sub_08A61000,0x08A61000,materialized_code_pointer
sub_08A61014,0x08A61014,materialized_code_pointer
sub_08A61028,0x08A61028,materialized_code_pointer
sub_08A6103C,0x08A6103C,materialized_code_pointer
sub_08A61050,0x08A61050,materialized_code_pointer
sub_08A61064,0x08A61064,materialized_code_pointer
sub_08A61070,0x08A61070,materialized_code_pointer
sub_08A6107C,0x08A6107C,materialized_code_pointer
sub_08A610A8,0x08A610A8,materialized_code_pointer
sub_08A610D4,0x08A610D4,materialized_code_pointer
sub_08A610DC,0x08A610DC,materialized_code_pointer
sub_08A610E8,0x08A610E8,materialized_code_pointer
sub_08A610F4,0x08A610F4,materialized_code_pointer
sub_08A61104,0x08A61104,materialized_code_pointer
sub_08A61110,0x08A61110,materialized_code_pointer
sub_08A61120,0x08A61120,materialized_code_pointer
sub_08A61130,0x08A61130,materialized_code_pointer
sub_08A61140,0x08A61140,materialized_code_pointer
sub_08A61154,0x08A61154,materialized_code_pointer
sub_08A61168,0x08A61168,materialized_code_pointer
sub_08A6117C,0x08A6117C,materialized_code_pointer
sub_08A61190,0x08A61190,materialized_code_pointer
sub_08A611A4,0x08A611A4,materialized_code_pointer
sub_08A611B4,0x08A611B4,materialized_code_pointer
sub_08A611C4,0x08A611C4,materialized_code_pointer
sub_08A611D4,0x08A611D4,materialized_code_pointer
sub_08A611E0,0x08A611E0,materialized_code_pointer
sub_08A611F0,0x08A611F0,materialized_code_pointer
sub_08A61200,0x08A61200,materialized_code_pointer
sub_08A61214,0x08A61214,materialized_code_pointer
sub_08A61224,0x08A61224,materialized_code_pointer
sub_08A61238,0x08A61238,materialized_code_pointer
sub_08A6124C,0x08A6124C,materialized_code_pointer
sub_08A6125C,0x08A6125C,materialized_code_pointer
sub_08A6126C,0x08A6126C,materialized_code_pointer
sub_08A61288,0x08A61288,materialized_code_pointer
sub_08A6129C,0x08A6129C,materialized_code_pointer
sub_08A612AC,0x08A612AC,materialized_code_pointer
sub_08A612C4,0x08A612C4,materialized_code_pointer
sub_08A61328,0x08A61328,materialized_code_pointer
sub_08A6134C,0x08A6134C,materialized_code_pointer
sub_08A61378,0x08A61378,materialized_code_pointer
sub_08A613A4,0x08A613A4,materialized_code_pointer
sub_08A613C4,0x08A613C4,materialized_code_pointer
sub_08A613F0,0x08A613F0,materialized_code_pointer
sub_08A6141C,0x08A6141C,materialized_code_pointer
sub_08A61424,0x08A61424,materialized_code_pointer
sub_08A61450,0x08A61450,materialized_code_pointer
sub_08A6147C,0x08A6147C,materialized_code_pointer
sub_08A61480,0x08A61480,materialized_code_pointer
sub_08A61498,0x08A61498,materialized_code_pointer
sub_08A614AC,0x08A614AC,materialized_code_pointer
sub_08A614BC,0x08A614BC,materialized_code_pointer
sub_08A614D0,0x08A614D0,materialized_code_pointer
sub_08A614D4,0x08A614D4,materialized_code_pointer
sub_08A614D8,0x08A614D8,materialized_code_pointer
sub_08A614DC,0x08A614DC,materialized_code_pointer
sub_08A614F0,0x08A614F0,materialized_code_pointer
sub_08A6151C,0x08A6151C,materialized_code_pointer
sub_08A61548,0x08A61548,materialized_code_pointer
sub_08A61554,0x08A61554,materialized_code_pointer
sub_08A61560,0x08A61560,materialized_code_pointer
sub_08A6156C,0x08A6156C,materialized_code_pointer
sub_08A61578,0x08A61578,materialized_code_pointer
sub_08A615A4,0x08A615A4,materialized_code_pointer
sub_08A615D0,0x08A615D0,materialized_code_pointer
sub_08A615FC,0x08A615FC,materialized_code_pointer
sub_08A61628,0x08A61628,materialized_code_pointer
sub_08A61648,0x08A61648,materialized_code_pointer
sub_08A6164C,0x08A6164C,materialized_code_pointer
sub_08A61650,0x08A61650,materialized_code_pointer
sub_08A6167C,0x08A6167C,materialized_code_pointer
sub_08A616A8,0x08A616A8,materialized_code_pointer
sub_08A616AC,0x08A616AC,materialized_code_pointer
sub_08A616B0,0x08A616B0,materialized_code_pointer
sub_08A616DC,0x08A616DC,materialized_code_pointer
sub_08A61708,0x08A61708,materialized_code_pointer
sub_08A61714,0x08A61714,materialized_code_pointer
sub_08A61724,0x08A61724,materialized_code_pointer
sub_08A61730,0x08A61730,materialized_code_pointer
sub_08A6173C,0x08A6173C,materialized_code_pointer
sub_08A6174C,0x08A6174C,materialized_code_pointer
sub_08A61758,0x08A61758,materialized_code_pointer
sub_08A6176C,0x08A6176C,materialized_code_pointer
sub_08A61778,0x08A61778,materialized_code_pointer
sub_08A61788,0x08A61788,materialized_code_pointer
sub_08A61798,0x08A61798,materialized_code_pointer
sub_08A617C4,0x08A617C4,materialized_code_pointer
sub_08A617F0,0x08A617F0,materialized_code_pointer
sub_08A617F8,0x08A617F8,materialized_code_pointer
sub_08A61808,0x08A61808,materialized_code_pointer
sub_08A61810,0x08A61810,materialized_code_pointer
sub_08A6181C,0x08A6181C,materialized_code_pointer
sub_08A61848,0x08A61848,materialized_code_pointer
sub_08A6187C,0x08A6187C,materialized_code_pointer
sub_08A61880,0x08A61880,materialized_code_pointer
sub_08A61890,0x08A61890,materialized_code_pointer
sub_08A618A0,0x08A618A0,materialized_code_pointer
sub_08A618AC,0x08A618AC,materialized_code_pointer
sub_08A618B8,0x08A618B8,materialized_code_pointer
sub_08A618C0,0x08A618C0,materialized_code_pointer
sub_08A618CC,0x08A618CC,materialized_code_pointer
sub_08A618D4,0x08A618D4,materialized_code_pointer
sub_08A618DC,0x08A618DC,materialized_code_pointer
sub_08A618E8,0x08A618E8,materialized_code_pointer
sub_08A618F4,0x08A618F4,materialized_code_pointer
sub_08A618FC,0x08A618FC,materialized_code_pointer
sub_08A61904,0x08A61904,materialized_code_pointer
sub_08A61910,0x08A61910,materialized_code_pointer
sub_08A61920,0x08A61920,materialized_code_pointer
sub_08A61930,0x08A61930,materialized_code_pointer
sub_08A61940,0x08A61940,materialized_code_pointer
sub_08A61944,0x08A61944,materialized_code_pointer
sub_08A6195C,0x08A6195C,materialized_code_pointer
sub_08A61968,0x08A61968,materialized_code_pointer
sub_08A6197C,0x08A6197C,materialized_code_pointer
sub_08A619A8,0x08A619A8,materialized_code_pointer
sub_08A619D4,0x08A619D4,materialized_code_pointer
sub_08A619DC,0x08A619DC,materialized_code_pointer
sub_08A619E8,0x08A619E8,materialized_code_pointer
sub_08A619F4,0x08A619F4,materialized_code_pointer
sub_08A619FC,0x08A619FC,materialized_code_pointer
sub_08A61A04,0x08A61A04,materialized_code_pointer
sub_08A61A10,0x08A61A10,materialized_code_pointer
sub_08A61A1C,0x08A61A1C,materialized_code_pointer
sub_08A61A2C,0x08A61A2C,materialized_code_pointer
sub_08A61A3C,0x08A61A3C,materialized_code_pointer
sub_08A61A48,0x08A61A48,materialized_code_pointer
sub_08A61A58,0x08A61A58,materialized_code_pointer
sub_08A61A70,0x08A61A70,materialized_code_pointer
sub_08A61A78,0x08A61A78,materialized_code_pointer
sub_08A61A80,0x08A61A80,materialized_code_pointer
sub_08A61A88,0x08A61A88,materialized_code_pointer
sub_08A61A98,0x08A61A98,materialized_code_pointer
sub_08A61AA0,0x08A61AA0,materialized_code_pointer
sub_08A61AA8,0x08A61AA8,materialized_code_pointer
sub_08A61AD4,0x08A61AD4,materialized_code_pointer
sub_08A61B38,0x08A61B38,materialized_code_pointer
sub_08A61B64,0x08A61B64,materialized_code_pointer
sub_08A61BA0,0x08A61BA0,materialized_code_pointer
sub_08A61BAC,0x08A61BAC,materialized_code_pointer
sub_08A61BB8,0x08A61BB8,materialized_code_pointer
sub_08A61BC4,0x08A61BC4,materialized_code_pointer
sub_08A61BCC,0x08A61BCC,materialized_code_pointer
sub_08A61BD0,0x08A61BD0,materialized_code_pointer
sub_08A61BE0,0x08A61BE0,materialized_code_pointer
sub_08A61BF0,0x08A61BF0,materialized_code_pointer
sub_08A61BF4,0x08A61BF4,materialized_code_pointer
sub_08A61BFC,0x08A61BFC,materialized_code_pointer
sub_08A61C08,0x08A61C08,materialized_code_pointer
sub_08A61C14,0x08A61C14,materialized_code_pointer
sub_08A61C20,0x08A61C20,materialized_code_pointer
sub_08A61C28,0x08A61C28,materialized_code_pointer
sub_08A61C30,0x08A61C30,materialized_code_pointer
sub_08A61C48,0x08A61C48,materialized_code_pointer
sub_08A61C4C,0x08A61C4C,materialized_code_pointer
sub_08A61C54,0x08A61C54,materialized_code_pointer
sub_08A61C64,0x08A61C64,materialized_code_pointer
sub_08A61C8C,0x08A61C8C,materialized_code_pointer
sub_08A61C90,0x08A61C90,materialized_code_pointer
sub_08A61C98,0x08A61C98,materialized_code_pointer
sub_08A61CA4,0x08A61CA4,relocated_r_mips32_code_pointer
sub_08A61CAC,0x08A61CAC,relocated_r_mips32_code_pointer
sub_08A61CB8,0x08A61CB8,relocated_r_mips32_code_pointer
sub_08A61CC0,0x08A61CC0,relocated_r_mips32_code_pointer
sub_08A61CCC,0x08A61CCC,relocated_r_mips32_code_pointer
sub_08A61CD4,0x08A61CD4,relocated_r_mips32_code_pointer
sub_08A61CE0,0x08A61CE0,relocated_r_mips32_code_pointer
sub_08A61CE8,0x08A61CE8,relocated_r_mips32_code_pointer
sub_08A61CF4,0x08A61CF4,relocated_r_mips32_code_pointer
sub_08A61D00,0x08A61D00,materialized_code_pointer
sub_08A61D0C,0x08A61D0C,relocated_r_mips32_code_pointer
sub_08A61D14,0x08A61D14,relocated_r_mips32_code_pointer
sub_08A61D20,0x08A61D20,relocated_r_mips32_code_pointer
sub_08A61D2C,0x08A61D2C,relocated_r_mips32_code_pointer
sub_08A61D3C,0x08A61D3C,relocated_r_mips32_code_pointer
sub_08A61D48,0x08A61D48,relocated_r_mips32_code_pointer
sub_08A61D54,0x08A61D54,relocated_r_mips32_code_pointer
sub_08A61D64,0x08A61D64,relocated_r_mips32_code_pointer
sub_08A61D70,0x08A61D70,relocated_r_mips32_code_pointer
sub_08A61D80,0x08A61D80,relocated_r_mips32_code_pointer
sub_08A61D88,0x08A61D88,relocated_r_mips32_code_pointer
sub_08A61D98,0x08A61D98,relocated_r_mips32_code_pointer
sub_08A61DA4,0x08A61DA4,relocated_r_mips32_code_pointer
sub_08A61DB4,0x08A61DB4,relocated_r_mips32_code_pointer
sub_08A61DC0,0x08A61DC0,relocated_r_mips32_code_pointer
sub_08A61DD0,0x08A61DD0,materialized_code_pointer
sub_08A61DDC,0x08A61DDC,materialized_code_pointer
sub_08A61DE8,0x08A61DE8,materialized_code_pointer
sub_08A61DF0,0x08A61DF0,materialized_code_pointer
sub_08A61E00,0x08A61E00,materialized_code_pointer
sub_08A61E0C,0x08A61E0C,materialized_code_pointer
sub_08A61E30,0x08A61E30,materialized_code_pointer
sub_08A61E38,0x08A61E38,materialized_code_pointer
sub_08A61E40,0x08A61E40,materialized_code_pointer
sub_08A61E48,0x08A61E48,materialized_code_pointer
sub_08A61E58,0x08A61E58,materialized_code_pointer
sub_08A61E60,0x08A61E60,materialized_code_pointer
sub_08A61E68,0x08A61E68,materialized_code_pointer
sub_08A61E6C,0x08A61E6C,materialized_code_pointer
sub_08A61E78,0x08A61E78,materialized_code_pointer
sub_08A61E84,0x08A61E84,materialized_code_pointer
sub_08A61E90,0x08A61E90,materialized_code_pointer
sub_08A61EA0,0x08A61EA0,materialized_code_pointer
sub_08A61EA8,0x08A61EA8,materialized_code_pointer
sub_08A61EB4,0x08A61EB4,materialized_code_pointer
sub_08A61EC0,0x08A61EC0,materialized_code_pointer
sub_08A61ED0,0x08A61ED0,materialized_code_pointer
sub_08A61EDC,0x08A61EDC,materialized_code_pointer
sub_08A61EE4,0x08A61EE4,materialized_code_pointer
sub_08A61EEC,0x08A61EEC,materialized_code_pointer
sub_08A61EF4,0x08A61EF4,materialized_code_pointer
sub_08A61EF8,0x08A61EF8,materialized_code_pointer
sub_08A61F04,0x08A61F04,materialized_code_pointer
sub_08A61F14,0x08A61F14,materialized_code_pointer
sub_08A61F24,0x08A61F24,materialized_code_pointer
sub_08A61F28,0x08A61F28,materialized_code_pointer
sub_08A61F54,0x08A61F54,materialized_code_pointer
sub_08A61F80,0x08A61F80,materialized_code_pointer
sub_08A61F88,0x08A61F88,materialized_code_pointer
sub_08A61F90,0x08A61F90,materialized_code_pointer
sub_08A61FAC,0x08A61FAC,materialized_code_pointer
sub_08A61FC8,0x08A61FC8,materialized_code_pointer
sub_08A61FE4,0x08A61FE4,materialized_code_pointer
sub_08A62000,0x08A62000,materialized_code_pointer
sub_08A6201C,0x08A6201C,materialized_code_pointer
sub_08A62038,0x08A62038,materialized_code_pointer
sub_08A62054,0x08A62054,materialized_code_pointer
sub_08A620A8,0x08A620A8,materialized_code_pointer
sub_08A620E0,0x08A620E0,materialized_code_pointer
sub_08A6212C,0x08A6212C,materialized_code_pointer
sub_08A62144,0x08A62144,materialized_code_pointer
sub_08A62154,0x08A62154,materialized_code_pointer
sub_08A62158,0x08A62158,materialized_code_pointer
sub_08A62168,0x08A62168,materialized_code_pointer
sub_08A62178,0x08A62178,materialized_code_pointer
sub_08A62188,0x08A62188,materialized_code_pointer
sub_08A62198,0x08A62198,materialized_code_pointer
sub_08A621A8,0x08A621A8,materialized_code_pointer
sub_08A621B0,0x08A621B0,materialized_code_pointer
sub_08A621C0,0x08A621C0,materialized_code_pointer
sub_08A621CC,0x08A621CC,materialized_code_pointer
sub_08A621D8,0x08A621D8,materialized_code_pointer
sub_08A621E8,0x08A621E8,materialized_code_pointer
sub_08A621F8,0x08A621F8,materialized_code_pointer
sub_08A62200,0x08A62200,materialized_code_pointer
sub_08A62208,0x08A62208,materialized_code_pointer
sub_08A62210,0x08A62210,materialized_code_pointer
sub_08A62218,0x08A62218,materialized_code_pointer
sub_08A62224,0x08A62224,materialized_code_pointer
sub_08A6222C,0x08A6222C,materialized_code_pointer
sub_08A62238,0x08A62238,materialized_code_pointer
sub_08A62244,0x08A62244,materialized_code_pointer
sub_08A62254,0x08A62254,materialized_code_pointer
sub_08A62264,0x08A62264,materialized_code_pointer
sub_08A62290,0x08A62290,materialized_code_pointer
sub_08A622BC,0x08A622BC,materialized_code_pointer
sub_08A622C8,0x08A622C8,materialized_code_pointer
sub_08A622F4,0x08A622F4,materialized_code_pointer
sub_08A62320,0x08A62320,materialized_code_pointer
sub_08A62330,0x08A62330,materialized_code_pointer
sub_08A62344,0x08A62344,materialized_code_pointer
sub_08A62350,0x08A62350,materialized_code_pointer
sub_08A62360,0x08A62360,materialized_code_pointer
sub_08A62368,0x08A62368,materialized_code_pointer
sub_08A6237C,0x08A6237C,materialized_code_pointer
sub_08A6238C,0x08A6238C,materialized_code_pointer
sub_08A623A4,0x08A623A4,materialized_code_pointer
sub_08A623C4,0x08A623C4,materialized_code_pointer
sub_08A623E8,0x08A623E8,materialized_code_pointer
sub_08A62434,0x08A62434,materialized_code_pointer
sub_08A6247C,0x08A6247C,materialized_code_pointer
sub_08A624A8,0x08A624A8,materialized_code_pointer
sub_08A624D4,0x08A624D4,materialized_code_pointer
sub_08A624E4,0x08A624E4,materialized_code_pointer
sub_08A624F4,0x08A624F4,materialized_code_pointer
sub_08A62504,0x08A62504,materialized_code_pointer
sub_08A62518,0x08A62518,materialized_code_pointer
sub_08A62528,0x08A62528,materialized_code_pointer
sub_08A62544,0x08A62544,materialized_code_pointer
sub_08A62558,0x08A62558,materialized_code_pointer
sub_08A62570,0x08A62570,materialized_code_pointer
sub_08A62578,0x08A62578,materialized_code_pointer
sub_08A6257C,0x08A6257C,materialized_code_pointer
sub_08A62580,0x08A62580,materialized_code_pointer
sub_08A6259C,0x08A6259C,materialized_code_pointer
sub_08A625B8,0x08A625B8,materialized_code_pointer
sub_08A625D8,0x08A625D8,materialized_code_pointer
sub_08A625FC,0x08A625FC,materialized_code_pointer
sub_08A6261C,0x08A6261C,materialized_code_pointer
sub_08A62638,0x08A62638,materialized_code_pointer
sub_08A62654,0x08A62654,materialized_code_pointer
sub_08A62680,0x08A62680,materialized_code_pointer
sub_08A626AC,0x08A626AC,materialized_code_pointer
sub_08A626C0,0x08A626C0,materialized_code_pointer
sub_08A626CC,0x08A626CC,materialized_code_pointer
sub_08A626E0,0x08A626E0,materialized_code_pointer
sub_08A62718,0x08A62718,materialized_code_pointer
sub_08A62720,0x08A62720,relocated_data_code_pointer
sub_08A62730,0x08A62730,materialized_code_pointer
sub_08A62740,0x08A62740,materialized_code_pointer
sub_08A6276C,0x08A6276C,materialized_code_pointer
sub_08A62798,0x08A62798,materialized_code_pointer
sub_08A627AC,0x08A627AC,materialized_code_pointer
sub_08A627BC,0x08A627BC,materialized_code_pointer
sub_08A627C4,0x08A627C4,materialized_code_pointer
sub_08A627D4,0x08A627D4,materialized_code_pointer
sub_08A62800,0x08A62800,materialized_code_pointer
sub_08A6282C,0x08A6282C,materialized_code_pointer
sub_08A62834,0x08A62834,materialized_code_pointer
sub_08A62844,0x08A62844,materialized_code_pointer
sub_08A62850,0x08A62850,materialized_code_pointer
sub_08A6285C,0x08A6285C,materialized_code_pointer
sub_08A62894,0x08A62894,materialized_code_pointer
sub_08A628D0,0x08A628D0,materialized_code_pointer
sub_08A628DC,0x08A628DC,materialized_code_pointer
sub_08A62918,0x08A62918,materialized_code_pointer
sub_08A62920,0x08A62920,materialized_code_pointer
sub_08A62958,0x08A62958,materialized_code_pointer
sub_08A62960,0x08A62960,materialized_code_pointer
sub_08A62998,0x08A62998,materialized_code_pointer
sub_08A629D0,0x08A629D0,materialized_code_pointer
sub_08A629DC,0x08A629DC,materialized_code_pointer
sub_08A629E4,0x08A629E4,materialized_code_pointer
sub_08A62A18,0x08A62A18,materialized_code_pointer
sub_08A62A24,0x08A62A24,materialized_code_pointer
sub_08A62A5C,0x08A62A5C,materialized_code_pointer
sub_08A62A6C,0x08A62A6C,materialized_code_pointer
sub_08A62AA4,0x08A62AA4,materialized_code_pointer
sub_08A62AAC,0x08A62AAC,materialized_code_pointer
sub_08A62AE4,0x08A62AE4,materialized_code_pointer
sub_08A62B1C,0x08A62B1C,materialized_code_pointer
sub_08A62B4C,0x08A62B4C,materialized_code_pointer
sub_08A62B88,0x08A62B88,materialized_code_pointer
sub_08A62B94,0x08A62B94,materialized_code_pointer
sub_08A62BA4,0x08A62BA4,materialized_code_pointer
sub_08A62BB4,0x08A62BB4,materialized_code_pointer
sub_08A62BF0,0x08A62BF0,materialized_code_pointer
sub_08A62C00,0x08A62C00,materialized_code_pointer
sub_08A62C38,0x08A62C38,materialized_code_pointer
sub_08A62C6C,0x08A62C6C,materialized_code_pointer
sub_08A62C7C,0x08A62C7C,materialized_code_pointer
sub_08A62C84,0x08A62C84,materialized_code_pointer
sub_08A62CBC,0x08A62CBC,materialized_code_pointer
sub_08A62CFC,0x08A62CFC,materialized_code_pointer
sub_08A62D44,0x08A62D44,materialized_code_pointer
sub_08A62D54,0x08A62D54,materialized_code_pointer
sub_08A62D60,0x08A62D60,relocated_data_code_pointer
sub_08A62D64,0x08A62D64,relocated_data_code_pointer
sub_08A62D70,0x08A62D70,relocated_data_code_pointer
sub_08A62D88,0x08A62D88,relocated_data_code_pointer
sub_08A62D9C,0x08A62D9C,relocated_data_code_pointer
sub_08A62DBC,0x08A62DBC,relocated_data_code_pointer
sub_08A62DD0,0x08A62DD0,relocated_data_code_pointer
sub_08A62DDC,0x08A62DDC,relocated_data_code_pointer
sub_08A62DF0,0x08A62DF0,materialized_code_pointer
sub_08A62E1C,0x08A62E1C,materialized_code_pointer
sub_08A62E48,0x08A62E48,materialized_code_pointer
sub_08A62E50,0x08A62E50,materialized_code_pointer
sub_08A62E5C,0x08A62E5C,materialized_code_pointer
sub_08A62E70,0x08A62E70,materialized_code_pointer
sub_08A62E80,0x08A62E80,materialized_code_pointer
sub_08A62E8C,0x08A62E8C,materialized_code_pointer
sub_08A62E9C,0x08A62E9C,materialized_code_pointer
sub_08A62EAC,0x08A62EAC,materialized_code_pointer
sub_08A62EC0,0x08A62EC0,materialized_code_pointer
sub_08A62ED0,0x08A62ED0,materialized_code_pointer
sub_08A62EE8,0x08A62EE8,materialized_code_pointer
sub_08A62EF8,0x08A62EF8,materialized_code_pointer
sub_08A62F04,0x08A62F04,materialized_code_pointer
sub_08A62F10,0x08A62F10,materialized_code_pointer
sub_08A62F20,0x08A62F20,materialized_code_pointer
sub_08A62F30,0x08A62F30,materialized_code_pointer
sub_08A62F48,0x08A62F48,materialized_code_pointer
sub_08A62F54,0x08A62F54,materialized_code_pointer
sub_08A62F60,0x08A62F60,relocated_data_code_pointer
sub_08A62F74,0x08A62F74,relocated_data_code_pointer
sub_08A62F84,0x08A62F84,relocated_data_code_pointer
sub_08A62F90,0x08A62F90,materialized_code_pointer
sub_08A62F98,0x08A62F98,materialized_code_pointer
sub_08A62FA0,0x08A62FA0,materialized_code_pointer
sub_08A62FB8,0x08A62FB8,materialized_code_pointer
sub_08A62FD0,0x08A62FD0,materialized_code_pointer
sub_08A62FE8,0x08A62FE8,materialized_code_pointer
sub_08A63000,0x08A63000,materialized_code_pointer
sub_08A63018,0x08A63018,materialized_code_pointer
sub_08A63028,0x08A63028,materialized_code_pointer
sub_08A63038,0x08A63038,materialized_code_pointer
sub_08A63048,0x08A63048,materialized_code_pointer
sub_08A63074,0x08A63074,materialized_code_pointer
sub_08A630A0,0x08A630A0,materialized_code_pointer
sub_08A630B8,0x08A630B8,materialized_code_pointer
sub_08A630D0,0x08A630D0,materialized_code_pointer
sub_08A630EC,0x08A630EC,materialized_code_pointer
sub_08A63104,0x08A63104,materialized_code_pointer
sub_08A6311C,0x08A6311C,relocated_data_code_pointer
sub_08A63128,0x08A63128,relocated_data_code_pointer
sub_08A63134,0x08A63134,relocated_data_code_pointer
sub_08A63144,0x08A63144,relocated_data_code_pointer
sub_08A63154,0x08A63154,materialized_code_pointer
sub_08A63160,0x08A63160,materialized_code_pointer
sub_08A63170,0x08A63170,materialized_code_pointer
sub_08A63178,0x08A63178,materialized_code_pointer
sub_08A631AC,0x08A631AC,materialized_code_pointer
sub_08A631D8,0x08A631D8,materialized_code_pointer
sub_08A631F8,0x08A631F8,materialized_code_pointer
sub_08A631FC,0x08A631FC,materialized_code_pointer
sub_08A63210,0x08A63210,materialized_code_pointer
sub_08A63224,0x08A63224,materialized_code_pointer
sub_08A63230,0x08A63230,materialized_code_pointer
sub_08A6323C,0x08A6323C,materialized_code_pointer
sub_08A63260,0x08A63260,materialized_code_pointer
sub_08A63268,0x08A63268,materialized_code_pointer
sub_08A6327C,0x08A6327C,materialized_code_pointer
sub_08A63294,0x08A63294,materialized_code_pointer
sub_08A632AC,0x08A632AC,materialized_code_pointer
sub_08A632C4,0x08A632C4,materialized_code_pointer
sub_08A632DC,0x08A632DC,materialized_code_pointer
sub_08A63308,0x08A63308,materialized_code_pointer
sub_08A63334,0x08A63334,materialized_code_pointer
sub_08A63358,0x08A63358,materialized_code_pointer
sub_08A63378,0x08A63378,materialized_code_pointer
sub_08A63388,0x08A63388,materialized_code_pointer
sub_08A63428,0x08A63428,materialized_code_pointer
sub_08A63430,0x08A63430,materialized_code_pointer
sub_08A63438,0x08A63438,materialized_code_pointer
sub_08A6343C,0x08A6343C,materialized_code_pointer
sub_08A63444,0x08A63444,materialized_code_pointer
sub_08A63448,0x08A63448,materialized_code_pointer
sub_08A63450,0x08A63450,materialized_code_pointer
sub_08A63458,0x08A63458,materialized_code_pointer
sub_08A63460,0x08A63460,materialized_code_pointer
sub_08A63478,0x08A63478,materialized_code_pointer
sub_08A63480,0x08A63480,materialized_code_pointer
sub_08A6348C,0x08A6348C,materialized_code_pointer
sub_08A634A4,0x08A634A4,materialized_code_pointer
sub_08A634B4,0x08A634B4,materialized_code_pointer
sub_08A634CC,0x08A634CC,materialized_code_pointer
sub_08A634E4,0x08A634E4,materialized_code_pointer
sub_08A634F4,0x08A634F4,materialized_code_pointer
sub_08A63510,0x08A63510,materialized_code_pointer
sub_08A6351C,0x08A6351C,materialized_code_pointer
sub_08A63524,0x08A63524,materialized_code_pointer
sub_08A6352C,0x08A6352C,materialized_code_pointer
sub_08A63534,0x08A63534,materialized_code_pointer
sub_08A6353C,0x08A6353C,materialized_code_pointer
sub_08A6354C,0x08A6354C,materialized_code_pointer
sub_08A6355C,0x08A6355C,materialized_code_pointer
sub_08A6356C,0x08A6356C,materialized_code_pointer
sub_08A63574,0x08A63574,materialized_code_pointer
sub_08A63584,0x08A63584,materialized_code_pointer
sub_08A63590,0x08A63590,materialized_code_pointer
sub_08A63598,0x08A63598,relocated_r_mips32_code_pointer
sub_08A635A4,0x08A635A4,materialized_code_pointer
sub_08A635D0,0x08A635D0,materialized_code_pointer
sub_08A635FC,0x08A635FC,materialized_code_pointer
sub_08A63610,0x08A63610,materialized_code_pointer
sub_08A63620,0x08A63620,materialized_code_pointer
sub_08A63638,0x08A63638,materialized_code_pointer
sub_08A63660,0x08A63660,materialized_code_pointer
sub_08A63664,0x08A63664,materialized_code_pointer
sub_08A63678,0x08A63678,materialized_code_pointer
sub_08A63690,0x08A63690,materialized_code_pointer
sub_08A636A4,0x08A636A4,materialized_code_pointer
sub_08A636B4,0x08A636B4,materialized_code_pointer
sub_08A636C4,0x08A636C4,materialized_code_pointer
sub_08A636D4,0x08A636D4,materialized_code_pointer
sub_08A636E0,0x08A636E0,materialized_code_pointer
sub_08A636E8,0x08A636E8,materialized_code_pointer
sub_08A636F0,0x08A636F0,materialized_code_pointer
sub_08A63718,0x08A63718,materialized_code_pointer
sub_08A637C0,0x08A637C0,materialized_code_pointer
sub_08A637D0,0x08A637D0,materialized_code_pointer
sub_08A637E0,0x08A637E0,materialized_code_pointer
sub_08A637F0,0x08A637F0,materialized_code_pointer
sub_08A63800,0x08A63800,materialized_code_pointer
sub_08A63808,0x08A63808,materialized_code_pointer
sub_08A63810,0x08A63810,materialized_code_pointer
sub_08A6383C,0x08A6383C,materialized_code_pointer
sub_08A63868,0x08A63868,materialized_code_pointer
sub_08A63880,0x08A63880,materialized_code_pointer
sub_08A63888,0x08A63888,materialized_code_pointer
sub_08A63898,0x08A63898,materialized_code_pointer
sub_08A6389C,0x08A6389C,materialized_code_pointer
sub_08A638AC,0x08A638AC,materialized_code_pointer
sub_08A638C4,0x08A638C4,materialized_code_pointer
sub_08A638D0,0x08A638D0,materialized_code_pointer
sub_08A638E0,0x08A638E0,materialized_code_pointer
sub_08A638E8,0x08A638E8,materialized_code_pointer
sub_08A638F4,0x08A638F4,materialized_code_pointer
sub_08A63900,0x08A63900,materialized_code_pointer
sub_08A63910,0x08A63910,relocated_data_code_pointer
sub_08A63928,0x08A63928,relocated_data_code_pointer
sub_08A63940,0x08A63940,relocated_data_code_pointer
sub_08A63958,0x08A63958,relocated_data_code_pointer
sub_08A63968,0x08A63968,relocated_data_code_pointer
sub_08A63A10,0x08A63A10,materialized_code_pointer
sub_08A63A3C,0x08A63A3C,materialized_code_pointer
sub_08A63A68,0x08A63A68,materialized_code_pointer
sub_08A63A78,0x08A63A78,materialized_code_pointer
sub_08A63A88,0x08A63A88,materialized_code_pointer
sub_08A63A8C,0x08A63A8C,materialized_code_pointer
sub_08A63A94,0x08A63A94,materialized_code_pointer
sub_08A63A9C,0x08A63A9C,materialized_code_pointer
sub_08A63AA8,0x08A63AA8,materialized_code_pointer
sub_08A63AB4,0x08A63AB4,materialized_code_pointer
sub_08A63AC4,0x08A63AC4,materialized_code_pointer
sub_08A63AD0,0x08A63AD0,materialized_code_pointer
sub_08A63AEC,0x08A63AEC,materialized_code_pointer
sub_08A63AFC,0x08A63AFC,materialized_code_pointer
sub_08A63B0C,0x08A63B0C,materialized_code_pointer
sub_08A63B18,0x08A63B18,materialized_code_pointer
sub_08A63B34,0x08A63B34,materialized_code_pointer
sub_08A63B38,0x08A63B38,materialized_code_pointer
sub_08A63B48,0x08A63B48,materialized_code_pointer
sub_08A63B58,0x08A63B58,materialized_code_pointer
sub_08A63B64,0x08A63B64,materialized_code_pointer
sub_08A63B70,0x08A63B70,materialized_code_pointer
sub_08A63B7C,0x08A63B7C,materialized_code_pointer
sub_08A63B88,0x08A63B88,materialized_code_pointer
sub_08A63BB4,0x08A63BB4,materialized_code_pointer
sub_08A63BE0,0x08A63BE0,materialized_code_pointer
sub_08A63BF0,0x08A63BF0,materialized_code_pointer
sub_08A63C00,0x08A63C00,materialized_code_pointer
sub_08A63C0C,0x08A63C0C,materialized_code_pointer
sub_08A63C1C,0x08A63C1C,materialized_code_pointer
sub_08A63C28,0x08A63C28,materialized_code_pointer
sub_08A63C30,0x08A63C30,materialized_code_pointer
sub_08A63C3C,0x08A63C3C,materialized_code_pointer
sub_08A63C48,0x08A63C48,materialized_code_pointer
sub_08A63C54,0x08A63C54,materialized_code_pointer
sub_08A63C64,0x08A63C64,materialized_code_pointer
sub_08A63C70,0x08A63C70,relocated_data_code_pointer
sub_08A63C84,0x08A63C84,relocated_data_code_pointer
sub_08A63C98,0x08A63C98,relocated_data_code_pointer
sub_08A63CB4,0x08A63CB4,relocated_data_code_pointer
sub_08A63CD0,0x08A63CD0,relocated_data_code_pointer
sub_08A63CEC,0x08A63CEC,relocated_data_code_pointer
sub_08A63D04,0x08A63D04,relocated_data_code_pointer
sub_08A63D1C,0x08A63D1C,relocated_data_code_pointer
sub_08A63D34,0x08A63D34,materialized_code_pointer
sub_08A63D40,0x08A63D40,materialized_code_pointer
sub_08A63D6C,0x08A63D6C,materialized_code_pointer
sub_08A63D98,0x08A63D98,materialized_code_pointer
sub_08A63D9C,0x08A63D9C,materialized_code_pointer
sub_08A63DB4,0x08A63DB4,materialized_code_pointer
sub_08A63DC8,0x08A63DC8,materialized_code_pointer
sub_08A63DDC,0x08A63DDC,materialized_code_pointer
sub_08A63DE8,0x08A63DE8,materialized_code_pointer
sub_08A63DF8,0x08A63DF8,materialized_code_pointer
sub_08A63E08,0x08A63E08,materialized_code_pointer
sub_08A63E14,0x08A63E14,materialized_code_pointer
sub_08A63E20,0x08A63E20,materialized_code_pointer
sub_08A63E34,0x08A63E34,materialized_code_pointer
sub_08A63E4C,0x08A63E4C,materialized_code_pointer
sub_08A63E60,0x08A63E60,materialized_code_pointer
sub_08A63E6C,0x08A63E6C,materialized_code_pointer
sub_08A63E7C,0x08A63E7C,materialized_code_pointer
sub_08A63E8C,0x08A63E8C,materialized_code_pointer
sub_08A63E98,0x08A63E98,materialized_code_pointer
sub_08A63EA8,0x08A63EA8,materialized_code_pointer
sub_08A63EB4,0x08A63EB4,materialized_code_pointer
sub_08A63EBC,0x08A63EBC,materialized_code_pointer
sub_08A63EC8,0x08A63EC8,materialized_code_pointer
sub_08A63ED4,0x08A63ED4,materialized_code_pointer
sub_08A63EF0,0x08A63EF0,materialized_code_pointer
sub_08A63EFC,0x08A63EFC,materialized_code_pointer
sub_08A63F14,0x08A63F14,materialized_code_pointer
sub_08A63F28,0x08A63F28,materialized_code_pointer
sub_08A63F2C,0x08A63F2C,materialized_code_pointer
sub_08A63F3C,0x08A63F3C,materialized_code_pointer
sub_08A63F4C,0x08A63F4C,materialized_code_pointer
sub_08A63F58,0x08A63F58,materialized_code_pointer
sub_08A63F64,0x08A63F64,materialized_code_pointer
sub_08A63F70,0x08A63F70,materialized_code_pointer
sub_08A63F7C,0x08A63F7C,materialized_code_pointer
sub_08A63F8C,0x08A63F8C,materialized_code_pointer
sub_08A63F9C,0x08A63F9C,materialized_code_pointer
sub_08A63FC8,0x08A63FC8,materialized_code_pointer
sub_08A63FF4,0x08A63FF4,materialized_code_pointer
sub_08A64004,0x08A64004,materialized_code_pointer
sub_08A64014,0x08A64014,materialized_code_pointer
sub_08A64020,0x08A64020,materialized_code_pointer
sub_08A64030,0x08A64030,materialized_code_pointer
sub_08A6403C,0x08A6403C,materialized_code_pointer
sub_08A64044,0x08A64044,materialized_code_pointer
sub_08A64050,0x08A64050,materialized_code_pointer
sub_08A6405C,0x08A6405C,materialized_code_pointer
sub_08A64068,0x08A64068,materialized_code_pointer
sub_08A6406C,0x08A6406C,relocated_data_code_pointer
sub_08A64078,0x08A64078,relocated_data_code_pointer
sub_08A64088,0x08A64088,relocated_data_code_pointer
sub_08A64098,0x08A64098,relocated_data_code_pointer
sub_08A64138,0x08A64138,materialized_code_pointer
sub_08A64148,0x08A64148,materialized_code_pointer
sub_08A64158,0x08A64158,materialized_code_pointer
sub_08A64164,0x08A64164,materialized_code_pointer
sub_08A64198,0x08A64198,materialized_code_pointer
sub_08A641C4,0x08A641C4,materialized_code_pointer
sub_08A641D8,0x08A641D8,materialized_code_pointer
sub_08A641E8,0x08A641E8,materialized_code_pointer
sub_08A641EC,0x08A641EC,materialized_code_pointer
sub_08A64204,0x08A64204,materialized_code_pointer
sub_08A64210,0x08A64210,relocated_data_code_pointer
sub_08A64220,0x08A64220,relocated_data_code_pointer
sub_08A64230,0x08A64230,relocated_data_code_pointer
sub_08A6423C,0x08A6423C,relocated_data_code_pointer
sub_08A64248,0x08A64248,relocated_data_code_pointer
sub_08A6425C,0x08A6425C,materialized_code_pointer
sub_08A6426C,0x08A6426C,materialized_code_pointer
sub_08A64278,0x08A64278,materialized_code_pointer
sub_08A64280,0x08A64280,materialized_code_pointer
sub_08A64284,0x08A64284,materialized_code_pointer
sub_08A64294,0x08A64294,materialized_code_pointer
sub_08A642C0,0x08A642C0,materialized_code_pointer
sub_08A64380,0x08A64380,materialized_code_pointer
sub_08A64388,0x08A64388,materialized_code_pointer
sub_08A64390,0x08A64390,materialized_code_pointer
sub_08A6439C,0x08A6439C,materialized_code_pointer
sub_08A643A4,0x08A643A4,materialized_code_pointer
sub_08A643AC,0x08A643AC,materialized_code_pointer
sub_08A643C0,0x08A643C0,materialized_code_pointer
sub_08A643CC,0x08A643CC,materialized_code_pointer
sub_08A643DC,0x08A643DC,materialized_code_pointer
sub_08A643F0,0x08A643F0,materialized_code_pointer
sub_08A64404,0x08A64404,materialized_code_pointer
sub_08A64414,0x08A64414,materialized_code_pointer
sub_08A64420,0x08A64420,materialized_code_pointer
sub_08A64430,0x08A64430,materialized_code_pointer
sub_08A64438,0x08A64438,materialized_code_pointer
sub_08A64448,0x08A64448,materialized_code_pointer
sub_08A64458,0x08A64458,materialized_code_pointer
sub_08A6446C,0x08A6446C,materialized_code_pointer
sub_08A64474,0x08A64474,materialized_code_pointer
sub_08A64490,0x08A64490,materialized_code_pointer
sub_08A644AC,0x08A644AC,materialized_code_pointer
sub_08A644C8,0x08A644C8,materialized_code_pointer
sub_08A644E0,0x08A644E0,materialized_code_pointer
sub_08A644F8,0x08A644F8,materialized_code_pointer
sub_08A64510,0x08A64510,materialized_code_pointer
sub_08A64530,0x08A64530,materialized_code_pointer
sub_08A64550,0x08A64550,materialized_code_pointer
sub_08A64568,0x08A64568,materialized_code_pointer
sub_08A64580,0x08A64580,materialized_code_pointer
sub_08A64598,0x08A64598,materialized_code_pointer
sub_08A6459C,0x08A6459C,materialized_code_pointer
sub_08A645AC,0x08A645AC,materialized_code_pointer
sub_08A645B4,0x08A645B4,materialized_code_pointer
sub_08A645BC,0x08A645BC,materialized_code_pointer
sub_08A645D4,0x08A645D4,relocated_data_code_pointer
sub_08A645E8,0x08A645E8,materialized_code_pointer
sub_08A645F8,0x08A645F8,materialized_code_pointer
sub_08A64608,0x08A64608,materialized_code_pointer
sub_08A64618,0x08A64618,materialized_code_pointer
sub_08A64624,0x08A64624,materialized_code_pointer
sub_08A64630,0x08A64630,materialized_code_pointer
sub_08A6463C,0x08A6463C,materialized_code_pointer
sub_08A64648,0x08A64648,materialized_code_pointer
sub_08A64658,0x08A64658,materialized_code_pointer
sub_08A64668,0x08A64668,materialized_code_pointer
sub_08A64670,0x08A64670,materialized_code_pointer
sub_08A64674,0x08A64674,materialized_code_pointer
sub_08A6467C,0x08A6467C,materialized_code_pointer
sub_08A64680,0x08A64680,materialized_code_pointer
sub_08A64684,0x08A64684,materialized_code_pointer
sub_08A64688,0x08A64688,materialized_code_pointer
sub_08A64690,0x08A64690,materialized_code_pointer
sub_08A64698,0x08A64698,materialized_code_pointer
sub_08A646A0,0x08A646A0,materialized_code_pointer
sub_08A646CC,0x08A646CC,materialized_code_pointer
sub_08A646F8,0x08A646F8,materialized_code_pointer
sub_08A64704,0x08A64704,materialized_code_pointer
sub_08A64720,0x08A64720,materialized_code_pointer
sub_08A64734,0x08A64734,materialized_code_pointer
sub_08A6473C,0x08A6473C,materialized_code_pointer
sub_08A64748,0x08A64748,materialized_code_pointer
sub_08A64754,0x08A64754,materialized_code_pointer
sub_08A6475C,0x08A6475C,materialized_code_pointer
sub_08A6476C,0x08A6476C,materialized_code_pointer
sub_08A6477C,0x08A6477C,materialized_code_pointer
sub_08A6478C,0x08A6478C,materialized_code_pointer
sub_08A6479C,0x08A6479C,materialized_code_pointer
sub_08A647AC,0x08A647AC,materialized_code_pointer
sub_08A647BC,0x08A647BC,materialized_code_pointer
sub_08A647CC,0x08A647CC,materialized_code_pointer
sub_08A647E0,0x08A647E0,materialized_code_pointer
sub_08A647F0,0x08A647F0,materialized_code_pointer
sub_08A647FC,0x08A647FC,materialized_code_pointer
sub_08A64808,0x08A64808,materialized_code_pointer
sub_08A64818,0x08A64818,materialized_code_pointer
sub_08A64828,0x08A64828,materialized_code_pointer
sub_08A64854,0x08A64854,materialized_code_pointer
sub_08A64880,0x08A64880,materialized_code_pointer
sub_08A6489C,0x08A6489C,materialized_code_pointer
sub_08A648C0,0x08A648C0,materialized_code_pointer
sub_08A648D4,0x08A648D4,materialized_code_pointer
sub_08A64950,0x08A64950,materialized_code_pointer
sub_08A6497C,0x08A6497C,materialized_code_pointer
sub_08A649A8,0x08A649A8,materialized_code_pointer
sub_08A649C4,0x08A649C4,materialized_code_pointer
sub_08A649F0,0x08A649F0,materialized_code_pointer
sub_08A64A1C,0x08A64A1C,materialized_code_pointer
sub_08A64A48,0x08A64A48,materialized_code_pointer
sub_08A64A68,0x08A64A68,materialized_code_pointer
sub_08A64A94,0x08A64A94,materialized_code_pointer
sub_08A64AC0,0x08A64AC0,materialized_code_pointer
sub_08A64AEC,0x08A64AEC,materialized_code_pointer
sub_08A64B20,0x08A64B20,materialized_code_pointer
sub_08A64B28,0x08A64B28,materialized_code_pointer
sub_08A64B54,0x08A64B54,materialized_code_pointer
sub_08A64B80,0x08A64B80,materialized_code_pointer
sub_08A64B94,0x08A64B94,materialized_code_pointer
sub_08A64BA8,0x08A64BA8,materialized_code_pointer
sub_08A64BB0,0x08A64BB0,materialized_code_pointer
sub_08A64BBC,0x08A64BBC,materialized_code_pointer
sub_08A64BE8,0x08A64BE8,materialized_code_pointer
sub_08A64C14,0x08A64C14,materialized_code_pointer
sub_08A64C3C,0x08A64C3C,materialized_code_pointer
sub_08A64C5C,0x08A64C5C,materialized_code_pointer
sub_08A64C9C,0x08A64C9C,materialized_code_pointer
sub_08A64CB8,0x08A64CB8,relocated_r_mips32_code_pointer
sub_08A64CC4,0x08A64CC4,relocated_r_mips32_code_pointer
sub_08A64CD0,0x08A64CD0,relocated_r_mips32_code_pointer
sub_08A64CE0,0x08A64CE0,relocated_r_mips32_code_pointer
sub_08A64CEC,0x08A64CEC,relocated_r_mips32_code_pointer
sub_08A64CF4,0x08A64CF4,relocated_r_mips32_code_pointer
sub_08A64CFC,0x08A64CFC,relocated_r_mips32_code_pointer
sub_08A64D0C,0x08A64D0C,relocated_r_mips32_code_pointer
sub_08A64D14,0x08A64D14,relocated_r_mips32_code_pointer
sub_08A64D1C,0x08A64D1C,relocated_r_mips32_code_pointer
sub_08A64D24,0x08A64D24,materialized_code_pointer
sub_08A64D50,0x08A64D50,materialized_code_pointer
sub_08A64D7C,0x08A64D7C,materialized_code_pointer
sub_08A64D80,0x08A64D80,materialized_code_pointer
sub_08A64DA0,0x08A64DA0,materialized_code_pointer
sub_08A64E08,0x08A64E08,materialized_code_pointer
sub_08A64E0C,0x08A64E0C,materialized_code_pointer
sub_08A64E14,0x08A64E14,materialized_code_pointer
sub_08A64E18,0x08A64E18,materialized_code_pointer
sub_08A64E50,0x08A64E50,materialized_code_pointer
sub_08A64E54,0x08A64E54,materialized_code_pointer
sub_08A64E5C,0x08A64E5C,materialized_code_pointer
sub_08A64E60,0x08A64E60,materialized_code_pointer
sub_08A64E64,0x08A64E64,relocated_r_mips32_code_pointer
sub_08A64E70,0x08A64E70,relocated_r_mips32_code_pointer
sub_08A64E78,0x08A64E78,relocated_r_mips32_code_pointer
sub_08A64E84,0x08A64E84,relocated_r_mips32_code_pointer
sub_08A64E90,0x08A64E90,relocated_r_mips32_code_pointer
sub_08A64EA0,0x08A64EA0,relocated_r_mips32_code_pointer
sub_08A64EB0,0x08A64EB0,relocated_r_mips32_code_pointer
sub_08A64EBC,0x08A64EBC,relocated_r_mips32_code_pointer
sub_08A64EC8,0x08A64EC8,relocated_r_mips32_code_pointer
sub_08A64ED4,0x08A64ED4,materialized_code_pointer
sub_08A64F00,0x08A64F00,materialized_code_pointer
sub_08A64F2C,0x08A64F2C,materialized_code_pointer
sub_08A64F30,0x08A64F30,materialized_code_pointer
sub_08A64F5C,0x08A64F5C,materialized_code_pointer
sub_08A64F68,0x08A64F68,materialized_code_pointer
sub_08A64F7C,0x08A64F7C,materialized_code_pointer
sub_08A64F94,0x08A64F94,materialized_code_pointer
sub_08A64FAC,0x08A64FAC,materialized_code_pointer
sub_08A64FC0,0x08A64FC0,materialized_code_pointer
sub_08A64FDC,0x08A64FDC,materialized_code_pointer
sub_08A64FF4,0x08A64FF4,materialized_code_pointer
sub_08A65008,0x08A65008,materialized_code_pointer
sub_08A65020,0x08A65020,materialized_code_pointer
sub_08A6503C,0x08A6503C,materialized_code_pointer
sub_08A65050,0x08A65050,materialized_code_pointer
sub_08A65064,0x08A65064,materialized_code_pointer
sub_08A65078,0x08A65078,materialized_code_pointer
sub_08A65090,0x08A65090,materialized_code_pointer
sub_08A650A4,0x08A650A4,materialized_code_pointer
sub_08A650B8,0x08A650B8,materialized_code_pointer
sub_08A650C8,0x08A650C8,materialized_code_pointer
sub_08A650D4,0x08A650D4,materialized_code_pointer
sub_08A650DC,0x08A650DC,materialized_code_pointer
sub_08A65108,0x08A65108,materialized_code_pointer
sub_08A6510C,0x08A6510C,materialized_code_pointer
sub_08A65134,0x08A65134,materialized_code_pointer
sub_08A6513C,0x08A6513C,materialized_code_pointer
sub_08A65168,0x08A65168,materialized_code_pointer
sub_08A65170,0x08A65170,materialized_code_pointer
sub_08A6519C,0x08A6519C,materialized_code_pointer
sub_08A651A4,0x08A651A4,materialized_code_pointer
sub_08A651D4,0x08A651D4,materialized_code_pointer
sub_08A651D8,0x08A651D8,materialized_code_pointer
sub_08A65208,0x08A65208,materialized_code_pointer
sub_08A65210,0x08A65210,materialized_code_pointer
sub_08A6523C,0x08A6523C,relocated_r_mips32_code_pointer
sub_08A6524C,0x08A6524C,relocated_r_mips32_code_pointer
sub_08A6525C,0x08A6525C,relocated_r_mips32_code_pointer
sub_08A65264,0x08A65264,relocated_r_mips32_code_pointer
sub_08A6526C,0x08A6526C,relocated_r_mips32_code_pointer
sub_08A65278,0x08A65278,relocated_r_mips32_code_pointer
sub_08A65288,0x08A65288,relocated_r_mips32_code_pointer
sub_08A65298,0x08A65298,relocated_r_mips32_code_pointer
sub_08A652AC,0x08A652AC,relocated_r_mips32_code_pointer
sub_08A652BC,0x08A652BC,relocated_r_mips32_code_pointer
sub_08A652D0,0x08A652D0,relocated_r_mips32_code_pointer
sub_08A652E8,0x08A652E8,relocated_r_mips32_code_pointer
sub_08A652FC,0x08A652FC,relocated_r_mips32_code_pointer
sub_08A65308,0x08A65308,relocated_r_mips32_code_pointer
sub_08A65318,0x08A65318,relocated_r_mips32_code_pointer
sub_08A65328,0x08A65328,relocated_r_mips32_code_pointer
sub_08A6533C,0x08A6533C,materialized_code_pointer
sub_08A65368,0x08A65368,materialized_code_pointer
sub_08A65394,0x08A65394,materialized_code_pointer
sub_08A65398,0x08A65398,materialized_code_pointer
sub_08A653B4,0x08A653B4,materialized_code_pointer
sub_08A653C0,0x08A653C0,materialized_code_pointer
sub_08A653DC,0x08A653DC,materialized_code_pointer
sub_08A65424,0x08A65424,materialized_code_pointer
sub_08A65448,0x08A65448,materialized_code_pointer
sub_08A6546C,0x08A6546C,materialized_code_pointer
sub_08A65474,0x08A65474,materialized_code_pointer
sub_08A65478,0x08A65478,materialized_code_pointer
sub_08A6547C,0x08A6547C,materialized_code_pointer
sub_08A65484,0x08A65484,materialized_code_pointer
sub_08A6548C,0x08A6548C,materialized_code_pointer
sub_08A654B0,0x08A654B0,materialized_code_pointer
sub_08A654B4,0x08A654B4,materialized_code_pointer
sub_08A654C0,0x08A654C0,materialized_code_pointer
sub_08A654E8,0x08A654E8,relocated_r_mips32_code_pointer
sub_08A654F4,0x08A654F4,relocated_r_mips32_code_pointer
sub_08A65504,0x08A65504,relocated_r_mips32_code_pointer
sub_08A65510,0x08A65510,relocated_r_mips32_code_pointer
sub_08A65524,0x08A65524,relocated_r_mips32_code_pointer
sub_08A65530,0x08A65530,relocated_r_mips32_code_pointer
sub_08A6553C,0x08A6553C,relocated_r_mips32_code_pointer
sub_08A6554C,0x08A6554C,relocated_r_mips32_code_pointer
sub_08A65558,0x08A65558,relocated_r_mips32_code_pointer
sub_08A65568,0x08A65568,relocated_r_mips32_code_pointer
sub_08A65574,0x08A65574,relocated_r_mips32_code_pointer
sub_08A65584,0x08A65584,relocated_r_mips32_code_pointer
sub_08A6558C,0x08A6558C,relocated_r_mips32_code_pointer
sub_08A6559C,0x08A6559C,relocated_r_mips32_code_pointer
sub_08A655A4,0x08A655A4,relocated_r_mips32_code_pointer
sub_08A655B0,0x08A655B0,relocated_r_mips32_code_pointer
sub_08A655BC,0x08A655BC,relocated_r_mips32_code_pointer
sub_08A655C8,0x08A655C8,relocated_r_mips32_code_pointer
sub_08A655D4,0x08A655D4,materialized_code_pointer
sub_08A65600,0x08A65600,materialized_code_pointer
sub_08A6562C,0x08A6562C,materialized_code_pointer
sub_08A65630,0x08A65630,materialized_code_pointer
sub_08A65650,0x08A65650,materialized_code_pointer
sub_08A65658,0x08A65658,materialized_code_pointer
sub_08A656A0,0x08A656A0,materialized_code_pointer
sub_08A656A8,0x08A656A8,materialized_code_pointer
sub_08A656B0,0x08A656B0,materialized_code_pointer
sub_08A656B4,0x08A656B4,materialized_code_pointer
sub_08A656B8,0x08A656B8,materialized_code_pointer
sub_08A656BC,0x08A656BC,materialized_code_pointer
sub_08A656C4,0x08A656C4,materialized_code_pointer
sub_08A656CC,0x08A656CC,materialized_code_pointer
sub_08A656D4,0x08A656D4,materialized_code_pointer
sub_08A656DC,0x08A656DC,relocated_r_mips32_code_pointer
sub_08A656EC,0x08A656EC,relocated_r_mips32_code_pointer
sub_08A65700,0x08A65700,relocated_r_mips32_code_pointer
sub_08A65714,0x08A65714,relocated_r_mips32_code_pointer
sub_08A65724,0x08A65724,relocated_r_mips32_code_pointer
sub_08A65734,0x08A65734,materialized_code_pointer
sub_08A65760,0x08A65760,materialized_code_pointer
sub_08A6578C,0x08A6578C,materialized_code_pointer
sub_08A657B0,0x08A657B0,materialized_code_pointer
sub_08A657D0,0x08A657D0,materialized_code_pointer
sub_08A657D8,0x08A657D8,materialized_code_pointer
sub_08A657F0,0x08A657F0,materialized_code_pointer
sub_08A65808,0x08A65808,materialized_code_pointer
sub_08A65824,0x08A65824,materialized_code_pointer
sub_08A65838,0x08A65838,materialized_code_pointer
sub_08A6584C,0x08A6584C,materialized_code_pointer
sub_08A6585C,0x08A6585C,materialized_code_pointer
sub_08A6586C,0x08A6586C,materialized_code_pointer
sub_08A65880,0x08A65880,materialized_code_pointer
sub_08A65890,0x08A65890,materialized_code_pointer
sub_08A658A0,0x08A658A0,materialized_code_pointer
sub_08A658B0,0x08A658B0,materialized_code_pointer
sub_08A658C8,0x08A658C8,materialized_code_pointer
sub_08A658D8,0x08A658D8,materialized_code_pointer
sub_08A658EC,0x08A658EC,materialized_code_pointer
sub_08A65910,0x08A65910,materialized_code_pointer
sub_08A65918,0x08A65918,materialized_code_pointer
sub_08A6591C,0x08A6591C,relocated_r_mips32_code_pointer
sub_08A65924,0x08A65924,relocated_r_mips32_code_pointer
sub_08A6592C,0x08A6592C,relocated_r_mips32_code_pointer
sub_08A65934,0x08A65934,materialized_code_pointer
sub_08A65960,0x08A65960,materialized_code_pointer
sub_08A6598C,0x08A6598C,materialized_code_pointer
sub_08A65990,0x08A65990,materialized_code_pointer
sub_08A65998,0x08A65998,materialized_code_pointer
sub_08A6599C,0x08A6599C,relocated_r_mips32_code_pointer
sub_08A659A4,0x08A659A4,relocated_r_mips32_code_pointer
sub_08A659A8,0x08A659A8,relocated_r_mips32_code_pointer
sub_08A659AC,0x08A659AC,relocated_r_mips32_code_pointer
sub_08A659B0,0x08A659B0,materialized_code_pointer
sub_08A659DC,0x08A659DC,materialized_code_pointer
sub_08A65A08,0x08A65A08,materialized_code_pointer
sub_08A65A0C,0x08A65A0C,materialized_code_pointer
sub_08A65A10,0x08A65A10,materialized_code_pointer
sub_08A65A14,0x08A65A14,relocated_r_mips32_code_pointer
sub_08A65A20,0x08A65A20,relocated_r_mips32_code_pointer
sub_08A65A2C,0x08A65A2C,relocated_r_mips32_code_pointer
sub_08A65A34,0x08A65A34,relocated_r_mips32_code_pointer
sub_08A65A44,0x08A65A44,materialized_code_pointer
sub_08A65A70,0x08A65A70,materialized_code_pointer
sub_08A65A9C,0x08A65A9C,materialized_code_pointer
sub_08A65AA8,0x08A65AA8,materialized_code_pointer
sub_08A65AC8,0x08A65AC8,materialized_code_pointer
sub_08A65AEC,0x08A65AEC,materialized_code_pointer
sub_08A65AF0,0x08A65AF0,materialized_code_pointer
sub_08A65AF4,0x08A65AF4,materialized_code_pointer
sub_08A65B18,0x08A65B18,materialized_code_pointer
sub_08A65B20,0x08A65B20,materialized_code_pointer
sub_08A65B3C,0x08A65B3C,relocated_r_mips32_code_pointer
sub_08A65B44,0x08A65B44,relocated_r_mips32_code_pointer
sub_08A65B4C,0x08A65B4C,relocated_r_mips32_code_pointer
sub_08A65B54,0x08A65B54,relocated_r_mips32_code_pointer
sub_08A65B5C,0x08A65B5C,relocated_r_mips32_code_pointer
sub_08A65B68,0x08A65B68,relocated_r_mips32_code_pointer
sub_08A65B70,0x08A65B70,relocated_r_mips32_code_pointer
sub_08A65B74,0x08A65B74,relocated_r_mips32_code_pointer
sub_08A65B7C,0x08A65B7C,relocated_r_mips32_code_pointer
sub_08A65B84,0x08A65B84,relocated_r_mips32_code_pointer
sub_08A65B90,0x08A65B90,relocated_r_mips32_code_pointer
sub_08A65B98,0x08A65B98,relocated_r_mips32_code_pointer
sub_08A65BA4,0x08A65BA4,relocated_r_mips32_code_pointer
sub_08A65BB0,0x08A65BB0,relocated_r_mips32_code_pointer
sub_08A65BC0,0x08A65BC0,relocated_r_mips32_code_pointer
sub_08A65BC8,0x08A65BC8,relocated_r_mips32_code_pointer
sub_08A65BD8,0x08A65BD8,relocated_r_mips32_code_pointer
sub_08A65BEC,0x08A65BEC,relocated_r_mips32_code_pointer
sub_08A65BF8,0x08A65BF8,relocated_r_mips32_code_pointer
sub_08A65C04,0x08A65C04,relocated_r_mips32_code_pointer
sub_08A65C10,0x08A65C10,relocated_r_mips32_code_pointer
sub_08A65C1C,0x08A65C1C,relocated_r_mips32_code_pointer
sub_08A65C24,0x08A65C24,relocated_r_mips32_code_pointer
sub_08A65C30,0x08A65C30,materialized_code_pointer
sub_08A65C5C,0x08A65C5C,materialized_code_pointer
sub_08A65C88,0x08A65C88,materialized_code_pointer
sub_08A65C90,0x08A65C90,materialized_code_pointer
sub_08A65C94,0x08A65C94,materialized_code_pointer
sub_08A65CB0,0x08A65CB0,materialized_code_pointer
sub_08A65CB8,0x08A65CB8,materialized_code_pointer
sub_08A65CD4,0x08A65CD4,materialized_code_pointer
sub_08A65CDC,0x08A65CDC,materialized_code_pointer
sub_08A65CE4,0x08A65CE4,materialized_code_pointer
sub_08A65D0C,0x08A65D0C,materialized_code_pointer
sub_08A65D10,0x08A65D10,materialized_code_pointer
sub_08A65D14,0x08A65D14,materialized_code_pointer
sub_08A65D18,0x08A65D18,materialized_code_pointer
sub_08A65D24,0x08A65D24,materialized_code_pointer
sub_08A65D28,0x08A65D28,materialized_code_pointer
sub_08A65D2C,0x08A65D2C,materialized_code_pointer
sub_08A65D4C,0x08A65D4C,materialized_code_pointer
sub_08A65D54,0x08A65D54,materialized_code_pointer
sub_08A65D5C,0x08A65D5C,materialized_code_pointer
sub_08A65D68,0x08A65D68,materialized_code_pointer
sub_08A65D70,0x08A65D70,materialized_code_pointer
sub_08A65D9C,0x08A65D9C,materialized_code_pointer
sub_08A65DCC,0x08A65DCC,materialized_code_pointer
sub_08A65DDC,0x08A65DDC,materialized_code_pointer
sub_08A65DE4,0x08A65DE4,materialized_code_pointer
sub_08A65DE8,0x08A65DE8,materialized_code_pointer
sub_08A65E10,0x08A65E10,materialized_code_pointer
sub_08A65E18,0x08A65E18,materialized_code_pointer
sub_08A65E44,0x08A65E44,materialized_code_pointer
sub_08A65E78,0x08A65E78,materialized_code_pointer
sub_08A65E80,0x08A65E80,materialized_code_pointer
sub_08A65E88,0x08A65E88,materialized_code_pointer
sub_08A65E90,0x08A65E90,materialized_code_pointer
sub_08A65E9C,0x08A65E9C,materialized_code_pointer
sub_08A65EA0,0x08A65EA0,materialized_code_pointer
sub_08A65ECC,0x08A65ECC,materialized_code_pointer
sub_08A65F04,0x08A65F04,materialized_code_pointer
sub_08A65F10,0x08A65F10,materialized_code_pointer
sub_08A65F3C,0x08A65F3C,relocated_r_mips32_code_pointer
sub_08A65F50,0x08A65F50,relocated_r_mips32_code_pointer
sub_08A65F60,0x08A65F60,relocated_r_mips32_code_pointer
sub_08A65F70,0x08A65F70,relocated_r_mips32_code_pointer
sub_08A65F8C,0x08A65F8C,materialized_code_pointer
sub_08A65FB8,0x08A65FB8,materialized_code_pointer
sub_08A65FE4,0x08A65FE4,materialized_code_pointer
sub_08A65FE8,0x08A65FE8,materialized_code_pointer
sub_08A65FEC,0x08A65FEC,materialized_code_pointer
sub_08A65FF0,0x08A65FF0,materialized_code_pointer
sub_08A65FF4,0x08A65FF4,materialized_code_pointer
sub_08A65FF8,0x08A65FF8,relocated_r_mips32_code_pointer
sub_08A6600C,0x08A6600C,materialized_code_pointer
sub_08A66038,0x08A66038,materialized_code_pointer
sub_08A66064,0x08A66064,materialized_code_pointer
sub_08A66068,0x08A66068,materialized_code_pointer
sub_08A66070,0x08A66070,relocated_r_mips32_code_pointer
sub_08A6607C,0x08A6607C,relocated_r_mips32_code_pointer
sub_08A66088,0x08A66088,relocated_r_mips32_code_pointer
sub_08A66098,0x08A66098,relocated_r_mips32_code_pointer
sub_08A660A8,0x08A660A8,relocated_r_mips32_code_pointer
sub_08A660B8,0x08A660B8,relocated_r_mips32_code_pointer
sub_08A660C0,0x08A660C0,relocated_r_mips32_code_pointer
sub_08A660CC,0x08A660CC,relocated_r_mips32_code_pointer
sub_08A660DC,0x08A660DC,materialized_code_pointer
sub_08A66108,0x08A66108,materialized_code_pointer
sub_08A66134,0x08A66134,materialized_code_pointer
sub_08A66160,0x08A66160,materialized_code_pointer
sub_08A66164,0x08A66164,materialized_code_pointer
sub_08A66168,0x08A66168,materialized_code_pointer
sub_08A6616C,0x08A6616C,materialized_code_pointer
sub_08A66174,0x08A66174,materialized_code_pointer
sub_08A66178,0x08A66178,materialized_code_pointer
sub_08A6617C,0x08A6617C,materialized_code_pointer
sub_08A66180,0x08A66180,relocated_r_mips32_code_pointer
sub_08A66188,0x08A66188,relocated_r_mips32_code_pointer
sub_08A66190,0x08A66190,relocated_r_mips32_code_pointer
sub_08A66198,0x08A66198,relocated_r_mips32_code_pointer
sub_08A661A4,0x08A661A4,materialized_code_pointer
sub_08A661D0,0x08A661D0,materialized_code_pointer
sub_08A661FC,0x08A661FC,materialized_code_pointer
sub_08A66210,0x08A66210,materialized_code_pointer
sub_08A6621C,0x08A6621C,materialized_code_pointer
sub_08A66228,0x08A66228,materialized_code_pointer
sub_08A66234,0x08A66234,relocated_r_mips32_code_pointer
sub_08A6623C,0x08A6623C,relocated_r_mips32_code_pointer
sub_08A66244,0x08A66244,relocated_r_mips32_code_pointer
sub_08A6624C,0x08A6624C,relocated_r_mips32_code_pointer
sub_08A66258,0x08A66258,materialized_code_pointer
sub_08A66284,0x08A66284,materialized_code_pointer
sub_08A662B0,0x08A662B0,materialized_code_pointer
sub_08A662C0,0x08A662C0,materialized_code_pointer
sub_08A662C8,0x08A662C8,materialized_code_pointer
sub_08A662CC,0x08A662CC,materialized_code_pointer
sub_08A662D0,0x08A662D0,materialized_code_pointer
sub_08A662DC,0x08A662DC,materialized_code_pointer
sub_08A662E0,0x08A662E0,relocated_r_mips32_code_pointer
sub_08A662E8,0x08A662E8,relocated_r_mips32_code_pointer
sub_08A662F0,0x08A662F0,relocated_r_mips32_code_pointer
sub_08A662F8,0x08A662F8,relocated_r_mips32_code_pointer
sub_08A66304,0x08A66304,relocated_r_mips32_code_pointer
sub_08A66314,0x08A66314,relocated_r_mips32_code_pointer
sub_08A6631C,0x08A6631C,materialized_code_pointer
sub_08A66348,0x08A66348,materialized_code_pointer
sub_08A66374,0x08A66374,materialized_code_pointer
sub_08A66384,0x08A66384,materialized_code_pointer
sub_08A66390,0x08A66390,materialized_code_pointer
sub_08A66398,0x08A66398,materialized_code_pointer
sub_08A6639C,0x08A6639C,materialized_code_pointer
sub_08A663A0,0x08A663A0,materialized_code_pointer
sub_08A663A4,0x08A663A4,relocated_r_mips32_code_pointer
sub_08A663B0,0x08A663B0,relocated_r_mips32_code_pointer
sub_08A663BC,0x08A663BC,relocated_r_mips32_code_pointer
sub_08A663C4,0x08A663C4,relocated_r_mips32_code_pointer
sub_08A663CC,0x08A663CC,relocated_r_mips32_code_pointer
sub_08A663D8,0x08A663D8,relocated_r_mips32_code_pointer
sub_08A663E0,0x08A663E0,relocated_r_mips32_code_pointer
sub_08A663E8,0x08A663E8,relocated_r_mips32_code_pointer
sub_08A663F4,0x08A663F4,relocated_r_mips32_code_pointer
sub_08A66400,0x08A66400,relocated_r_mips32_code_pointer
sub_08A66414,0x08A66414,relocated_r_mips32_code_pointer
sub_08A66420,0x08A66420,relocated_r_mips32_code_pointer
sub_08A6642C,0x08A6642C,relocated_r_mips32_code_pointer
sub_08A6643C,0x08A6643C,relocated_r_mips32_code_pointer
sub_08A66448,0x08A66448,relocated_r_mips32_code_pointer
sub_08A66454,0x08A66454,relocated_r_mips32_code_pointer
sub_08A66460,0x08A66460,relocated_r_mips32_code_pointer
sub_08A6646C,0x08A6646C,relocated_r_mips32_code_pointer
sub_08A66478,0x08A66478,relocated_r_mips32_code_pointer
sub_08A6648C,0x08A6648C,relocated_r_mips32_code_pointer
sub_08A6649C,0x08A6649C,relocated_r_mips32_code_pointer
sub_08A664AC,0x08A664AC,relocated_r_mips32_code_pointer
sub_08A664BC,0x08A664BC,relocated_r_mips32_code_pointer
sub_08A664D0,0x08A664D0,relocated_r_mips32_code_pointer
sub_08A664DC,0x08A664DC,relocated_r_mips32_code_pointer
sub_08A664E8,0x08A664E8,relocated_r_mips32_code_pointer
sub_08A664FC,0x08A664FC,relocated_r_mips32_code_pointer
sub_08A66510,0x08A66510,relocated_r_mips32_code_pointer
sub_08A66524,0x08A66524,relocated_r_mips32_code_pointer
sub_08A66530,0x08A66530,relocated_r_mips32_code_pointer
sub_08A66538,0x08A66538,relocated_r_mips32_code_pointer
sub_08A66544,0x08A66544,relocated_r_mips32_code_pointer
sub_08A66554,0x08A66554,materialized_code_pointer
sub_08A66580,0x08A66580,materialized_code_pointer
sub_08A665AC,0x08A665AC,materialized_code_pointer
sub_08A665B4,0x08A665B4,materialized_code_pointer
sub_08A665BC,0x08A665BC,materialized_code_pointer
sub_08A665C8,0x08A665C8,materialized_code_pointer
sub_08A665D4,0x08A665D4,materialized_code_pointer
sub_08A665E0,0x08A665E0,materialized_code_pointer
sub_08A665E4,0x08A665E4,materialized_code_pointer
sub_08A665E8,0x08A665E8,materialized_code_pointer
sub_08A665EC,0x08A665EC,materialized_code_pointer
sub_08A665F0,0x08A665F0,materialized_code_pointer
sub_08A665F4,0x08A665F4,materialized_code_pointer
sub_08A665F8,0x08A665F8,materialized_code_pointer
sub_08A665FC,0x08A665FC,materialized_code_pointer
sub_08A66600,0x08A66600,materialized_code_pointer
sub_08A66604,0x08A66604,materialized_code_pointer
sub_08A6660C,0x08A6660C,materialized_code_pointer
sub_08A66614,0x08A66614,materialized_code_pointer
sub_08A66620,0x08A66620,materialized_code_pointer
sub_08A66628,0x08A66628,materialized_code_pointer
sub_08A66634,0x08A66634,materialized_code_pointer
sub_08A6663C,0x08A6663C,materialized_code_pointer
sub_08A66644,0x08A66644,materialized_code_pointer
sub_08A6664C,0x08A6664C,relocated_r_mips32_code_pointer
sub_08A66654,0x08A66654,relocated_r_mips32_code_pointer
sub_08A6665C,0x08A6665C,relocated_r_mips32_code_pointer
sub_08A66664,0x08A66664,materialized_code_pointer
sub_08A66690,0x08A66690,materialized_code_pointer
sub_08A666BC,0x08A666BC,materialized_code_pointer
sub_08A666C8,0x08A666C8,materialized_code_pointer
sub_08A666D0,0x08A666D0,relocated_r_mips32_code_pointer
sub_08A666D8,0x08A666D8,relocated_r_mips32_code_pointer
sub_08A666E0,0x08A666E0,relocated_r_mips32_code_pointer
sub_08A666F0,0x08A666F0,materialized_code_pointer
sub_08A6671C,0x08A6671C,materialized_code_pointer
sub_08A66748,0x08A66748,materialized_code_pointer
sub_08A6675C,0x08A6675C,materialized_code_pointer
sub_08A66764,0x08A66764,materialized_code_pointer
sub_08A66768,0x08A66768,materialized_code_pointer
sub_08A66770,0x08A66770,relocated_r_mips32_code_pointer
sub_08A66778,0x08A66778,relocated_r_mips32_code_pointer
sub_08A66780,0x08A66780,relocated_r_mips32_code_pointer
sub_08A6678C,0x08A6678C,materialized_code_pointer
sub_08A667B8,0x08A667B8,materialized_code_pointer
sub_08A667E4,0x08A667E4,materialized_code_pointer
sub_08A667F8,0x08A667F8,materialized_code_pointer
sub_08A66800,0x08A66800,materialized_code_pointer
sub_08A66804,0x08A66804,materialized_code_pointer
sub_08A66808,0x08A66808,materialized_code_pointer
sub_08A66834,0x08A66834,relocated_r_mips32_code_pointer
sub_08A6683C,0x08A6683C,relocated_r_mips32_code_pointer
sub_08A66844,0x08A66844,relocated_r_mips32_code_pointer
sub_08A66854,0x08A66854,relocated_r_mips32_code_pointer
sub_08A66860,0x08A66860,relocated_r_mips32_code_pointer
sub_08A66868,0x08A66868,relocated_r_mips32_code_pointer
sub_08A66870,0x08A66870,relocated_r_mips32_code_pointer
sub_08A6687C,0x08A6687C,relocated_r_mips32_code_pointer
sub_08A66888,0x08A66888,materialized_code_pointer
sub_08A668B4,0x08A668B4,materialized_code_pointer
sub_08A668E0,0x08A668E0,materialized_code_pointer
sub_08A668E4,0x08A668E4,materialized_code_pointer
sub_08A668EC,0x08A668EC,materialized_code_pointer
sub_08A668F0,0x08A668F0,materialized_code_pointer
sub_08A668F8,0x08A668F8,materialized_code_pointer
sub_08A66908,0x08A66908,materialized_code_pointer
sub_08A6692C,0x08A6692C,materialized_code_pointer
sub_08A66934,0x08A66934,relocated_r_mips32_code_pointer
sub_08A6693C,0x08A6693C,relocated_r_mips32_code_pointer
sub_08A66948,0x08A66948,relocated_r_mips32_code_pointer
sub_08A66954,0x08A66954,relocated_r_mips32_code_pointer
sub_08A66960,0x08A66960,relocated_r_mips32_code_pointer
sub_08A6696C,0x08A6696C,relocated_r_mips32_code_pointer
sub_08A6697C,0x08A6697C,materialized_code_pointer
sub_08A669A8,0x08A669A8,materialized_code_pointer
sub_08A669D4,0x08A669D4,materialized_code_pointer
sub_08A669E0,0x08A669E0,materialized_code_pointer
sub_08A669E4,0x08A669E4,materialized_code_pointer
sub_08A66A04,0x08A66A04,materialized_code_pointer
sub_08A66A0C,0x08A66A0C,materialized_code_pointer
sub_08A66A10,0x08A66A10,materialized_code_pointer
sub_08A66A14,0x08A66A14,relocated_r_mips32_code_pointer
sub_08A66A24,0x08A66A24,relocated_r_mips32_code_pointer
sub_08A66A30,0x08A66A30,materialized_code_pointer
sub_08A66A5C,0x08A66A5C,materialized_code_pointer
sub_08A66A88,0x08A66A88,materialized_code_pointer
sub_08A66A90,0x08A66A90,materialized_code_pointer
sub_08A66A94,0x08A66A94,materialized_code_pointer
sub_08A66AB4,0x08A66AB4,materialized_code_pointer
sub_08A66AB8,0x08A66AB8,relocated_r_mips32_code_pointer
sub_08A66AC4,0x08A66AC4,materialized_code_pointer
sub_08A66AF0,0x08A66AF0,materialized_code_pointer
sub_08A66B1C,0x08A66B1C,materialized_code_pointer
sub_08A66B28,0x08A66B28,materialized_code_pointer
sub_08A66B2C,0x08A66B2C,materialized_code_pointer
sub_08A66B4C,0x08A66B4C,materialized_code_pointer
sub_08A66B5C,0x08A66B5C,materialized_code_pointer
sub_08A66B60,0x08A66B60,materialized_code_pointer
sub_08A66B88,0x08A66B88,materialized_code_pointer
sub_08A66BA8,0x08A66BA8,materialized_code_pointer
sub_08A66BE0,0x08A66BE0,materialized_code_pointer
sub_08A66C8C,0x08A66C8C,materialized_code_pointer
sub_08A66C94,0x08A66C94,materialized_code_pointer
sub_08A66C9C,0x08A66C9C,materialized_code_pointer
sub_08A66CA4,0x08A66CA4,materialized_code_pointer
sub_08A66CA8,0x08A66CA8,materialized_code_pointer
sub_08A66CB0,0x08A66CB0,materialized_code_pointer
sub_08A66CB4,0x08A66CB4,materialized_code_pointer
sub_08A66CBC,0x08A66CBC,materialized_code_pointer
sub_08A66CC4,0x08A66CC4,materialized_code_pointer
sub_08A66CCC,0x08A66CCC,materialized_code_pointer
sub_08A66CD4,0x08A66CD4,materialized_code_pointer
sub_08A66CEC,0x08A66CEC,materialized_code_pointer
sub_08A66D04,0x08A66D04,materialized_code_pointer
sub_08A66D30,0x08A66D30,materialized_code_pointer
sub_08A66D5C,0x08A66D5C,materialized_code_pointer
sub_08A66D6C,0x08A66D6C,materialized_code_pointer
sub_08A66D74,0x08A66D74,materialized_code_pointer
sub_08A66D80,0x08A66D80,materialized_code_pointer
sub_08A66D88,0x08A66D88,materialized_code_pointer
sub_08A66D94,0x08A66D94,materialized_code_pointer
sub_08A66DA0,0x08A66DA0,materialized_code_pointer
sub_08A66DA8,0x08A66DA8,materialized_code_pointer
sub_08A66DB8,0x08A66DB8,materialized_code_pointer
sub_08A66DC0,0x08A66DC0,materialized_code_pointer
sub_08A66DC4,0x08A66DC4,materialized_code_pointer
sub_08A66DDC,0x08A66DDC,materialized_code_pointer
sub_08A66DEC,0x08A66DEC,materialized_code_pointer
sub_08A66DF4,0x08A66DF4,materialized_code_pointer
sub_08A66E10,0x08A66E10,materialized_code_pointer
sub_08A66E14,0x08A66E14,materialized_code_pointer
sub_08A66E18,0x08A66E18,materialized_code_pointer
sub_08A66E20,0x08A66E20,materialized_code_pointer
sub_08A66E2C,0x08A66E2C,materialized_code_pointer
sub_08A66E34,0x08A66E34,materialized_code_pointer
sub_08A66E3C,0x08A66E3C,materialized_code_pointer
sub_08A66E44,0x08A66E44,materialized_code_pointer
sub_08A66E4C,0x08A66E4C,materialized_code_pointer
sub_08A66E6C,0x08A66E6C,materialized_code_pointer
sub_08A66E84,0x08A66E84,materialized_code_pointer
sub_08A66E98,0x08A66E98,materialized_code_pointer
sub_08A66EB0,0x08A66EB0,materialized_code_pointer
sub_08A66EB8,0x08A66EB8,materialized_code_pointer
sub_08A66EC4,0x08A66EC4,materialized_code_pointer
sub_08A66ED0,0x08A66ED0,materialized_code_pointer
sub_08A66EDC,0x08A66EDC,materialized_code_pointer
sub_08A66EE8,0x08A66EE8,materialized_code_pointer
sub_08A66EF4,0x08A66EF4,materialized_code_pointer
sub_08A66F14,0x08A66F14,materialized_code_pointer
sub_08A66F30,0x08A66F30,materialized_code_pointer
sub_08A66F58,0x08A66F58,materialized_code_pointer
sub_08A66F60,0x08A66F60,materialized_code_pointer
sub_08A66F68,0x08A66F68,materialized_code_pointer
sub_08A66F70,0x08A66F70,materialized_code_pointer
sub_08A66F78,0x08A66F78,materialized_code_pointer
sub_08A66F88,0x08A66F88,materialized_code_pointer
sub_08A66F94,0x08A66F94,materialized_code_pointer
sub_08A66FA4,0x08A66FA4,materialized_code_pointer
sub_08A66FB4,0x08A66FB4,materialized_code_pointer
sub_08A66FCC,0x08A66FCC,materialized_code_pointer
sub_08A66FE4,0x08A66FE4,materialized_code_pointer
sub_08A67004,0x08A67004,materialized_code_pointer
sub_08A67024,0x08A67024,materialized_code_pointer
sub_08A6704C,0x08A6704C,materialized_code_pointer
sub_08A67078,0x08A67078,materialized_code_pointer
sub_08A67094,0x08A67094,materialized_code_pointer
sub_08A670B4,0x08A670B4,materialized_code_pointer
sub_08A670CC,0x08A670CC,materialized_code_pointer
sub_08A670FC,0x08A670FC,materialized_code_pointer
sub_08A67124,0x08A67124,materialized_code_pointer
sub_08A67154,0x08A67154,materialized_code_pointer
sub_08A6716C,0x08A6716C,materialized_code_pointer
sub_08A67194,0x08A67194,materialized_code_pointer
sub_08A671E8,0x08A671E8,materialized_code_pointer
sub_08A67208,0x08A67208,materialized_code_pointer
sub_08A67234,0x08A67234,materialized_code_pointer
sub_08A67260,0x08A67260,materialized_code_pointer
sub_08A67280,0x08A67280,materialized_code_pointer
sub_08A6728C,0x08A6728C,materialized_code_pointer
sub_08A67298,0x08A67298,materialized_code_pointer
sub_08A672A8,0x08A672A8,materialized_code_pointer
sub_08A672B0,0x08A672B0,materialized_code_pointer
sub_08A672C0,0x08A672C0,materialized_code_pointer
sub_08A672CC,0x08A672CC,materialized_code_pointer
sub_08A672D4,0x08A672D4,materialized_code_pointer
sub_08A67300,0x08A67300,materialized_code_pointer
sub_08A6732C,0x08A6732C,materialized_code_pointer
sub_08A67330,0x08A67330,materialized_code_pointer
sub_08A6733C,0x08A6733C,materialized_code_pointer
sub_08A67350,0x08A67350,materialized_code_pointer
sub_08A67368,0x08A67368,materialized_code_pointer
sub_08A67380,0x08A67380,materialized_code_pointer
sub_08A67398,0x08A67398,materialized_code_pointer
sub_08A673AC,0x08A673AC,materialized_code_pointer
sub_08A673C0,0x08A673C0,materialized_code_pointer
sub_08A673DC,0x08A673DC,materialized_code_pointer
sub_08A673F8,0x08A673F8,materialized_code_pointer
sub_08A67414,0x08A67414,materialized_code_pointer
sub_08A6741C,0x08A6741C,materialized_code_pointer
sub_08A67430,0x08A67430,materialized_code_pointer
sub_08A67448,0x08A67448,materialized_code_pointer
sub_08A67464,0x08A67464,materialized_code_pointer
sub_08A67478,0x08A67478,materialized_code_pointer
sub_08A67494,0x08A67494,materialized_code_pointer
sub_08A674A0,0x08A674A0,materialized_code_pointer
sub_08A674B4,0x08A674B4,materialized_code_pointer
sub_08A674CC,0x08A674CC,materialized_code_pointer
sub_08A674E4,0x08A674E4,materialized_code_pointer
sub_08A674FC,0x08A674FC,materialized_code_pointer
sub_08A67510,0x08A67510,materialized_code_pointer
sub_08A67524,0x08A67524,materialized_code_pointer
sub_08A67534,0x08A67534,materialized_code_pointer
sub_08A6754C,0x08A6754C,materialized_code_pointer
sub_08A67568,0x08A67568,materialized_code_pointer
sub_08A67578,0x08A67578,materialized_code_pointer
sub_08A6758C,0x08A6758C,materialized_code_pointer
sub_08A6759C,0x08A6759C,materialized_code_pointer
sub_08A675AC,0x08A675AC,materialized_code_pointer
sub_08A675B8,0x08A675B8,materialized_code_pointer
sub_08A675C0,0x08A675C0,materialized_code_pointer
sub_08A675D0,0x08A675D0,materialized_code_pointer
sub_08A675E0,0x08A675E0,materialized_code_pointer
sub_08A675F0,0x08A675F0,materialized_code_pointer
sub_08A67600,0x08A67600,relocated_data_code_pointer
sub_08A6760C,0x08A6760C,relocated_data_code_pointer
sub_08A6761C,0x08A6761C,relocated_data_code_pointer
sub_08A67634,0x08A67634,relocated_data_code_pointer
sub_08A67650,0x08A67650,relocated_data_code_pointer
sub_08A67664,0x08A67664,relocated_data_code_pointer
sub_08A6767C,0x08A6767C,relocated_data_code_pointer
sub_08A67690,0x08A67690,relocated_data_code_pointer
sub_08A676A8,0x08A676A8,materialized_code_pointer
sub_08A676B0,0x08A676B0,materialized_code_pointer
sub_08A676DC,0x08A676DC,materialized_code_pointer
sub_08A67708,0x08A67708,materialized_code_pointer
sub_08A67714,0x08A67714,materialized_code_pointer
sub_08A67724,0x08A67724,materialized_code_pointer
sub_08A6772C,0x08A6772C,materialized_code_pointer
sub_08A6773C,0x08A6773C,materialized_code_pointer
sub_08A6774C,0x08A6774C,materialized_code_pointer
sub_08A67788,0x08A67788,materialized_code_pointer
sub_08A677E8,0x08A677E8,materialized_code_pointer
sub_08A677F4,0x08A677F4,materialized_code_pointer
sub_08A67800,0x08A67800,materialized_code_pointer
sub_08A67808,0x08A67808,materialized_code_pointer
sub_08A67824,0x08A67824,materialized_code_pointer
sub_08A67834,0x08A67834,materialized_code_pointer
sub_08A67840,0x08A67840,materialized_code_pointer
sub_08A6786C,0x08A6786C,materialized_code_pointer
sub_08A67898,0x08A67898,materialized_code_pointer
sub_08A678A4,0x08A678A4,materialized_code_pointer
sub_08A678B4,0x08A678B4,materialized_code_pointer
sub_08A678C0,0x08A678C0,materialized_code_pointer
sub_08A678D0,0x08A678D0,materialized_code_pointer
sub_08A678E0,0x08A678E0,materialized_code_pointer
sub_08A678F0,0x08A678F0,materialized_code_pointer
sub_08A678FC,0x08A678FC,materialized_code_pointer
sub_08A67920,0x08A67920,materialized_code_pointer
sub_08A67944,0x08A67944,materialized_code_pointer
sub_08A67980,0x08A67980,materialized_code_pointer
sub_08A679A0,0x08A679A0,materialized_code_pointer
sub_08A679BC,0x08A679BC,materialized_code_pointer
sub_08A679DC,0x08A679DC,materialized_code_pointer
sub_08A679F8,0x08A679F8,materialized_code_pointer
sub_08A67A18,0x08A67A18,materialized_code_pointer
sub_08A67A3C,0x08A67A3C,materialized_code_pointer
sub_08A67A48,0x08A67A48,materialized_code_pointer
sub_08A67A54,0x08A67A54,materialized_code_pointer
sub_08A67A60,0x08A67A60,materialized_code_pointer
sub_08A67A6C,0x08A67A6C,materialized_code_pointer
sub_08A67A98,0x08A67A98,materialized_code_pointer
sub_08A67AC4,0x08A67AC4,materialized_code_pointer
sub_08A67ADC,0x08A67ADC,materialized_code_pointer
sub_08A67AF0,0x08A67AF0,materialized_code_pointer
sub_08A67B08,0x08A67B08,materialized_code_pointer
sub_08A67B20,0x08A67B20,materialized_code_pointer
sub_08A67B34,0x08A67B34,materialized_code_pointer
sub_08A67B38,0x08A67B38,materialized_code_pointer
sub_08A67B40,0x08A67B40,materialized_code_pointer
sub_08A67B4C,0x08A67B4C,materialized_code_pointer
sub_08A67B50,0x08A67B50,materialized_code_pointer
sub_08A67B68,0x08A67B68,materialized_code_pointer
sub_08A67B94,0x08A67B94,materialized_code_pointer
sub_08A67BC0,0x08A67BC0,materialized_code_pointer
sub_08A67BD0,0x08A67BD0,materialized_code_pointer
sub_08A67BF0,0x08A67BF0,materialized_code_pointer
sub_08A67BFC,0x08A67BFC,materialized_code_pointer
sub_08A67C98,0x08A67C98,materialized_code_pointer
sub_08A67CB0,0x08A67CB0,materialized_code_pointer
sub_08A67CC8,0x08A67CC8,materialized_code_pointer
sub_08A67CD8,0x08A67CD8,materialized_code_pointer
sub_08A67CDC,0x08A67CDC,materialized_code_pointer
sub_08A67CEC,0x08A67CEC,materialized_code_pointer
sub_08A67CFC,0x08A67CFC,materialized_code_pointer
sub_08A67D0C,0x08A67D0C,materialized_code_pointer
sub_08A67D20,0x08A67D20,materialized_code_pointer
sub_08A67D28,0x08A67D28,materialized_code_pointer
sub_08A67D2C,0x08A67D2C,materialized_code_pointer
sub_08A67D40,0x08A67D40,materialized_code_pointer
sub_08A67D54,0x08A67D54,materialized_code_pointer
sub_08A67D6C,0x08A67D6C,materialized_code_pointer
sub_08A67D80,0x08A67D80,materialized_code_pointer
sub_08A67D94,0x08A67D94,materialized_code_pointer
sub_08A67DA8,0x08A67DA8,materialized_code_pointer
sub_08A67DBC,0x08A67DBC,materialized_code_pointer
sub_08A67DC8,0x08A67DC8,materialized_code_pointer
sub_08A67DD8,0x08A67DD8,materialized_code_pointer
sub_08A67DDC,0x08A67DDC,materialized_code_pointer
sub_08A67DE4,0x08A67DE4,materialized_code_pointer
sub_08A67DFC,0x08A67DFC,materialized_code_pointer
sub_08A67E1C,0x08A67E1C,materialized_code_pointer
sub_08A67E3C,0x08A67E3C,materialized_code_pointer
sub_08A67E60,0x08A67E60,materialized_code_pointer
sub_08A67E84,0x08A67E84,materialized_code_pointer
sub_08A67EA4,0x08A67EA4,materialized_code_pointer
sub_08A67EB0,0x08A67EB0,materialized_code_pointer
sub_08A67EC0,0x08A67EC0,materialized_code_pointer
sub_08A67ED0,0x08A67ED0,materialized_code_pointer
sub_08A67EEC,0x08A67EEC,materialized_code_pointer
sub_08A67EFC,0x08A67EFC,materialized_code_pointer
sub_08A67F0C,0x08A67F0C,materialized_code_pointer
sub_08A67F1C,0x08A67F1C,materialized_code_pointer
sub_08A67F2C,0x08A67F2C,materialized_code_pointer
sub_08A67F3C,0x08A67F3C,materialized_code_pointer
sub_08A67F44,0x08A67F44,materialized_code_pointer
sub_08A67F4C,0x08A67F4C,materialized_code_pointer
sub_08A67F54,0x08A67F54,materialized_code_pointer
sub_08A67F5C,0x08A67F5C,materialized_code_pointer
sub_08A67F64,0x08A67F64,materialized_code_pointer
sub_08A67F6C,0x08A67F6C,materialized_code_pointer
sub_08A67F74,0x08A67F74,materialized_code_pointer
sub_08A67F7C,0x08A67F7C,materialized_code_pointer
sub_08A67F8C,0x08A67F8C,materialized_code_pointer
sub_08A67FA4,0x08A67FA4,materialized_code_pointer
sub_08A67FAC,0x08A67FAC,materialized_code_pointer
sub_08A67FB8,0x08A67FB8,materialized_code_pointer
sub_08A67FD0,0x08A67FD0,materialized_code_pointer
sub_08A67FE8,0x08A67FE8,materialized_code_pointer
sub_08A67FF0,0x08A67FF0,materialized_code_pointer
sub_08A67FF8,0x08A67FF8,materialized_code_pointer
sub_08A68000,0x08A68000,materialized_code_pointer
sub_08A68008,0x08A68008,materialized_code_pointer
sub_08A680B0,0x08A680B0,materialized_code_pointer
sub_08A680B8,0x08A680B8,materialized_code_pointer
sub_08A680BC,0x08A680BC,materialized_code_pointer
sub_08A680E8,0x08A680E8,materialized_code_pointer
sub_08A6812C,0x08A6812C,materialized_code_pointer
sub_08A68134,0x08A68134,materialized_code_pointer
sub_08A6813C,0x08A6813C,materialized_code_pointer
sub_08A68144,0x08A68144,materialized_code_pointer
sub_08A68148,0x08A68148,materialized_code_pointer
sub_08A6814C,0x08A6814C,materialized_code_pointer
sub_08A68150,0x08A68150,materialized_code_pointer
sub_08A68154,0x08A68154,materialized_code_pointer
sub_08A68158,0x08A68158,materialized_code_pointer
sub_08A6815C,0x08A6815C,materialized_code_pointer
sub_08A68164,0x08A68164,materialized_code_pointer
sub_08A68168,0x08A68168,materialized_code_pointer
sub_08A68170,0x08A68170,materialized_code_pointer
sub_08A68174,0x08A68174,materialized_code_pointer
sub_08A6818C,0x08A6818C,materialized_code_pointer
sub_08A68190,0x08A68190,materialized_code_pointer
sub_08A6822C,0x08A6822C,materialized_code_pointer
sub_08A68234,0x08A68234,materialized_code_pointer
sub_08A6823C,0x08A6823C,materialized_code_pointer
sub_08A68244,0x08A68244,materialized_code_pointer
sub_08A68250,0x08A68250,materialized_code_pointer
sub_08A68260,0x08A68260,materialized_code_pointer
sub_08A68268,0x08A68268,materialized_code_pointer
sub_08A68270,0x08A68270,materialized_code_pointer
sub_08A68278,0x08A68278,materialized_code_pointer
sub_08A682A4,0x08A682A4,materialized_code_pointer
sub_08A682D0,0x08A682D0,materialized_code_pointer
sub_08A682E0,0x08A682E0,materialized_code_pointer
sub_08A682E8,0x08A682E8,materialized_code_pointer
sub_08A682F4,0x08A682F4,materialized_code_pointer
sub_08A68300,0x08A68300,materialized_code_pointer
sub_08A6830C,0x08A6830C,materialized_code_pointer
sub_08A6831C,0x08A6831C,materialized_code_pointer
sub_08A6832C,0x08A6832C,materialized_code_pointer
sub_08A6833C,0x08A6833C,materialized_code_pointer
sub_08A68360,0x08A68360,materialized_code_pointer
sub_08A68380,0x08A68380,materialized_code_pointer
sub_08A68398,0x08A68398,materialized_code_pointer
sub_08A683B4,0x08A683B4,relocated_data_code_pointer
sub_08A683C0,0x08A683C0,relocated_data_code_pointer
sub_08A683D0,0x08A683D0,relocated_data_code_pointer
sub_08A683E0,0x08A683E0,relocated_data_code_pointer
sub_08A683F0,0x08A683F0,relocated_data_code_pointer
sub_08A683FC,0x08A683FC,relocated_data_code_pointer
sub_08A6840C,0x08A6840C,relocated_data_code_pointer
sub_08A68418,0x08A68418,relocated_data_code_pointer
sub_08A68424,0x08A68424,relocated_data_code_pointer
sub_08A68434,0x08A68434,relocated_data_code_pointer
sub_08A68444,0x08A68444,relocated_data_code_pointer
sub_08A68450,0x08A68450,relocated_data_code_pointer
sub_08A6845C,0x08A6845C,relocated_data_code_pointer
sub_08A6846C,0x08A6846C,relocated_data_code_pointer
sub_08A6847C,0x08A6847C,relocated_data_code_pointer
sub_08A6848C,0x08A6848C,relocated_data_code_pointer
sub_08A6849C,0x08A6849C,relocated_data_code_pointer
sub_08A684AC,0x08A684AC,relocated_data_code_pointer
sub_08A684BC,0x08A684BC,relocated_data_code_pointer
sub_08A684CC,0x08A684CC,materialized_code_pointer
sub_08A684D0,0x08A684D0,materialized_code_pointer
sub_08A684D8,0x08A684D8,materialized_code_pointer
sub_08A684E8,0x08A684E8,materialized_code_pointer
sub_08A684F4,0x08A684F4,materialized_code_pointer
sub_08A68500,0x08A68500,materialized_code_pointer
sub_08A68510,0x08A68510,materialized_code_pointer
sub_08A68520,0x08A68520,materialized_code_pointer
sub_08A68548,0x08A68548,materialized_code_pointer
sub_08A68554,0x08A68554,materialized_code_pointer
sub_08A68560,0x08A68560,materialized_code_pointer
sub_08A68568,0x08A68568,materialized_code_pointer
sub_08A68574,0x08A68574,materialized_code_pointer
sub_08A6857C,0x08A6857C,materialized_code_pointer
sub_08A68588,0x08A68588,materialized_code_pointer
sub_08A68594,0x08A68594,relocated_data_code_pointer
sub_08A685A0,0x08A685A0,materialized_code_pointer
sub_08A685CC,0x08A685CC,materialized_code_pointer
sub_08A685F8,0x08A685F8,materialized_code_pointer
sub_08A68610,0x08A68610,materialized_code_pointer
sub_08A6861C,0x08A6861C,materialized_code_pointer
sub_08A68628,0x08A68628,materialized_code_pointer
sub_08A68634,0x08A68634,materialized_code_pointer
sub_08A68638,0x08A68638,materialized_code_pointer
sub_08A6864C,0x08A6864C,materialized_code_pointer
sub_08A68664,0x08A68664,materialized_code_pointer
sub_08A68674,0x08A68674,materialized_code_pointer
sub_08A6867C,0x08A6867C,materialized_code_pointer
sub_08A68688,0x08A68688,materialized_code_pointer
sub_08A68694,0x08A68694,materialized_code_pointer
sub_08A686A0,0x08A686A0,materialized_code_pointer
sub_08A686AC,0x08A686AC,materialized_code_pointer
sub_08A686BC,0x08A686BC,materialized_code_pointer
sub_08A686C8,0x08A686C8,materialized_code_pointer
sub_08A686D4,0x08A686D4,materialized_code_pointer
sub_08A686E0,0x08A686E0,materialized_code_pointer
sub_08A686F0,0x08A686F0,materialized_code_pointer
sub_08A686FC,0x08A686FC,materialized_code_pointer
sub_08A68704,0x08A68704,materialized_code_pointer
sub_08A68708,0x08A68708,materialized_code_pointer
sub_08A68710,0x08A68710,materialized_code_pointer
sub_08A68718,0x08A68718,materialized_code_pointer
sub_08A68720,0x08A68720,materialized_code_pointer
sub_08A68728,0x08A68728,materialized_code_pointer
sub_08A68730,0x08A68730,materialized_code_pointer
sub_08A68738,0x08A68738,materialized_code_pointer
sub_08A68740,0x08A68740,materialized_code_pointer
sub_08A68748,0x08A68748,materialized_code_pointer
sub_08A68750,0x08A68750,materialized_code_pointer
sub_08A68754,0x08A68754,materialized_code_pointer
sub_08A68780,0x08A68780,materialized_code_pointer
sub_08A687AC,0x08A687AC,materialized_code_pointer
sub_08A687BC,0x08A687BC,materialized_code_pointer
sub_08A687C0,0x08A687C0,materialized_code_pointer
sub_08A687D8,0x08A687D8,materialized_code_pointer
sub_08A687F8,0x08A687F8,materialized_code_pointer
sub_08A68808,0x08A68808,materialized_code_pointer
sub_08A68814,0x08A68814,materialized_code_pointer
sub_08A68824,0x08A68824,materialized_code_pointer
sub_08A68834,0x08A68834,materialized_code_pointer
sub_08A68840,0x08A68840,materialized_code_pointer
sub_08A68850,0x08A68850,materialized_code_pointer
sub_08A68858,0x08A68858,materialized_code_pointer
sub_08A68864,0x08A68864,materialized_code_pointer
sub_08A68870,0x08A68870,materialized_code_pointer
sub_08A6887C,0x08A6887C,materialized_code_pointer
sub_08A68888,0x08A68888,materialized_code_pointer
sub_08A68894,0x08A68894,materialized_code_pointer
sub_08A6889C,0x08A6889C,materialized_code_pointer
sub_08A688AC,0x08A688AC,materialized_code_pointer
sub_08A688BC,0x08A688BC,materialized_code_pointer
sub_08A688D0,0x08A688D0,materialized_code_pointer
sub_08A688E0,0x08A688E0,materialized_code_pointer
sub_08A688EC,0x08A688EC,materialized_code_pointer
sub_08A688FC,0x08A688FC,materialized_code_pointer
sub_08A68918,0x08A68918,materialized_code_pointer
sub_08A68920,0x08A68920,materialized_code_pointer
sub_08A68928,0x08A68928,materialized_code_pointer
sub_08A68934,0x08A68934,materialized_code_pointer
sub_08A6893C,0x08A6893C,relocated_data_code_pointer
sub_08A6894C,0x08A6894C,relocated_data_code_pointer
sub_08A6895C,0x08A6895C,relocated_data_code_pointer
sub_08A68968,0x08A68968,materialized_code_pointer
sub_08A68994,0x08A68994,materialized_code_pointer
sub_08A689C0,0x08A689C0,materialized_code_pointer
sub_08A689D8,0x08A689D8,materialized_code_pointer
sub_08A689F4,0x08A689F4,materialized_code_pointer
sub_08A68A10,0x08A68A10,materialized_code_pointer
sub_08A68A1C,0x08A68A1C,materialized_code_pointer
sub_08A68A28,0x08A68A28,materialized_code_pointer
sub_08A68A34,0x08A68A34,materialized_code_pointer
sub_08A68A40,0x08A68A40,materialized_code_pointer
sub_08A68A5C,0x08A68A5C,materialized_code_pointer
sub_08A68A64,0x08A68A64,materialized_code_pointer
sub_08A68A80,0x08A68A80,materialized_code_pointer
sub_08A68A88,0x08A68A88,materialized_code_pointer
sub_08A68AA4,0x08A68AA4,materialized_code_pointer
sub_08A68AB8,0x08A68AB8,materialized_code_pointer
sub_08A68ABC,0x08A68ABC,materialized_code_pointer
sub_08A68ACC,0x08A68ACC,materialized_code_pointer
sub_08A68AE8,0x08A68AE8,materialized_code_pointer
sub_08A68B04,0x08A68B04,materialized_code_pointer
sub_08A68B24,0x08A68B24,materialized_code_pointer
sub_08A68B3C,0x08A68B3C,materialized_code_pointer
sub_08A68B58,0x08A68B58,materialized_code_pointer
sub_08A68B78,0x08A68B78,materialized_code_pointer
sub_08A68B94,0x08A68B94,materialized_code_pointer
sub_08A68BAC,0x08A68BAC,materialized_code_pointer
sub_08A68BCC,0x08A68BCC,materialized_code_pointer
sub_08A68BE4,0x08A68BE4,materialized_code_pointer
sub_08A68BFC,0x08A68BFC,materialized_code_pointer
sub_08A68C04,0x08A68C04,materialized_code_pointer
sub_08A68C0C,0x08A68C0C,materialized_code_pointer
sub_08A68C24,0x08A68C24,materialized_code_pointer
sub_08A68C30,0x08A68C30,materialized_code_pointer
sub_08A68C3C,0x08A68C3C,materialized_code_pointer
sub_08A68C5C,0x08A68C5C,materialized_code_pointer
sub_08A68C84,0x08A68C84,materialized_code_pointer
sub_08A68CC8,0x08A68CC8,materialized_code_pointer
sub_08A68CD0,0x08A68CD0,materialized_code_pointer
sub_08A68CFC,0x08A68CFC,materialized_code_pointer
sub_08A68D28,0x08A68D28,materialized_code_pointer
sub_08A68D30,0x08A68D30,materialized_code_pointer
sub_08A68D3C,0x08A68D3C,materialized_code_pointer
sub_08A68D68,0x08A68D68,materialized_code_pointer
sub_08A68D90,0x08A68D90,materialized_code_pointer
sub_08A68D9C,0x08A68D9C,materialized_code_pointer
sub_08A68DC8,0x08A68DC8,materialized_code_pointer
sub_08A68DF4,0x08A68DF4,relocated_data_code_pointer
sub_08A68E00,0x08A68E00,relocated_data_code_pointer
sub_08A68E10,0x08A68E10,materialized_code_pointer
sub_08A68E28,0x08A68E28,materialized_code_pointer
sub_08A68E54,0x08A68E54,materialized_code_pointer
sub_08A68E80,0x08A68E80,materialized_code_pointer
sub_08A68E84,0x08A68E84,materialized_code_pointer
sub_08A68EA0,0x08A68EA0,materialized_code_pointer
sub_08A68EA4,0x08A68EA4,materialized_code_pointer
sub_08A68EC0,0x08A68EC0,materialized_code_pointer
sub_08A68EC8,0x08A68EC8,materialized_code_pointer
sub_08A68EE8,0x08A68EE8,materialized_code_pointer
sub_08A68EEC,0x08A68EEC,materialized_code_pointer
sub_08A68EF8,0x08A68EF8,materialized_code_pointer
sub_08A68EFC,0x08A68EFC,materialized_code_pointer
sub_08A68F00,0x08A68F00,materialized_code_pointer
sub_08A68F08,0x08A68F08,materialized_code_pointer
sub_08A68F20,0x08A68F20,materialized_code_pointer
sub_08A68F30,0x08A68F30,materialized_code_pointer
sub_08A68F3C,0x08A68F3C,materialized_code_pointer
sub_08A68F4C,0x08A68F4C,materialized_code_pointer
sub_08A68F5C,0x08A68F5C,materialized_code_pointer
sub_08A68F6C,0x08A68F6C,materialized_code_pointer
sub_08A68F7C,0x08A68F7C,materialized_code_pointer
sub_08A68F8C,0x08A68F8C,materialized_code_pointer
sub_08A68F94,0x08A68F94,materialized_code_pointer
sub_08A68F9C,0x08A68F9C,materialized_code_pointer
sub_08A68FB8,0x08A68FB8,materialized_code_pointer
sub_08A68FC0,0x08A68FC0,materialized_code_pointer
sub_08A68FD0,0x08A68FD0,materialized_code_pointer
sub_08A68FF8,0x08A68FF8,materialized_code_pointer
sub_08A69008,0x08A69008,materialized_code_pointer
sub_08A69028,0x08A69028,materialized_code_pointer
sub_08A69038,0x08A69038,materialized_code_pointer
sub_08A69058,0x08A69058,materialized_code_pointer
sub_08A69068,0x08A69068,materialized_code_pointer
sub_08A69088,0x08A69088,materialized_code_pointer
sub_08A69094,0x08A69094,materialized_code_pointer
sub_08A690A4,0x08A690A4,materialized_code_pointer
sub_08A690B4,0x08A690B4,materialized_code_pointer
sub_08A690C4,0x08A690C4,materialized_code_pointer
sub_08A690D4,0x08A690D4,materialized_code_pointer
sub_08A690E0,0x08A690E0,materialized_code_pointer
sub_08A6910C,0x08A6910C,materialized_code_pointer
sub_08A69138,0x08A69138,materialized_code_pointer
sub_08A69148,0x08A69148,materialized_code_pointer
sub_08A69168,0x08A69168,materialized_code_pointer
sub_08A69188,0x08A69188,materialized_code_pointer
sub_08A69198,0x08A69198,materialized_code_pointer
sub_08A691A4,0x08A691A4,materialized_code_pointer
sub_08A691B0,0x08A691B0,materialized_code_pointer
sub_08A691C0,0x08A691C0,materialized_code_pointer
sub_08A691CC,0x08A691CC,materialized_code_pointer
sub_08A691DC,0x08A691DC,materialized_code_pointer
sub_08A691EC,0x08A691EC,materialized_code_pointer
sub_08A691F8,0x08A691F8,materialized_code_pointer
sub_08A69224,0x08A69224,materialized_code_pointer
sub_08A69250,0x08A69250,materialized_code_pointer
sub_08A69260,0x08A69260,materialized_code_pointer
sub_08A69364,0x08A69364,materialized_code_pointer
sub_08A69370,0x08A69370,materialized_code_pointer
sub_08A6937C,0x08A6937C,materialized_code_pointer
sub_08A69388,0x08A69388,materialized_code_pointer
sub_08A69394,0x08A69394,materialized_code_pointer
sub_08A693A4,0x08A693A4,materialized_code_pointer
sub_08A693B4,0x08A693B4,materialized_code_pointer
sub_08A693C0,0x08A693C0,materialized_code_pointer
sub_08A693CC,0x08A693CC,materialized_code_pointer
sub_08A693D8,0x08A693D8,materialized_code_pointer
sub_08A693F8,0x08A693F8,materialized_code_pointer
sub_08A69408,0x08A69408,materialized_code_pointer
sub_08A69418,0x08A69418,materialized_code_pointer
sub_08A69438,0x08A69438,materialized_code_pointer
sub_08A69444,0x08A69444,materialized_code_pointer
sub_08A69450,0x08A69450,materialized_code_pointer
sub_08A6945C,0x08A6945C,materialized_code_pointer
sub_08A69468,0x08A69468,materialized_code_pointer
sub_08A69474,0x08A69474,materialized_code_pointer
sub_08A69480,0x08A69480,materialized_code_pointer
sub_08A6948C,0x08A6948C,materialized_code_pointer
sub_08A69498,0x08A69498,materialized_code_pointer
sub_08A694A4,0x08A694A4,materialized_code_pointer
sub_08A694B0,0x08A694B0,materialized_code_pointer
sub_08A694BC,0x08A694BC,materialized_code_pointer
sub_08A694C8,0x08A694C8,materialized_code_pointer
sub_08A694D4,0x08A694D4,materialized_code_pointer
sub_08A694F0,0x08A694F0,materialized_code_pointer
sub_08A694FC,0x08A694FC,materialized_code_pointer
sub_08A69508,0x08A69508,materialized_code_pointer
sub_08A69514,0x08A69514,materialized_code_pointer
sub_08A69520,0x08A69520,materialized_code_pointer
sub_08A69530,0x08A69530,materialized_code_pointer
sub_08A6953C,0x08A6953C,materialized_code_pointer
sub_08A6956C,0x08A6956C,materialized_code_pointer
sub_08A69574,0x08A69574,materialized_code_pointer
sub_08A6957C,0x08A6957C,materialized_code_pointer
sub_08A69584,0x08A69584,materialized_code_pointer
sub_08A6958C,0x08A6958C,materialized_code_pointer
sub_08A69590,0x08A69590,materialized_code_pointer
sub_08A695A4,0x08A695A4,materialized_code_pointer
sub_08A695AC,0x08A695AC,materialized_code_pointer
sub_08A695C0,0x08A695C0,materialized_code_pointer
sub_08A695C4,0x08A695C4,relocated_data_code_pointer
sub_08A695E0,0x08A695E0,materialized_code_pointer
sub_08A695E8,0x08A695E8,materialized_code_pointer
sub_08A69614,0x08A69614,materialized_code_pointer
sub_08A696D4,0x08A696D4,materialized_code_pointer
sub_08A696DC,0x08A696DC,materialized_code_pointer
sub_08A696E8,0x08A696E8,materialized_code_pointer
sub_08A696EC,0x08A696EC,materialized_code_pointer
sub_08A696F8,0x08A696F8,materialized_code_pointer
sub_08A69700,0x08A69700,materialized_code_pointer
sub_08A6970C,0x08A6970C,materialized_code_pointer
sub_08A69718,0x08A69718,materialized_code_pointer
sub_08A6972C,0x08A6972C,materialized_code_pointer
sub_08A69734,0x08A69734,materialized_code_pointer
sub_08A6973C,0x08A6973C,materialized_code_pointer
sub_08A69744,0x08A69744,materialized_code_pointer
sub_08A6974C,0x08A6974C,materialized_code_pointer
sub_08A69758,0x08A69758,materialized_code_pointer
sub_08A69764,0x08A69764,materialized_code_pointer
sub_08A69770,0x08A69770,materialized_code_pointer
sub_08A69788,0x08A69788,materialized_code_pointer
sub_08A697A0,0x08A697A0,materialized_code_pointer
sub_08A697CC,0x08A697CC,materialized_code_pointer
sub_08A697F8,0x08A697F8,materialized_code_pointer
sub_08A69810,0x08A69810,materialized_code_pointer
sub_08A69828,0x08A69828,materialized_code_pointer
sub_08A6983C,0x08A6983C,materialized_code_pointer
sub_08A69854,0x08A69854,materialized_code_pointer
sub_08A69868,0x08A69868,materialized_code_pointer
sub_08A69880,0x08A69880,materialized_code_pointer
sub_08A69894,0x08A69894,materialized_code_pointer
sub_08A698A8,0x08A698A8,materialized_code_pointer
sub_08A698BC,0x08A698BC,materialized_code_pointer
sub_08A698D4,0x08A698D4,materialized_code_pointer
sub_08A698EC,0x08A698EC,materialized_code_pointer
sub_08A69904,0x08A69904,materialized_code_pointer
sub_08A6991C,0x08A6991C,materialized_code_pointer
sub_08A6992C,0x08A6992C,materialized_code_pointer
sub_08A69948,0x08A69948,materialized_code_pointer
sub_08A6995C,0x08A6995C,materialized_code_pointer
sub_08A69980,0x08A69980,materialized_code_pointer
sub_08A6998C,0x08A6998C,materialized_code_pointer
sub_08A69A30,0x08A69A30,materialized_code_pointer
sub_08A69A34,0x08A69A34,materialized_code_pointer
sub_08A69A48,0x08A69A48,materialized_code_pointer
sub_08A69A54,0x08A69A54,materialized_code_pointer
sub_08A69A60,0x08A69A60,materialized_code_pointer
sub_08A69A6C,0x08A69A6C,materialized_code_pointer
sub_08A69A74,0x08A69A74,materialized_code_pointer
sub_08A69A90,0x08A69A90,materialized_code_pointer
sub_08A69AAC,0x08A69AAC,materialized_code_pointer
sub_08A69AB8,0x08A69AB8,materialized_code_pointer
sub_08A69AD4,0x08A69AD4,materialized_code_pointer
sub_08A69AF0,0x08A69AF0,materialized_code_pointer
sub_08A69B0C,0x08A69B0C,materialized_code_pointer
sub_08A69B24,0x08A69B24,materialized_code_pointer
sub_08A69B2C,0x08A69B2C,materialized_code_pointer
sub_08A69B34,0x08A69B34,materialized_code_pointer
sub_08A69B3C,0x08A69B3C,materialized_code_pointer
sub_08A69B44,0x08A69B44,materialized_code_pointer
sub_08A69B4C,0x08A69B4C,materialized_code_pointer
sub_08A69B54,0x08A69B54,materialized_code_pointer
sub_08A69B5C,0x08A69B5C,materialized_code_pointer
sub_08A69B64,0x08A69B64,materialized_code_pointer
sub_08A69B90,0x08A69B90,materialized_code_pointer
sub_08A69BBC,0x08A69BBC,materialized_code_pointer
sub_08A69BC8,0x08A69BC8,materialized_code_pointer
sub_08A69BD4,0x08A69BD4,materialized_code_pointer
sub_08A69BE0,0x08A69BE0,materialized_code_pointer
sub_08A69BEC,0x08A69BEC,materialized_code_pointer
sub_08A69BF8,0x08A69BF8,materialized_code_pointer
sub_08A69C04,0x08A69C04,materialized_code_pointer
sub_08A69C10,0x08A69C10,materialized_code_pointer
sub_08A69C1C,0x08A69C1C,materialized_code_pointer
sub_08A69C28,0x08A69C28,materialized_code_pointer
sub_08A69C40,0x08A69C40,materialized_code_pointer
sub_08A69C50,0x08A69C50,materialized_code_pointer
sub_08A69C5C,0x08A69C5C,materialized_code_pointer
sub_08A69C60,0x08A69C60,materialized_code_pointer
sub_08A69C7C,0x08A69C7C,materialized_code_pointer
sub_08A69C88,0x08A69C88,materialized_code_pointer
sub_08A69CA0,0x08A69CA0,materialized_code_pointer
sub_08A69CB0,0x08A69CB0,materialized_code_pointer
sub_08A69CC8,0x08A69CC8,materialized_code_pointer
sub_08A69CE4,0x08A69CE4,materialized_code_pointer
sub_08A69CF8,0x08A69CF8,materialized_code_pointer
sub_08A69D10,0x08A69D10,materialized_code_pointer
sub_08A69D28,0x08A69D28,materialized_code_pointer
sub_08A69D40,0x08A69D40,materialized_code_pointer
sub_08A69D4C,0x08A69D4C,materialized_code_pointer
sub_08A69D58,0x08A69D58,materialized_code_pointer
sub_08A69DF8,0x08A69DF8,materialized_code_pointer
sub_08A69DFC,0x08A69DFC,materialized_code_pointer
sub_08A69E04,0x08A69E04,materialized_code_pointer
sub_08A69E10,0x08A69E10,materialized_code_pointer
sub_08A69E30,0x08A69E30,materialized_code_pointer
sub_08A69E5C,0x08A69E5C,materialized_code_pointer
sub_08A69E88,0x08A69E88,materialized_code_pointer
sub_08A69EA0,0x08A69EA0,relocated_data_code_pointer
sub_08A69EC0,0x08A69EC0,relocated_data_code_pointer
sub_08A69EDC,0x08A69EDC,relocated_data_code_pointer
sub_08A69EF4,0x08A69EF4,relocated_data_code_pointer
sub_08A69FA4,0x08A69FA4,materialized_code_pointer
sub_08A69FAC,0x08A69FAC,materialized_code_pointer
sub_08A69FB0,0x08A69FB0,materialized_code_pointer
sub_08A69FB8,0x08A69FB8,materialized_code_pointer
sub_08A69FBC,0x08A69FBC,materialized_code_pointer
sub_08A69FC4,0x08A69FC4,materialized_code_pointer
sub_08A69FCC,0x08A69FCC,materialized_code_pointer
sub_08A69FF8,0x08A69FF8,materialized_code_pointer
sub_08A6A024,0x08A6A024,materialized_code_pointer
sub_08A6A030,0x08A6A030,materialized_code_pointer
sub_08A6A040,0x08A6A040,materialized_code_pointer
sub_08A6A04C,0x08A6A04C,materialized_code_pointer
sub_08A6A054,0x08A6A054,materialized_code_pointer
sub_08A6A064,0x08A6A064,materialized_code_pointer
sub_08A6A068,0x08A6A068,materialized_code_pointer
sub_08A6A06C,0x08A6A06C,materialized_code_pointer
sub_08A6A074,0x08A6A074,materialized_code_pointer
sub_08A6A08C,0x08A6A08C,materialized_code_pointer
sub_08A6A0B8,0x08A6A0B8,materialized_code_pointer
sub_08A6A0E4,0x08A6A0E4,materialized_code_pointer
sub_08A6A104,0x08A6A104,materialized_code_pointer
sub_08A6A124,0x08A6A124,materialized_code_pointer
sub_08A6A140,0x08A6A140,materialized_code_pointer
sub_08A6A15C,0x08A6A15C,materialized_code_pointer
sub_08A6A21C,0x08A6A21C,materialized_code_pointer
sub_08A6A220,0x08A6A220,materialized_code_pointer
sub_08A6A24C,0x08A6A24C,materialized_code_pointer
sub_08A6A288,0x08A6A288,materialized_code_pointer
sub_08A6A290,0x08A6A290,materialized_code_pointer
sub_08A6A298,0x08A6A298,materialized_code_pointer
sub_08A6A2A8,0x08A6A2A8,materialized_code_pointer
sub_08A6A2B4,0x08A6A2B4,materialized_code_pointer
sub_08A6A2C0,0x08A6A2C0,materialized_code_pointer
sub_08A6A2D4,0x08A6A2D4,materialized_code_pointer
sub_08A6A2E8,0x08A6A2E8,materialized_code_pointer
sub_08A6A2FC,0x08A6A2FC,materialized_code_pointer
sub_08A6A310,0x08A6A310,materialized_code_pointer
sub_08A6A31C,0x08A6A31C,materialized_code_pointer
sub_08A6A348,0x08A6A348,materialized_code_pointer
sub_08A6A374,0x08A6A374,materialized_code_pointer
sub_08A6A388,0x08A6A388,materialized_code_pointer
sub_08A6A39C,0x08A6A39C,materialized_code_pointer
sub_08A6A3B0,0x08A6A3B0,materialized_code_pointer
sub_08A6A3C4,0x08A6A3C4,materialized_code_pointer
sub_08A6A3D0,0x08A6A3D0,materialized_code_pointer
sub_08A6A3DC,0x08A6A3DC,materialized_code_pointer
sub_08A6A3E8,0x08A6A3E8,materialized_code_pointer
sub_08A6A3F8,0x08A6A3F8,materialized_code_pointer
sub_08A6A408,0x08A6A408,materialized_code_pointer
sub_08A6A42C,0x08A6A42C,materialized_code_pointer
sub_08A6A450,0x08A6A450,materialized_code_pointer
sub_08A6A4F4,0x08A6A4F4,materialized_code_pointer
sub_08A6A4FC,0x08A6A4FC,materialized_code_pointer
sub_08A6A508,0x08A6A508,materialized_code_pointer
sub_08A6A518,0x08A6A518,materialized_code_pointer
sub_08A6A524,0x08A6A524,materialized_code_pointer
sub_08A6A534,0x08A6A534,materialized_code_pointer
sub_08A6A544,0x08A6A544,materialized_code_pointer
sub_08A6A550,0x08A6A550,materialized_code_pointer
sub_08A6A560,0x08A6A560,materialized_code_pointer
sub_08A6A570,0x08A6A570,materialized_code_pointer
sub_08A6A598,0x08A6A598,materialized_code_pointer
sub_08A6A5A0,0x08A6A5A0,materialized_code_pointer
sub_08A6A5B0,0x08A6A5B0,materialized_code_pointer
sub_08A6A5C0,0x08A6A5C0,materialized_code_pointer
sub_08A6A5CC,0x08A6A5CC,materialized_code_pointer
sub_08A6A5D8,0x08A6A5D8,materialized_code_pointer
sub_08A6A67C,0x08A6A67C,materialized_code_pointer
sub_08A6A688,0x08A6A688,materialized_code_pointer
sub_08A6A698,0x08A6A698,materialized_code_pointer
sub_08A6A6A8,0x08A6A6A8,materialized_code_pointer
sub_08A6A6D0,0x08A6A6D0,materialized_code_pointer
sub_08A6A6D8,0x08A6A6D8,materialized_code_pointer
sub_08A6A6E8,0x08A6A6E8,materialized_code_pointer
sub_08A6A6F8,0x08A6A6F8,materialized_code_pointer
sub_08A6A720,0x08A6A720,materialized_code_pointer
sub_08A6A728,0x08A6A728,materialized_code_pointer
sub_08A6A738,0x08A6A738,materialized_code_pointer
sub_08A6A748,0x08A6A748,relocated_data_code_pointer
sub_08A6A754,0x08A6A754,relocated_data_code_pointer
sub_08A6A760,0x08A6A760,relocated_data_code_pointer
sub_08A6A770,0x08A6A770,relocated_data_code_pointer
sub_08A6A77C,0x08A6A77C,relocated_data_code_pointer
sub_08A6A78C,0x08A6A78C,relocated_data_code_pointer
sub_08A6A79C,0x08A6A79C,relocated_data_code_pointer
sub_08A6A7AC,0x08A6A7AC,relocated_data_code_pointer
sub_08A6A7B8,0x08A6A7B8,relocated_data_code_pointer
sub_08A6A7C8,0x08A6A7C8,relocated_data_code_pointer
sub_08A6A7D8,0x08A6A7D8,relocated_data_code_pointer
sub_08A6A7E4,0x08A6A7E4,relocated_data_code_pointer
sub_08A6A7EC,0x08A6A7EC,relocated_data_code_pointer
sub_08A6A7FC,0x08A6A7FC,relocated_data_code_pointer
sub_08A6A80C,0x08A6A80C,relocated_data_code_pointer
sub_08A6A81C,0x08A6A81C,relocated_data_code_pointer
sub_08A6A828,0x08A6A828,relocated_data_code_pointer
sub_08A6A834,0x08A6A834,relocated_data_code_pointer
sub_08A6A844,0x08A6A844,relocated_data_code_pointer
sub_08A6A854,0x08A6A854,relocated_data_code_pointer
sub_08A6A860,0x08A6A860,relocated_data_code_pointer
sub_08A6A870,0x08A6A870,relocated_data_code_pointer
sub_08A6A87C,0x08A6A87C,relocated_data_code_pointer
sub_08A6A888,0x08A6A888,relocated_data_code_pointer
sub_08A6A928,0x08A6A928,materialized_code_pointer
sub_08A6A934,0x08A6A934,relocated_data_code_pointer
sub_08A6A94C,0x08A6A94C,materialized_code_pointer
sub_08A6A968,0x08A6A968,materialized_code_pointer
sub_08A6A9C8,0x08A6A9C8,materialized_code_pointer
sub_08A6A9D4,0x08A6A9D4,materialized_code_pointer
sub_08A6AA00,0x08A6AA00,materialized_code_pointer
sub_08A6AA2C,0x08A6AA2C,materialized_code_pointer
sub_08A6AA58,0x08A6AA58,materialized_code_pointer
sub_08A6AA64,0x08A6AA64,materialized_code_pointer
sub_08A6AA94,0x08A6AA94,materialized_code_pointer
sub_08A6AAA4,0x08A6AAA4,materialized_code_pointer
sub_08A6AAD8,0x08A6AAD8,materialized_code_pointer
sub_08A6AAEC,0x08A6AAEC,materialized_code_pointer
sub_08A6AB00,0x08A6AB00,materialized_code_pointer
sub_08A6AB14,0x08A6AB14,materialized_code_pointer
sub_08A6AB24,0x08A6AB24,materialized_code_pointer
sub_08A6AB38,0x08A6AB38,materialized_code_pointer
sub_08A6AB4C,0x08A6AB4C,materialized_code_pointer
sub_08A6AB84,0x08A6AB84,materialized_code_pointer
sub_08A6ABBC,0x08A6ABBC,materialized_code_pointer
sub_08A6ABDC,0x08A6ABDC,materialized_code_pointer
sub_08A6ABEC,0x08A6ABEC,materialized_code_pointer
sub_08A6AC5C,0x08A6AC5C,materialized_code_pointer
sub_08A6AC74,0x08A6AC74,materialized_code_pointer
sub_08A6AC98,0x08A6AC98,materialized_code_pointer
sub_08A6ACC0,0x08A6ACC0,materialized_code_pointer
sub_08A6ACE0,0x08A6ACE0,materialized_code_pointer
sub_08A6AD38,0x08A6AD38,materialized_code_pointer
sub_08A6AD64,0x08A6AD64,materialized_code_pointer
sub_08A6AD88,0x08A6AD88,materialized_code_pointer
sub_08A6ADB0,0x08A6ADB0,materialized_code_pointer
sub_08A6ADD8,0x08A6ADD8,materialized_code_pointer
sub_08A6ADF8,0x08A6ADF8,materialized_code_pointer
sub_08A6AE1C,0x08A6AE1C,materialized_code_pointer
sub_08A6AE44,0x08A6AE44,materialized_code_pointer
sub_08A6AE70,0x08A6AE70,materialized_code_pointer
sub_08A6AE88,0x08A6AE88,materialized_code_pointer
sub_08A6AEAC,0x08A6AEAC,materialized_code_pointer
sub_08A6AED8,0x08A6AED8,materialized_code_pointer
sub_08A6AEF8,0x08A6AEF8,materialized_code_pointer
sub_08A6AF1C,0x08A6AF1C,materialized_code_pointer
sub_08A6AF3C,0x08A6AF3C,materialized_code_pointer
sub_08A6AF60,0x08A6AF60,materialized_code_pointer
sub_08A6AF88,0x08A6AF88,materialized_code_pointer
sub_08A6AFA4,0x08A6AFA4,materialized_code_pointer
sub_08A6AFC8,0x08A6AFC8,materialized_code_pointer
sub_08A6AFE4,0x08A6AFE4,materialized_code_pointer
sub_08A6B008,0x08A6B008,materialized_code_pointer
sub_08A6B02C,0x08A6B02C,materialized_code_pointer
sub_08A6B04C,0x08A6B04C,materialized_code_pointer
sub_08A6B054,0x08A6B054,materialized_code_pointer
sub_08A6B068,0x08A6B068,materialized_code_pointer
sub_08A6B070,0x08A6B070,materialized_code_pointer
sub_08A6B080,0x08A6B080,materialized_code_pointer
sub_08A6B090,0x08A6B090,materialized_code_pointer
sub_08A6B0A0,0x08A6B0A0,materialized_code_pointer
sub_08A6B0B4,0x08A6B0B4,materialized_code_pointer
sub_08A6B0E0,0x08A6B0E0,materialized_code_pointer
sub_08A6B12C,0x08A6B12C,materialized_code_pointer
sub_08A6B158,0x08A6B158,materialized_code_pointer
sub_08A6B1C4,0x08A6B1C4,materialized_code_pointer
sub_08A6B1F0,0x08A6B1F0,materialized_code_pointer
sub_08A6B204,0x08A6B204,materialized_code_pointer
sub_08A6B220,0x08A6B220,materialized_code_pointer
sub_08A6B238,0x08A6B238,materialized_code_pointer
sub_08A6B264,0x08A6B264,materialized_code_pointer
sub_08A6B298,0x08A6B298,materialized_code_pointer
sub_08A6B2C0,0x08A6B2C0,materialized_code_pointer
sub_08A6B2C8,0x08A6B2C8,materialized_code_pointer
sub_08A6B304,0x08A6B304,materialized_code_pointer
sub_08A6B328,0x08A6B328,materialized_code_pointer
sub_08A6B348,0x08A6B348,materialized_code_pointer
sub_08A6B370,0x08A6B370,materialized_code_pointer
sub_08A6B3A8,0x08A6B3A8,materialized_code_pointer
sub_08A6B3BC,0x08A6B3BC,materialized_code_pointer
sub_08A6B3EC,0x08A6B3EC,materialized_code_pointer
sub_08A6B434,0x08A6B434,materialized_code_pointer
sub_08A6B44C,0x08A6B44C,materialized_code_pointer
sub_08A6B468,0x08A6B468,materialized_code_pointer
sub_08A6B48C,0x08A6B48C,materialized_code_pointer
sub_08A6B498,0x08A6B498,materialized_code_pointer
sub_08A6B4A4,0x08A6B4A4,materialized_code_pointer
sub_08A6B4BC,0x08A6B4BC,materialized_code_pointer
sub_08A6B4CC,0x08A6B4CC,materialized_code_pointer
sub_08A6B50C,0x08A6B50C,relocated_data_code_pointer
sub_08A6B524,0x08A6B524,materialized_code_pointer
sub_08A6B53C,0x08A6B53C,materialized_code_pointer
sub_08A6B54C,0x08A6B54C,materialized_code_pointer
sub_08A6B558,0x08A6B558,materialized_code_pointer
sub_08A6B568,0x08A6B568,materialized_code_pointer
sub_08A6B574,0x08A6B574,materialized_code_pointer
sub_08A6B588,0x08A6B588,materialized_code_pointer
sub_08A6B59C,0x08A6B59C,materialized_code_pointer
sub_08A6B5AC,0x08A6B5AC,materialized_code_pointer
sub_08A6B5BC,0x08A6B5BC,materialized_code_pointer
sub_08A6B5CC,0x08A6B5CC,materialized_code_pointer
sub_08A6B5DC,0x08A6B5DC,materialized_code_pointer
sub_08A6B5F0,0x08A6B5F0,materialized_code_pointer
sub_08A6B600,0x08A6B600,materialized_code_pointer
sub_08A6B64C,0x08A6B64C,materialized_code_pointer
sub_08A6B678,0x08A6B678,materialized_code_pointer
sub_08A6B694,0x08A6B694,materialized_code_pointer
sub_08A6B6C0,0x08A6B6C0,materialized_code_pointer
sub_08A6B6EC,0x08A6B6EC,materialized_code_pointer
sub_08A6B704,0x08A6B704,materialized_code_pointer
sub_08A6B720,0x08A6B720,materialized_code_pointer
sub_08A6B744,0x08A6B744,materialized_code_pointer
sub_08A6B760,0x08A6B760,materialized_code_pointer
sub_08A6B77C,0x08A6B77C,materialized_code_pointer
sub_08A6B798,0x08A6B798,materialized_code_pointer
sub_08A6B7B4,0x08A6B7B4,materialized_code_pointer
sub_08A6B7D4,0x08A6B7D4,materialized_code_pointer
sub_08A6B7F4,0x08A6B7F4,materialized_code_pointer
sub_08A6B7F8,0x08A6B7F8,relocated_r_mips32_code_pointer
sub_08A6B800,0x08A6B800,relocated_r_mips32_code_pointer
sub_08A6B80C,0x08A6B80C,relocated_r_mips32_code_pointer
sub_08A6B818,0x08A6B818,relocated_r_mips32_code_pointer
sub_08A6B828,0x08A6B828,relocated_r_mips32_code_pointer
sub_08A6B838,0x08A6B838,relocated_r_mips32_code_pointer
sub_08A6B844,0x08A6B844,relocated_r_mips32_code_pointer
sub_08A6B854,0x08A6B854,relocated_r_mips32_code_pointer
sub_08A6B860,0x08A6B860,materialized_code_pointer
sub_08A6B894,0x08A6B894,materialized_code_pointer
sub_08A6B8A4,0x08A6B8A4,materialized_code_pointer
sub_08A6B8BC,0x08A6B8BC,materialized_code_pointer
sub_08A6B8C8,0x08A6B8C8,materialized_code_pointer
sub_08A6B8CC,0x08A6B8CC,materialized_code_pointer
sub_08A6B8DC,0x08A6B8DC,materialized_code_pointer
sub_08A6B8E4,0x08A6B8E4,materialized_code_pointer
sub_08A6B8F0,0x08A6B8F0,materialized_code_pointer
sub_08A6B92C,0x08A6B92C,materialized_code_pointer
sub_08A6B968,0x08A6B968,materialized_code_pointer
sub_08A6B9A4,0x08A6B9A4,materialized_code_pointer
sub_08A6B9E8,0x08A6B9E8,materialized_code_pointer
sub_08A6BA24,0x08A6BA24,materialized_code_pointer
sub_08A6BA60,0x08A6BA60,materialized_code_pointer
sub_08A6BA9C,0x08A6BA9C,materialized_code_pointer
sub_08A6BAD8,0x08A6BAD8,materialized_code_pointer
sub_08A6BB18,0x08A6BB18,materialized_code_pointer
sub_08A6BB1C,0x08A6BB1C,materialized_code_pointer
sub_08A6BB24,0x08A6BB24,materialized_code_pointer
sub_08A6BB34,0x08A6BB34,materialized_code_pointer
sub_08A6BB60,0x08A6BB60,materialized_code_pointer
sub_08A6BB8C,0x08A6BB8C,materialized_code_pointer
sub_08A6BB94,0x08A6BB94,materialized_code_pointer
sub_08A6BBA0,0x08A6BBA0,materialized_code_pointer
sub_08A6BBB8,0x08A6BBB8,materialized_code_pointer
sub_08A6BBDC,0x08A6BBDC,materialized_code_pointer
sub_08A6BBF4,0x08A6BBF4,materialized_code_pointer
sub_08A6BBF8,0x08A6BBF8,materialized_code_pointer
sub_08A6BBFC,0x08A6BBFC,materialized_code_pointer
sub_08A6BC00,0x08A6BC00,materialized_code_pointer
sub_08A6BC04,0x08A6BC04,materialized_code_pointer
sub_08A6BC10,0x08A6BC10,materialized_code_pointer
sub_08A6BC2C,0x08A6BC2C,materialized_code_pointer
sub_08A6BC30,0x08A6BC30,materialized_code_pointer
sub_08A6BC34,0x08A6BC34,materialized_code_pointer
sub_08A6BC3C,0x08A6BC3C,materialized_code_pointer
sub_08A6BC40,0x08A6BC40,materialized_code_pointer
sub_08A6BC74,0x08A6BC74,materialized_code_pointer
sub_08A6BC7C,0x08A6BC7C,materialized_code_pointer
sub_08A6BC9C,0x08A6BC9C,materialized_code_pointer
sub_08A6BCB0,0x08A6BCB0,materialized_code_pointer
sub_08A6BCC8,0x08A6BCC8,materialized_code_pointer
sub_08A6BCCC,0x08A6BCCC,materialized_code_pointer
sub_08A6BCD4,0x08A6BCD4,materialized_code_pointer
sub_08A6BCF4,0x08A6BCF4,materialized_code_pointer
sub_08A6BCF8,0x08A6BCF8,materialized_code_pointer
sub_08A6BD18,0x08A6BD18,materialized_code_pointer
sub_08A6BD28,0x08A6BD28,materialized_code_pointer
sub_08A6BD3C,0x08A6BD3C,materialized_code_pointer
sub_08A6BD50,0x08A6BD50,materialized_code_pointer
sub_08A6BD58,0x08A6BD58,materialized_code_pointer
sub_08A6BD5C,0x08A6BD5C,materialized_code_pointer
sub_08A6BD60,0x08A6BD60,materialized_code_pointer
sub_08A6BD74,0x08A6BD74,materialized_code_pointer
sub_08A6BD7C,0x08A6BD7C,materialized_code_pointer
sub_08A6BD80,0x08A6BD80,materialized_code_pointer
sub_08A6BD88,0x08A6BD88,materialized_code_pointer
sub_08A6BD90,0x08A6BD90,materialized_code_pointer
sub_08A6BD94,0x08A6BD94,materialized_code_pointer
sub_08A6BD9C,0x08A6BD9C,materialized_code_pointer
sub_08A6BDB4,0x08A6BDB4,materialized_code_pointer
sub_08A6BDB8,0x08A6BDB8,materialized_code_pointer
sub_08A6BDC0,0x08A6BDC0,materialized_code_pointer
sub_08A6BDC4,0x08A6BDC4,materialized_code_pointer
sub_08A6BDD0,0x08A6BDD0,materialized_code_pointer
sub_08A6BDF4,0x08A6BDF4,materialized_code_pointer
sub_08A6BE14,0x08A6BE14,materialized_code_pointer
sub_08A6BE24,0x08A6BE24,materialized_code_pointer
sub_08A6BE2C,0x08A6BE2C,materialized_code_pointer
sub_08A6BE34,0x08A6BE34,materialized_code_pointer
sub_08A6BE38,0x08A6BE38,materialized_code_pointer
sub_08A6BE40,0x08A6BE40,materialized_code_pointer
sub_08A6BE48,0x08A6BE48,materialized_code_pointer
sub_08A6BE50,0x08A6BE50,materialized_code_pointer
sub_08A6BE74,0x08A6BE74,materialized_code_pointer
sub_08A6BE90,0x08A6BE90,materialized_code_pointer
sub_08A6BEA8,0x08A6BEA8,materialized_code_pointer
sub_08A6BEB4,0x08A6BEB4,materialized_code_pointer
sub_08A6BEC8,0x08A6BEC8,materialized_code_pointer
sub_08A6BEE0,0x08A6BEE0,materialized_code_pointer
sub_08A6BF14,0x08A6BF14,materialized_code_pointer
sub_08A6BF3C,0x08A6BF3C,materialized_code_pointer
sub_08A6BF50,0x08A6BF50,materialized_code_pointer
sub_08A6BF58,0x08A6BF58,materialized_code_pointer
sub_08A6BF5C,0x08A6BF5C,materialized_code_pointer
sub_08A6BF6C,0x08A6BF6C,relocated_r_mips32_code_pointer
sub_08A6BF70,0x08A6BF70,relocated_r_mips32_code_pointer
sub_08A6BF78,0x08A6BF78,relocated_r_mips32_code_pointer
sub_08A6BF80,0x08A6BF80,relocated_r_mips32_code_pointer
sub_08A6BF88,0x08A6BF88,relocated_r_mips32_code_pointer
sub_08A6BF90,0x08A6BF90,relocated_r_mips32_code_pointer
sub_08A6BF98,0x08A6BF98,relocated_r_mips32_code_pointer
sub_08A6BF9C,0x08A6BF9C,relocated_r_mips32_code_pointer
sub_08A6BFA4,0x08A6BFA4,relocated_r_mips32_code_pointer
sub_08A6BFAC,0x08A6BFAC,relocated_r_mips32_code_pointer
sub_08A6BFB4,0x08A6BFB4,relocated_r_mips32_code_pointer
sub_08A6BFBC,0x08A6BFBC,relocated_r_mips32_code_pointer
sub_08A6BFC4,0x08A6BFC4,relocated_r_mips32_code_pointer
sub_08A6BFCC,0x08A6BFCC,relocated_r_mips32_code_pointer
sub_08A6BFD0,0x08A6BFD0,relocated_r_mips32_code_pointer
sub_08A6BFD4,0x08A6BFD4,relocated_r_mips32_code_pointer
sub_08A6BFD8,0x08A6BFD8,relocated_r_mips32_code_pointer
sub_08A6BFE0,0x08A6BFE0,materialized_code_pointer
sub_08A6BFE8,0x08A6BFE8,relocated_r_mips32_code_pointer
sub_08A6BFF0,0x08A6BFF0,relocated_r_mips32_code_pointer
sub_08A6BFF8,0x08A6BFF8,relocated_r_mips32_code_pointer
sub_08A6C000,0x08A6C000,relocated_r_mips32_code_pointer
sub_08A6C004,0x08A6C004,relocated_r_mips32_code_pointer
sub_08A6C008,0x08A6C008,relocated_r_mips32_code_pointer
sub_08A6C00C,0x08A6C00C,relocated_r_mips32_code_pointer
sub_08A6C014,0x08A6C014,relocated_r_mips32_code_pointer
sub_08A6C018,0x08A6C018,relocated_r_mips32_code_pointer
sub_08A6C01C,0x08A6C01C,relocated_r_mips32_code_pointer
sub_08A6C024,0x08A6C024,relocated_r_mips32_code_pointer
sub_08A6C030,0x08A6C030,relocated_r_mips32_code_pointer
sub_08A6C038,0x08A6C038,relocated_r_mips32_code_pointer
sub_08A6C03C,0x08A6C03C,relocated_r_mips32_code_pointer
sub_08A6C044,0x08A6C044,relocated_r_mips32_code_pointer
sub_08A6C04C,0x08A6C04C,relocated_r_mips32_code_pointer
sub_08A6C050,0x08A6C050,materialized_code_pointer
sub_08A6C080,0x08A6C080,materialized_code_pointer
sub_08A6C088,0x08A6C088,materialized_code_pointer
sub_08A6C08C,0x08A6C08C,materialized_code_pointer
sub_08A6C090,0x08A6C090,materialized_code_pointer
sub_08A6C0B8,0x08A6C0B8,materialized_code_pointer
sub_08A6C0D0,0x08A6C0D0,relocated_r_mips32_code_pointer
sub_08A6C0D8,0x08A6C0D8,relocated_r_mips32_code_pointer
sub_08A6C0E0,0x08A6C0E0,relocated_r_mips32_code_pointer
sub_08A6C0E8,0x08A6C0E8,relocated_r_mips32_code_pointer
sub_08A6C0F0,0x08A6C0F0,materialized_code_pointer
sub_08A6C0F8,0x08A6C0F8,materialized_code_pointer
sub_08A6C104,0x08A6C104,materialized_code_pointer
sub_08A6C110,0x08A6C110,materialized_code_pointer
sub_08A6C14C,0x08A6C14C,materialized_code_pointer
sub_08A6C154,0x08A6C154,materialized_code_pointer
sub_08A6C15C,0x08A6C15C,materialized_code_pointer
sub_08A6C160,0x08A6C160,materialized_code_pointer
sub_08A6C164,0x08A6C164,materialized_code_pointer
sub_08A6C184,0x08A6C184,materialized_code_pointer
sub_08A6C18C,0x08A6C18C,materialized_code_pointer
sub_08A6C1B0,0x08A6C1B0,materialized_code_pointer
sub_08A6C1D4,0x08A6C1D4,materialized_code_pointer
sub_08A6C208,0x08A6C208,materialized_code_pointer
sub_08A6C210,0x08A6C210,materialized_code_pointer
sub_08A6C250,0x08A6C250,materialized_code_pointer
sub_08A6C270,0x08A6C270,materialized_code_pointer
sub_08A6C278,0x08A6C278,materialized_code_pointer
sub_08A6C27C,0x08A6C27C,materialized_code_pointer
sub_08A6C288,0x08A6C288,materialized_code_pointer
sub_08A6C28C,0x08A6C28C,materialized_code_pointer
sub_08A6C2B4,0x08A6C2B4,materialized_code_pointer
sub_08A6C2BC,0x08A6C2BC,materialized_code_pointer
sub_08A6C2C0,0x08A6C2C0,materialized_code_pointer
sub_08A6C2C4,0x08A6C2C4,materialized_code_pointer
sub_08A6C2C8,0x08A6C2C8,materialized_code_pointer
sub_08A6C2D0,0x08A6C2D0,materialized_code_pointer
sub_08A6C2D8,0x08A6C2D8,materialized_code_pointer
sub_08A6C2E0,0x08A6C2E0,materialized_code_pointer
sub_08A6C2EC,0x08A6C2EC,materialized_code_pointer
sub_08A6C2F4,0x08A6C2F4,materialized_code_pointer
sub_08A6C2FC,0x08A6C2FC,materialized_code_pointer
sub_08A6C308,0x08A6C308,materialized_code_pointer
sub_08A6C314,0x08A6C314,materialized_code_pointer
sub_08A6C31C,0x08A6C31C,materialized_code_pointer
sub_08A6C324,0x08A6C324,materialized_code_pointer
sub_08A6C354,0x08A6C354,materialized_code_pointer
sub_08A6C358,0x08A6C358,materialized_code_pointer
sub_08A6C364,0x08A6C364,materialized_code_pointer
sub_08A6C384,0x08A6C384,materialized_code_pointer
sub_08A6C388,0x08A6C388,materialized_code_pointer
sub_08A6C390,0x08A6C390,materialized_code_pointer
sub_08A6C398,0x08A6C398,materialized_code_pointer
sub_08A6C39C,0x08A6C39C,materialized_code_pointer
sub_08A6C3A0,0x08A6C3A0,materialized_code_pointer
sub_08A6C3AC,0x08A6C3AC,materialized_code_pointer
sub_08A6C3B0,0x08A6C3B0,relocated_r_mips32_code_pointer
sub_08A6C3B8,0x08A6C3B8,relocated_r_mips32_code_pointer
sub_08A6C3C0,0x08A6C3C0,relocated_r_mips32_code_pointer
sub_08A6C3CC,0x08A6C3CC,relocated_r_mips32_code_pointer
sub_08A6C3D4,0x08A6C3D4,relocated_r_mips32_code_pointer
sub_08A6C3E0,0x08A6C3E0,relocated_r_mips32_code_pointer
sub_08A6C3EC,0x08A6C3EC,relocated_r_mips32_code_pointer
sub_08A6C3F8,0x08A6C3F8,relocated_r_mips32_code_pointer
sub_08A6C404,0x08A6C404,relocated_r_mips32_code_pointer
sub_08A6C410,0x08A6C410,relocated_r_mips32_code_pointer
sub_08A6C41C,0x08A6C41C,relocated_r_mips32_code_pointer
sub_08A6C428,0x08A6C428,relocated_r_mips32_code_pointer
sub_08A6C430,0x08A6C430,relocated_r_mips32_code_pointer
sub_08A6C434,0x08A6C434,relocated_r_mips32_code_pointer
sub_08A6C438,0x08A6C438,relocated_r_mips32_code_pointer
sub_08A6C43C,0x08A6C43C,relocated_r_mips32_code_pointer
sub_08A6C440,0x08A6C440,relocated_r_mips32_code_pointer
sub_08A6C444,0x08A6C444,relocated_r_mips32_code_pointer
sub_08A6C448,0x08A6C448,relocated_r_mips32_code_pointer
sub_08A6C44C,0x08A6C44C,relocated_r_mips32_code_pointer
sub_08A6C450,0x08A6C450,relocated_r_mips32_code_pointer
sub_08A6C454,0x08A6C454,relocated_r_mips32_code_pointer
sub_08A6C45C,0x08A6C45C,relocated_r_mips32_code_pointer
sub_08A6C460,0x08A6C460,relocated_r_mips32_code_pointer
sub_08A6C464,0x08A6C464,relocated_r_mips32_code_pointer
sub_08A6C468,0x08A6C468,relocated_r_mips32_code_pointer
sub_08A6C46C,0x08A6C46C,relocated_r_mips32_code_pointer
sub_08A6C474,0x08A6C474,relocated_r_mips32_code_pointer
sub_08A6C47C,0x08A6C47C,relocated_r_mips32_code_pointer
sub_08A6C484,0x08A6C484,relocated_r_mips32_code_pointer
sub_08A6C490,0x08A6C490,relocated_r_mips32_code_pointer
sub_08A6C498,0x08A6C498,relocated_r_mips32_code_pointer
sub_08A6C4A0,0x08A6C4A0,relocated_r_mips32_code_pointer
sub_08A6C4A8,0x08A6C4A8,relocated_r_mips32_code_pointer
sub_08A6C4B4,0x08A6C4B4,relocated_r_mips32_code_pointer
sub_08A6C4BC,0x08A6C4BC,relocated_r_mips32_code_pointer
sub_08A6C4C4,0x08A6C4C4,relocated_r_mips32_code_pointer
sub_08A6C4CC,0x08A6C4CC,relocated_r_mips32_code_pointer
sub_08A6C4D4,0x08A6C4D4,materialized_code_pointer
sub_08A6C4D8,0x08A6C4D8,materialized_code_pointer
sub_08A6C4E8,0x08A6C4E8,materialized_code_pointer
sub_08A6C514,0x08A6C514,materialized_code_pointer
sub_08A6C538,0x08A6C538,materialized_code_pointer
sub_08A6C544,0x08A6C544,materialized_code_pointer
sub_08A6C56C,0x08A6C56C,materialized_code_pointer
sub_08A6C57C,0x08A6C57C,materialized_code_pointer
sub_08A6C598,0x08A6C598,materialized_code_pointer
sub_08A6C5A4,0x08A6C5A4,materialized_code_pointer
sub_08A6C5B0,0x08A6C5B0,materialized_code_pointer
sub_08A6C5BC,0x08A6C5BC,materialized_code_pointer
sub_08A6C5CC,0x08A6C5CC,materialized_code_pointer
sub_08A6C5D8,0x08A6C5D8,materialized_code_pointer
sub_08A6C5E8,0x08A6C5E8,materialized_code_pointer
sub_08A6C600,0x08A6C600,materialized_code_pointer
sub_08A6C624,0x08A6C624,materialized_code_pointer
sub_08A6C640,0x08A6C640,materialized_code_pointer
sub_08A6C660,0x08A6C660,materialized_code_pointer
sub_08A6C6A4,0x08A6C6A4,materialized_code_pointer
sub_08A6C6BC,0x08A6C6BC,materialized_code_pointer
sub_08A6C6F0,0x08A6C6F0,materialized_code_pointer
sub_08A6C70C,0x08A6C70C,materialized_code_pointer
sub_08A6C720,0x08A6C720,materialized_code_pointer
sub_08A6C730,0x08A6C730,materialized_code_pointer
sub_08A6C748,0x08A6C748,materialized_code_pointer
sub_08A6C75C,0x08A6C75C,materialized_code_pointer
sub_08A6C760,0x08A6C760,materialized_code_pointer
sub_08A6C768,0x08A6C768,relocated_r_mips32_code_pointer
sub_08A6C770,0x08A6C770,relocated_r_mips32_code_pointer
sub_08A6C778,0x08A6C778,relocated_r_mips32_code_pointer
sub_08A6C780,0x08A6C780,relocated_r_mips32_code_pointer
sub_08A6C788,0x08A6C788,relocated_r_mips32_code_pointer
sub_08A6C790,0x08A6C790,materialized_code_pointer
sub_08A6C798,0x08A6C798,materialized_code_pointer
sub_08A6C7A0,0x08A6C7A0,relocated_r_mips32_code_pointer
sub_08A6C7A8,0x08A6C7A8,relocated_r_mips32_code_pointer
sub_08A6C7AC,0x08A6C7AC,relocated_r_mips32_code_pointer
sub_08A6C7B4,0x08A6C7B4,relocated_r_mips32_code_pointer
sub_08A6C7BC,0x08A6C7BC,relocated_r_mips32_code_pointer
sub_08A6C7C0,0x08A6C7C0,relocated_r_mips32_code_pointer
sub_08A6C7C8,0x08A6C7C8,relocated_r_mips32_code_pointer
sub_08A6C7CC,0x08A6C7CC,relocated_r_mips32_code_pointer
sub_08A6C7E4,0x08A6C7E4,materialized_code_pointer
sub_08A6C804,0x08A6C804,materialized_code_pointer
sub_08A6C81C,0x08A6C81C,materialized_code_pointer
sub_08A6C830,0x08A6C830,materialized_code_pointer
sub_08A6C860,0x08A6C860,materialized_code_pointer
sub_08A6C868,0x08A6C868,materialized_code_pointer
sub_08A6C880,0x08A6C880,materialized_code_pointer
sub_08A6C888,0x08A6C888,materialized_code_pointer
sub_08A6C8A8,0x08A6C8A8,materialized_code_pointer
sub_08A6C8E8,0x08A6C8E8,materialized_code_pointer
sub_08A6C90C,0x08A6C90C,materialized_code_pointer
sub_08A6C920,0x08A6C920,materialized_code_pointer
sub_08A6C938,0x08A6C938,materialized_code_pointer
sub_08A6C94C,0x08A6C94C,materialized_code_pointer
sub_08A6C970,0x08A6C970,materialized_code_pointer
sub_08A6C994,0x08A6C994,materialized_code_pointer
sub_08A6C9B4,0x08A6C9B4,materialized_code_pointer
sub_08A6C9D4,0x08A6C9D4,materialized_code_pointer
sub_08A6CA2C,0x08A6CA2C,materialized_code_pointer
sub_08A6CA40,0x08A6CA40,materialized_code_pointer
sub_08A6CA54,0x08A6CA54,materialized_code_pointer
sub_08A6CA58,0x08A6CA58,relocated_r_mips32_code_pointer
sub_08A6CA60,0x08A6CA60,relocated_r_mips32_code_pointer
sub_08A6CA68,0x08A6CA68,relocated_r_mips32_code_pointer
sub_08A6CA74,0x08A6CA74,relocated_r_mips32_code_pointer
sub_08A6CA7C,0x08A6CA7C,relocated_r_mips32_code_pointer
sub_08A6CA84,0x08A6CA84,relocated_r_mips32_code_pointer
sub_08A6CA8C,0x08A6CA8C,relocated_r_mips32_code_pointer
sub_08A6CA94,0x08A6CA94,relocated_r_mips32_code_pointer
sub_08A6CA9C,0x08A6CA9C,relocated_r_mips32_code_pointer
sub_08A6CAA4,0x08A6CAA4,materialized_code_pointer
sub_08A6CAB8,0x08A6CAB8,materialized_code_pointer
sub_08A6CAE0,0x08A6CAE0,materialized_code_pointer
sub_08A6CB18,0x08A6CB18,materialized_code_pointer
sub_08A6CB44,0x08A6CB44,relocated_r_mips32_code_pointer
sub_08A6CB48,0x08A6CB48,relocated_r_mips32_code_pointer
sub_08A6CB50,0x08A6CB50,relocated_r_mips32_code_pointer
sub_08A6CB5C,0x08A6CB5C,relocated_r_mips32_code_pointer
sub_08A6CB64,0x08A6CB64,relocated_r_mips32_code_pointer
sub_08A6CB6C,0x08A6CB6C,relocated_r_mips32_code_pointer
sub_08A6CB74,0x08A6CB74,relocated_r_mips32_code_pointer
sub_08A6CB80,0x08A6CB80,relocated_r_mips32_code_pointer
sub_08A6CB88,0x08A6CB88,relocated_r_mips32_code_pointer
sub_08A6CB90,0x08A6CB90,relocated_r_mips32_code_pointer
sub_08A6CB98,0x08A6CB98,relocated_r_mips32_code_pointer
sub_08A6CBA0,0x08A6CBA0,relocated_r_mips32_code_pointer
sub_08A6CBAC,0x08A6CBAC,relocated_r_mips32_code_pointer
sub_08A6CBB4,0x08A6CBB4,relocated_r_mips32_code_pointer
sub_08A6CBBC,0x08A6CBBC,relocated_r_mips32_code_pointer
sub_08A6CBC4,0x08A6CBC4,relocated_r_mips32_code_pointer
sub_08A6CBCC,0x08A6CBCC,relocated_r_mips32_code_pointer
sub_08A6CBD4,0x08A6CBD4,relocated_r_mips32_code_pointer
sub_08A6CBDC,0x08A6CBDC,relocated_r_mips32_code_pointer
sub_08A6CBE4,0x08A6CBE4,relocated_r_mips32_code_pointer
sub_08A6CBEC,0x08A6CBEC,relocated_r_mips32_code_pointer
sub_08A6CBF4,0x08A6CBF4,relocated_r_mips32_code_pointer
sub_08A6CBFC,0x08A6CBFC,relocated_r_mips32_code_pointer
sub_08A6CC04,0x08A6CC04,relocated_r_mips32_code_pointer
sub_08A6CC0C,0x08A6CC0C,relocated_r_mips32_code_pointer
sub_08A6CC14,0x08A6CC14,relocated_r_mips32_code_pointer
sub_08A6CC20,0x08A6CC20,relocated_r_mips32_code_pointer
sub_08A6CC28,0x08A6CC28,materialized_code_pointer
sub_08A6CC30,0x08A6CC30,materialized_code_pointer
sub_08A6CC4C,0x08A6CC4C,materialized_code_pointer
sub_08A6CC5C,0x08A6CC5C,materialized_code_pointer
sub_08A6CC6C,0x08A6CC6C,materialized_code_pointer
sub_08A6CC78,0x08A6CC78,materialized_code_pointer
sub_08A6CC88,0x08A6CC88,materialized_code_pointer
sub_08A6CCA4,0x08A6CCA4,materialized_code_pointer
sub_08A6CCB0,0x08A6CCB0,materialized_code_pointer
sub_08A6CCB4,0x08A6CCB4,materialized_code_pointer
sub_08A6CCBC,0x08A6CCBC,materialized_code_pointer
sub_08A6CCC4,0x08A6CCC4,materialized_code_pointer
sub_08A6CCD8,0x08A6CCD8,materialized_code_pointer
sub_08A6CCF0,0x08A6CCF0,materialized_code_pointer
sub_08A6CD04,0x08A6CD04,materialized_code_pointer
sub_08A6CD14,0x08A6CD14,materialized_code_pointer
sub_08A6CD3C,0x08A6CD3C,materialized_code_pointer
sub_08A6CD5C,0x08A6CD5C,materialized_code_pointer
sub_08A6CD78,0x08A6CD78,materialized_code_pointer
sub_08A6CD7C,0x08A6CD7C,materialized_code_pointer
sub_08A6CDA8,0x08A6CDA8,materialized_code_pointer
sub_08A6CDD4,0x08A6CDD4,relocated_r_mips32_code_pointer
sub_08A6CDDC,0x08A6CDDC,relocated_r_mips32_code_pointer
sub_08A6CDE4,0x08A6CDE4,relocated_r_mips32_code_pointer
sub_08A6CDEC,0x08A6CDEC,relocated_r_mips32_code_pointer
sub_08A6CDF4,0x08A6CDF4,relocated_r_mips32_code_pointer
sub_08A6CDFC,0x08A6CDFC,relocated_r_mips32_code_pointer
sub_08A6CE04,0x08A6CE04,relocated_r_mips32_code_pointer
sub_08A6CE10,0x08A6CE10,relocated_r_mips32_code_pointer
sub_08A6CE18,0x08A6CE18,relocated_r_mips32_code_pointer
sub_08A6CE20,0x08A6CE20,relocated_r_mips32_code_pointer
sub_08A6CE28,0x08A6CE28,relocated_r_mips32_code_pointer
sub_08A6CE38,0x08A6CE38,relocated_r_mips32_code_pointer
sub_08A6CE40,0x08A6CE40,relocated_r_mips32_code_pointer
sub_08A6CE48,0x08A6CE48,relocated_r_mips32_code_pointer
sub_08A6CE50,0x08A6CE50,relocated_r_mips32_code_pointer
sub_08A6CE58,0x08A6CE58,relocated_r_mips32_code_pointer
sub_08A6CE68,0x08A6CE68,relocated_r_mips32_code_pointer
sub_08A6CE74,0x08A6CE74,relocated_r_mips32_code_pointer
sub_08A6CE7C,0x08A6CE7C,relocated_r_mips32_code_pointer
sub_08A6CE88,0x08A6CE88,relocated_r_mips32_code_pointer
sub_08A6CE90,0x08A6CE90,relocated_r_mips32_code_pointer
sub_08A6CE98,0x08A6CE98,relocated_r_mips32_code_pointer
sub_08A6CEA0,0x08A6CEA0,relocated_r_mips32_code_pointer
sub_08A6CEAC,0x08A6CEAC,relocated_r_mips32_code_pointer
sub_08A6CEB4,0x08A6CEB4,relocated_r_mips32_code_pointer
sub_08A6CEBC,0x08A6CEBC,relocated_r_mips32_code_pointer
sub_08A6CEC4,0x08A6CEC4,relocated_r_mips32_code_pointer
sub_08A6CECC,0x08A6CECC,relocated_r_mips32_code_pointer
sub_08A6CEDC,0x08A6CEDC,relocated_r_mips32_code_pointer
sub_08A6CEE8,0x08A6CEE8,materialized_code_pointer
sub_08A6CEF4,0x08A6CEF4,relocated_r_mips32_code_pointer
sub_08A6CEFC,0x08A6CEFC,relocated_r_mips32_code_pointer
sub_08A6CF04,0x08A6CF04,relocated_r_mips32_code_pointer
sub_08A6CF0C,0x08A6CF0C,materialized_code_pointer
sub_08A6CF4C,0x08A6CF4C,materialized_code_pointer
sub_08A6CF58,0x08A6CF58,materialized_code_pointer
sub_08A6CF70,0x08A6CF70,materialized_code_pointer
sub_08A6CFC0,0x08A6CFC0,materialized_code_pointer
sub_08A6CFC4,0x08A6CFC4,materialized_code_pointer
sub_08A6CFF8,0x08A6CFF8,materialized_code_pointer
sub_08A6D02C,0x08A6D02C,relocated_r_mips32_code_pointer
sub_08A6D034,0x08A6D034,relocated_r_mips32_code_pointer
sub_08A6D03C,0x08A6D03C,materialized_code_pointer
sub_08A6D044,0x08A6D044,relocated_r_mips32_code_pointer
sub_08A6D04C,0x08A6D04C,relocated_r_mips32_code_pointer
sub_08A6D054,0x08A6D054,relocated_r_mips32_code_pointer
sub_08A6D060,0x08A6D060,relocated_r_mips32_code_pointer
sub_08A6D06C,0x08A6D06C,materialized_code_pointer
sub_08A6D088,0x08A6D088,materialized_code_pointer
sub_08A6D0B0,0x08A6D0B0,materialized_code_pointer
sub_08A6D0C4,0x08A6D0C4,materialized_code_pointer
sub_08A6D0C8,0x08A6D0C8,materialized_code_pointer
sub_08A6D0E4,0x08A6D0E4,materialized_code_pointer
sub_08A6D0F8,0x08A6D0F8,materialized_code_pointer
sub_08A6D104,0x08A6D104,materialized_code_pointer
sub_08A6D114,0x08A6D114,materialized_code_pointer
sub_08A6D118,0x08A6D118,materialized_code_pointer
sub_08A6D120,0x08A6D120,materialized_code_pointer
sub_08A6D13C,0x08A6D13C,materialized_code_pointer
sub_08A6D15C,0x08A6D15C,materialized_code_pointer
sub_08A6D194,0x08A6D194,materialized_code_pointer
sub_08A6D1A8,0x08A6D1A8,materialized_code_pointer
sub_08A6D1C4,0x08A6D1C4,materialized_code_pointer
sub_08A6D1CC,0x08A6D1CC,materialized_code_pointer
sub_08A6D1D8,0x08A6D1D8,materialized_code_pointer
sub_08A6D1E0,0x08A6D1E0,materialized_code_pointer
sub_08A6D1E8,0x08A6D1E8,materialized_code_pointer
sub_08A6D1EC,0x08A6D1EC,materialized_code_pointer
sub_08A6D1F4,0x08A6D1F4,materialized_code_pointer
sub_08A6D200,0x08A6D200,materialized_code_pointer
sub_08A6D20C,0x08A6D20C,materialized_code_pointer
sub_08A6D214,0x08A6D214,materialized_code_pointer
sub_08A6D238,0x08A6D238,materialized_code_pointer
sub_08A6D250,0x08A6D250,materialized_code_pointer
sub_08A6D26C,0x08A6D26C,materialized_code_pointer
sub_08A6D280,0x08A6D280,materialized_code_pointer
sub_08A6D284,0x08A6D284,materialized_code_pointer
sub_08A6D288,0x08A6D288,materialized_code_pointer
sub_08A6D29C,0x08A6D29C,materialized_code_pointer
sub_08A6D2A4,0x08A6D2A4,materialized_code_pointer
sub_08A6D2A8,0x08A6D2A8,materialized_code_pointer
sub_08A6D2AC,0x08A6D2AC,materialized_code_pointer
sub_08A6D2B0,0x08A6D2B0,materialized_code_pointer
sub_08A6D2B4,0x08A6D2B4,materialized_code_pointer
sub_08A6D2C8,0x08A6D2C8,materialized_code_pointer
sub_08A6D2D8,0x08A6D2D8,materialized_code_pointer
sub_08A6D2DC,0x08A6D2DC,materialized_code_pointer
sub_08A6D2F4,0x08A6D2F4,materialized_code_pointer
sub_08A6D2FC,0x08A6D2FC,relocated_r_mips32_code_pointer
sub_08A6D304,0x08A6D304,relocated_r_mips32_code_pointer
sub_08A6D30C,0x08A6D30C,relocated_r_mips32_code_pointer
sub_08A6D314,0x08A6D314,relocated_r_mips32_code_pointer
sub_08A6D320,0x08A6D320,relocated_r_mips32_code_pointer
sub_08A6D32C,0x08A6D32C,relocated_r_mips32_code_pointer
sub_08A6D33C,0x08A6D33C,relocated_r_mips32_code_pointer
sub_08A6D348,0x08A6D348,relocated_r_mips32_code_pointer
sub_08A6D350,0x08A6D350,relocated_r_mips32_code_pointer
sub_08A6D358,0x08A6D358,relocated_r_mips32_code_pointer
sub_08A6D364,0x08A6D364,relocated_r_mips32_code_pointer
sub_08A6D374,0x08A6D374,relocated_r_mips32_code_pointer
sub_08A6D380,0x08A6D380,relocated_r_mips32_code_pointer
sub_08A6D38C,0x08A6D38C,materialized_code_pointer
sub_08A6D3A4,0x08A6D3A4,materialized_code_pointer
sub_08A6D3D8,0x08A6D3D8,relocated_r_mips32_code_pointer
sub_08A6D3E0,0x08A6D3E0,relocated_r_mips32_code_pointer
sub_08A6D3E8,0x08A6D3E8,relocated_r_mips32_code_pointer
sub_08A6D3F0,0x08A6D3F0,relocated_r_mips32_code_pointer
sub_08A6D3F8,0x08A6D3F8,relocated_r_mips32_code_pointer
sub_08A6D42C,0x08A6D42C,materialized_code_pointer
sub_08A6D43C,0x08A6D43C,materialized_code_pointer
sub_08A6D448,0x08A6D448,materialized_code_pointer
sub_08A6D464,0x08A6D464,materialized_code_pointer
sub_08A6D474,0x08A6D474,materialized_code_pointer
sub_08A6D47C,0x08A6D47C,materialized_code_pointer
sub_08A6D488,0x08A6D488,materialized_code_pointer
sub_08A6D494,0x08A6D494,materialized_code_pointer
sub_08A6D4A4,0x08A6D4A4,materialized_code_pointer
sub_08A6D4AC,0x08A6D4AC,materialized_code_pointer
sub_08A6D4B8,0x08A6D4B8,materialized_code_pointer
sub_08A6D4C0,0x08A6D4C0,materialized_code_pointer
sub_08A6D4C8,0x08A6D4C8,materialized_code_pointer
sub_08A6D4D4,0x08A6D4D4,materialized_code_pointer
sub_08A6D4E0,0x08A6D4E0,materialized_code_pointer
sub_08A6D4E8,0x08A6D4E8,materialized_code_pointer
sub_08A6D4FC,0x08A6D4FC,relocated_r_mips32_code_pointer
sub_08A6D500,0x08A6D500,relocated_r_mips32_code_pointer
sub_08A6D508,0x08A6D508,relocated_r_mips32_code_pointer
sub_08A6D50C,0x08A6D50C,relocated_r_mips32_code_pointer
sub_08A6D514,0x08A6D514,relocated_r_mips32_code_pointer
sub_08A6D51C,0x08A6D51C,relocated_r_mips32_code_pointer
sub_08A6D520,0x08A6D520,relocated_r_mips32_code_pointer
sub_08A6D528,0x08A6D528,relocated_r_mips32_code_pointer
sub_08A6D52C,0x08A6D52C,relocated_r_mips32_code_pointer
sub_08A6D538,0x08A6D538,relocated_r_mips32_code_pointer
sub_08A6D53C,0x08A6D53C,relocated_r_mips32_code_pointer
sub_08A6D540,0x08A6D540,relocated_r_mips32_code_pointer
sub_08A6D548,0x08A6D548,relocated_r_mips32_code_pointer
sub_08A6D54C,0x08A6D54C,relocated_r_mips32_code_pointer
sub_08A6D550,0x08A6D550,relocated_r_mips32_code_pointer
sub_08A6D554,0x08A6D554,relocated_r_mips32_code_pointer
sub_08A6D55C,0x08A6D55C,relocated_r_mips32_code_pointer
sub_08A6D564,0x08A6D564,relocated_r_mips32_code_pointer
sub_08A6D56C,0x08A6D56C,relocated_r_mips32_code_pointer
sub_08A6D574,0x08A6D574,relocated_r_mips32_code_pointer
sub_08A6D57C,0x08A6D57C,relocated_r_mips32_code_pointer
sub_08A6D584,0x08A6D584,relocated_r_mips32_code_pointer
sub_08A6D588,0x08A6D588,relocated_r_mips32_code_pointer
sub_08A6D58C,0x08A6D58C,relocated_r_mips32_code_pointer
sub_08A6D590,0x08A6D590,relocated_r_mips32_code_pointer
sub_08A6D594,0x08A6D594,relocated_r_mips32_code_pointer
sub_08A6D598,0x08A6D598,relocated_r_mips32_code_pointer
sub_08A6D59C,0x08A6D59C,relocated_r_mips32_code_pointer
sub_08A6D5A8,0x08A6D5A8,relocated_r_mips32_code_pointer
sub_08A6D5B0,0x08A6D5B0,relocated_r_mips32_code_pointer
sub_08A6D5BC,0x08A6D5BC,relocated_r_mips32_code_pointer
sub_08A6D5C4,0x08A6D5C4,materialized_code_pointer
sub_08A6D5D0,0x08A6D5D0,materialized_code_pointer
sub_08A6D5D4,0x08A6D5D4,materialized_code_pointer
sub_08A6D5E0,0x08A6D5E0,materialized_code_pointer
sub_08A6D5FC,0x08A6D5FC,materialized_code_pointer
sub_08A6D610,0x08A6D610,materialized_code_pointer
sub_08A6D614,0x08A6D614,materialized_code_pointer
sub_08A6D628,0x08A6D628,materialized_code_pointer
sub_08A6D644,0x08A6D644,materialized_code_pointer
sub_08A6D65C,0x08A6D65C,materialized_code_pointer
sub_08A6D674,0x08A6D674,materialized_code_pointer
sub_08A6D698,0x08A6D698,materialized_code_pointer
sub_08A6D6B8,0x08A6D6B8,materialized_code_pointer
sub_08A6D6E8,0x08A6D6E8,materialized_code_pointer
sub_08A6D6EC,0x08A6D6EC,materialized_code_pointer
sub_08A6D6F0,0x08A6D6F0,materialized_code_pointer
sub_08A6D6F4,0x08A6D6F4,materialized_code_pointer
sub_08A6D6F8,0x08A6D6F8,materialized_code_pointer
sub_08A6D6FC,0x08A6D6FC,materialized_code_pointer
sub_08A6D700,0x08A6D700,materialized_code_pointer
sub_08A6D704,0x08A6D704,materialized_code_pointer
sub_08A6D708,0x08A6D708,materialized_code_pointer
sub_08A6D70C,0x08A6D70C,materialized_code_pointer
sub_08A6D710,0x08A6D710,materialized_code_pointer
sub_08A6D714,0x08A6D714,materialized_code_pointer
sub_08A6D718,0x08A6D718,materialized_code_pointer
sub_08A6D71C,0x08A6D71C,materialized_code_pointer
sub_08A6D72C,0x08A6D72C,materialized_code_pointer
sub_08A6D758,0x08A6D758,materialized_code_pointer
sub_08A6D784,0x08A6D784,materialized_code_pointer
sub_08A6D838,0x08A6D838,materialized_code_pointer
sub_08A6D8A4,0x08A6D8A4,materialized_code_pointer
sub_08A6D8F0,0x08A6D8F0,materialized_code_pointer
sub_08A6D8F8,0x08A6D8F8,materialized_code_pointer
sub_08A6D944,0x08A6D944,materialized_code_pointer
sub_08A6D978,0x08A6D978,materialized_code_pointer
sub_08A6D9A4,0x08A6D9A4,materialized_code_pointer
sub_08A6D9D0,0x08A6D9D0,materialized_code_pointer
sub_08A6D9FC,0x08A6D9FC,materialized_code_pointer
sub_08A6DA28,0x08A6DA28,materialized_code_pointer
sub_08A6DA64,0x08A6DA64,materialized_code_pointer
sub_08A6DA90,0x08A6DA90,materialized_code_pointer
sub_08A6DABC,0x08A6DABC,materialized_code_pointer
sub_08A6DB14,0x08A6DB14,materialized_code_pointer
sub_08A6DB40,0x08A6DB40,materialized_code_pointer
sub_08A6DB74,0x08A6DB74,materialized_code_pointer
sub_08A6DB84,0x08A6DB84,materialized_code_pointer
sub_08A6DBA4,0x08A6DBA4,materialized_code_pointer
sub_08A6DBB0,0x08A6DBB0,materialized_code_pointer
sub_08A6DBBC,0x08A6DBBC,materialized_code_pointer
sub_08A6DBC8,0x08A6DBC8,materialized_code_pointer
sub_08A6DBF4,0x08A6DBF4,materialized_code_pointer
sub_08A6DC20,0x08A6DC20,materialized_code_pointer
sub_08A6DC64,0x08A6DC64,materialized_code_pointer
sub_08A6DCA4,0x08A6DCA4,materialized_code_pointer
sub_08A6DCAC,0x08A6DCAC,materialized_code_pointer
sub_08A6DCB4,0x08A6DCB4,materialized_code_pointer
sub_08A6DCE8,0x08A6DCE8,materialized_code_pointer
sub_08A6DCF4,0x08A6DCF4,materialized_code_pointer
sub_08A6DCFC,0x08A6DCFC,materialized_code_pointer
sub_08A6DD08,0x08A6DD08,materialized_code_pointer
sub_08A6DD10,0x08A6DD10,materialized_code_pointer
sub_08A6DD24,0x08A6DD24,materialized_code_pointer
sub_08A6DD38,0x08A6DD38,materialized_code_pointer
sub_08A6DD4C,0x08A6DD4C,materialized_code_pointer
sub_08A6DD5C,0x08A6DD5C,materialized_code_pointer
sub_08A6DD6C,0x08A6DD6C,materialized_code_pointer
sub_08A6DD80,0x08A6DD80,materialized_code_pointer
sub_08A6DD88,0x08A6DD88,materialized_code_pointer
sub_08A6DD94,0x08A6DD94,materialized_code_pointer
sub_08A6DDA4,0x08A6DDA4,materialized_code_pointer
sub_08A6DDAC,0x08A6DDAC,materialized_code_pointer
sub_08A6DDBC,0x08A6DDBC,materialized_code_pointer
sub_08A6DDD4,0x08A6DDD4,materialized_code_pointer
sub_08A6DDEC,0x08A6DDEC,materialized_code_pointer
sub_08A6DDF4,0x08A6DDF4,materialized_code_pointer
sub_08A6DDFC,0x08A6DDFC,materialized_code_pointer
sub_08A6DE08,0x08A6DE08,materialized_code_pointer
sub_08A6DE14,0x08A6DE14,materialized_code_pointer
sub_08A6DE1C,0x08A6DE1C,materialized_code_pointer
sub_08A6DE24,0x08A6DE24,materialized_code_pointer
sub_08A6DE34,0x08A6DE34,materialized_code_pointer
sub_08A6DE3C,0x08A6DE3C,materialized_code_pointer
sub_08A6DE4C,0x08A6DE4C,materialized_code_pointer
sub_08A6DE60,0x08A6DE60,materialized_code_pointer
sub_08A6DE74,0x08A6DE74,materialized_code_pointer
sub_08A6DE84,0x08A6DE84,materialized_code_pointer
sub_08A6DE94,0x08A6DE94,materialized_code_pointer
sub_08A6DEA0,0x08A6DEA0,materialized_code_pointer
sub_08A6DEAC,0x08A6DEAC,materialized_code_pointer
sub_08A6DEB8,0x08A6DEB8,materialized_code_pointer
sub_08A6DEC4,0x08A6DEC4,materialized_code_pointer
sub_08A6DED0,0x08A6DED0,materialized_code_pointer
sub_08A6DEDC,0x08A6DEDC,materialized_code_pointer
sub_08A6DEEC,0x08A6DEEC,materialized_code_pointer
sub_08A6DEF8,0x08A6DEF8,materialized_code_pointer
sub_08A6DF14,0x08A6DF14,materialized_code_pointer
sub_08A6DF38,0x08A6DF38,materialized_code_pointer
sub_08A6DF60,0x08A6DF60,materialized_code_pointer
sub_08A6DF88,0x08A6DF88,materialized_code_pointer
sub_08A6DFAC,0x08A6DFAC,materialized_code_pointer
sub_08A6DFD4,0x08A6DFD4,materialized_code_pointer
sub_08A6DFE4,0x08A6DFE4,materialized_code_pointer
sub_08A6DFEC,0x08A6DFEC,materialized_code_pointer
sub_08A6DFF8,0x08A6DFF8,materialized_code_pointer
sub_08A6E004,0x08A6E004,materialized_code_pointer
sub_08A6E00C,0x08A6E00C,materialized_code_pointer
sub_08A6E018,0x08A6E018,materialized_code_pointer
sub_08A6E020,0x08A6E020,materialized_code_pointer
sub_08A6E028,0x08A6E028,materialized_code_pointer
sub_08A6E030,0x08A6E030,materialized_code_pointer
sub_08A6E03C,0x08A6E03C,materialized_code_pointer
sub_08A6E044,0x08A6E044,materialized_code_pointer
sub_08A6E04C,0x08A6E04C,materialized_code_pointer
sub_08A6E054,0x08A6E054,materialized_code_pointer
sub_08A6E05C,0x08A6E05C,materialized_code_pointer
sub_08A6E068,0x08A6E068,materialized_code_pointer
sub_08A6E070,0x08A6E070,materialized_code_pointer
sub_08A6E078,0x08A6E078,materialized_code_pointer
sub_08A6E080,0x08A6E080,materialized_code_pointer
sub_08A6E08C,0x08A6E08C,materialized_code_pointer
sub_08A6E094,0x08A6E094,materialized_code_pointer
sub_08A6E0A0,0x08A6E0A0,materialized_code_pointer
sub_08A6E0AC,0x08A6E0AC,materialized_code_pointer
sub_08A6E0BC,0x08A6E0BC,materialized_code_pointer
sub_08A6E0C8,0x08A6E0C8,materialized_code_pointer
sub_08A6E0D4,0x08A6E0D4,materialized_code_pointer
sub_08A6E0DC,0x08A6E0DC,materialized_code_pointer
sub_08A6E0EC,0x08A6E0EC,materialized_code_pointer
sub_08A6E0F4,0x08A6E0F4,materialized_code_pointer
sub_08A6E104,0x08A6E104,materialized_code_pointer
sub_08A6E114,0x08A6E114,materialized_code_pointer
sub_08A6E120,0x08A6E120,materialized_code_pointer
sub_08A6E12C,0x08A6E12C,materialized_code_pointer
sub_08A6E13C,0x08A6E13C,materialized_code_pointer
sub_08A6E148,0x08A6E148,materialized_code_pointer
sub_08A6E154,0x08A6E154,materialized_code_pointer
sub_08A6E180,0x08A6E180,materialized_code_pointer
sub_08A6E1AC,0x08A6E1AC,materialized_code_pointer
sub_08A6E1B8,0x08A6E1B8,materialized_code_pointer
sub_08A6E1C4,0x08A6E1C4,materialized_code_pointer
sub_08A6E1D0,0x08A6E1D0,materialized_code_pointer
sub_08A6E1DC,0x08A6E1DC,materialized_code_pointer
sub_08A6E1E8,0x08A6E1E8,materialized_code_pointer
sub_08A6E1F4,0x08A6E1F4,materialized_code_pointer
sub_08A6E220,0x08A6E220,materialized_code_pointer
sub_08A6E24C,0x08A6E24C,materialized_code_pointer
sub_08A6E258,0x08A6E258,materialized_code_pointer
sub_08A6E264,0x08A6E264,materialized_code_pointer
sub_08A6E26C,0x08A6E26C,materialized_code_pointer
sub_08A6E27C,0x08A6E27C,materialized_code_pointer
sub_08A6E28C,0x08A6E28C,materialized_code_pointer
sub_08A6E298,0x08A6E298,materialized_code_pointer
sub_08A6E2A4,0x08A6E2A4,materialized_code_pointer
sub_08A6E2D0,0x08A6E2D0,materialized_code_pointer
sub_08A6E2FC,0x08A6E2FC,materialized_code_pointer
sub_08A6E304,0x08A6E304,materialized_code_pointer
sub_08A6E310,0x08A6E310,materialized_code_pointer
sub_08A6E33C,0x08A6E33C,materialized_code_pointer
sub_08A6E368,0x08A6E368,materialized_code_pointer
sub_08A6E378,0x08A6E378,materialized_code_pointer
sub_08A6E3A8,0x08A6E3A8,materialized_code_pointer
sub_08A6E3C4,0x08A6E3C4,materialized_code_pointer
sub_08A6E3E8,0x08A6E3E8,materialized_code_pointer
sub_08A6E3EC,0x08A6E3EC,materialized_code_pointer
sub_08A6E3F8,0x08A6E3F8,materialized_code_pointer
sub_08A6E404,0x08A6E404,materialized_code_pointer
sub_08A6E410,0x08A6E410,materialized_code_pointer
sub_08A6E41C,0x08A6E41C,materialized_code_pointer
sub_08A6E424,0x08A6E424,materialized_code_pointer
sub_08A6E430,0x08A6E430,materialized_code_pointer
sub_08A6E438,0x08A6E438,materialized_code_pointer
sub_08A6E440,0x08A6E440,materialized_code_pointer
sub_08A6E450,0x08A6E450,materialized_code_pointer
sub_08A6E45C,0x08A6E45C,materialized_code_pointer
sub_08A6E464,0x08A6E464,materialized_code_pointer
sub_08A6E46C,0x08A6E46C,materialized_code_pointer
sub_08A6E474,0x08A6E474,materialized_code_pointer
sub_08A6E480,0x08A6E480,materialized_code_pointer
sub_08A6E48C,0x08A6E48C,materialized_code_pointer
sub_08A6E494,0x08A6E494,materialized_code_pointer
sub_08A6E4A0,0x08A6E4A0,materialized_code_pointer
sub_08A6E4B0,0x08A6E4B0,materialized_code_pointer
sub_08A6E4BC,0x08A6E4BC,materialized_code_pointer
sub_08A6E4C4,0x08A6E4C4,materialized_code_pointer
sub_08A6E4D0,0x08A6E4D0,materialized_code_pointer
sub_08A6E4D8,0x08A6E4D8,materialized_code_pointer
sub_08A6E4E0,0x08A6E4E0,materialized_code_pointer
sub_08A6E4F0,0x08A6E4F0,materialized_code_pointer
sub_08A6E504,0x08A6E504,materialized_code_pointer
sub_08A6E514,0x08A6E514,materialized_code_pointer
sub_08A6E520,0x08A6E520,materialized_code_pointer
sub_08A6E530,0x08A6E530,materialized_code_pointer
sub_08A6E544,0x08A6E544,materialized_code_pointer
sub_08A6E558,0x08A6E558,materialized_code_pointer
sub_08A6E568,0x08A6E568,materialized_code_pointer
sub_08A6E578,0x08A6E578,materialized_code_pointer
sub_08A6E58C,0x08A6E58C,materialized_code_pointer
sub_08A6E59C,0x08A6E59C,materialized_code_pointer
sub_08A6E5AC,0x08A6E5AC,materialized_code_pointer
sub_08A6E5C0,0x08A6E5C0,materialized_code_pointer
sub_08A6E5D4,0x08A6E5D4,materialized_code_pointer
sub_08A6E5EC,0x08A6E5EC,materialized_code_pointer
sub_08A6E608,0x08A6E608,materialized_code_pointer
sub_08A6E61C,0x08A6E61C,materialized_code_pointer
sub_08A6E630,0x08A6E630,materialized_code_pointer
sub_08A6E64C,0x08A6E64C,materialized_code_pointer
sub_08A6E660,0x08A6E660,materialized_code_pointer
sub_08A6E678,0x08A6E678,materialized_code_pointer
sub_08A6E688,0x08A6E688,materialized_code_pointer
sub_08A6E698,0x08A6E698,materialized_code_pointer
sub_08A6E6AC,0x08A6E6AC,materialized_code_pointer
sub_08A6E6BC,0x08A6E6BC,materialized_code_pointer
sub_08A6E6D4,0x08A6E6D4,materialized_code_pointer
sub_08A6E6EC,0x08A6E6EC,materialized_code_pointer
sub_08A6E704,0x08A6E704,materialized_code_pointer
sub_08A6E71C,0x08A6E71C,materialized_code_pointer
sub_08A6E734,0x08A6E734,materialized_code_pointer
sub_08A6E750,0x08A6E750,materialized_code_pointer
sub_08A6E768,0x08A6E768,materialized_code_pointer
sub_08A6E780,0x08A6E780,materialized_code_pointer
sub_08A6E794,0x08A6E794,materialized_code_pointer
sub_08A6E7B0,0x08A6E7B0,materialized_code_pointer
sub_08A6E7C8,0x08A6E7C8,materialized_code_pointer
sub_08A6E7E0,0x08A6E7E0,materialized_code_pointer
sub_08A6E810,0x08A6E810,materialized_code_pointer
sub_08A6E820,0x08A6E820,materialized_code_pointer
sub_08A6E838,0x08A6E838,materialized_code_pointer
sub_08A6E850,0x08A6E850,materialized_code_pointer
sub_08A6E868,0x08A6E868,materialized_code_pointer
sub_08A6E880,0x08A6E880,materialized_code_pointer
sub_08A6E894,0x08A6E894,materialized_code_pointer
sub_08A6E8AC,0x08A6E8AC,materialized_code_pointer
sub_08A6E8C0,0x08A6E8C0,materialized_code_pointer
sub_08A6E8D8,0x08A6E8D8,materialized_code_pointer
sub_08A6E8F0,0x08A6E8F0,materialized_code_pointer
sub_08A6E904,0x08A6E904,materialized_code_pointer
sub_08A6E910,0x08A6E910,materialized_code_pointer
sub_08A6E928,0x08A6E928,materialized_code_pointer
sub_08A6E938,0x08A6E938,materialized_code_pointer
sub_08A6E948,0x08A6E948,materialized_code_pointer
sub_08A6E958,0x08A6E958,materialized_code_pointer
sub_08A6E968,0x08A6E968,materialized_code_pointer
sub_08A6E978,0x08A6E978,materialized_code_pointer
sub_08A6E984,0x08A6E984,materialized_code_pointer
sub_08A6E994,0x08A6E994,materialized_code_pointer
sub_08A6E9A4,0x08A6E9A4,materialized_code_pointer
sub_08A6E9B8,0x08A6E9B8,materialized_code_pointer
sub_08A6E9CC,0x08A6E9CC,materialized_code_pointer
sub_08A6E9DC,0x08A6E9DC,materialized_code_pointer
sub_08A6E9EC,0x08A6E9EC,materialized_code_pointer
sub_08A6E9FC,0x08A6E9FC,materialized_code_pointer
sub_08A6EA14,0x08A6EA14,materialized_code_pointer
sub_08A6EA2C,0x08A6EA2C,materialized_code_pointer
sub_08A6EA3C,0x08A6EA3C,materialized_code_pointer
sub_08A6EA4C,0x08A6EA4C,materialized_code_pointer
sub_08A6EA60,0x08A6EA60,materialized_code_pointer
sub_08A6EA70,0x08A6EA70,materialized_code_pointer
sub_08A6EA84,0x08A6EA84,materialized_code_pointer
sub_08A6EA98,0x08A6EA98,materialized_code_pointer
sub_08A6EAAC,0x08A6EAAC,materialized_code_pointer
sub_08A6EAC0,0x08A6EAC0,materialized_code_pointer
sub_08A6EAD8,0x08A6EAD8,materialized_code_pointer
sub_08A6EAEC,0x08A6EAEC,materialized_code_pointer
sub_08A6EB00,0x08A6EB00,materialized_code_pointer
sub_08A6EB2C,0x08A6EB2C,materialized_code_pointer
sub_08A6EB58,0x08A6EB58,materialized_code_pointer
sub_08A6EB60,0x08A6EB60,materialized_code_pointer
sub_08A6EB68,0x08A6EB68,materialized_code_pointer
sub_08A6EB90,0x08A6EB90,materialized_code_pointer
sub_08A6EBC8,0x08A6EBC8,materialized_code_pointer
sub_08A6EBF4,0x08A6EBF4,materialized_code_pointer
sub_08A6EBFC,0x08A6EBFC,materialized_code_pointer
sub_08A6EC0C,0x08A6EC0C,materialized_code_pointer
sub_08A6EC18,0x08A6EC18,materialized_code_pointer
sub_08A6EC20,0x08A6EC20,materialized_code_pointer
sub_08A6EC50,0x08A6EC50,materialized_code_pointer
sub_08A6EC88,0x08A6EC88,materialized_code_pointer
sub_08A6ECB4,0x08A6ECB4,materialized_code_pointer
sub_08A6ECE0,0x08A6ECE0,materialized_code_pointer
sub_08A6ECE8,0x08A6ECE8,materialized_code_pointer
sub_08A6ECF0,0x08A6ECF0,materialized_code_pointer
sub_08A6ECFC,0x08A6ECFC,materialized_code_pointer
sub_08A6ED08,0x08A6ED08,materialized_code_pointer
sub_08A6ED14,0x08A6ED14,materialized_code_pointer
sub_08A6ED1C,0x08A6ED1C,materialized_code_pointer
sub_08A6ED28,0x08A6ED28,materialized_code_pointer
sub_08A6ED38,0x08A6ED38,materialized_code_pointer
sub_08A6ED48,0x08A6ED48,materialized_code_pointer
sub_08A6ED50,0x08A6ED50,materialized_code_pointer
sub_08A6ED64,0x08A6ED64,materialized_code_pointer
sub_08A6ED88,0x08A6ED88,materialized_code_pointer
sub_08A6EDBC,0x08A6EDBC,materialized_code_pointer
sub_08A6EDE8,0x08A6EDE8,materialized_code_pointer
sub_08A6EE14,0x08A6EE14,materialized_code_pointer
sub_08A6EE34,0x08A6EE34,materialized_code_pointer
sub_08A6EE48,0x08A6EE48,materialized_code_pointer
sub_08A6EE50,0x08A6EE50,materialized_code_pointer
sub_08A6EE58,0x08A6EE58,materialized_code_pointer
sub_08A6EE64,0x08A6EE64,materialized_code_pointer
sub_08A6EE70,0x08A6EE70,materialized_code_pointer
sub_08A6EE78,0x08A6EE78,materialized_code_pointer
sub_08A6EE84,0x08A6EE84,materialized_code_pointer
sub_08A6EE90,0x08A6EE90,materialized_code_pointer
sub_08A6EE9C,0x08A6EE9C,materialized_code_pointer
sub_08A6EEAC,0x08A6EEAC,materialized_code_pointer
sub_08A6EEB4,0x08A6EEB4,materialized_code_pointer
sub_08A6EEBC,0x08A6EEBC,materialized_code_pointer
sub_08A6EEC8,0x08A6EEC8,materialized_code_pointer
sub_08A6EED4,0x08A6EED4,materialized_code_pointer
sub_08A6EEDC,0x08A6EEDC,materialized_code_pointer
sub_08A6EF14,0x08A6EF14,materialized_code_pointer
sub_08A6EF50,0x08A6EF50,materialized_code_pointer
sub_08A6F00C,0x08A6F00C,materialized_code_pointer
sub_08A6F038,0x08A6F038,materialized_code_pointer
sub_08A6F064,0x08A6F064,materialized_code_pointer
sub_08A6F0A0,0x08A6F0A0,materialized_code_pointer
sub_08A6F0EC,0x08A6F0EC,materialized_code_pointer
sub_08A6F0F8,0x08A6F0F8,materialized_code_pointer
sub_08A6F0FC,0x08A6F0FC,materialized_code_pointer
sub_08A6F10C,0x08A6F10C,materialized_code_pointer
sub_08A6F110,0x08A6F110,materialized_code_pointer
sub_08A6F13C,0x08A6F13C,materialized_code_pointer
sub_08A6F168,0x08A6F168,materialized_code_pointer
sub_08A6F170,0x08A6F170,materialized_code_pointer
sub_08A6F180,0x08A6F180,materialized_code_pointer
sub_08A6F18C,0x08A6F18C,materialized_code_pointer
sub_08A6F1C0,0x08A6F1C0,materialized_code_pointer
sub_08A6F1F8,0x08A6F1F8,materialized_code_pointer
sub_08A6F230,0x08A6F230,materialized_code_pointer
sub_08A6F240,0x08A6F240,materialized_code_pointer
sub_08A6F27C,0x08A6F27C,materialized_code_pointer
sub_08A6F280,0x08A6F280,materialized_code_pointer
sub_08A6F288,0x08A6F288,materialized_code_pointer
sub_08A6F290,0x08A6F290,materialized_code_pointer
sub_08A6F298,0x08A6F298,materialized_code_pointer
sub_08A6F2A8,0x08A6F2A8,materialized_code_pointer
sub_08A6F2B4,0x08A6F2B4,materialized_code_pointer
sub_08A6F304,0x08A6F304,materialized_code_pointer
sub_08A6F420,0x08A6F420,materialized_code_pointer
sub_08A6F44C,0x08A6F44C,materialized_code_pointer
sub_08A6F478,0x08A6F478,materialized_code_pointer
sub_08A6F47C,0x08A6F47C,materialized_code_pointer
sub_08A6F4C8,0x08A6F4C8,materialized_code_pointer
sub_08A6F4DC,0x08A6F4DC,materialized_code_pointer
sub_08A6F4EC,0x08A6F4EC,materialized_code_pointer
sub_08A6F4FC,0x08A6F4FC,materialized_code_pointer
sub_08A6F504,0x08A6F504,materialized_code_pointer
sub_08A6F510,0x08A6F510,materialized_code_pointer
sub_08A6F51C,0x08A6F51C,materialized_code_pointer
sub_08A6F52C,0x08A6F52C,materialized_code_pointer
sub_08A6F53C,0x08A6F53C,materialized_code_pointer
sub_08A6F544,0x08A6F544,materialized_code_pointer
sub_08A6F574,0x08A6F574,materialized_code_pointer
sub_08A6F620,0x08A6F620,materialized_code_pointer
sub_08A6F64C,0x08A6F64C,materialized_code_pointer
sub_08A6F678,0x08A6F678,materialized_code_pointer
sub_08A6F67C,0x08A6F67C,materialized_code_pointer
sub_08A6F6C8,0x08A6F6C8,materialized_code_pointer
sub_08A6F6D8,0x08A6F6D8,materialized_code_pointer
sub_08A6F6E4,0x08A6F6E4,materialized_code_pointer
sub_08A6F6F8,0x08A6F6F8,materialized_code_pointer
sub_08A6F708,0x08A6F708,materialized_code_pointer
sub_08A6F710,0x08A6F710,materialized_code_pointer
sub_08A6F720,0x08A6F720,materialized_code_pointer
sub_08A6F798,0x08A6F798,materialized_code_pointer
sub_08A6F7D4,0x08A6F7D4,materialized_code_pointer
sub_08A6F830,0x08A6F830,materialized_code_pointer
sub_08A6F834,0x08A6F834,materialized_code_pointer
sub_08A6F838,0x08A6F838,materialized_code_pointer
sub_08A6F83C,0x08A6F83C,materialized_code_pointer
sub_08A6F840,0x08A6F840,materialized_code_pointer
sub_08A6F870,0x08A6F870,materialized_code_pointer
sub_08A6F89C,0x08A6F89C,materialized_code_pointer
sub_08A6F8C8,0x08A6F8C8,materialized_code_pointer
sub_08A6F8F4,0x08A6F8F4,materialized_code_pointer
sub_08A6F920,0x08A6F920,materialized_code_pointer
sub_08A6F924,0x08A6F924,materialized_code_pointer
sub_08A6F930,0x08A6F930,materialized_code_pointer
sub_08A6F940,0x08A6F940,materialized_code_pointer
sub_08A6F96C,0x08A6F96C,materialized_code_pointer
sub_08A6F998,0x08A6F998,materialized_code_pointer
sub_08A6F9C4,0x08A6F9C4,materialized_code_pointer
sub_08A6F9F0,0x08A6F9F0,materialized_code_pointer
sub_08A6FA0C,0x08A6FA0C,materialized_code_pointer
sub_08A6FA28,0x08A6FA28,materialized_code_pointer
sub_08A6FA34,0x08A6FA34,materialized_code_pointer
sub_08A6FA40,0x08A6FA40,materialized_code_pointer
sub_08A6FA4C,0x08A6FA4C,materialized_code_pointer
sub_08A6FA58,0x08A6FA58,materialized_code_pointer
sub_08A6FA60,0x08A6FA60,materialized_code_pointer
sub_08A6FA70,0x08A6FA70,materialized_code_pointer
sub_08A6FA7C,0x08A6FA7C,materialized_code_pointer
sub_08A6FA88,0x08A6FA88,materialized_code_pointer
sub_08A6FA90,0x08A6FA90,materialized_code_pointer
sub_08A6FA98,0x08A6FA98,materialized_code_pointer
sub_08A6FAA0,0x08A6FAA0,materialized_code_pointer
sub_08A6FAA8,0x08A6FAA8,materialized_code_pointer
sub_08A6FAD4,0x08A6FAD4,materialized_code_pointer
sub_08A6FB00,0x08A6FB00,materialized_code_pointer
sub_08A6FB04,0x08A6FB04,materialized_code_pointer
sub_08A6FB10,0x08A6FB10,materialized_code_pointer
sub_08A6FB1C,0x08A6FB1C,materialized_code_pointer
sub_08A6FB44,0x08A6FB44,materialized_code_pointer
sub_08A6FB6C,0x08A6FB6C,materialized_code_pointer
sub_08A6FB78,0x08A6FB78,materialized_code_pointer
sub_08A6FB84,0x08A6FB84,materialized_code_pointer
sub_08A6FB94,0x08A6FB94,materialized_code_pointer
sub_08A6FBA0,0x08A6FBA0,materialized_code_pointer
sub_08A6FBB0,0x08A6FBB0,materialized_code_pointer
sub_08A6FBC0,0x08A6FBC0,materialized_code_pointer
sub_08A6FBD0,0x08A6FBD0,materialized_code_pointer
sub_08A6FBD8,0x08A6FBD8,materialized_code_pointer
sub_08A6FBE4,0x08A6FBE4,materialized_code_pointer
sub_08A6FBF4,0x08A6FBF4,materialized_code_pointer
sub_08A6FC00,0x08A6FC00,materialized_code_pointer
sub_08A6FC08,0x08A6FC08,materialized_code_pointer
sub_08A6FC14,0x08A6FC14,materialized_code_pointer
sub_08A6FC1C,0x08A6FC1C,materialized_code_pointer
sub_08A6FC28,0x08A6FC28,materialized_code_pointer
sub_08A6FC34,0x08A6FC34,materialized_code_pointer
sub_08A6FC3C,0x08A6FC3C,materialized_code_pointer
sub_08A6FC68,0x08A6FC68,materialized_code_pointer
sub_08A6FC94,0x08A6FC94,materialized_code_pointer
sub_08A6FCA0,0x08A6FCA0,materialized_code_pointer
sub_08A6FCB0,0x08A6FCB0,materialized_code_pointer
sub_08A6FCBC,0x08A6FCBC,materialized_code_pointer
sub_08A6FCCC,0x08A6FCCC,materialized_code_pointer
sub_08A6FCD8,0x08A6FCD8,materialized_code_pointer
sub_08A6FCE4,0x08A6FCE4,materialized_code_pointer
sub_08A6FCF0,0x08A6FCF0,materialized_code_pointer
sub_08A6FCFC,0x08A6FCFC,materialized_code_pointer
sub_08A6FD28,0x08A6FD28,materialized_code_pointer
sub_08A6FD88,0x08A6FD88,materialized_code_pointer
sub_08A6FDA0,0x08A6FDA0,materialized_code_pointer
sub_08A6FDC4,0x08A6FDC4,materialized_code_pointer
sub_08A6FDDC,0x08A6FDDC,materialized_code_pointer
sub_08A6FDF0,0x08A6FDF0,materialized_code_pointer
sub_08A6FED8,0x08A6FED8,materialized_code_pointer
sub_08A6FF04,0x08A6FF04,materialized_code_pointer
sub_08A6FF30,0x08A6FF30,materialized_code_pointer
sub_08A6FF3C,0x08A6FF3C,materialized_code_pointer
sub_08A6FF5C,0x08A6FF5C,materialized_code_pointer
sub_08A6FF6C,0x08A6FF6C,materialized_code_pointer
sub_08A6FF78,0x08A6FF78,materialized_code_pointer
sub_08A6FF84,0x08A6FF84,materialized_code_pointer
sub_08A6FF94,0x08A6FF94,materialized_code_pointer
sub_08A6FFA0,0x08A6FFA0,materialized_code_pointer
sub_08A6FFAC,0x08A6FFAC,materialized_code_pointer
sub_08A6FFEC,0x08A6FFEC,materialized_code_pointer
sub_08A6FFF8,0x08A6FFF8,materialized_code_pointer
sub_08A70000,0x08A70000,materialized_code_pointer
sub_08A7000C,0x08A7000C,materialized_code_pointer
sub_08A70010,0x08A70010,materialized_code_pointer
sub_08A70018,0x08A70018,materialized_code_pointer
sub_08A70028,0x08A70028,materialized_code_pointer
sub_08A70034,0x08A70034,materialized_code_pointer
sub_08A7003C,0x08A7003C,materialized_code_pointer
sub_08A70048,0x08A70048,materialized_code_pointer
sub_08A70054,0x08A70054,materialized_code_pointer
sub_08A7006C,0x08A7006C,materialized_code_pointer
sub_08A70090,0x08A70090,materialized_code_pointer
sub_08A70098,0x08A70098,materialized_code_pointer
sub_08A700C4,0x08A700C4,materialized_code_pointer
sub_08A700F0,0x08A700F0,materialized_code_pointer
sub_08A70100,0x08A70100,materialized_code_pointer
sub_08A7011C,0x08A7011C,materialized_code_pointer
sub_08A70134,0x08A70134,materialized_code_pointer
sub_08A70158,0x08A70158,materialized_code_pointer
sub_08A70184,0x08A70184,materialized_code_pointer
sub_08A701B0,0x08A701B0,materialized_code_pointer
sub_08A701C0,0x08A701C0,materialized_code_pointer
sub_08A701CC,0x08A701CC,materialized_code_pointer
sub_08A701D4,0x08A701D4,materialized_code_pointer
sub_08A701E0,0x08A701E0,materialized_code_pointer
sub_08A701E8,0x08A701E8,materialized_code_pointer
sub_08A701FC,0x08A701FC,materialized_code_pointer
sub_08A70208,0x08A70208,materialized_code_pointer
sub_08A70238,0x08A70238,materialized_code_pointer
sub_08A70264,0x08A70264,materialized_code_pointer
sub_08A70294,0x08A70294,materialized_code_pointer
sub_08A702C8,0x08A702C8,materialized_code_pointer
sub_08A702FC,0x08A702FC,materialized_code_pointer
sub_08A70328,0x08A70328,materialized_code_pointer
sub_08A70354,0x08A70354,materialized_code_pointer
sub_08A70360,0x08A70360,materialized_code_pointer
sub_08A70374,0x08A70374,materialized_code_pointer
sub_08A7037C,0x08A7037C,materialized_code_pointer
sub_08A703A8,0x08A703A8,materialized_code_pointer
sub_08A703D4,0x08A703D4,materialized_code_pointer
sub_08A70400,0x08A70400,materialized_code_pointer
sub_08A7042C,0x08A7042C,materialized_code_pointer
sub_08A70458,0x08A70458,materialized_code_pointer
sub_08A70484,0x08A70484,materialized_code_pointer
sub_08A704B0,0x08A704B0,materialized_code_pointer
sub_08A704DC,0x08A704DC,materialized_code_pointer
sub_08A70500,0x08A70500,materialized_code_pointer
sub_08A70544,0x08A70544,materialized_code_pointer
sub_08A70548,0x08A70548,materialized_code_pointer
sub_08A70550,0x08A70550,materialized_code_pointer
sub_08A70580,0x08A70580,materialized_code_pointer
sub_08A705C8,0x08A705C8,materialized_code_pointer
sub_08A705E8,0x08A705E8,materialized_code_pointer
sub_08A705FC,0x08A705FC,materialized_code_pointer
sub_08A70628,0x08A70628,materialized_code_pointer
sub_08A70654,0x08A70654,materialized_code_pointer
sub_08A7065C,0x08A7065C,materialized_code_pointer
sub_08A70664,0x08A70664,materialized_code_pointer
sub_08A7066C,0x08A7066C,materialized_code_pointer
sub_08A70678,0x08A70678,materialized_code_pointer
sub_08A70690,0x08A70690,materialized_code_pointer
sub_08A706BC,0x08A706BC,materialized_code_pointer
sub_08A706E8,0x08A706E8,materialized_code_pointer
sub_08A70724,0x08A70724,materialized_code_pointer
sub_08A7075C,0x08A7075C,materialized_code_pointer
sub_08A707A0,0x08A707A0,materialized_code_pointer
sub_08A707C0,0x08A707C0,materialized_code_pointer
sub_08A707E0,0x08A707E0,materialized_code_pointer
sub_08A7080C,0x08A7080C,materialized_code_pointer
sub_08A70838,0x08A70838,materialized_code_pointer
sub_08A70864,0x08A70864,materialized_code_pointer
sub_08A70890,0x08A70890,materialized_code_pointer
sub_08A708BC,0x08A708BC,materialized_code_pointer
sub_08A708E8,0x08A708E8,materialized_code_pointer
sub_08A708F0,0x08A708F0,materialized_code_pointer
sub_08A708F8,0x08A708F8,materialized_code_pointer
sub_08A70904,0x08A70904,materialized_code_pointer
sub_08A70930,0x08A70930,materialized_code_pointer
sub_08A7095C,0x08A7095C,materialized_code_pointer
sub_08A70994,0x08A70994,materialized_code_pointer
sub_08A70A60,0x08A70A60,materialized_code_pointer
sub_08A70A78,0x08A70A78,materialized_code_pointer
sub_08A70AA4,0x08A70AA4,materialized_code_pointer
sub_08A70AD0,0x08A70AD0,materialized_code_pointer
sub_08A70B00,0x08A70B00,materialized_code_pointer
sub_08A70B0C,0x08A70B0C,materialized_code_pointer
sub_08A70B18,0x08A70B18,materialized_code_pointer
sub_08A70B24,0x08A70B24,materialized_code_pointer
sub_08A70B2C,0x08A70B2C,materialized_code_pointer
sub_08A70B30,0x08A70B30,materialized_code_pointer
sub_08A70B38,0x08A70B38,materialized_code_pointer
sub_08A70B40,0x08A70B40,materialized_code_pointer
sub_08A70B48,0x08A70B48,materialized_code_pointer
sub_08A70B4C,0x08A70B4C,materialized_code_pointer
sub_08A70B58,0x08A70B58,materialized_code_pointer
sub_08A70B5C,0x08A70B5C,materialized_code_pointer
sub_08A70B60,0x08A70B60,materialized_code_pointer
sub_08A70B68,0x08A70B68,materialized_code_pointer
sub_08A70B74,0x08A70B74,materialized_code_pointer
sub_08A70B80,0x08A70B80,materialized_code_pointer
sub_08A70B88,0x08A70B88,materialized_code_pointer
sub_08A70B90,0x08A70B90,materialized_code_pointer
sub_08A70B94,0x08A70B94,materialized_code_pointer
sub_08A70BC4,0x08A70BC4,materialized_code_pointer
sub_08A70BE0,0x08A70BE0,materialized_code_pointer
sub_08A70C04,0x08A70C04,materialized_code_pointer
sub_08A70C30,0x08A70C30,materialized_code_pointer
sub_08A70C5C,0x08A70C5C,materialized_code_pointer
sub_08A70C7C,0x08A70C7C,materialized_code_pointer
sub_08A70C9C,0x08A70C9C,materialized_code_pointer
sub_08A70CDC,0x08A70CDC,materialized_code_pointer
sub_08A70D04,0x08A70D04,materialized_code_pointer
sub_08A70D10,0x08A70D10,materialized_code_pointer
sub_08A70D24,0x08A70D24,materialized_code_pointer
sub_08A70D6C,0x08A70D6C,materialized_code_pointer
sub_08A70D98,0x08A70D98,materialized_code_pointer
sub_08A70E64,0x08A70E64,materialized_code_pointer
sub_08A70E80,0x08A70E80,materialized_code_pointer
sub_08A70EAC,0x08A70EAC,materialized_code_pointer
sub_08A70ED8,0x08A70ED8,materialized_code_pointer
sub_08A70F28,0x08A70F28,materialized_code_pointer
sub_08A70F58,0x08A70F58,materialized_code_pointer
sub_08A70F84,0x08A70F84,materialized_code_pointer
sub_08A70FB0,0x08A70FB0,materialized_code_pointer
sub_08A70FDC,0x08A70FDC,materialized_code_pointer
sub_08A71008,0x08A71008,materialized_code_pointer
sub_08A71010,0x08A71010,materialized_code_pointer
sub_08A7103C,0x08A7103C,materialized_code_pointer
sub_08A71068,0x08A71068,materialized_code_pointer
sub_08A7109C,0x08A7109C,materialized_code_pointer
sub_08A710A4,0x08A710A4,materialized_code_pointer
sub_08A710B8,0x08A710B8,materialized_code_pointer
sub_08A710D0,0x08A710D0,materialized_code_pointer
sub_08A710D8,0x08A710D8,materialized_code_pointer
sub_08A710E0,0x08A710E0,materialized_code_pointer
sub_08A710F0,0x08A710F0,materialized_code_pointer
sub_08A710F8,0x08A710F8,materialized_code_pointer
sub_08A71100,0x08A71100,materialized_code_pointer
sub_08A71140,0x08A71140,materialized_code_pointer
sub_08A71174,0x08A71174,materialized_code_pointer
sub_08A711A0,0x08A711A0,materialized_code_pointer
sub_08A711CC,0x08A711CC,materialized_code_pointer
sub_08A711F8,0x08A711F8,materialized_code_pointer
sub_08A71224,0x08A71224,materialized_code_pointer
sub_08A71264,0x08A71264,materialized_code_pointer
sub_08A712A4,0x08A712A4,materialized_code_pointer
sub_08A712AC,0x08A712AC,materialized_code_pointer
sub_08A712B8,0x08A712B8,materialized_code_pointer
sub_08A712C4,0x08A712C4,materialized_code_pointer
sub_08A712D0,0x08A712D0,materialized_code_pointer
sub_08A712D8,0x08A712D8,materialized_code_pointer
sub_08A712DC,0x08A712DC,materialized_code_pointer
sub_08A712E4,0x08A712E4,materialized_code_pointer
sub_08A712EC,0x08A712EC,materialized_code_pointer
sub_08A712F4,0x08A712F4,materialized_code_pointer
sub_08A712F8,0x08A712F8,materialized_code_pointer
sub_08A71304,0x08A71304,materialized_code_pointer
sub_08A71308,0x08A71308,materialized_code_pointer
sub_08A7130C,0x08A7130C,materialized_code_pointer
sub_08A71318,0x08A71318,materialized_code_pointer
sub_08A7131C,0x08A7131C,materialized_code_pointer
sub_08A71320,0x08A71320,materialized_code_pointer
sub_08A71328,0x08A71328,materialized_code_pointer
sub_08A71334,0x08A71334,materialized_code_pointer
sub_08A71340,0x08A71340,materialized_code_pointer
sub_08A71348,0x08A71348,materialized_code_pointer
sub_08A71350,0x08A71350,materialized_code_pointer
sub_08A71354,0x08A71354,materialized_code_pointer
sub_08A71370,0x08A71370,materialized_code_pointer
sub_08A71378,0x08A71378,materialized_code_pointer
sub_08A7138C,0x08A7138C,materialized_code_pointer
sub_08A713C0,0x08A713C0,materialized_code_pointer
sub_08A713EC,0x08A713EC,materialized_code_pointer
sub_08A71418,0x08A71418,materialized_code_pointer
sub_08A714D8,0x08A714D8,materialized_code_pointer
sub_08A714DC,0x08A714DC,materialized_code_pointer
sub_08A71508,0x08A71508,materialized_code_pointer
sub_08A71534,0x08A71534,materialized_code_pointer
sub_08A7153C,0x08A7153C,materialized_code_pointer
sub_08A71544,0x08A71544,materialized_code_pointer
sub_08A71554,0x08A71554,materialized_code_pointer
sub_08A71564,0x08A71564,materialized_code_pointer
sub_08A7156C,0x08A7156C,materialized_code_pointer
sub_08A7157C,0x08A7157C,materialized_code_pointer
sub_08A7158C,0x08A7158C,materialized_code_pointer
sub_08A715B8,0x08A715B8,materialized_code_pointer
sub_08A715E4,0x08A715E4,materialized_code_pointer
sub_08A71610,0x08A71610,materialized_code_pointer
sub_08A7163C,0x08A7163C,materialized_code_pointer
sub_08A71684,0x08A71684,materialized_code_pointer
sub_08A71694,0x08A71694,materialized_code_pointer
sub_08A7169C,0x08A7169C,materialized_code_pointer
sub_08A716A0,0x08A716A0,materialized_code_pointer
sub_08A716A8,0x08A716A8,materialized_code_pointer
sub_08A716AC,0x08A716AC,materialized_code_pointer
sub_08A716B8,0x08A716B8,materialized_code_pointer
sub_08A716C0,0x08A716C0,materialized_code_pointer
sub_08A716C8,0x08A716C8,materialized_code_pointer
sub_08A716D0,0x08A716D0,materialized_code_pointer
sub_08A716D8,0x08A716D8,materialized_code_pointer
sub_08A716E0,0x08A716E0,materialized_code_pointer
sub_08A716E8,0x08A716E8,materialized_code_pointer
sub_08A716F0,0x08A716F0,materialized_code_pointer
sub_08A716F8,0x08A716F8,materialized_code_pointer
sub_08A71724,0x08A71724,materialized_code_pointer
sub_08A71750,0x08A71750,materialized_code_pointer
sub_08A71758,0x08A71758,materialized_code_pointer
sub_08A71778,0x08A71778,materialized_code_pointer
sub_08A717A4,0x08A717A4,materialized_code_pointer
sub_08A717D0,0x08A717D0,materialized_code_pointer
sub_08A71818,0x08A71818,materialized_code_pointer
sub_08A71844,0x08A71844,materialized_code_pointer
sub_08A71870,0x08A71870,materialized_code_pointer
sub_08A7189C,0x08A7189C,materialized_code_pointer
sub_08A718DC,0x08A718DC,materialized_code_pointer
sub_08A71908,0x08A71908,materialized_code_pointer
sub_08A71934,0x08A71934,materialized_code_pointer
sub_08A71960,0x08A71960,materialized_code_pointer
sub_08A7198C,0x08A7198C,materialized_code_pointer
sub_08A71998,0x08A71998,materialized_code_pointer
sub_08A719A4,0x08A719A4,materialized_code_pointer
sub_08A719B0,0x08A719B0,materialized_code_pointer
sub_08A719BC,0x08A719BC,materialized_code_pointer
sub_08A719C8,0x08A719C8,materialized_code_pointer
sub_08A719DC,0x08A719DC,materialized_code_pointer
sub_08A719F0,0x08A719F0,materialized_code_pointer
sub_08A71A04,0x08A71A04,materialized_code_pointer
sub_08A71A14,0x08A71A14,materialized_code_pointer
sub_08A71A24,0x08A71A24,materialized_code_pointer
sub_08A71A50,0x08A71A50,materialized_code_pointer
sub_08A71A7C,0x08A71A7C,materialized_code_pointer
sub_08A71AA8,0x08A71AA8,materialized_code_pointer
sub_08A71AD4,0x08A71AD4,materialized_code_pointer
sub_08A71B00,0x08A71B00,materialized_code_pointer
sub_08A71B2C,0x08A71B2C,materialized_code_pointer
sub_08A71B34,0x08A71B34,materialized_code_pointer
sub_08A71B40,0x08A71B40,materialized_code_pointer
sub_08A71B64,0x08A71B64,materialized_code_pointer
sub_08A71B68,0x08A71B68,materialized_code_pointer
sub_08A71B80,0x08A71B80,materialized_code_pointer
sub_08A71BBC,0x08A71BBC,materialized_code_pointer
sub_08A71BD8,0x08A71BD8,materialized_code_pointer
sub_08A71C44,0x08A71C44,materialized_code_pointer
sub_08A71C74,0x08A71C74,materialized_code_pointer
sub_08A71CA8,0x08A71CA8,materialized_code_pointer
sub_08A71CD8,0x08A71CD8,materialized_code_pointer
sub_08A71D00,0x08A71D00,materialized_code_pointer
sub_08A71D34,0x08A71D34,materialized_code_pointer
sub_08A71D7C,0x08A71D7C,materialized_code_pointer
sub_08A71D9C,0x08A71D9C,materialized_code_pointer
sub_08A71DA0,0x08A71DA0,materialized_code_pointer
sub_08A71DA4,0x08A71DA4,materialized_code_pointer
sub_08A71DA8,0x08A71DA8,materialized_code_pointer
sub_08A71DD8,0x08A71DD8,materialized_code_pointer
sub_08A71E04,0x08A71E04,materialized_code_pointer
sub_08A71E34,0x08A71E34,materialized_code_pointer
sub_08A71E64,0x08A71E64,materialized_code_pointer
sub_08A71E80,0x08A71E80,materialized_code_pointer
sub_08A71EAC,0x08A71EAC,materialized_code_pointer
sub_08A71ED8,0x08A71ED8,materialized_code_pointer
sub_08A71EDC,0x08A71EDC,materialized_code_pointer
sub_08A71F1C,0x08A71F1C,materialized_code_pointer
sub_08A71F48,0x08A71F48,materialized_code_pointer
sub_08A71F74,0x08A71F74,materialized_code_pointer
sub_08A71F90,0x08A71F90,materialized_code_pointer
sub_08A71F94,0x08A71F94,materialized_code_pointer
sub_08A72044,0x08A72044,materialized_code_pointer
sub_08A720D8,0x08A720D8,materialized_code_pointer
sub_08A720F0,0x08A720F0,materialized_code_pointer
sub_08A72130,0x08A72130,materialized_code_pointer
sub_08A7218C,0x08A7218C,materialized_code_pointer
sub_08A721B0,0x08A721B0,materialized_code_pointer
sub_08A721FC,0x08A721FC,materialized_code_pointer
sub_08A72230,0x08A72230,materialized_code_pointer
sub_08A72254,0x08A72254,materialized_code_pointer
sub_08A72270,0x08A72270,materialized_code_pointer
sub_08A7228C,0x08A7228C,materialized_code_pointer
sub_08A722A0,0x08A722A0,materialized_code_pointer
sub_08A722B8,0x08A722B8,materialized_code_pointer
sub_08A722C8,0x08A722C8,materialized_code_pointer
sub_08A722E0,0x08A722E0,materialized_code_pointer
sub_08A72300,0x08A72300,materialized_code_pointer
sub_08A72314,0x08A72314,materialized_code_pointer
sub_08A72328,0x08A72328,materialized_code_pointer
sub_08A72338,0x08A72338,materialized_code_pointer
sub_08A72364,0x08A72364,materialized_code_pointer
sub_08A72390,0x08A72390,materialized_code_pointer
sub_08A723D0,0x08A723D0,materialized_code_pointer
sub_08A723F0,0x08A723F0,materialized_code_pointer
sub_08A723F4,0x08A723F4,relocated_data_code_pointer
sub_08A72400,0x08A72400,relocated_data_code_pointer
sub_08A72408,0x08A72408,relocated_data_code_pointer
sub_08A7240C,0x08A7240C,relocated_data_code_pointer
sub_08A72418,0x08A72418,relocated_data_code_pointer
sub_08A72420,0x08A72420,relocated_data_code_pointer
sub_08A72428,0x08A72428,relocated_data_code_pointer
sub_08A72430,0x08A72430,relocated_data_code_pointer
sub_08A72438,0x08A72438,relocated_data_code_pointer
sub_08A72440,0x08A72440,relocated_data_code_pointer
sub_08A7244C,0x08A7244C,relocated_data_code_pointer
sub_08A72458,0x08A72458,relocated_data_code_pointer
sub_08A72460,0x08A72460,materialized_code_pointer
sub_08A724F8,0x08A724F8,materialized_code_pointer
sub_08A72500,0x08A72500,materialized_code_pointer
sub_08A7250C,0x08A7250C,materialized_code_pointer
sub_08A72518,0x08A72518,materialized_code_pointer
sub_08A7251C,0x08A7251C,materialized_code_pointer
sub_08A72520,0x08A72520,materialized_code_pointer
sub_08A72524,0x08A72524,materialized_code_pointer
sub_08A72534,0x08A72534,materialized_code_pointer
sub_08A72538,0x08A72538,relocated_r_mips32_code_pointer
sub_08A7253C,0x08A7253C,relocated_r_mips32_code_pointer
sub_08A72540,0x08A72540,relocated_r_mips32_code_pointer
sub_08A72544,0x08A72544,relocated_r_mips32_code_pointer
sub_08A72548,0x08A72548,materialized_code_pointer
sub_08A7254C,0x08A7254C,materialized_code_pointer
sub_08A72560,0x08A72560,materialized_code_pointer
sub_08A72574,0x08A72574,materialized_code_pointer
sub_08A72588,0x08A72588,materialized_code_pointer
sub_08A7259C,0x08A7259C,materialized_code_pointer
sub_08A725B0,0x08A725B0,materialized_code_pointer
sub_08A725E4,0x08A725E4,materialized_code_pointer
sub_08A72604,0x08A72604,materialized_code_pointer
sub_08A72614,0x08A72614,materialized_code_pointer
sub_08A72630,0x08A72630,materialized_code_pointer
sub_08A72654,0x08A72654,materialized_code_pointer
sub_08A72670,0x08A72670,materialized_code_pointer
sub_08A72688,0x08A72688,materialized_code_pointer
sub_08A72698,0x08A72698,materialized_code_pointer
sub_08A726A4,0x08A726A4,materialized_code_pointer
sub_08A726CC,0x08A726CC,materialized_code_pointer
sub_08A726FC,0x08A726FC,materialized_code_pointer
sub_08A72718,0x08A72718,materialized_code_pointer
sub_08A72738,0x08A72738,materialized_code_pointer
sub_08A7276C,0x08A7276C,materialized_code_pointer
sub_08A72770,0x08A72770,materialized_code_pointer
sub_08A7277C,0x08A7277C,materialized_code_pointer
sub_08A727AC,0x08A727AC,materialized_code_pointer
sub_08A727B0,0x08A727B0,relocated_r_mips32_code_pointer
sub_08A727C0,0x08A727C0,relocated_r_mips32_code_pointer
sub_08A727CC,0x08A727CC,relocated_r_mips32_code_pointer
sub_08A727E0,0x08A727E0,relocated_r_mips32_code_pointer
sub_08A727F0,0x08A727F0,relocated_r_mips32_code_pointer
sub_08A727FC,0x08A727FC,relocated_r_mips32_code_pointer
sub_08A72844,0x08A72844,relocated_r_mips32_code_pointer
sub_08A72854,0x08A72854,relocated_r_mips32_code_pointer
sub_08A72888,0x08A72888,relocated_r_mips32_code_pointer
sub_08A72898,0x08A72898,relocated_r_mips32_code_pointer
sub_08A728A8,0x08A728A8,relocated_r_mips32_code_pointer
sub_08A728DC,0x08A728DC,relocated_r_mips32_code_pointer
sub_08A728EC,0x08A728EC,relocated_r_mips32_code_pointer
sub_08A728FC,0x08A728FC,relocated_r_mips32_code_pointer
sub_08A72930,0x08A72930,relocated_r_mips32_code_pointer
sub_08A72940,0x08A72940,relocated_r_mips32_code_pointer
sub_08A72944,0x08A72944,relocated_r_mips32_code_pointer
sub_08A72948,0x08A72948,relocated_r_mips32_code_pointer
sub_08A7294C,0x08A7294C,relocated_r_mips32_code_pointer
sub_08A72950,0x08A72950,relocated_r_mips32_code_pointer
sub_08A72954,0x08A72954,relocated_r_mips32_code_pointer
sub_08A72958,0x08A72958,relocated_r_mips32_code_pointer
sub_08A7295C,0x08A7295C,relocated_r_mips32_code_pointer
sub_08A72960,0x08A72960,relocated_r_mips32_code_pointer
sub_08A72964,0x08A72964,relocated_r_mips32_code_pointer
sub_08A72968,0x08A72968,relocated_r_mips32_code_pointer
sub_08A7296C,0x08A7296C,relocated_r_mips32_code_pointer
sub_08A72970,0x08A72970,relocated_r_mips32_code_pointer
sub_08A72974,0x08A72974,relocated_r_mips32_code_pointer
sub_08A72978,0x08A72978,relocated_r_mips32_code_pointer
sub_08A7297C,0x08A7297C,relocated_r_mips32_code_pointer
sub_08A72980,0x08A72980,relocated_r_mips32_code_pointer
sub_08A72984,0x08A72984,relocated_r_mips32_code_pointer
sub_08A72988,0x08A72988,relocated_r_mips32_code_pointer
sub_08A72994,0x08A72994,relocated_r_mips32_code_pointer
sub_08A72998,0x08A72998,relocated_r_mips32_code_pointer
sub_08A7299C,0x08A7299C,relocated_r_mips32_code_pointer
sub_08A729A0,0x08A729A0,relocated_r_mips32_code_pointer
sub_08A729A8,0x08A729A8,relocated_r_mips32_code_pointer
sub_08A729AC,0x08A729AC,relocated_r_mips32_code_pointer
sub_08A729B0,0x08A729B0,relocated_r_mips32_code_pointer
sub_08A729B4,0x08A729B4,relocated_r_mips32_code_pointer
sub_08A729B8,0x08A729B8,relocated_r_mips32_code_pointer
sub_08A729BC,0x08A729BC,relocated_r_mips32_code_pointer
sub_08A729C0,0x08A729C0,relocated_r_mips32_code_pointer
sub_08A729C4,0x08A729C4,relocated_r_mips32_code_pointer
sub_08A729C8,0x08A729C8,relocated_r_mips32_code_pointer
sub_08A729CC,0x08A729CC,relocated_r_mips32_code_pointer
sub_08A729D0,0x08A729D0,relocated_r_mips32_code_pointer
sub_08A729D4,0x08A729D4,relocated_r_mips32_code_pointer
sub_08A729D8,0x08A729D8,relocated_r_mips32_code_pointer
sub_08A729DC,0x08A729DC,relocated_r_mips32_code_pointer
sub_08A729E0,0x08A729E0,relocated_r_mips32_code_pointer
sub_08A729E4,0x08A729E4,relocated_r_mips32_code_pointer
sub_08A729E8,0x08A729E8,relocated_r_mips32_code_pointer
sub_08A729EC,0x08A729EC,relocated_r_mips32_code_pointer
sub_08A729F0,0x08A729F0,relocated_r_mips32_code_pointer
sub_08A729F4,0x08A729F4,relocated_r_mips32_code_pointer
sub_08A729F8,0x08A729F8,relocated_r_mips32_code_pointer
sub_08A729FC,0x08A729FC,relocated_r_mips32_code_pointer
sub_08A72A00,0x08A72A00,relocated_r_mips32_code_pointer
sub_08A72A04,0x08A72A04,relocated_r_mips32_code_pointer
sub_08A72A08,0x08A72A08,relocated_r_mips32_code_pointer
sub_08A72A0C,0x08A72A0C,relocated_r_mips32_code_pointer
sub_08A72A10,0x08A72A10,relocated_r_mips32_code_pointer
sub_08A72A14,0x08A72A14,relocated_r_mips32_code_pointer
sub_08A72A18,0x08A72A18,relocated_r_mips32_code_pointer
sub_08A72A1C,0x08A72A1C,relocated_r_mips32_code_pointer
sub_08A72A20,0x08A72A20,relocated_r_mips32_code_pointer
sub_08A72A24,0x08A72A24,relocated_r_mips32_code_pointer
sub_08A72A28,0x08A72A28,relocated_r_mips32_code_pointer
sub_08A72A30,0x08A72A30,relocated_r_mips32_code_pointer
sub_08A72A34,0x08A72A34,relocated_r_mips32_code_pointer
sub_08A72A38,0x08A72A38,relocated_r_mips32_code_pointer
sub_08A72A3C,0x08A72A3C,relocated_r_mips32_code_pointer
sub_08A72A40,0x08A72A40,relocated_r_mips32_code_pointer
sub_08A72A44,0x08A72A44,relocated_r_mips32_code_pointer
sub_08A72A48,0x08A72A48,relocated_r_mips32_code_pointer
sub_08A72A4C,0x08A72A4C,relocated_r_mips32_code_pointer
sub_08A72A50,0x08A72A50,relocated_r_mips32_code_pointer
sub_08A72A54,0x08A72A54,relocated_r_mips32_code_pointer
sub_08A72A58,0x08A72A58,relocated_r_mips32_code_pointer
sub_08A72A5C,0x08A72A5C,relocated_r_mips32_code_pointer
sub_08A72A60,0x08A72A60,relocated_r_mips32_code_pointer
sub_08A72A64,0x08A72A64,relocated_r_mips32_code_pointer
sub_08A72A68,0x08A72A68,relocated_r_mips32_code_pointer
sub_08A72A6C,0x08A72A6C,relocated_r_mips32_code_pointer
sub_08A72A70,0x08A72A70,relocated_r_mips32_code_pointer
sub_08A72A74,0x08A72A74,relocated_r_mips32_code_pointer
sub_08A72A78,0x08A72A78,relocated_r_mips32_code_pointer
sub_08A72A7C,0x08A72A7C,relocated_r_mips32_code_pointer
sub_08A72A80,0x08A72A80,relocated_r_mips32_code_pointer
sub_08A72A84,0x08A72A84,relocated_r_mips32_code_pointer
sub_08A72A88,0x08A72A88,relocated_r_mips32_code_pointer
sub_08A72A8C,0x08A72A8C,relocated_r_mips32_code_pointer
sub_08A72A90,0x08A72A90,relocated_r_mips32_code_pointer
sub_08A72A94,0x08A72A94,relocated_r_mips32_code_pointer
sub_08A72A98,0x08A72A98,relocated_r_mips32_code_pointer
sub_08A72A9C,0x08A72A9C,relocated_r_mips32_code_pointer
sub_08A72AA0,0x08A72AA0,relocated_r_mips32_code_pointer
sub_08A72AA4,0x08A72AA4,relocated_r_mips32_code_pointer
sub_08A72AA8,0x08A72AA8,relocated_r_mips32_code_pointer
sub_08A72AAC,0x08A72AAC,relocated_r_mips32_code_pointer
sub_08A72AB0,0x08A72AB0,relocated_r_mips32_code_pointer
sub_08A72AB4,0x08A72AB4,relocated_r_mips32_code_pointer
sub_08A72AB8,0x08A72AB8,materialized_code_pointer
sub_08A72ABC,0x08A72ABC,relocated_r_mips32_code_pointer
sub_08A72AC4,0x08A72AC4,relocated_r_mips32_code_pointer
sub_08A72AC8,0x08A72AC8,relocated_r_mips32_code_pointer
sub_08A72AD4,0x08A72AD4,relocated_r_mips32_code_pointer
sub_08A72ADC,0x08A72ADC,relocated_r_mips32_code_pointer
sub_08A72AE4,0x08A72AE4,relocated_r_mips32_code_pointer
sub_08A72AEC,0x08A72AEC,relocated_r_mips32_code_pointer
sub_08A72AF4,0x08A72AF4,relocated_r_mips32_code_pointer
sub_08A72AFC,0x08A72AFC,relocated_r_mips32_code_pointer
sub_08A72B08,0x08A72B08,relocated_r_mips32_code_pointer
sub_08A72B10,0x08A72B10,relocated_r_mips32_code_pointer
sub_08A72B1C,0x08A72B1C,relocated_r_mips32_code_pointer
sub_08A72B2C,0x08A72B2C,relocated_r_mips32_code_pointer
sub_08A72B30,0x08A72B30,relocated_r_mips32_code_pointer
sub_08A72B40,0x08A72B40,relocated_r_mips32_code_pointer
sub_08A72B4C,0x08A72B4C,relocated_r_mips32_code_pointer
sub_08A72B54,0x08A72B54,relocated_r_mips32_code_pointer
sub_08A72B64,0x08A72B64,relocated_r_mips32_code_pointer
sub_08A72B70,0x08A72B70,relocated_r_mips32_code_pointer
sub_08A72B84,0x08A72B84,relocated_r_mips32_code_pointer
sub_08A72B8C,0x08A72B8C,relocated_r_mips32_code_pointer
sub_08A72B9C,0x08A72B9C,relocated_r_mips32_code_pointer
sub_08A72BA4,0x08A72BA4,relocated_r_mips32_code_pointer
sub_08A72BAC,0x08A72BAC,relocated_r_mips32_code_pointer
sub_08A72BB8,0x08A72BB8,relocated_r_mips32_code_pointer
sub_08A72BCC,0x08A72BCC,relocated_r_mips32_code_pointer
sub_08A72BD0,0x08A72BD0,materialized_code_pointer
sub_08A72BDC,0x08A72BDC,materialized_code_pointer
sub_08A72BF4,0x08A72BF4,materialized_code_pointer
sub_08A72C04,0x08A72C04,materialized_code_pointer
sub_08A72C08,0x08A72C08,materialized_code_pointer
sub_08A72C0C,0x08A72C0C,materialized_code_pointer
sub_08A72C18,0x08A72C18,materialized_code_pointer
sub_08A72C24,0x08A72C24,materialized_code_pointer
sub_08A72C48,0x08A72C48,materialized_code_pointer
sub_08A72C58,0x08A72C58,materialized_code_pointer
sub_08A72C6C,0x08A72C6C,materialized_code_pointer
sub_08A72C80,0x08A72C80,materialized_code_pointer
sub_08A72C98,0x08A72C98,materialized_code_pointer
sub_08A72CAC,0x08A72CAC,materialized_code_pointer
sub_08A72CC8,0x08A72CC8,materialized_code_pointer
sub_08A72CD8,0x08A72CD8,materialized_code_pointer
sub_08A72CEC,0x08A72CEC,materialized_code_pointer
sub_08A72D08,0x08A72D08,materialized_code_pointer
sub_08A72D10,0x08A72D10,materialized_code_pointer
sub_08A72D1C,0x08A72D1C,materialized_code_pointer
sub_08A72D28,0x08A72D28,materialized_code_pointer
sub_08A72D2C,0x08A72D2C,materialized_code_pointer
sub_08A72D34,0x08A72D34,materialized_code_pointer
sub_08A72D38,0x08A72D38,materialized_code_pointer
sub_08A72D3C,0x08A72D3C,materialized_code_pointer
sub_08A72D40,0x08A72D40,materialized_code_pointer
sub_08A72D48,0x08A72D48,materialized_code_pointer
sub_08A72D88,0x08A72D88,materialized_code_pointer
sub_08A72DA8,0x08A72DA8,materialized_code_pointer
sub_08A72DC8,0x08A72DC8,materialized_code_pointer
sub_08A72DD0,0x08A72DD0,materialized_code_pointer
sub_08A72DD8,0x08A72DD8,materialized_code_pointer
sub_08A72DE0,0x08A72DE0,materialized_code_pointer
sub_08A72DE8,0x08A72DE8,materialized_code_pointer
sub_08A72DEC,0x08A72DEC,materialized_code_pointer
sub_08A72E00,0x08A72E00,materialized_code_pointer
sub_08A72E04,0x08A72E04,materialized_code_pointer
sub_08A72E14,0x08A72E14,materialized_code_pointer
sub_08A73088,0x08A73088,materialized_code_pointer
sub_08A73478,0x08A73478,materialized_code_pointer
sub_08A73480,0x08A73480,materialized_code_pointer
sub_08A735B8,0x08A735B8,materialized_code_pointer
sub_08A73600,0x08A73600,materialized_code_pointer
sub_08A73678,0x08A73678,materialized_code_pointer
sub_08A73684,0x08A73684,materialized_code_pointer
sub_08A73710,0x08A73710,materialized_code_pointer
sub_08A73730,0x08A73730,materialized_code_pointer
sub_08A73750,0x08A73750,materialized_code_pointer
sub_08A73760,0x08A73760,materialized_code_pointer
sub_08A73770,0x08A73770,materialized_code_pointer
sub_08A73780,0x08A73780,materialized_code_pointer
sub_08A73790,0x08A73790,materialized_code_pointer
sub_08A737A0,0x08A737A0,materialized_code_pointer
sub_08A737A8,0x08A737A8,materialized_code_pointer
sub_08A737B8,0x08A737B8,materialized_code_pointer
sub_08A737C0,0x08A737C0,materialized_code_pointer
sub_08A737D0,0x08A737D0,materialized_code_pointer
sub_08A737D8,0x08A737D8,materialized_code_pointer
sub_08A738E0,0x08A738E0,materialized_code_pointer
sub_08A73BF8,0x08A73BF8,materialized_code_pointer
sub_08A73C78,0x08A73C78,materialized_code_pointer
sub_08A73CF8,0x08A73CF8,materialized_code_pointer
sub_08A73D00,0x08A73D00,materialized_code_pointer
sub_08A73D38,0x08A73D38,materialized_code_pointer
sub_08A73D3C,0x08A73D3C,materialized_code_pointer
sub_08A73D64,0x08A73D64,materialized_code_pointer
sub_08A73D74,0x08A73D74,materialized_code_pointer
sub_08A73E30,0x08A73E30,materialized_code_pointer
sub_08A73E40,0x08A73E40,relocated_r_mips32_code_pointer
sub_08A73E48,0x08A73E48,relocated_r_mips32_code_pointer
sub_08A73E5C,0x08A73E5C,relocated_r_mips32_code_pointer
sub_08A73E68,0x08A73E68,relocated_r_mips32_code_pointer
sub_08A73E70,0x08A73E70,relocated_r_mips32_code_pointer
sub_08A73E84,0x08A73E84,relocated_r_mips32_code_pointer
sub_08A73E98,0x08A73E98,relocated_r_mips32_code_pointer
sub_08A73EA4,0x08A73EA4,relocated_r_mips32_code_pointer
sub_08A73EAC,0x08A73EAC,relocated_r_mips32_code_pointer
sub_08A73EBC,0x08A73EBC,relocated_r_mips32_code_pointer
sub_08A73ED8,0x08A73ED8,materialized_code_pointer
sub_08A73EE8,0x08A73EE8,materialized_code_pointer
sub_08A73F00,0x08A73F00,materialized_code_pointer
sub_08A73F38,0x08A73F38,materialized_code_pointer
sub_08A73F50,0x08A73F50,materialized_code_pointer
sub_08A73F58,0x08A73F58,relocated_r_mips32_code_pointer
sub_08A73F60,0x08A73F60,relocated_r_mips32_code_pointer
sub_08A73F90,0x08A73F90,materialized_code_pointer
sub_08A73FB0,0x08A73FB0,relocated_r_mips32_code_pointer
sub_08A73FB8,0x08A73FB8,relocated_r_mips32_code_pointer
sub_08A73FD0,0x08A73FD0,materialized_code_pointer
sub_08A73FD8,0x08A73FD8,relocated_r_mips32_code_pointer
sub_08A73FE0,0x08A73FE0,relocated_r_mips32_code_pointer
sub_08A74010,0x08A74010,materialized_code_pointer
sub_08A74068,0x08A74068,relocated_r_mips32_code_pointer
sub_08A74074,0x08A74074,relocated_r_mips32_code_pointer
sub_08A74090,0x08A74090,materialized_code_pointer
sub_08A740C0,0x08A740C0,relocated_r_mips32_code_pointer
sub_08A740C8,0x08A740C8,relocated_r_mips32_code_pointer
sub_08A740D8,0x08A740D8,relocated_r_mips32_code_pointer
sub_08A740E4,0x08A740E4,relocated_r_mips32_code_pointer
sub_08A740F8,0x08A740F8,relocated_r_mips32_code_pointer
sub_08A74100,0x08A74100,relocated_r_mips32_code_pointer
sub_08A74118,0x08A74118,materialized_code_pointer
sub_08A74130,0x08A74130,materialized_code_pointer
sub_08A74148,0x08A74148,materialized_code_pointer
sub_08A74160,0x08A74160,materialized_code_pointer
sub_08A74168,0x08A74168,relocated_r_mips32_code_pointer
sub_08A74170,0x08A74170,relocated_r_mips32_code_pointer
sub_08A74188,0x08A74188,materialized_code_pointer
sub_08A74190,0x08A74190,relocated_r_mips32_code_pointer
sub_08A74198,0x08A74198,relocated_r_mips32_code_pointer
sub_08A741A8,0x08A741A8,relocated_r_mips32_code_pointer
sub_08A741B4,0x08A741B4,relocated_r_mips32_code_pointer
sub_08A741D0,0x08A741D0,materialized_code_pointer
sub_08A741E8,0x08A741E8,materialized_code_pointer
sub_08A741F0,0x08A741F0,relocated_r_mips32_code_pointer
sub_08A741F8,0x08A741F8,relocated_r_mips32_code_pointer
sub_08A74218,0x08A74218,relocated_r_mips32_code_pointer
sub_08A74224,0x08A74224,relocated_r_mips32_code_pointer
sub_08A74240,0x08A74240,materialized_code_pointer
sub_08A74250,0x08A74250,relocated_r_mips32_code_pointer
sub_08A74258,0x08A74258,relocated_r_mips32_code_pointer
sub_08A74270,0x08A74270,materialized_code_pointer
sub_08A74278,0x08A74278,relocated_r_mips32_code_pointer
sub_08A74280,0x08A74280,relocated_r_mips32_code_pointer
sub_08A74298,0x08A74298,materialized_code_pointer
sub_08A742B8,0x08A742B8,relocated_r_mips32_code_pointer
sub_08A742C4,0x08A742C4,relocated_r_mips32_code_pointer
sub_08A742D8,0x08A742D8,materialized_code_pointer
sub_08A74338,0x08A74338,relocated_r_mips32_code_pointer
sub_08A74340,0x08A74340,relocated_r_mips32_code_pointer
sub_08A74360,0x08A74360,materialized_code_pointer
sub_08A74370,0x08A74370,relocated_r_mips32_code_pointer
sub_08A74378,0x08A74378,relocated_r_mips32_code_pointer
sub_08A74384,0x08A74384,relocated_r_mips32_code_pointer
sub_08A7438C,0x08A7438C,relocated_r_mips32_code_pointer
sub_08A743A0,0x08A743A0,materialized_code_pointer
sub_08A743B0,0x08A743B0,materialized_code_pointer
sub_08A743B8,0x08A743B8,relocated_r_mips32_code_pointer
sub_08A743C4,0x08A743C4,relocated_r_mips32_code_pointer
sub_08A743E0,0x08A743E0,materialized_code_pointer
sub_08A74460,0x08A74460,relocated_r_mips32_code_pointer
sub_08A74468,0x08A74468,relocated_r_mips32_code_pointer
sub_08A74488,0x08A74488,materialized_code_pointer
sub_08A74490,0x08A74490,relocated_r_mips32_code_pointer
sub_08A74498,0x08A74498,relocated_r_mips32_code_pointer
sub_08A744B8,0x08A744B8,materialized_code_pointer
sub_08A744C0,0x08A744C0,relocated_r_mips32_code_pointer
sub_08A744C8,0x08A744C8,relocated_r_mips32_code_pointer
sub_08A744E0,0x08A744E0,materialized_code_pointer
sub_08A744E8,0x08A744E8,relocated_r_mips32_code_pointer
sub_08A744F0,0x08A744F0,relocated_r_mips32_code_pointer
sub_08A744FC,0x08A744FC,relocated_r_mips32_code_pointer
sub_08A74508,0x08A74508,relocated_r_mips32_code_pointer
sub_08A74518,0x08A74518,relocated_r_mips32_code_pointer
sub_08A74524,0x08A74524,relocated_r_mips32_code_pointer
sub_08A74534,0x08A74534,relocated_r_mips32_code_pointer
sub_08A74540,0x08A74540,relocated_r_mips32_code_pointer
sub_08A7454C,0x08A7454C,relocated_r_mips32_code_pointer
sub_08A74558,0x08A74558,relocated_r_mips32_code_pointer
sub_08A74564,0x08A74564,relocated_r_mips32_code_pointer
sub_08A7456C,0x08A7456C,relocated_r_mips32_code_pointer
sub_08A74580,0x08A74580,materialized_code_pointer
sub_08A745B8,0x08A745B8,materialized_code_pointer
sub_08A745F0,0x08A745F0,materialized_code_pointer
sub_08A74628,0x08A74628,materialized_code_pointer
sub_08A74660,0x08A74660,materialized_code_pointer
sub_08A74698,0x08A74698,materialized_code_pointer
sub_08A746A0,0x08A746A0,materialized_code_pointer
sub_08A746A8,0x08A746A8,relocated_r_mips32_code_pointer
sub_08A746C8,0x08A746C8,materialized_code_pointer
sub_08A746D8,0x08A746D8,relocated_r_mips32_code_pointer
sub_08A746E0,0x08A746E0,relocated_r_mips32_code_pointer
sub_08A746F8,0x08A746F8,materialized_code_pointer
sub_08A74700,0x08A74700,relocated_r_mips32_code_pointer
sub_08A74708,0x08A74708,relocated_r_mips32_code_pointer
sub_08A74720,0x08A74720,materialized_code_pointer
sub_08A74728,0x08A74728,relocated_r_mips32_code_pointer
sub_08A74748,0x08A74748,relocated_r_mips32_code_pointer
sub_08A74760,0x08A74760,materialized_code_pointer
sub_08A747C8,0x08A747C8,materialized_code_pointer
sub_08A747D8,0x08A747D8,relocated_r_mips32_code_pointer
sub_08A747E4,0x08A747E4,relocated_r_mips32_code_pointer
sub_08A747F8,0x08A747F8,materialized_code_pointer
sub_08A74850,0x08A74850,relocated_r_mips32_code_pointer
sub_08A74870,0x08A74870,relocated_r_mips32_code_pointer
sub_08A74888,0x08A74888,materialized_code_pointer
sub_08A74928,0x08A74928,materialized_code_pointer
sub_08A74940,0x08A74940,materialized_code_pointer
sub_08A74950,0x08A74950,relocated_r_mips32_code_pointer
sub_08A7495C,0x08A7495C,relocated_r_mips32_code_pointer
sub_08A74978,0x08A74978,materialized_code_pointer
sub_08A74A20,0x08A74A20,materialized_code_pointer
sub_08A74A38,0x08A74A38,materialized_code_pointer
sub_08A74A48,0x08A74A48,materialized_code_pointer
sub_08A74A54,0x08A74A54,relocated_r_mips32_code_pointer
sub_08A74A70,0x08A74A70,materialized_code_pointer
sub_08A74B1C,0x08A74B1C,materialized_code_pointer
sub_08A74B34,0x08A74B34,materialized_code_pointer
sub_08A74B48,0x08A74B48,materialized_code_pointer
sub_08A74B68,0x08A74B68,relocated_r_mips32_code_pointer
sub_08A74B80,0x08A74B80,materialized_code_pointer
sub_08A74BEC,0x08A74BEC,materialized_code_pointer
sub_08A74C04,0x08A74C04,materialized_code_pointer
sub_08A74C18,0x08A74C18,relocated_r_mips32_code_pointer
sub_08A74C48,0x08A74C48,materialized_code_pointer
sub_08A74C50,0x08A74C50,relocated_r_mips32_code_pointer
sub_08A74C64,0x08A74C64,relocated_r_mips32_code_pointer
sub_08A74C80,0x08A74C80,materialized_code_pointer
sub_08A74CE8,0x08A74CE8,materialized_code_pointer
sub_08A74D00,0x08A74D00,materialized_code_pointer
sub_08A74D18,0x08A74D18,materialized_code_pointer
sub_08A74D28,0x08A74D28,materialized_code_pointer
sub_08A74D30,0x08A74D30,relocated_r_mips32_code_pointer
sub_08A74D58,0x08A74D58,relocated_r_mips32_code_pointer
sub_08A74D78,0x08A74D78,materialized_code_pointer
sub_08A74DE0,0x08A74DE0,materialized_code_pointer
sub_08A74DF8,0x08A74DF8,materialized_code_pointer
sub_08A74E10,0x08A74E10,materialized_code_pointer
sub_08A74E18,0x08A74E18,relocated_r_mips32_code_pointer
sub_08A74E38,0x08A74E38,relocated_r_mips32_code_pointer
sub_08A74E4C,0x08A74E4C,relocated_r_mips32_code_pointer
sub_08A74E58,0x08A74E58,relocated_r_mips32_code_pointer
sub_08A74E68,0x08A74E68,relocated_r_mips32_code_pointer
sub_08A74E74,0x08A74E74,relocated_r_mips32_code_pointer
sub_08A74E84,0x08A74E84,relocated_r_mips32_code_pointer
sub_08A74E90,0x08A74E90,relocated_r_mips32_code_pointer
sub_08A74EA0,0x08A74EA0,relocated_r_mips32_code_pointer
sub_08A74EAC,0x08A74EAC,relocated_r_mips32_code_pointer
sub_08A74EC8,0x08A74EC8,materialized_code_pointer
sub_08A74F48,0x08A74F48,materialized_code_pointer
sub_08A74F60,0x08A74F60,materialized_code_pointer
sub_08A74F78,0x08A74F78,materialized_code_pointer
sub_08A74FF8,0x08A74FF8,materialized_code_pointer
sub_08A75010,0x08A75010,materialized_code_pointer
sub_08A75028,0x08A75028,materialized_code_pointer
sub_08A750A8,0x08A750A8,materialized_code_pointer
sub_08A750C0,0x08A750C0,materialized_code_pointer
sub_08A750D8,0x08A750D8,materialized_code_pointer
sub_08A75158,0x08A75158,materialized_code_pointer
sub_08A75170,0x08A75170,materialized_code_pointer
sub_08A75188,0x08A75188,materialized_code_pointer
sub_08A75208,0x08A75208,materialized_code_pointer
sub_08A75220,0x08A75220,materialized_code_pointer
sub_08A75230,0x08A75230,relocated_r_mips32_code_pointer
sub_08A7523C,0x08A7523C,relocated_r_mips32_code_pointer
sub_08A75258,0x08A75258,materialized_code_pointer
sub_08A752D8,0x08A752D8,materialized_code_pointer
sub_08A752F0,0x08A752F0,materialized_code_pointer
sub_08A75300,0x08A75300,materialized_code_pointer
sub_08A75320,0x08A75320,relocated_r_mips32_code_pointer
sub_08A75330,0x08A75330,relocated_r_mips32_code_pointer
sub_08A7533C,0x08A7533C,relocated_r_mips32_code_pointer
sub_08A75358,0x08A75358,materialized_code_pointer
sub_08A753D0,0x08A753D0,materialized_code_pointer
sub_08A753E8,0x08A753E8,materialized_code_pointer
sub_08A75400,0x08A75400,materialized_code_pointer
sub_08A75478,0x08A75478,materialized_code_pointer
sub_08A75490,0x08A75490,materialized_code_pointer
sub_08A754A0,0x08A754A0,relocated_r_mips32_code_pointer
sub_08A754C0,0x08A754C0,relocated_r_mips32_code_pointer
sub_08A754D8,0x08A754D8,materialized_code_pointer
sub_08A75544,0x08A75544,materialized_code_pointer
sub_08A75558,0x08A75558,relocated_r_mips32_code_pointer
sub_08A75578,0x08A75578,relocated_r_mips32_code_pointer
sub_08A75590,0x08A75590,materialized_code_pointer
sub_08A755FC,0x08A755FC,materialized_code_pointer
sub_08A75610,0x08A75610,relocated_r_mips32_code_pointer
sub_08A7561C,0x08A7561C,relocated_r_mips32_code_pointer
sub_08A75638,0x08A75638,materialized_code_pointer
sub_08A756C4,0x08A756C4,materialized_code_pointer
sub_08A756D8,0x08A756D8,relocated_r_mips32_code_pointer
sub_08A756E4,0x08A756E4,relocated_r_mips32_code_pointer
sub_08A75700,0x08A75700,materialized_code_pointer
sub_08A75758,0x08A75758,relocated_r_mips32_code_pointer
sub_08A75780,0x08A75780,relocated_r_mips32_code_pointer
sub_08A75798,0x08A75798,materialized_code_pointer
sub_08A75804,0x08A75804,materialized_code_pointer
sub_08A7581C,0x08A7581C,materialized_code_pointer
sub_08A75830,0x08A75830,relocated_r_mips32_code_pointer
sub_08A7583C,0x08A7583C,relocated_r_mips32_code_pointer
sub_08A75850,0x08A75850,materialized_code_pointer
sub_08A758B4,0x08A758B4,materialized_code_pointer
sub_08A758C8,0x08A758C8,relocated_r_mips32_code_pointer
sub_08A758D4,0x08A758D4,relocated_r_mips32_code_pointer
sub_08A758F0,0x08A758F0,materialized_code_pointer
sub_08A75958,0x08A75958,materialized_code_pointer
sub_08A75968,0x08A75968,relocated_r_mips32_code_pointer
sub_08A75988,0x08A75988,relocated_r_mips32_code_pointer
sub_08A75994,0x08A75994,relocated_r_mips32_code_pointer
sub_08A759A0,0x08A759A0,relocated_r_mips32_code_pointer
sub_08A759B8,0x08A759B8,materialized_code_pointer
sub_08A75A2C,0x08A75A2C,materialized_code_pointer
sub_08A75A44,0x08A75A44,materialized_code_pointer
sub_08A75A60,0x08A75A60,materialized_code_pointer
sub_08A75AD4,0x08A75AD4,materialized_code_pointer
sub_08A75AEC,0x08A75AEC,materialized_code_pointer
sub_08A75B00,0x08A75B00,relocated_r_mips32_code_pointer
sub_08A75B20,0x08A75B20,relocated_r_mips32_code_pointer
sub_08A75B38,0x08A75B38,materialized_code_pointer
sub_08A75BC8,0x08A75BC8,materialized_code_pointer
sub_08A75BE0,0x08A75BE0,materialized_code_pointer
sub_08A75BF0,0x08A75BF0,relocated_r_mips32_code_pointer
sub_08A75BFC,0x08A75BFC,relocated_r_mips32_code_pointer
sub_08A75C18,0x08A75C18,materialized_code_pointer
sub_08A75CA8,0x08A75CA8,materialized_code_pointer
sub_08A75CB8,0x08A75CB8,relocated_r_mips32_code_pointer
sub_08A75CC4,0x08A75CC4,relocated_r_mips32_code_pointer
sub_08A75CD8,0x08A75CD8,materialized_code_pointer
sub_08A75D4C,0x08A75D4C,materialized_code_pointer
sub_08A75D60,0x08A75D60,relocated_r_mips32_code_pointer
sub_08A75D6C,0x08A75D6C,relocated_r_mips32_code_pointer
sub_08A75D90,0x08A75D90,materialized_code_pointer
sub_08A75DF8,0x08A75DF8,materialized_code_pointer
sub_08A75E08,0x08A75E08,relocated_r_mips32_code_pointer
sub_08A75E14,0x08A75E14,relocated_r_mips32_code_pointer
sub_08A75E30,0x08A75E30,materialized_code_pointer
sub_08A75EBC,0x08A75EBC,materialized_code_pointer
sub_08A75ED0,0x08A75ED0,materialized_code_pointer
sub_08A75EDC,0x08A75EDC,relocated_r_mips32_code_pointer
sub_08A75EEC,0x08A75EEC,materialized_code_pointer
sub_08A75EF8,0x08A75EF8,relocated_r_mips32_code_pointer
sub_08A75F18,0x08A75F18,materialized_code_pointer
sub_08A75F8C,0x08A75F8C,materialized_code_pointer
sub_08A75FA8,0x08A75FA8,materialized_code_pointer
sub_08A7601C,0x08A7601C,materialized_code_pointer
sub_08A76030,0x08A76030,relocated_r_mips32_code_pointer
sub_08A76050,0x08A76050,relocated_r_mips32_code_pointer
sub_08A76070,0x08A76070,materialized_code_pointer
sub_08A760D4,0x08A760D4,materialized_code_pointer
sub_08A760E8,0x08A760E8,relocated_r_mips32_code_pointer
sub_08A76108,0x08A76108,relocated_r_mips32_code_pointer
sub_08A76128,0x08A76128,materialized_code_pointer
sub_08A761B4,0x08A761B4,materialized_code_pointer
sub_08A761C8,0x08A761C8,materialized_code_pointer
sub_08A761E8,0x08A761E8,relocated_r_mips32_code_pointer
sub_08A76208,0x08A76208,materialized_code_pointer
sub_08A76278,0x08A76278,materialized_code_pointer
sub_08A76288,0x08A76288,relocated_r_mips32_code_pointer
sub_08A76294,0x08A76294,relocated_r_mips32_code_pointer
sub_08A762B0,0x08A762B0,materialized_code_pointer
sub_08A7633C,0x08A7633C,materialized_code_pointer
sub_08A76350,0x08A76350,relocated_r_mips32_code_pointer
sub_08A7635C,0x08A7635C,relocated_r_mips32_code_pointer
sub_08A76364,0x08A76364,relocated_r_mips32_code_pointer
sub_08A76378,0x08A76378,relocated_r_mips32_code_pointer
sub_08A76390,0x08A76390,materialized_code_pointer
sub_08A7639C,0x08A7639C,relocated_r_mips32_code_pointer
sub_08A763B8,0x08A763B8,materialized_code_pointer
sub_08A76460,0x08A76460,materialized_code_pointer
sub_08A76478,0x08A76478,materialized_code_pointer
sub_08A76490,0x08A76490,materialized_code_pointer
sub_08A764B8,0x08A764B8,materialized_code_pointer
sub_08A764D8,0x08A764D8,materialized_code_pointer
sub_08A764E4,0x08A764E4,relocated_r_mips32_code_pointer
sub_08A76500,0x08A76500,materialized_code_pointer
sub_08A765A8,0x08A765A8,materialized_code_pointer
sub_08A765C0,0x08A765C0,materialized_code_pointer
sub_08A765D0,0x08A765D0,relocated_r_mips32_code_pointer
sub_08A765DC,0x08A765DC,relocated_r_mips32_code_pointer
sub_08A765F0,0x08A765F0,materialized_code_pointer
sub_08A765FC,0x08A765FC,relocated_r_mips32_code_pointer
sub_08A76618,0x08A76618,materialized_code_pointer
sub_08A766C0,0x08A766C0,materialized_code_pointer
sub_08A766D8,0x08A766D8,materialized_code_pointer
sub_08A766F0,0x08A766F0,materialized_code_pointer
sub_08A76710,0x08A76710,relocated_r_mips32_code_pointer
sub_08A7671C,0x08A7671C,relocated_r_mips32_code_pointer
sub_08A76738,0x08A76738,materialized_code_pointer
sub_08A767AC,0x08A767AC,materialized_code_pointer
sub_08A767C4,0x08A767C4,materialized_code_pointer
sub_08A767D8,0x08A767D8,relocated_r_mips32_code_pointer
sub_08A767E4,0x08A767E4,relocated_r_mips32_code_pointer
sub_08A76800,0x08A76800,materialized_code_pointer
sub_08A76864,0x08A76864,materialized_code_pointer
sub_08A76878,0x08A76878,relocated_r_mips32_code_pointer
sub_08A76884,0x08A76884,relocated_r_mips32_code_pointer
sub_08A768A0,0x08A768A0,materialized_code_pointer
sub_08A76900,0x08A76900,relocated_r_mips32_code_pointer
sub_08A7690C,0x08A7690C,relocated_r_mips32_code_pointer
sub_08A76928,0x08A76928,materialized_code_pointer
sub_08A76980,0x08A76980,relocated_r_mips32_code_pointer
sub_08A7698C,0x08A7698C,relocated_r_mips32_code_pointer
sub_08A769A8,0x08A769A8,materialized_code_pointer
sub_08A76A00,0x08A76A00,relocated_r_mips32_code_pointer
sub_08A76A0C,0x08A76A0C,relocated_r_mips32_code_pointer
sub_08A76A20,0x08A76A20,materialized_code_pointer
sub_08A76AAC,0x08A76AAC,materialized_code_pointer
sub_08A76AC0,0x08A76AC0,relocated_r_mips32_code_pointer
sub_08A76ACC,0x08A76ACC,relocated_r_mips32_code_pointer
sub_08A76AE8,0x08A76AE8,materialized_code_pointer
sub_08A76B54,0x08A76B54,materialized_code_pointer
sub_08A76B6C,0x08A76B6C,materialized_code_pointer
sub_08A76B80,0x08A76B80,relocated_r_mips32_code_pointer
sub_08A76B8C,0x08A76B8C,relocated_r_mips32_code_pointer
sub_08A76BA8,0x08A76BA8,materialized_code_pointer
sub_08A76C00,0x08A76C00,relocated_r_mips32_code_pointer
sub_08A76C0C,0x08A76C0C,relocated_r_mips32_code_pointer
sub_08A76C28,0x08A76C28,materialized_code_pointer
sub_08A76C88,0x08A76C88,relocated_r_mips32_code_pointer
sub_08A76C94,0x08A76C94,relocated_r_mips32_code_pointer
sub_08A76CB0,0x08A76CB0,materialized_code_pointer
sub_08A76D10,0x08A76D10,relocated_r_mips32_code_pointer
sub_08A76D1C,0x08A76D1C,relocated_r_mips32_code_pointer
sub_08A76D38,0x08A76D38,materialized_code_pointer
sub_08A76DD0,0x08A76DD0,relocated_r_mips32_code_pointer
sub_08A76DDC,0x08A76DDC,relocated_r_mips32_code_pointer
sub_08A76DF8,0x08A76DF8,materialized_code_pointer
sub_08A76E90,0x08A76E90,relocated_r_mips32_code_pointer
sub_08A76E9C,0x08A76E9C,relocated_r_mips32_code_pointer
sub_08A76EC0,0x08A76EC0,materialized_code_pointer
sub_08A76F58,0x08A76F58,relocated_r_mips32_code_pointer
sub_08A76F64,0x08A76F64,relocated_r_mips32_code_pointer
sub_08A76F7C,0x08A76F7C,relocated_r_mips32_code_pointer
sub_08A76F88,0x08A76F88,relocated_r_mips32_code_pointer
sub_08A76FA0,0x08A76FA0,materialized_code_pointer
sub_08A77040,0x08A77040,materialized_code_pointer
sub_08A77088,0x08A77088,relocated_r_mips32_code_pointer
sub_08A77094,0x08A77094,relocated_r_mips32_code_pointer
sub_08A770B0,0x08A770B0,materialized_code_pointer
sub_08A77150,0x08A77150,relocated_r_mips32_code_pointer
sub_08A7715C,0x08A7715C,relocated_r_mips32_code_pointer
sub_08A77178,0x08A77178,materialized_code_pointer
sub_08A77210,0x08A77210,relocated_r_mips32_code_pointer
sub_08A7721C,0x08A7721C,relocated_r_mips32_code_pointer
sub_08A77238,0x08A77238,materialized_code_pointer
sub_08A772D0,0x08A772D0,relocated_r_mips32_code_pointer
sub_08A772DC,0x08A772DC,relocated_r_mips32_code_pointer
sub_08A77300,0x08A77300,materialized_code_pointer
sub_08A77398,0x08A77398,relocated_r_mips32_code_pointer
sub_08A773A4,0x08A773A4,relocated_r_mips32_code_pointer
sub_08A773AC,0x08A773AC,relocated_r_mips32_code_pointer
sub_08A773C0,0x08A773C0,relocated_r_mips32_code_pointer
sub_08A773D8,0x08A773D8,materialized_code_pointer
sub_08A77420,0x08A77420,materialized_code_pointer
sub_08A77430,0x08A77430,relocated_r_mips32_code_pointer
sub_08A7743C,0x08A7743C,relocated_r_mips32_code_pointer
sub_08A77460,0x08A77460,materialized_code_pointer
sub_08A77488,0x08A77488,relocated_r_mips32_code_pointer
sub_08A77490,0x08A77490,relocated_r_mips32_code_pointer
sub_08A774B0,0x08A774B0,materialized_code_pointer
sub_08A774C0,0x08A774C0,relocated_r_mips32_code_pointer
sub_08A774CC,0x08A774CC,relocated_r_mips32_code_pointer
sub_08A774E0,0x08A774E0,relocated_r_mips32_code_pointer
sub_08A774EC,0x08A774EC,relocated_r_mips32_code_pointer
sub_08A77510,0x08A77510,materialized_code_pointer
sub_08A775B0,0x08A775B0,materialized_code_pointer
sub_08A775F0,0x08A775F0,relocated_r_mips32_code_pointer
sub_08A775FC,0x08A775FC,relocated_r_mips32_code_pointer
sub_08A77618,0x08A77618,materialized_code_pointer
sub_08A776B0,0x08A776B0,relocated_r_mips32_code_pointer
sub_08A776BC,0x08A776BC,relocated_r_mips32_code_pointer
sub_08A776C8,0x08A776C8,relocated_r_mips32_code_pointer
sub_08A776D4,0x08A776D4,relocated_r_mips32_code_pointer
sub_08A776F8,0x08A776F8,materialized_code_pointer
sub_08A77740,0x08A77740,materialized_code_pointer
sub_08A777D8,0x08A777D8,relocated_r_mips32_code_pointer
sub_08A777E4,0x08A777E4,relocated_r_mips32_code_pointer
sub_08A777F0,0x08A777F0,relocated_r_mips32_code_pointer
sub_08A777FC,0x08A777FC,relocated_r_mips32_code_pointer
sub_08A77818,0x08A77818,materialized_code_pointer
sub_08A77860,0x08A77860,materialized_code_pointer
sub_08A778F8,0x08A778F8,relocated_r_mips32_code_pointer
sub_08A77904,0x08A77904,relocated_r_mips32_code_pointer
sub_08A77910,0x08A77910,relocated_r_mips32_code_pointer
sub_08A7791C,0x08A7791C,relocated_r_mips32_code_pointer
sub_08A77938,0x08A77938,materialized_code_pointer
sub_08A77980,0x08A77980,materialized_code_pointer
sub_08A77A18,0x08A77A18,relocated_r_mips32_code_pointer
sub_08A77A24,0x08A77A24,relocated_r_mips32_code_pointer
sub_08A77A40,0x08A77A40,materialized_code_pointer
sub_08A77A60,0x08A77A60,relocated_r_mips32_code_pointer
sub_08A77A6C,0x08A77A6C,relocated_r_mips32_code_pointer
sub_08A77A88,0x08A77A88,materialized_code_pointer
sub_08A77AA0,0x08A77AA0,relocated_r_mips32_code_pointer
sub_08A77AAC,0x08A77AAC,relocated_r_mips32_code_pointer
sub_08A77AC8,0x08A77AC8,materialized_code_pointer
sub_08A77AE0,0x08A77AE0,relocated_r_mips32_code_pointer
sub_08A77AEC,0x08A77AEC,relocated_r_mips32_code_pointer
sub_08A77B08,0x08A77B08,materialized_code_pointer
sub_08A77B20,0x08A77B20,relocated_r_mips32_code_pointer
sub_08A77B2C,0x08A77B2C,relocated_r_mips32_code_pointer
sub_08A77B40,0x08A77B40,materialized_code_pointer
sub_08A77B58,0x08A77B58,relocated_r_mips32_code_pointer
sub_08A77B64,0x08A77B64,relocated_r_mips32_code_pointer
sub_08A77B80,0x08A77B80,materialized_code_pointer
sub_08A77B98,0x08A77B98,relocated_r_mips32_code_pointer
sub_08A77BA4,0x08A77BA4,relocated_r_mips32_code_pointer
sub_08A77BC0,0x08A77BC0,materialized_code_pointer
sub_08A77BD8,0x08A77BD8,relocated_r_mips32_code_pointer
sub_08A77BE4,0x08A77BE4,relocated_r_mips32_code_pointer
sub_08A77C00,0x08A77C00,materialized_code_pointer
sub_08A77C18,0x08A77C18,relocated_r_mips32_code_pointer
sub_08A77C24,0x08A77C24,relocated_r_mips32_code_pointer
sub_08A77C30,0x08A77C30,relocated_r_mips32_code_pointer
sub_08A77C3C,0x08A77C3C,relocated_r_mips32_code_pointer
sub_08A77C58,0x08A77C58,materialized_code_pointer
sub_08A77C78,0x08A77C78,materialized_code_pointer
sub_08A77C90,0x08A77C90,relocated_r_mips32_code_pointer
sub_08A77C9C,0x08A77C9C,relocated_r_mips32_code_pointer
sub_08A77CB8,0x08A77CB8,materialized_code_pointer
sub_08A77CD0,0x08A77CD0,relocated_r_mips32_code_pointer
sub_08A77CDC,0x08A77CDC,relocated_r_mips32_code_pointer
sub_08A77CF8,0x08A77CF8,materialized_code_pointer
sub_08A77D10,0x08A77D10,relocated_r_mips32_code_pointer
sub_08A77D1C,0x08A77D1C,relocated_r_mips32_code_pointer
sub_08A77D38,0x08A77D38,materialized_code_pointer
sub_08A77D50,0x08A77D50,relocated_r_mips32_code_pointer
sub_08A77D5C,0x08A77D5C,relocated_r_mips32_code_pointer
sub_08A77D78,0x08A77D78,materialized_code_pointer
sub_08A77D90,0x08A77D90,relocated_r_mips32_code_pointer
sub_08A77D9C,0x08A77D9C,relocated_r_mips32_code_pointer
sub_08A77DB8,0x08A77DB8,materialized_code_pointer
sub_08A77DD0,0x08A77DD0,relocated_r_mips32_code_pointer
sub_08A77DDC,0x08A77DDC,relocated_r_mips32_code_pointer
sub_08A77DF8,0x08A77DF8,materialized_code_pointer
sub_08A77E18,0x08A77E18,materialized_code_pointer
sub_08A77E28,0x08A77E28,relocated_r_mips32_code_pointer
sub_08A77E30,0x08A77E30,relocated_r_mips32_code_pointer
sub_08A77E58,0x08A77E58,materialized_code_pointer
sub_08A77E68,0x08A77E68,relocated_r_mips32_code_pointer
sub_08A77E70,0x08A77E70,relocated_r_mips32_code_pointer
sub_08A77E8C,0x08A77E8C,relocated_r_mips32_code_pointer
sub_08A77E98,0x08A77E98,relocated_r_mips32_code_pointer
sub_08A77EB0,0x08A77EB0,materialized_code_pointer
sub_08A77ED0,0x08A77ED0,materialized_code_pointer
sub_08A77EE0,0x08A77EE0,relocated_r_mips32_code_pointer
sub_08A77EE8,0x08A77EE8,relocated_r_mips32_code_pointer
sub_08A77F04,0x08A77F04,relocated_r_mips32_code_pointer
sub_08A77F10,0x08A77F10,relocated_r_mips32_code_pointer
sub_08A77F28,0x08A77F28,materialized_code_pointer
sub_08A77F40,0x08A77F40,relocated_r_mips32_code_pointer
sub_08A77F4C,0x08A77F4C,relocated_r_mips32_code_pointer
sub_08A77F60,0x08A77F60,materialized_code_pointer
sub_08A77F80,0x08A77F80,materialized_code_pointer
sub_08A77F90,0x08A77F90,relocated_r_mips32_code_pointer
sub_08A77F98,0x08A77F98,relocated_r_mips32_code_pointer
sub_08A77FB8,0x08A77FB8,relocated_r_mips32_code_pointer
sub_08A77FC4,0x08A77FC4,relocated_r_mips32_code_pointer
sub_08A77FE0,0x08A77FE0,materialized_code_pointer
sub_08A78000,0x08A78000,relocated_r_mips32_code_pointer
sub_08A7800C,0x08A7800C,relocated_r_mips32_code_pointer
sub_08A78024,0x08A78024,relocated_r_mips32_code_pointer
sub_08A78030,0x08A78030,relocated_r_mips32_code_pointer
sub_08A78048,0x08A78048,materialized_code_pointer
sub_08A78068,0x08A78068,materialized_code_pointer
sub_08A78080,0x08A78080,relocated_r_mips32_code_pointer
sub_08A7808C,0x08A7808C,relocated_r_mips32_code_pointer
sub_08A780A0,0x08A780A0,materialized_code_pointer
sub_08A780B8,0x08A780B8,relocated_r_mips32_code_pointer
sub_08A780C4,0x08A780C4,relocated_r_mips32_code_pointer
sub_08A780E0,0x08A780E0,materialized_code_pointer
sub_08A780F8,0x08A780F8,relocated_r_mips32_code_pointer
sub_08A78100,0x08A78100,relocated_r_mips32_code_pointer
sub_08A78120,0x08A78120,materialized_code_pointer
sub_08A78128,0x08A78128,relocated_r_mips32_code_pointer
sub_08A78134,0x08A78134,relocated_r_mips32_code_pointer
sub_08A78148,0x08A78148,materialized_code_pointer
sub_08A78168,0x08A78168,materialized_code_pointer
sub_08A78170,0x08A78170,relocated_r_mips32_code_pointer
sub_08A7817C,0x08A7817C,relocated_r_mips32_code_pointer
sub_08A78198,0x08A78198,materialized_code_pointer
sub_08A781A0,0x08A781A0,relocated_r_mips32_code_pointer
sub_08A781A8,0x08A781A8,relocated_r_mips32_code_pointer
sub_08A781B4,0x08A781B4,relocated_r_mips32_code_pointer
sub_08A781BC,0x08A781BC,relocated_r_mips32_code_pointer
sub_08A781D0,0x08A781D0,materialized_code_pointer
sub_08A781D8,0x08A781D8,relocated_r_mips32_code_pointer
sub_08A781E4,0x08A781E4,relocated_r_mips32_code_pointer
sub_08A78200,0x08A78200,materialized_code_pointer
sub_08A78220,0x08A78220,materialized_code_pointer
sub_08A78228,0x08A78228,relocated_r_mips32_code_pointer
sub_08A78230,0x08A78230,relocated_r_mips32_code_pointer
sub_08A7823C,0x08A7823C,relocated_r_mips32_code_pointer
sub_08A78244,0x08A78244,relocated_r_mips32_code_pointer
sub_08A78260,0x08A78260,materialized_code_pointer
sub_08A78268,0x08A78268,relocated_r_mips32_code_pointer
sub_08A78270,0x08A78270,relocated_r_mips32_code_pointer
sub_08A78290,0x08A78290,materialized_code_pointer
sub_08A782B0,0x08A782B0,materialized_code_pointer
sub_08A782C0,0x08A782C0,relocated_r_mips32_code_pointer
sub_08A782C8,0x08A782C8,relocated_r_mips32_code_pointer
sub_08A782E0,0x08A782E0,relocated_r_mips32_code_pointer
sub_08A782EC,0x08A782EC,relocated_r_mips32_code_pointer
sub_08A78310,0x08A78310,materialized_code_pointer
sub_08A78328,0x08A78328,relocated_r_mips32_code_pointer
sub_08A78330,0x08A78330,relocated_r_mips32_code_pointer
sub_08A78348,0x08A78348,materialized_code_pointer
sub_08A78358,0x08A78358,relocated_r_mips32_code_pointer
sub_08A78360,0x08A78360,relocated_r_mips32_code_pointer
sub_08A78380,0x08A78380,materialized_code_pointer
sub_08A78388,0x08A78388,relocated_r_mips32_code_pointer
sub_08A78394,0x08A78394,relocated_r_mips32_code_pointer
sub_08A783B0,0x08A783B0,materialized_code_pointer
sub_08A783C8,0x08A783C8,relocated_r_mips32_code_pointer
sub_08A783D4,0x08A783D4,relocated_r_mips32_code_pointer
sub_08A783F0,0x08A783F0,materialized_code_pointer
sub_08A78408,0x08A78408,relocated_r_mips32_code_pointer
sub_08A78410,0x08A78410,relocated_r_mips32_code_pointer
sub_08A78428,0x08A78428,materialized_code_pointer
sub_08A78430,0x08A78430,relocated_r_mips32_code_pointer
sub_08A7843C,0x08A7843C,relocated_r_mips32_code_pointer
sub_08A78458,0x08A78458,materialized_code_pointer
sub_08A78470,0x08A78470,relocated_r_mips32_code_pointer
sub_08A7847C,0x08A7847C,relocated_r_mips32_code_pointer
sub_08A78498,0x08A78498,materialized_code_pointer
sub_08A784B0,0x08A784B0,relocated_r_mips32_code_pointer
sub_08A784B8,0x08A784B8,relocated_r_mips32_code_pointer
sub_08A784D0,0x08A784D0,materialized_code_pointer
sub_08A784E0,0x08A784E0,relocated_r_mips32_code_pointer
sub_08A784E8,0x08A784E8,relocated_r_mips32_code_pointer
sub_08A78500,0x08A78500,materialized_code_pointer
sub_08A78510,0x08A78510,relocated_r_mips32_code_pointer
sub_08A78518,0x08A78518,relocated_r_mips32_code_pointer
sub_08A7852C,0x08A7852C,relocated_r_mips32_code_pointer
sub_08A78534,0x08A78534,relocated_r_mips32_code_pointer
sub_08A78548,0x08A78548,relocated_r_mips32_code_pointer
sub_08A78550,0x08A78550,relocated_r_mips32_code_pointer
sub_08A78568,0x08A78568,materialized_code_pointer
sub_08A78580,0x08A78580,materialized_code_pointer
sub_08A78590,0x08A78590,materialized_code_pointer
sub_08A78598,0x08A78598,relocated_r_mips32_code_pointer
sub_08A785A0,0x08A785A0,relocated_r_mips32_code_pointer
sub_08A785C0,0x08A785C0,materialized_code_pointer
sub_08A785C8,0x08A785C8,relocated_r_mips32_code_pointer
sub_08A785D0,0x08A785D0,relocated_r_mips32_code_pointer
sub_08A785F0,0x08A785F0,materialized_code_pointer
sub_08A785F8,0x08A785F8,relocated_r_mips32_code_pointer
sub_08A78604,0x08A78604,relocated_r_mips32_code_pointer
sub_08A78620,0x08A78620,materialized_code_pointer
sub_08A78630,0x08A78630,relocated_r_mips32_code_pointer
sub_08A78638,0x08A78638,relocated_r_mips32_code_pointer
sub_08A78650,0x08A78650,materialized_code_pointer
sub_08A78660,0x08A78660,relocated_r_mips32_code_pointer
sub_08A7866C,0x08A7866C,relocated_r_mips32_code_pointer
sub_08A78688,0x08A78688,materialized_code_pointer
sub_08A78698,0x08A78698,relocated_r_mips32_code_pointer
sub_08A786A4,0x08A786A4,relocated_r_mips32_code_pointer
sub_08A786C0,0x08A786C0,materialized_code_pointer
sub_08A786D0,0x08A786D0,relocated_r_mips32_code_pointer
sub_08A786D8,0x08A786D8,relocated_r_mips32_code_pointer
sub_08A786E8,0x08A786E8,relocated_r_mips32_code_pointer
sub_08A786F0,0x08A786F0,relocated_r_mips32_code_pointer
sub_08A78704,0x08A78704,relocated_r_mips32_code_pointer
sub_08A7870C,0x08A7870C,relocated_r_mips32_code_pointer
sub_08A78720,0x08A78720,relocated_r_mips32_code_pointer
sub_08A78728,0x08A78728,relocated_r_mips32_code_pointer
sub_08A7873C,0x08A7873C,relocated_r_mips32_code_pointer
sub_08A78744,0x08A78744,relocated_r_mips32_code_pointer
sub_08A78758,0x08A78758,materialized_code_pointer
sub_08A78768,0x08A78768,materialized_code_pointer
sub_08A78778,0x08A78778,materialized_code_pointer
sub_08A78788,0x08A78788,materialized_code_pointer
sub_08A78798,0x08A78798,materialized_code_pointer
sub_08A787A0,0x08A787A0,relocated_r_mips32_code_pointer
sub_08A787A8,0x08A787A8,relocated_r_mips32_code_pointer
sub_08A787C0,0x08A787C0,materialized_code_pointer
sub_08A787C8,0x08A787C8,relocated_r_mips32_code_pointer
sub_08A787D0,0x08A787D0,relocated_r_mips32_code_pointer
sub_08A787E8,0x08A787E8,materialized_code_pointer
sub_08A787F0,0x08A787F0,relocated_r_mips32_code_pointer
sub_08A787F8,0x08A787F8,relocated_r_mips32_code_pointer
sub_08A78804,0x08A78804,relocated_r_mips32_code_pointer
sub_08A78810,0x08A78810,relocated_r_mips32_code_pointer
sub_08A78830,0x08A78830,materialized_code_pointer
sub_08A78840,0x08A78840,materialized_code_pointer
sub_08A78868,0x08A78868,relocated_r_mips32_code_pointer
sub_08A78874,0x08A78874,relocated_r_mips32_code_pointer
sub_08A78888,0x08A78888,materialized_code_pointer
sub_08A78908,0x08A78908,relocated_r_mips32_code_pointer
sub_08A78914,0x08A78914,relocated_r_mips32_code_pointer
sub_08A78928,0x08A78928,materialized_code_pointer
sub_08A78980,0x08A78980,relocated_r_mips32_code_pointer
sub_08A78988,0x08A78988,relocated_r_mips32_code_pointer
sub_08A789A0,0x08A789A0,materialized_code_pointer
sub_08A789B0,0x08A789B0,materialized_code_pointer
sub_08A789C8,0x08A789C8,relocated_r_mips32_code_pointer
sub_08A789D0,0x08A789D0,relocated_r_mips32_code_pointer
sub_08A789E4,0x08A789E4,relocated_r_mips32_code_pointer
sub_08A789F0,0x08A789F0,relocated_r_mips32_code_pointer
sub_08A78A08,0x08A78A08,materialized_code_pointer
sub_08A78A30,0x08A78A30,relocated_r_mips32_code_pointer
sub_08A78A3C,0x08A78A3C,relocated_r_mips32_code_pointer
sub_08A78A50,0x08A78A50,materialized_code_pointer
sub_08A78AA8,0x08A78AA8,relocated_r_mips32_code_pointer
sub_08A78AB4,0x08A78AB4,relocated_r_mips32_code_pointer
sub_08A78AD8,0x08A78AD8,materialized_code_pointer
sub_08A78AF0,0x08A78AF0,relocated_r_mips32_code_pointer
sub_08A78AFC,0x08A78AFC,relocated_r_mips32_code_pointer
sub_08A78B08,0x08A78B08,relocated_r_mips32_code_pointer
sub_08A78B14,0x08A78B14,relocated_r_mips32_code_pointer
sub_08A78B30,0x08A78B30,materialized_code_pointer
sub_08A78B50,0x08A78B50,materialized_code_pointer
sub_08A78BB0,0x08A78BB0,relocated_r_mips32_code_pointer
sub_08A78BBC,0x08A78BBC,relocated_r_mips32_code_pointer
sub_08A78BD8,0x08A78BD8,materialized_code_pointer
sub_08A78BE8,0x08A78BE8,relocated_r_mips32_code_pointer
sub_08A78BF4,0x08A78BF4,relocated_r_mips32_code_pointer
sub_08A78C10,0x08A78C10,materialized_code_pointer
sub_08A78C28,0x08A78C28,relocated_r_mips32_code_pointer
sub_08A78C30,0x08A78C30,relocated_r_mips32_code_pointer
sub_08A78C3C,0x08A78C3C,relocated_r_mips32_code_pointer
sub_08A78C48,0x08A78C48,relocated_r_mips32_code_pointer
sub_08A78C58,0x08A78C58,relocated_r_mips32_code_pointer
sub_08A78C64,0x08A78C64,relocated_r_mips32_code_pointer
sub_08A78C78,0x08A78C78,materialized_code_pointer
sub_08A78C98,0x08A78C98,materialized_code_pointer
sub_08A78CB8,0x08A78CB8,materialized_code_pointer
sub_08A78CD0,0x08A78CD0,relocated_r_mips32_code_pointer
sub_08A78CDC,0x08A78CDC,relocated_r_mips32_code_pointer
sub_08A78CF8,0x08A78CF8,materialized_code_pointer
sub_08A78D08,0x08A78D08,relocated_r_mips32_code_pointer
sub_08A78D10,0x08A78D10,relocated_r_mips32_code_pointer
sub_08A78D20,0x08A78D20,relocated_r_mips32_code_pointer
sub_08A78D2C,0x08A78D2C,relocated_r_mips32_code_pointer
sub_08A78D3C,0x08A78D3C,relocated_r_mips32_code_pointer
sub_08A78D48,0x08A78D48,relocated_r_mips32_code_pointer
sub_08A78D60,0x08A78D60,materialized_code_pointer
sub_08A78D70,0x08A78D70,materialized_code_pointer
sub_08A78D80,0x08A78D80,materialized_code_pointer
sub_08A78D88,0x08A78D88,relocated_r_mips32_code_pointer
sub_08A78D94,0x08A78D94,relocated_r_mips32_code_pointer
sub_08A78DB0,0x08A78DB0,materialized_code_pointer
sub_08A78DE8,0x08A78DE8,relocated_r_mips32_code_pointer
sub_08A78DF4,0x08A78DF4,relocated_r_mips32_code_pointer
sub_08A78E18,0x08A78E18,materialized_code_pointer
sub_08A78E60,0x08A78E60,relocated_r_mips32_code_pointer
sub_08A78E6C,0x08A78E6C,relocated_r_mips32_code_pointer
sub_08A78E88,0x08A78E88,materialized_code_pointer
sub_08A78ED0,0x08A78ED0,relocated_r_mips32_code_pointer
sub_08A78EDC,0x08A78EDC,relocated_r_mips32_code_pointer
sub_08A78EF8,0x08A78EF8,materialized_code_pointer
sub_08A78F30,0x08A78F30,relocated_r_mips32_code_pointer
sub_08A78F3C,0x08A78F3C,relocated_r_mips32_code_pointer
sub_08A78F60,0x08A78F60,materialized_code_pointer
sub_08A78FA8,0x08A78FA8,relocated_r_mips32_code_pointer
sub_08A78FB4,0x08A78FB4,relocated_r_mips32_code_pointer
sub_08A78FD0,0x08A78FD0,materialized_code_pointer
sub_08A79018,0x08A79018,relocated_r_mips32_code_pointer
sub_08A79024,0x08A79024,relocated_r_mips32_code_pointer
sub_08A79048,0x08A79048,materialized_code_pointer
sub_08A79090,0x08A79090,relocated_r_mips32_code_pointer
sub_08A7909C,0x08A7909C,relocated_r_mips32_code_pointer
sub_08A790C0,0x08A790C0,materialized_code_pointer
sub_08A79108,0x08A79108,relocated_r_mips32_code_pointer
sub_08A79114,0x08A79114,relocated_r_mips32_code_pointer
sub_08A79130,0x08A79130,materialized_code_pointer
sub_08A79168,0x08A79168,relocated_r_mips32_code_pointer
sub_08A79174,0x08A79174,relocated_r_mips32_code_pointer
sub_08A79190,0x08A79190,materialized_code_pointer
sub_08A791C8,0x08A791C8,relocated_r_mips32_code_pointer
sub_08A791D4,0x08A791D4,relocated_r_mips32_code_pointer
sub_08A791F0,0x08A791F0,materialized_code_pointer
sub_08A79230,0x08A79230,relocated_r_mips32_code_pointer
sub_08A7923C,0x08A7923C,relocated_r_mips32_code_pointer
sub_08A79260,0x08A79260,materialized_code_pointer
sub_08A792A8,0x08A792A8,relocated_r_mips32_code_pointer
sub_08A792B4,0x08A792B4,relocated_r_mips32_code_pointer
sub_08A792D0,0x08A792D0,materialized_code_pointer
sub_08A79308,0x08A79308,relocated_r_mips32_code_pointer
sub_08A79314,0x08A79314,relocated_r_mips32_code_pointer
sub_08A79330,0x08A79330,materialized_code_pointer
sub_08A79368,0x08A79368,relocated_r_mips32_code_pointer
sub_08A79374,0x08A79374,relocated_r_mips32_code_pointer
sub_08A79398,0x08A79398,materialized_code_pointer
sub_08A793D0,0x08A793D0,relocated_r_mips32_code_pointer
sub_08A793DC,0x08A793DC,relocated_r_mips32_code_pointer
sub_08A793F8,0x08A793F8,materialized_code_pointer
sub_08A79438,0x08A79438,relocated_r_mips32_code_pointer
sub_08A79444,0x08A79444,relocated_r_mips32_code_pointer
sub_08A79460,0x08A79460,materialized_code_pointer
sub_08A794A8,0x08A794A8,relocated_r_mips32_code_pointer
sub_08A794B0,0x08A794B0,relocated_r_mips32_code_pointer
sub_08A794C0,0x08A794C0,relocated_r_mips32_code_pointer
sub_08A794C8,0x08A794C8,relocated_r_mips32_code_pointer
sub_08A794E0,0x08A794E0,materialized_code_pointer
sub_08A794F8,0x08A794F8,materialized_code_pointer
sub_08A79530,0x08A79530,relocated_r_mips32_code_pointer
sub_08A7953C,0x08A7953C,relocated_r_mips32_code_pointer
sub_08A79544,0x08A79544,relocated_r_mips32_code_pointer
sub_08A79550,0x08A79550,relocated_r_mips32_code_pointer
sub_08A79568,0x08A79568,materialized_code_pointer
sub_08A795B0,0x08A795B0,materialized_code_pointer
sub_08A795E8,0x08A795E8,relocated_r_mips32_code_pointer
sub_08A79608,0x08A79608,relocated_r_mips32_code_pointer
sub_08A79610,0x08A79610,relocated_r_mips32_code_pointer
sub_08A79630,0x08A79630,relocated_r_mips32_code_pointer
sub_08A79648,0x08A79648,materialized_code_pointer
sub_08A79664,0x08A79664,materialized_code_pointer
sub_08A79678,0x08A79678,materialized_code_pointer
sub_08A79680,0x08A79680,relocated_r_mips32_code_pointer
sub_08A79688,0x08A79688,relocated_r_mips32_code_pointer
sub_08A796A0,0x08A796A0,materialized_code_pointer
sub_08A796B8,0x08A796B8,relocated_r_mips32_code_pointer
sub_08A796C4,0x08A796C4,relocated_r_mips32_code_pointer
sub_08A796CC,0x08A796CC,relocated_r_mips32_code_pointer
sub_08A796F0,0x08A796F0,relocated_r_mips32_code_pointer
sub_08A79710,0x08A79710,materialized_code_pointer
sub_08A79720,0x08A79720,materialized_code_pointer
sub_08A79728,0x08A79728,relocated_r_mips32_code_pointer
sub_08A79734,0x08A79734,relocated_r_mips32_code_pointer
sub_08A7973C,0x08A7973C,relocated_r_mips32_code_pointer
sub_08A79754,0x08A79754,relocated_r_mips32_code_pointer
sub_08A79768,0x08A79768,materialized_code_pointer
sub_08A79778,0x08A79778,materialized_code_pointer
sub_08A79788,0x08A79788,relocated_r_mips32_code_pointer
sub_08A79794,0x08A79794,relocated_r_mips32_code_pointer
sub_08A7979C,0x08A7979C,relocated_r_mips32_code_pointer
sub_08A797B8,0x08A797B8,relocated_r_mips32_code_pointer
sub_08A797E0,0x08A797E0,materialized_code_pointer
sub_08A797F8,0x08A797F8,materialized_code_pointer
sub_08A79800,0x08A79800,relocated_r_mips32_code_pointer
sub_08A7980C,0x08A7980C,relocated_r_mips32_code_pointer
sub_08A79814,0x08A79814,relocated_r_mips32_code_pointer
sub_08A79834,0x08A79834,relocated_r_mips32_code_pointer
sub_08A79850,0x08A79850,materialized_code_pointer
sub_08A79860,0x08A79860,materialized_code_pointer
sub_08A79870,0x08A79870,materialized_code_pointer
sub_08A79880,0x08A79880,relocated_r_mips32_code_pointer
sub_08A7988C,0x08A7988C,relocated_r_mips32_code_pointer
sub_08A79894,0x08A79894,relocated_r_mips32_code_pointer
sub_08A798C0,0x08A798C0,relocated_r_mips32_code_pointer
sub_08A798F8,0x08A798F8,materialized_code_pointer
sub_08A79908,0x08A79908,relocated_r_mips32_code_pointer
sub_08A79910,0x08A79910,relocated_r_mips32_code_pointer
sub_08A79930,0x08A79930,materialized_code_pointer
sub_08A79940,0x08A79940,relocated_r_mips32_code_pointer
sub_08A7994C,0x08A7994C,relocated_r_mips32_code_pointer
sub_08A79968,0x08A79968,materialized_code_pointer
sub_08A79988,0x08A79988,relocated_r_mips32_code_pointer
sub_08A799A8,0x08A799A8,relocated_r_mips32_code_pointer
sub_08A799C8,0x08A799C8,materialized_code_pointer
sub_08A799EC,0x08A799EC,materialized_code_pointer
sub_08A799F8,0x08A799F8,relocated_r_mips32_code_pointer
sub_08A79A04,0x08A79A04,relocated_r_mips32_code_pointer
sub_08A79A20,0x08A79A20,materialized_code_pointer
sub_08A79AA0,0x08A79AA0,relocated_r_mips32_code_pointer
sub_08A79AAC,0x08A79AAC,relocated_r_mips32_code_pointer
sub_08A79AC8,0x08A79AC8,materialized_code_pointer
sub_08A79B28,0x08A79B28,relocated_r_mips32_code_pointer
sub_08A79B34,0x08A79B34,relocated_r_mips32_code_pointer
sub_08A79B48,0x08A79B48,materialized_code_pointer
sub_08A79BA8,0x08A79BA8,relocated_r_mips32_code_pointer
sub_08A79BB4,0x08A79BB4,relocated_r_mips32_code_pointer
sub_08A79BC8,0x08A79BC8,materialized_code_pointer
sub_08A79C20,0x08A79C20,materialized_code_pointer
sub_08A79C2C,0x08A79C2C,relocated_r_mips32_code_pointer
sub_08A79C40,0x08A79C40,materialized_code_pointer
sub_08A79C98,0x08A79C98,relocated_r_mips32_code_pointer
sub_08A79CA4,0x08A79CA4,relocated_r_mips32_code_pointer
sub_08A79CC0,0x08A79CC0,materialized_code_pointer
sub_08A79D18,0x08A79D18,relocated_r_mips32_code_pointer
sub_08A79D24,0x08A79D24,relocated_r_mips32_code_pointer
sub_08A79D34,0x08A79D34,relocated_r_mips32_code_pointer
sub_08A79D40,0x08A79D40,relocated_r_mips32_code_pointer
sub_08A79D60,0x08A79D60,materialized_code_pointer
sub_08A79D80,0x08A79D80,materialized_code_pointer
sub_08A79D98,0x08A79D98,relocated_r_mips32_code_pointer
sub_08A79DA0,0x08A79DA0,relocated_r_mips32_code_pointer
sub_08A79DC0,0x08A79DC0,materialized_code_pointer
sub_08A79DC8,0x08A79DC8,relocated_r_mips32_code_pointer
sub_08A79DD4,0x08A79DD4,relocated_r_mips32_code_pointer
sub_08A79DDC,0x08A79DDC,relocated_r_mips32_code_pointer
sub_08A79DF4,0x08A79DF4,relocated_r_mips32_code_pointer
sub_08A79E0C,0x08A79E0C,relocated_r_mips32_code_pointer
sub_08A79E18,0x08A79E18,relocated_r_mips32_code_pointer
sub_08A79E20,0x08A79E20,relocated_r_mips32_code_pointer
sub_08A79E44,0x08A79E44,relocated_r_mips32_code_pointer
sub_08A79E60,0x08A79E60,materialized_code_pointer
sub_08A79E78,0x08A79E78,materialized_code_pointer
sub_08A79E90,0x08A79E90,materialized_code_pointer
sub_08A79EA0,0x08A79EA0,relocated_r_mips32_code_pointer
sub_08A79EAC,0x08A79EAC,relocated_r_mips32_code_pointer
sub_08A79EB4,0x08A79EB4,relocated_r_mips32_code_pointer
sub_08A79EFC,0x08A79EFC,relocated_r_mips32_code_pointer
sub_08A79F50,0x08A79F50,materialized_code_pointer
sub_08A79F68,0x08A79F68,materialized_code_pointer
sub_08A79F78,0x08A79F78,relocated_r_mips32_code_pointer
sub_08A79F84,0x08A79F84,relocated_r_mips32_code_pointer
sub_08A79F8C,0x08A79F8C,relocated_r_mips32_code_pointer
sub_08A79FD0,0x08A79FD0,relocated_r_mips32_code_pointer
sub_08A7A020,0x08A7A020,materialized_code_pointer
sub_08A7A038,0x08A7A038,materialized_code_pointer
sub_08A7A048,0x08A7A048,relocated_r_mips32_code_pointer
sub_08A7A054,0x08A7A054,relocated_r_mips32_code_pointer
sub_08A7A05C,0x08A7A05C,relocated_r_mips32_code_pointer
sub_08A7A080,0x08A7A080,relocated_r_mips32_code_pointer
sub_08A7A0B0,0x08A7A0B0,materialized_code_pointer
sub_08A7A0C8,0x08A7A0C8,materialized_code_pointer
sub_08A7A0D8,0x08A7A0D8,relocated_r_mips32_code_pointer
sub_08A7A0E4,0x08A7A0E4,relocated_r_mips32_code_pointer
sub_08A7A0EC,0x08A7A0EC,relocated_r_mips32_code_pointer
sub_08A7A130,0x08A7A130,relocated_r_mips32_code_pointer
sub_08A7A180,0x08A7A180,materialized_code_pointer
sub_08A7A198,0x08A7A198,materialized_code_pointer
sub_08A7A1A8,0x08A7A1A8,materialized_code_pointer
sub_08A7A1B8,0x08A7A1B8,materialized_code_pointer
sub_08A7A1C0,0x08A7A1C0,relocated_r_mips32_code_pointer
sub_08A7A1D8,0x08A7A1D8,materialized_code_pointer
sub_08A7A230,0x08A7A230,materialized_code_pointer
sub_08A7A240,0x08A7A240,relocated_r_mips32_code_pointer
sub_08A7A24C,0x08A7A24C,relocated_r_mips32_code_pointer
sub_08A7A254,0x08A7A254,relocated_r_mips32_code_pointer
sub_08A7A274,0x08A7A274,relocated_r_mips32_code_pointer
sub_08A7A290,0x08A7A290,materialized_code_pointer
sub_08A7A2A0,0x08A7A2A0,relocated_r_mips32_code_pointer
sub_08A7A2AC,0x08A7A2AC,relocated_r_mips32_code_pointer
sub_08A7A2B8,0x08A7A2B8,relocated_r_mips32_code_pointer
sub_08A7A2C0,0x08A7A2C0,relocated_r_mips32_code_pointer
sub_08A7A2CC,0x08A7A2CC,relocated_r_mips32_code_pointer
sub_08A7A2E4,0x08A7A2E4,relocated_r_mips32_code_pointer
sub_08A7A2FC,0x08A7A2FC,relocated_r_mips32_code_pointer
sub_08A7A308,0x08A7A308,relocated_r_mips32_code_pointer
sub_08A7A338,0x08A7A338,materialized_code_pointer
sub_08A7A3B0,0x08A7A3B0,materialized_code_pointer
sub_08A7A3C8,0x08A7A3C8,materialized_code_pointer
sub_08A7A3D8,0x08A7A3D8,relocated_r_mips32_code_pointer
sub_08A7A3E4,0x08A7A3E4,relocated_r_mips32_code_pointer
sub_08A7A3EC,0x08A7A3EC,relocated_r_mips32_code_pointer
sub_08A7A41C,0x08A7A41C,relocated_r_mips32_code_pointer
sub_08A7A458,0x08A7A458,materialized_code_pointer
sub_08A7A468,0x08A7A468,relocated_r_mips32_code_pointer
sub_08A7A474,0x08A7A474,relocated_r_mips32_code_pointer
sub_08A7A488,0x08A7A488,relocated_r_mips32_code_pointer
sub_08A7A494,0x08A7A494,relocated_r_mips32_code_pointer
sub_08A7A49C,0x08A7A49C,relocated_r_mips32_code_pointer
sub_08A7A4BC,0x08A7A4BC,relocated_r_mips32_code_pointer
sub_08A7A4D8,0x08A7A4D8,materialized_code_pointer
sub_08A7A4F0,0x08A7A4F0,materialized_code_pointer
sub_08A7A500,0x08A7A500,materialized_code_pointer
sub_08A7A508,0x08A7A508,relocated_r_mips32_code_pointer
sub_08A7A514,0x08A7A514,relocated_r_mips32_code_pointer
sub_08A7A530,0x08A7A530,materialized_code_pointer
sub_08A7A590,0x08A7A590,relocated_r_mips32_code_pointer
sub_08A7A59C,0x08A7A59C,relocated_r_mips32_code_pointer
sub_08A7A5A4,0x08A7A5A4,relocated_r_mips32_code_pointer
sub_08A7A5B0,0x08A7A5B0,relocated_r_mips32_code_pointer
sub_08A7A5C8,0x08A7A5C8,materialized_code_pointer
sub_08A7A620,0x08A7A620,materialized_code_pointer
sub_08A7A658,0x08A7A658,relocated_r_mips32_code_pointer
sub_08A7A664,0x08A7A664,relocated_r_mips32_code_pointer
sub_08A7A680,0x08A7A680,materialized_code_pointer
sub_08A7A6D0,0x08A7A6D0,relocated_r_mips32_code_pointer
sub_08A7A6DC,0x08A7A6DC,relocated_r_mips32_code_pointer
sub_08A7A6F0,0x08A7A6F0,materialized_code_pointer
sub_08A7A748,0x08A7A748,relocated_r_mips32_code_pointer
sub_08A7A754,0x08A7A754,relocated_r_mips32_code_pointer
sub_08A7A770,0x08A7A770,materialized_code_pointer
sub_08A7A7D0,0x08A7A7D0,relocated_r_mips32_code_pointer
sub_08A7A7DC,0x08A7A7DC,relocated_r_mips32_code_pointer
sub_08A7A7F8,0x08A7A7F8,materialized_code_pointer
sub_08A7A848,0x08A7A848,relocated_r_mips32_code_pointer
sub_08A7A854,0x08A7A854,relocated_r_mips32_code_pointer
sub_08A7A868,0x08A7A868,materialized_code_pointer
sub_08A7A8C8,0x08A7A8C8,relocated_r_mips32_code_pointer
sub_08A7A8D4,0x08A7A8D4,relocated_r_mips32_code_pointer
sub_08A7A8E8,0x08A7A8E8,materialized_code_pointer
sub_08A7A938,0x08A7A938,relocated_r_mips32_code_pointer
sub_08A7A944,0x08A7A944,relocated_r_mips32_code_pointer
sub_08A7A960,0x08A7A960,materialized_code_pointer
sub_08A7A9B0,0x08A7A9B0,relocated_r_mips32_code_pointer
sub_08A7A9BC,0x08A7A9BC,relocated_r_mips32_code_pointer
sub_08A7A9D0,0x08A7A9D0,materialized_code_pointer
sub_08A7AA20,0x08A7AA20,relocated_r_mips32_code_pointer
sub_08A7AA2C,0x08A7AA2C,relocated_r_mips32_code_pointer
sub_08A7AA48,0x08A7AA48,materialized_code_pointer
sub_08A7AA98,0x08A7AA98,relocated_r_mips32_code_pointer
sub_08A7AAA4,0x08A7AAA4,relocated_r_mips32_code_pointer
sub_08A7AAC0,0x08A7AAC0,materialized_code_pointer
sub_08A7AB10,0x08A7AB10,relocated_r_mips32_code_pointer
sub_08A7AB1C,0x08A7AB1C,relocated_r_mips32_code_pointer
sub_08A7AB30,0x08A7AB30,materialized_code_pointer
sub_08A7AB80,0x08A7AB80,relocated_r_mips32_code_pointer
sub_08A7AB8C,0x08A7AB8C,relocated_r_mips32_code_pointer
sub_08A7ABA0,0x08A7ABA0,materialized_code_pointer
sub_08A7AC08,0x08A7AC08,relocated_r_mips32_code_pointer
sub_08A7AC10,0x08A7AC10,relocated_r_mips32_code_pointer
sub_08A7AC28,0x08A7AC28,materialized_code_pointer
sub_08A7ACD0,0x08A7ACD0,relocated_r_mips32_code_pointer
sub_08A7ACD8,0x08A7ACD8,relocated_r_mips32_code_pointer
sub_08A7ACF0,0x08A7ACF0,materialized_code_pointer
sub_08A7AD00,0x08A7AD00,relocated_r_mips32_code_pointer
sub_08A7AD20,0x08A7AD20,relocated_r_mips32_code_pointer
sub_08A7AD28,0x08A7AD28,relocated_r_mips32_code_pointer
sub_08A7AD44,0x08A7AD44,relocated_r_mips32_code_pointer
sub_08A7AD58,0x08A7AD58,materialized_code_pointer
sub_08A7AE04,0x08A7AE04,materialized_code_pointer
sub_08A7AE18,0x08A7AE18,materialized_code_pointer
sub_08A7AE20,0x08A7AE20,relocated_r_mips32_code_pointer
sub_08A7AE2C,0x08A7AE2C,relocated_r_mips32_code_pointer
sub_08A7AE48,0x08A7AE48,materialized_code_pointer
sub_08A7AE60,0x08A7AE60,relocated_r_mips32_code_pointer
sub_08A7AE6C,0x08A7AE6C,relocated_r_mips32_code_pointer
sub_08A7AE78,0x08A7AE78,relocated_r_mips32_code_pointer
sub_08A7AE84,0x08A7AE84,relocated_r_mips32_code_pointer
sub_08A7AE98,0x08A7AE98,relocated_r_mips32_code_pointer
sub_08A7AEA4,0x08A7AEA4,relocated_r_mips32_code_pointer
sub_08A7AEBC,0x08A7AEBC,relocated_r_mips32_code_pointer
sub_08A7AEC8,0x08A7AEC8,relocated_r_mips32_code_pointer
sub_08A7AEDC,0x08A7AEDC,relocated_r_mips32_code_pointer
sub_08A7AEE8,0x08A7AEE8,relocated_r_mips32_code_pointer
sub_08A7AEFC,0x08A7AEFC,relocated_r_mips32_code_pointer
sub_08A7AF08,0x08A7AF08,relocated_r_mips32_code_pointer
sub_08A7AF10,0x08A7AF10,relocated_r_mips32_code_pointer
sub_08A7AF2C,0x08A7AF2C,relocated_r_mips32_code_pointer
sub_08A7AF40,0x08A7AF40,materialized_code_pointer
sub_08A7AF60,0x08A7AF60,materialized_code_pointer
sub_08A7AF80,0x08A7AF80,materialized_code_pointer
sub_08A7AFA0,0x08A7AFA0,materialized_code_pointer
sub_08A7AFC0,0x08A7AFC0,materialized_code_pointer
sub_08A7AFE0,0x08A7AFE0,materialized_code_pointer
sub_08A7AFF0,0x08A7AFF0,materialized_code_pointer
sub_08A7AFF8,0x08A7AFF8,relocated_r_mips32_code_pointer
sub_08A7B004,0x08A7B004,relocated_r_mips32_code_pointer
sub_08A7B020,0x08A7B020,materialized_code_pointer
sub_08A7B038,0x08A7B038,relocated_r_mips32_code_pointer
sub_08A7B040,0x08A7B040,relocated_r_mips32_code_pointer
sub_08A7B060,0x08A7B060,materialized_code_pointer
sub_08A7B070,0x08A7B070,relocated_r_mips32_code_pointer
sub_08A7B078,0x08A7B078,relocated_r_mips32_code_pointer
sub_08A7B098,0x08A7B098,materialized_code_pointer
sub_08A7B0A0,0x08A7B0A0,relocated_r_mips32_code_pointer
sub_08A7B0AC,0x08A7B0AC,relocated_r_mips32_code_pointer
sub_08A7B0B4,0x08A7B0B4,relocated_r_mips32_code_pointer
sub_08A7B0C4,0x08A7B0C4,relocated_r_mips32_code_pointer
sub_08A7B0D4,0x08A7B0D4,relocated_r_mips32_code_pointer
sub_08A7B0E0,0x08A7B0E0,relocated_r_mips32_code_pointer
sub_08A7B0F4,0x08A7B0F4,relocated_r_mips32_code_pointer
sub_08A7B100,0x08A7B100,relocated_r_mips32_code_pointer
sub_08A7B120,0x08A7B120,materialized_code_pointer
sub_08A7B140,0x08A7B140,materialized_code_pointer
sub_08A7B160,0x08A7B160,materialized_code_pointer
sub_08A7B180,0x08A7B180,materialized_code_pointer
sub_08A7B198,0x08A7B198,relocated_r_mips32_code_pointer
sub_08A7B1A4,0x08A7B1A4,relocated_r_mips32_code_pointer
sub_08A7B1B8,0x08A7B1B8,materialized_code_pointer
sub_08A7B1D0,0x08A7B1D0,relocated_r_mips32_code_pointer
sub_08A7B1DC,0x08A7B1DC,relocated_r_mips32_code_pointer
sub_08A7B1F8,0x08A7B1F8,materialized_code_pointer
sub_08A7B210,0x08A7B210,relocated_r_mips32_code_pointer
sub_08A7B218,0x08A7B218,relocated_r_mips32_code_pointer
sub_08A7B230,0x08A7B230,materialized_code_pointer
sub_08A7B270,0x08A7B270,materialized_code_pointer
sub_08A7B280,0x08A7B280,relocated_r_mips32_code_pointer
sub_08A7B288,0x08A7B288,relocated_r_mips32_code_pointer
sub_08A7B2A4,0x08A7B2A4,relocated_r_mips32_code_pointer
sub_08A7B2B0,0x08A7B2B0,relocated_r_mips32_code_pointer
sub_08A7B2C8,0x08A7B2C8,materialized_code_pointer
sub_08A7B300,0x08A7B300,relocated_r_mips32_code_pointer
sub_08A7B30C,0x08A7B30C,relocated_r_mips32_code_pointer
sub_08A7B328,0x08A7B328,materialized_code_pointer
sub_08A7B3B0,0x08A7B3B0,materialized_code_pointer
sub_08A7B3C0,0x08A7B3C0,relocated_r_mips32_code_pointer
sub_08A7B3C8,0x08A7B3C8,relocated_r_mips32_code_pointer
sub_08A7B3E8,0x08A7B3E8,relocated_r_mips32_code_pointer
sub_08A7B3F4,0x08A7B3F4,relocated_r_mips32_code_pointer
sub_08A7B410,0x08A7B410,materialized_code_pointer
sub_08A7B490,0x08A7B490,relocated_r_mips32_code_pointer
sub_08A7B498,0x08A7B498,relocated_r_mips32_code_pointer
sub_08A7B4B0,0x08A7B4B0,materialized_code_pointer
sub_08A7B520,0x08A7B520,relocated_r_mips32_code_pointer
sub_08A7B540,0x08A7B540,relocated_r_mips32_code_pointer
sub_08A7B548,0x08A7B548,relocated_r_mips32_code_pointer
sub_08A7B56C,0x08A7B56C,relocated_r_mips32_code_pointer
sub_08A7B588,0x08A7B588,materialized_code_pointer
sub_08A7B5CC,0x08A7B5CC,materialized_code_pointer
sub_08A7B5E0,0x08A7B5E0,materialized_code_pointer
sub_08A7B5E8,0x08A7B5E8,relocated_r_mips32_code_pointer
sub_08A7B5F4,0x08A7B5F4,relocated_r_mips32_code_pointer
sub_08A7B610,0x08A7B610,materialized_code_pointer
sub_08A7B660,0x08A7B660,relocated_r_mips32_code_pointer
sub_08A7B680,0x08A7B680,relocated_r_mips32_code_pointer
sub_08A7B688,0x08A7B688,relocated_r_mips32_code_pointer
sub_08A7B6AC,0x08A7B6AC,relocated_r_mips32_code_pointer
sub_08A7B6C8,0x08A7B6C8,materialized_code_pointer
sub_08A7B704,0x08A7B704,materialized_code_pointer
sub_08A7B718,0x08A7B718,materialized_code_pointer
sub_08A7B720,0x08A7B720,relocated_r_mips32_code_pointer
sub_08A7B72C,0x08A7B72C,relocated_r_mips32_code_pointer
sub_08A7B748,0x08A7B748,materialized_code_pointer
sub_08A7B770,0x08A7B770,relocated_r_mips32_code_pointer
sub_08A7B77C,0x08A7B77C,relocated_r_mips32_code_pointer
sub_08A7B798,0x08A7B798,materialized_code_pointer
sub_08A7B7B0,0x08A7B7B0,relocated_r_mips32_code_pointer
sub_08A7B7D0,0x08A7B7D0,relocated_r_mips32_code_pointer
sub_08A7B7F0,0x08A7B7F0,materialized_code_pointer
sub_08A7B814,0x08A7B814,materialized_code_pointer
sub_08A7B824,0x08A7B824,materialized_code_pointer
sub_08A7B840,0x08A7B840,relocated_r_mips32_code_pointer
sub_08A7B860,0x08A7B860,relocated_r_mips32_code_pointer
sub_08A7B880,0x08A7B880,materialized_code_pointer
sub_08A7B8A0,0x08A7B8A0,materialized_code_pointer
sub_08A7B8A8,0x08A7B8A8,relocated_r_mips32_code_pointer
sub_08A7B8B0,0x08A7B8B0,relocated_r_mips32_code_pointer
sub_08A7B8C8,0x08A7B8C8,materialized_code_pointer
sub_08A7B8D0,0x08A7B8D0,relocated_r_mips32_code_pointer
sub_08A7B8DC,0x08A7B8DC,relocated_r_mips32_code_pointer
sub_08A7B900,0x08A7B900,materialized_code_pointer
sub_08A7B930,0x08A7B930,relocated_r_mips32_code_pointer
sub_08A7B93C,0x08A7B93C,relocated_r_mips32_code_pointer
sub_08A7B960,0x08A7B960,materialized_code_pointer
sub_08A7B978,0x08A7B978,relocated_r_mips32_code_pointer
sub_08A7B984,0x08A7B984,relocated_r_mips32_code_pointer
sub_08A7B98C,0x08A7B98C,relocated_r_mips32_code_pointer
sub_08A7B9A0,0x08A7B9A0,relocated_r_mips32_code_pointer
sub_08A7B9C0,0x08A7B9C0,materialized_code_pointer
sub_08A7B9E8,0x08A7B9E8,materialized_code_pointer
sub_08A7BA08,0x08A7BA08,relocated_r_mips32_code_pointer
sub_08A7BA14,0x08A7BA14,relocated_r_mips32_code_pointer
sub_08A7BA30,0x08A7BA30,materialized_code_pointer
sub_08A7BA50,0x08A7BA50,relocated_r_mips32_code_pointer
sub_08A7BA5C,0x08A7BA5C,relocated_r_mips32_code_pointer
sub_08A7BA70,0x08A7BA70,materialized_code_pointer
sub_08A7BAB8,0x08A7BAB8,relocated_r_mips32_code_pointer
sub_08A7BAC0,0x08A7BAC0,relocated_r_mips32_code_pointer
sub_08A7BAE0,0x08A7BAE0,materialized_code_pointer
sub_08A7BB18,0x08A7BB18,materialized_code_pointer
sub_08A7BB20,0x08A7BB20,relocated_r_mips32_code_pointer
sub_08A7BB40,0x08A7BB40,materialized_code_pointer
sub_08A7BB60,0x08A7BB60,materialized_code_pointer
sub_08A7BB70,0x08A7BB70,relocated_r_mips32_code_pointer
sub_08A7BB7C,0x08A7BB7C,relocated_r_mips32_code_pointer
sub_08A7BB84,0x08A7BB84,relocated_r_mips32_code_pointer
sub_08A7BBC0,0x08A7BBC0,relocated_r_mips32_code_pointer
sub_08A7BC08,0x08A7BC08,materialized_code_pointer
sub_08A7BC18,0x08A7BC18,relocated_r_mips32_code_pointer
sub_08A7BC20,0x08A7BC20,relocated_r_mips32_code_pointer
sub_08A7BC38,0x08A7BC38,materialized_code_pointer
sub_08A7BC78,0x08A7BC78,relocated_r_mips32_code_pointer
sub_08A7BC84,0x08A7BC84,relocated_r_mips32_code_pointer
sub_08A7BCA0,0x08A7BCA0,materialized_code_pointer
sub_08A7BCB8,0x08A7BCB8,relocated_r_mips32_code_pointer
sub_08A7BCC4,0x08A7BCC4,relocated_r_mips32_code_pointer
sub_08A7BCD8,0x08A7BCD8,materialized_code_pointer
sub_08A7BD00,0x08A7BD00,relocated_r_mips32_code_pointer
sub_08A7BD08,0x08A7BD08,relocated_r_mips32_code_pointer
sub_08A7BD20,0x08A7BD20,materialized_code_pointer
sub_08A7BD70,0x08A7BD70,relocated_r_mips32_code_pointer
sub_08A7BD78,0x08A7BD78,relocated_r_mips32_code_pointer
sub_08A7BD98,0x08A7BD98,materialized_code_pointer
sub_08A7BDC8,0x08A7BDC8,relocated_r_mips32_code_pointer
sub_08A7BDD0,0x08A7BDD0,relocated_r_mips32_code_pointer
sub_08A7BDE8,0x08A7BDE8,materialized_code_pointer
sub_08A7BDF0,0x08A7BDF0,materialized_code_pointer
sub_08A7BDF8,0x08A7BDF8,relocated_r_mips32_code_pointer
sub_08A7BE10,0x08A7BE10,materialized_code_pointer
sub_08A7BE30,0x08A7BE30,relocated_r_mips32_code_pointer
sub_08A7BE38,0x08A7BE38,relocated_r_mips32_code_pointer
sub_08A7BE50,0x08A7BE50,materialized_code_pointer
sub_08A7BE58,0x08A7BE58,relocated_r_mips32_code_pointer
sub_08A7BE78,0x08A7BE78,relocated_r_mips32_code_pointer
sub_08A7BE80,0x08A7BE80,relocated_r_mips32_code_pointer
sub_08A7BEA4,0x08A7BEA4,relocated_r_mips32_code_pointer
sub_08A7BEC0,0x08A7BEC0,materialized_code_pointer
sub_08A7BF1C,0x08A7BF1C,materialized_code_pointer
sub_08A7BF30,0x08A7BF30,materialized_code_pointer
sub_08A7BF38,0x08A7BF38,relocated_r_mips32_code_pointer
sub_08A7BF44,0x08A7BF44,relocated_r_mips32_code_pointer
sub_08A7BF4C,0x08A7BF4C,relocated_r_mips32_code_pointer
sub_08A7BF60,0x08A7BF60,relocated_r_mips32_code_pointer
sub_08A7BF80,0x08A7BF80,materialized_code_pointer
sub_08A7BF98,0x08A7BF98,materialized_code_pointer
sub_08A7BFA8,0x08A7BFA8,relocated_r_mips32_code_pointer
sub_08A7BFB4,0x08A7BFB4,relocated_r_mips32_code_pointer
sub_08A7BFD0,0x08A7BFD0,materialized_code_pointer
sub_08A7C010,0x08A7C010,relocated_r_mips32_code_pointer
sub_08A7C018,0x08A7C018,relocated_r_mips32_code_pointer
sub_08A7C038,0x08A7C038,materialized_code_pointer
sub_08A7C040,0x08A7C040,relocated_r_mips32_code_pointer
sub_08A7C048,0x08A7C048,relocated_r_mips32_code_pointer
sub_08A7C060,0x08A7C060,materialized_code_pointer
sub_08A7C0B0,0x08A7C0B0,relocated_r_mips32_code_pointer
sub_08A7C0B8,0x08A7C0B8,relocated_r_mips32_code_pointer
sub_08A7C0C8,0x08A7C0C8,materialized_code_pointer
sub_08A7C0F8,0x08A7C0F8,relocated_r_mips32_code_pointer
sub_08A7C104,0x08A7C104,relocated_r_mips32_code_pointer
sub_08A7C120,0x08A7C120,materialized_code_pointer
sub_08A7C138,0x08A7C138,relocated_r_mips32_code_pointer
sub_08A7C140,0x08A7C140,relocated_r_mips32_code_pointer
sub_08A7C158,0x08A7C158,materialized_code_pointer
sub_08A7C198,0x08A7C198,relocated_r_mips32_code_pointer
sub_08A7C1A4,0x08A7C1A4,relocated_r_mips32_code_pointer
sub_08A7C1B0,0x08A7C1B0,relocated_r_mips32_code_pointer
sub_08A7C1BC,0x08A7C1BC,relocated_r_mips32_code_pointer
sub_08A7C1E0,0x08A7C1E0,materialized_code_pointer
sub_08A7C200,0x08A7C200,materialized_code_pointer
sub_08A7C218,0x08A7C218,relocated_r_mips32_code_pointer
sub_08A7C224,0x08A7C224,relocated_r_mips32_code_pointer
sub_08A7C240,0x08A7C240,materialized_code_pointer
sub_08A7C258,0x08A7C258,relocated_r_mips32_code_pointer
sub_08A7C264,0x08A7C264,relocated_r_mips32_code_pointer
sub_08A7C278,0x08A7C278,materialized_code_pointer
sub_08A7C290,0x08A7C290,relocated_r_mips32_code_pointer
sub_08A7C29C,0x08A7C29C,relocated_r_mips32_code_pointer
sub_08A7C2B0,0x08A7C2B0,materialized_code_pointer
sub_08A7C2E0,0x08A7C2E0,relocated_r_mips32_code_pointer
sub_08A7C2EC,0x08A7C2EC,relocated_r_mips32_code_pointer
sub_08A7C308,0x08A7C308,materialized_code_pointer
sub_08A7C320,0x08A7C320,relocated_r_mips32_code_pointer
sub_08A7C32C,0x08A7C32C,relocated_r_mips32_code_pointer
sub_08A7C334,0x08A7C334,relocated_r_mips32_code_pointer
sub_08A7C340,0x08A7C340,relocated_r_mips32_code_pointer
sub_08A7C358,0x08A7C358,materialized_code_pointer
sub_08A7C368,0x08A7C368,materialized_code_pointer
sub_08A7C370,0x08A7C370,relocated_r_mips32_code_pointer
sub_08A7C378,0x08A7C378,relocated_r_mips32_code_pointer
sub_08A7C384,0x08A7C384,relocated_r_mips32_code_pointer
sub_08A7C390,0x08A7C390,relocated_r_mips32_code_pointer
sub_08A7C3B0,0x08A7C3B0,materialized_code_pointer
sub_08A7C3C0,0x08A7C3C0,materialized_code_pointer
sub_08A7C3D8,0x08A7C3D8,relocated_r_mips32_code_pointer
sub_08A7C3F8,0x08A7C3F8,relocated_r_mips32_code_pointer
sub_08A7C400,0x08A7C400,relocated_r_mips32_code_pointer
sub_08A7C420,0x08A7C420,relocated_r_mips32_code_pointer
sub_08A7C438,0x08A7C438,materialized_code_pointer
sub_08A7C464,0x08A7C464,materialized_code_pointer
sub_08A7C478,0x08A7C478,materialized_code_pointer
sub_08A7C480,0x08A7C480,relocated_r_mips32_code_pointer
sub_08A7C48C,0x08A7C48C,relocated_r_mips32_code_pointer
sub_08A7C4A8,0x08A7C4A8,materialized_code_pointer
sub_08A7C4D0,0x08A7C4D0,relocated_r_mips32_code_pointer
sub_08A7C4DC,0x08A7C4DC,relocated_r_mips32_code_pointer
sub_08A7C4E8,0x08A7C4E8,relocated_r_mips32_code_pointer
sub_08A7C4F8,0x08A7C4F8,relocated_r_mips32_code_pointer
sub_08A7C518,0x08A7C518,materialized_code_pointer
sub_08A7C598,0x08A7C598,materialized_code_pointer
sub_08A7C618,0x08A7C618,materialized_code_pointer
sub_08A7C628,0x08A7C628,relocated_r_mips32_code_pointer
sub_08A7C630,0x08A7C630,relocated_r_mips32_code_pointer
sub_08A7C668,0x08A7C668,materialized_code_pointer
sub_08A7C678,0x08A7C678,relocated_r_mips32_code_pointer
sub_08A7C684,0x08A7C684,relocated_r_mips32_code_pointer
sub_08A7C68C,0x08A7C68C,relocated_r_mips32_code_pointer
sub_08A7C6A8,0x08A7C6A8,relocated_r_mips32_code_pointer
sub_08A7C6D8,0x08A7C6D8,materialized_code_pointer
sub_08A7C6F0,0x08A7C6F0,materialized_code_pointer
sub_08A7C700,0x08A7C700,relocated_r_mips32_code_pointer
sub_08A7C708,0x08A7C708,relocated_r_mips32_code_pointer
sub_08A7C740,0x08A7C740,materialized_code_pointer
sub_08A7C750,0x08A7C750,relocated_r_mips32_code_pointer
sub_08A7C758,0x08A7C758,relocated_r_mips32_code_pointer
sub_08A7C788,0x08A7C788,relocated_r_mips32_code_pointer
sub_08A7C7A8,0x08A7C7A8,relocated_r_mips32_code_pointer
sub_08A7C7C8,0x08A7C7C8,materialized_code_pointer
sub_08A7C7EC,0x08A7C7EC,materialized_code_pointer
sub_08A7C7F8,0x08A7C7F8,relocated_r_mips32_code_pointer
sub_08A7C800,0x08A7C800,relocated_r_mips32_code_pointer
sub_08A7C818,0x08A7C818,materialized_code_pointer
sub_08A7C848,0x08A7C848,materialized_code_pointer
sub_08A7C858,0x08A7C858,relocated_r_mips32_code_pointer
sub_08A7C860,0x08A7C860,relocated_r_mips32_code_pointer
sub_08A7C878,0x08A7C878,relocated_r_mips32_code_pointer
sub_08A7C880,0x08A7C880,relocated_r_mips32_code_pointer
sub_08A7C898,0x08A7C898,materialized_code_pointer
sub_08A7C8C0,0x08A7C8C0,relocated_r_mips32_code_pointer
sub_08A7C8CC,0x08A7C8CC,relocated_r_mips32_code_pointer
sub_08A7C8D4,0x08A7C8D4,relocated_r_mips32_code_pointer
sub_08A7C8F8,0x08A7C8F8,relocated_r_mips32_code_pointer
sub_08A7C918,0x08A7C918,materialized_code_pointer
sub_08A7C928,0x08A7C928,materialized_code_pointer
sub_08A7C930,0x08A7C930,relocated_r_mips32_code_pointer
sub_08A7C938,0x08A7C938,relocated_r_mips32_code_pointer
sub_08A7C948,0x08A7C948,relocated_r_mips32_code_pointer
sub_08A7C950,0x08A7C950,relocated_r_mips32_code_pointer
sub_08A7C968,0x08A7C968,materialized_code_pointer
sub_08A7C988,0x08A7C988,materialized_code_pointer
sub_08A7C9A8,0x08A7C9A8,materialized_code_pointer
sub_08A7C9B0,0x08A7C9B0,relocated_r_mips32_code_pointer
sub_08A7C9BC,0x08A7C9BC,relocated_r_mips32_code_pointer
sub_08A7C9C4,0x08A7C9C4,relocated_r_mips32_code_pointer
sub_08A7C9E8,0x08A7C9E8,relocated_r_mips32_code_pointer
sub_08A7CA08,0x08A7CA08,materialized_code_pointer
sub_08A7CA10,0x08A7CA10,relocated_r_mips32_code_pointer
sub_08A7CA1C,0x08A7CA1C,relocated_r_mips32_code_pointer
sub_08A7CA24,0x08A7CA24,relocated_r_mips32_code_pointer
sub_08A7CA44,0x08A7CA44,relocated_r_mips32_code_pointer
sub_08A7CA60,0x08A7CA60,materialized_code_pointer
sub_08A7CA70,0x08A7CA70,materialized_code_pointer
sub_08A7CA80,0x08A7CA80,relocated_r_mips32_code_pointer
sub_08A7CA8C,0x08A7CA8C,relocated_r_mips32_code_pointer
sub_08A7CA94,0x08A7CA94,relocated_r_mips32_code_pointer
sub_08A7CAD4,0x08A7CAD4,relocated_r_mips32_code_pointer
sub_08A7CB20,0x08A7CB20,materialized_code_pointer
sub_08A7CB38,0x08A7CB38,materialized_code_pointer
sub_08A7CB40,0x08A7CB40,relocated_r_mips32_code_pointer
sub_08A7CB4C,0x08A7CB4C,relocated_r_mips32_code_pointer
sub_08A7CB54,0x08A7CB54,relocated_r_mips32_code_pointer
sub_08A7CB74,0x08A7CB74,relocated_r_mips32_code_pointer
sub_08A7CB90,0x08A7CB90,materialized_code_pointer
sub_08A7CBA0,0x08A7CBA0,materialized_code_pointer
sub_08A7CBF8,0x08A7CBF8,relocated_r_mips32_code_pointer
sub_08A7CC04,0x08A7CC04,relocated_r_mips32_code_pointer
sub_08A7CC20,0x08A7CC20,materialized_code_pointer
sub_08A7CC30,0x08A7CC30,relocated_r_mips32_code_pointer
sub_08A7CC38,0x08A7CC38,relocated_r_mips32_code_pointer
sub_08A7CC68,0x08A7CC68,materialized_code_pointer
sub_08A7CCD0,0x08A7CCD0,relocated_r_mips32_code_pointer
sub_08A7CCDC,0x08A7CCDC,relocated_r_mips32_code_pointer
sub_08A7CCF0,0x08A7CCF0,materialized_code_pointer
sub_08A7CD00,0x08A7CD00,relocated_r_mips32_code_pointer
sub_08A7CD08,0x08A7CD08,relocated_r_mips32_code_pointer
sub_08A7CD40,0x08A7CD40,materialized_code_pointer
sub_08A7CD50,0x08A7CD50,relocated_r_mips32_code_pointer
sub_08A7CD58,0x08A7CD58,relocated_r_mips32_code_pointer
sub_08A7CD90,0x08A7CD90,materialized_code_pointer
sub_08A7CDA0,0x08A7CDA0,relocated_r_mips32_code_pointer
sub_08A7CDA8,0x08A7CDA8,relocated_r_mips32_code_pointer
sub_08A7CDE0,0x08A7CDE0,materialized_code_pointer
sub_08A7CDE8,0x08A7CDE8,relocated_r_mips32_code_pointer
sub_08A7CDF0,0x08A7CDF0,relocated_r_mips32_code_pointer
sub_08A7CE10,0x08A7CE10,materialized_code_pointer
sub_08A7CE28,0x08A7CE28,materialized_code_pointer
sub_08A7CE38,0x08A7CE38,relocated_r_mips32_code_pointer
sub_08A7CE44,0x08A7CE44,relocated_r_mips32_code_pointer
sub_08A7CE4C,0x08A7CE4C,relocated_r_mips32_code_pointer
sub_08A7CE60,0x08A7CE60,relocated_r_mips32_code_pointer
sub_08A7CE88,0x08A7CE88,materialized_code_pointer
sub_08A7CE98,0x08A7CE98,relocated_r_mips32_code_pointer
sub_08A7CEA0,0x08A7CEA0,relocated_r_mips32_code_pointer
sub_08A7CEB8,0x08A7CEB8,materialized_code_pointer
sub_08A7CED0,0x08A7CED0,relocated_r_mips32_code_pointer
sub_08A7CEDC,0x08A7CEDC,relocated_r_mips32_code_pointer
sub_08A7CEF8,0x08A7CEF8,materialized_code_pointer
sub_08A7CF30,0x08A7CF30,relocated_r_mips32_code_pointer
sub_08A7CF38,0x08A7CF38,relocated_r_mips32_code_pointer
sub_08A7CF50,0x08A7CF50,materialized_code_pointer
sub_08A7CF58,0x08A7CF58,relocated_r_mips32_code_pointer
sub_08A7CF60,0x08A7CF60,relocated_r_mips32_code_pointer
sub_08A7CF78,0x08A7CF78,materialized_code_pointer
sub_08A7CF80,0x08A7CF80,relocated_r_mips32_code_pointer
sub_08A7CF88,0x08A7CF88,relocated_r_mips32_code_pointer
sub_08A7CF98,0x08A7CF98,materialized_code_pointer
sub_08A7CFD0,0x08A7CFD0,relocated_r_mips32_code_pointer
sub_08A7CFD8,0x08A7CFD8,relocated_r_mips32_code_pointer
sub_08A7CFE8,0x08A7CFE8,relocated_r_mips32_code_pointer
sub_08A7CFF4,0x08A7CFF4,relocated_r_mips32_code_pointer
sub_08A7D000,0x08A7D000,relocated_r_mips32_code_pointer
sub_08A7D00C,0x08A7D00C,relocated_r_mips32_code_pointer
sub_08A7D01C,0x08A7D01C,relocated_r_mips32_code_pointer
sub_08A7D028,0x08A7D028,relocated_r_mips32_code_pointer
sub_08A7D04C,0x08A7D04C,relocated_r_mips32_code_pointer
sub_08A7D058,0x08A7D058,relocated_r_mips32_code_pointer
sub_08A7D080,0x08A7D080,relocated_r_mips32_code_pointer
sub_08A7D08C,0x08A7D08C,relocated_r_mips32_code_pointer
sub_08A7D0C0,0x08A7D0C0,materialized_code_pointer
sub_08A7D0E0,0x08A7D0E0,materialized_code_pointer
sub_08A7D0F8,0x08A7D0F8,materialized_code_pointer
sub_08A7D110,0x08A7D110,materialized_code_pointer
sub_08A7D140,0x08A7D140,materialized_code_pointer
sub_08A7D170,0x08A7D170,materialized_code_pointer
sub_08A7D198,0x08A7D198,relocated_r_mips32_code_pointer
sub_08A7D1A0,0x08A7D1A0,relocated_r_mips32_code_pointer
sub_08A7D1B0,0x08A7D1B0,materialized_code_pointer
sub_08A7D1BC,0x08A7D1BC,relocated_r_mips32_code_pointer
sub_08A7D1D8,0x08A7D1D8,materialized_code_pointer
sub_08A7D1F0,0x08A7D1F0,materialized_code_pointer
