name,address,instructions,basic_blocks,direct_calls,indirect_call_sites,unsupported,truncated,seed_source
sub_08804000,0x08804000,6,3,2,0,0,false,direct_jal_target
sub_08804040,0x08804040,26,11,1,1,0,false,direct_jal_target
sub_088040C4,0x088040C4,18,6,1,0,0,false,direct_jal_target
sub_08804124,0x08804124,56,17,6,0,0,false,elf_entry
sub_08804238,0x08804238,150,32,9,0,0,false,materialized_code_pointer
sub_088044FC,0x088044FC,9,3,0,1,0,false,relocated_r_mips32_code_pointer
sub_0880452C,0x0880452C,99,40,7,9,0,false,direct_jal_target
sub_08804744,0x08804744,15,3,3,0,0,false,relocated_r_mips32_code_pointer
sub_0880478C,0x0880478C,26,6,2,3,0,false,relocated_r_mips32_code_pointer
sub_0880480C,0x0880480C,2,1,0,0,0,false,relocated_r_mips32_code_pointer
sub_08804818,0x08804818,1,1,0,0,0,false,relocated_r_mips32_code_pointer
sub_08804820,0x08804820,1,1,0,0,0,false,relocated_r_mips32_code_pointer
sub_08804828,0x08804828,1,1,0,0,0,false,relocated_r_mips32_code_pointer
sub_08804830,0x08804830,1,1,0,0,0,false,relocated_r_mips32_code_pointer
sub_08804838,0x08804838,1,1,0,0,0,false,relocated_r_mips32_code_pointer
sub_08804AC0,0x08804AC0,72,25,4,0,0,false,relocated_r_mips32_code_pointer
sub_08804ACC,0x08804ACC,72,25,4,0,0,false,relocated_r_mips32_code_pointer
sub_08804B1C,0x08804B1C,14,3,2,0,0,false,relocated_r_mips32_code_pointer
sub_08804B60,0x08804B60,71,20,5,1,0,false,direct_jal_target
sub_08804CCC,0x08804CCC,128,44,12,2,0,false,relocated_r_mips32_code_pointer
sub_0880529C,0x0880529C,201,5,2,0,0,false,direct_jal_target
sub_088055D4,0x088055D4,228,95,26,2,0,false,direct_jal_target
sub_08805AD4,0x08805AD4,824,223,18,0,0,false,relocated_r_mips32_code_pointer
sub_08806B24,0x08806B24,240,112,29,5,0,false,direct_jal_target
sub_088070F0,0x088070F0,18,3,0,0,0,false,direct_jal_target
sub_08807264,0x08807264,31,11,2,0,0,false,relocated_r_mips32_code_pointer
sub_08807270,0x08807270,31,11,2,0,0,false,relocated_r_mips32_code_pointer
sub_088072CC,0x088072CC,18,1,0,0,0,false,direct_jal_target
sub_08807318,0x08807318,18,1,0,0,0,false,direct_jal_target
sub_088073BC,0x088073BC,21,1,0,0,0,false,direct_jal_target
sub_08807414,0x08807414,33,5,0,0,0,false,relocated_r_mips32_code_pointer
sub_088074A8,0x088074A8,7,1,0,0,0,false,direct_jal_target
sub_088074F4,0x088074F4,48,3,0,0,0,false,direct_jal_target
sub_088075C0,0x088075C0,123,11,1,0,0,false,direct_jal_target
sub_0880788C,0x0880788C,122,16,8,1,0,false,direct_jal_target
sub_08807AB0,0x08807AB0,37,7,3,0,0,false,direct_jal_target
sub_08807C10,0x08807C10,14,1,1,0,0,false,direct_jal_target
sub_08807C4C,0x08807C4C,36,2,0,1,0,false,direct_jal_target
sub_08807CE4,0x08807CE4,137,13,6,0,0,false,direct_jal_target
sub_08807F3C,0x08807F3C,32,7,2,0,0,false,direct_jal_target
sub_08807FD4,0x08807FD4,152,15,2,0,0,false,direct_jal_target
sub_08808268,0x08808268,11,1,1,0,0,false,direct_jal_target
sub_08808298,0x08808298,36,11,0,2,0,false,direct_jal_target
sub_08808348,0x08808348,70,9,0,1,0,false,direct_jal_target
sub_088084D0,0x088084D0,17,3,2,0,0,false,direct_jal_target
sub_08808520,0x08808520,59,9,0,2,0,false,direct_jal_target
sub_08808628,0x08808628,263,27,3,0,0,false,direct_jal_target
sub_08808A9C,0x08808A9C,116,23,5,0,0,false,direct_jal_target
sub_08808CBC,0x08808CBC,8,2,2,0,0,false,direct_jal_target
sub_08808CE4,0x08808CE4,65,6,5,0,0,false,direct_jal_target
sub_08808E00,0x08808E00,65,6,5,0,0,false,direct_jal_target
sub_08808F24,0x08808F24,40,8,0,1,0,false,direct_jal_target
sub_08808FDC,0x08808FDC,14,1,0,0,0,false,direct_jal_target
sub_088090EC,0x088090EC,45,11,2,0,0,false,relocated_r_mips32_code_pointer
sub_088090F8,0x088090F8,45,11,2,0,0,false,relocated_r_mips32_code_pointer
sub_08809104,0x08809104,98,4,1,0,0,false,direct_jal_target
sub_08809298,0x08809298,99,11,3,0,0,false,direct_jal_target
sub_0880944C,0x0880944C,40,8,0,1,0,false,direct_jal_target
sub_08809504,0x08809504,109,13,4,1,0,false,direct_jal_target
sub_088096E4,0x088096E4,217,36,3,7,0,false,direct_jal_target
sub_08809AC8,0x08809AC8,61,5,1,1,0,false,direct_jal_target
sub_08809BD0,0x08809BD0,88,24,1,4,0,false,relocated_r_mips32_code_pointer
sub_08809D74,0x08809D74,296,39,6,0,0,false,direct_jal_target
sub_0880A28C,0x0880A28C,79,18,2,0,0,false,direct_jal_target
sub_0880A3F8,0x0880A3F8,300,60,7,1,0,false,direct_jal_target
sub_0880A978,0x0880A978,188,23,4,0,0,false,direct_jal_target
sub_0880AE78,0x0880AE78,187,17,5,0,0,false,direct_jal_target
sub_0880B1B8,0x0880B1B8,71,21,4,2,0,false,relocated_r_mips32_code_pointer
sub_0880B1F8,0x0880B1F8,2,2,1,0,0,false,relocated_r_mips32_code_pointer
sub_0880B204,0x0880B204,57,19,4,2,0,false,relocated_r_mips32_code_pointer
sub_0880B330,0x0880B330,2,2,2,0,0,false,relocated_r_mips32_code_pointer
sub_0880B340,0x0880B340,2,2,2,0,0,false,relocated_r_mips32_code_pointer
sub_0880B350,0x0880B350,9,2,2,0,0,false,relocated_r_mips32_code_pointer
sub_0880B37C,0x0880B37C,9,2,2,0,0,false,relocated_r_mips32_code_pointer
sub_0880B3A8,0x0880B3A8,9,2,2,0,0,false,relocated_r_mips32_code_pointer
sub_0880B3D4,0x0880B3D4,46,9,2,2,0,false,direct_jal_target
sub_0880B41C,0x0880B41C,38,8,3,2,0,false,relocated_r_mips32_code_pointer
sub_0880B450,0x0880B450,5,1,0,0,0,false,relocated_r_mips32_code_pointer
sub_0880B4E8,0x0880B4E8,32,9,3,2,0,false,relocated_r_mips32_code_pointer
sub_0880B4F8,0x0880B4F8,31,8,2,2,0,false,relocated_r_mips32_code_pointer
sub_0880B500,0x0880B500,50,10,4,2,0,false,relocated_r_mips32_code_pointer
sub_0880B55C,0x0880B55C,50,10,4,2,0,false,relocated_r_mips32_code_pointer
sub_0880B5B8,0x0880B5B8,50,10,4,2,0,false,relocated_r_mips32_code_pointer
sub_0880B614,0x0880B614,47,5,3,1,0,false,direct_jal_target
sub_0880B848,0x0880B848,81,11,1,1,0,false,direct_jal_target
sub_0880BB4C,0x0880BB4C,87,24,0,4,0,false,relocated_r_mips32_code_pointer
sub_0880BCEC,0x0880BCEC,1,1,0,0,0,false,direct_jal_target
sub_0880BE30,0x0880BE30,64,21,2,0,0,false,relocated_r_mips32_code_pointer
sub_0880BE3C,0x0880BE3C,64,21,2,0,0,false,relocated_r_mips32_code_pointer
sub_0880BE48,0x0880BE48,45,9,0,2,0,false,direct_jal_target
sub_0880BF18,0x0880BF18,234,22,3,1,0,false,direct_jal_target
sub_0880C310,0x0880C310,213,46,8,3,0,false,relocated_r_mips32_code_pointer
sub_0880C708,0x0880C708,76,18,1,3,0,false,relocated_r_mips32_code_pointer
sub_0880C8DC,0x0880C8DC,26,2,1,0,0,false,direct_jal_target
sub_0880CAAC,0x0880CAAC,75,18,0,3,0,false,relocated_r_mips32_code_pointer
sub_0880CC0C,0x0880CC0C,25,10,0,0,0,false,direct_jal_target
sub_0880CC88,0x0880CC88,17,5,0,0,0,false,direct_jal_target
sub_0880CCDC,0x0880CCDC,20,2,1,0,0,false,direct_jal_target
sub_0880CD34,0x0880CD34,17,2,1,0,0,false,direct_jal_target
sub_0880CD80,0x0880CD80,27,3,2,0,0,false,direct_jal_target
sub_0880CE00,0x0880CE00,1,1,1,0,0,false,direct_jal_target
sub_0880CEA4,0x0880CEA4,31,11,2,0,0,false,relocated_r_mips32_code_pointer
sub_0880CEB0,0x0880CEB0,31,11,2,0,0,false,relocated_r_mips32_code_pointer
sub_0880CEBC,0x0880CEBC,40,9,0,4,0,false,direct_jal_target
sub_0880CF7C,0x0880CF7C,101,32,0,0,0,false,direct_jal_target
sub_0880D1BC,0x0880D1BC,185,28,8,2,0,false,direct_jal_target
sub_0880D598,0x0880D598,73,22,6,1,0,false,direct_jal_target
sub_0880D70C,0x0880D70C,65,21,3,0,0,false,direct_jal_target
sub_0880D85C,0x0880D85C,22,4,1,0,0,false,direct_jal_target
sub_0880DAE0,0x0880DAE0,32,9,2,2,0,false,direct_jal_target
sub_0880DB80,0x0880DB80,270,80,0,0,0,false,direct_jal_target
sub_0880E12C,0x0880E12C,25,2,1,0,0,false,direct_jal_target
sub_0880E1AC,0x0880E1AC,4,1,1,0,0,false,direct_jal_target
sub_0880E1C0,0x0880E1C0,12,2,2,0,0,false,relocated_r_mips32_code_pointer
sub_0880E1F8,0x0880E1F8,38,11,0,0,0,false,direct_jal_target
sub_0880E2B4,0x0880E2B4,31,4,3,0,0,false,direct_jal_target
sub_0880E340,0x0880E340,41,14,0,0,0,false,direct_jal_target
sub_0880E4A8,0x0880E4A8,31,11,2,0,0,false,relocated_r_mips32_code_pointer
sub_0880E4B4,0x0880E4B4,31,11,2,0,0,false,relocated_r_mips32_code_pointer
sub_0880E4C0,0x0880E4C0,168,19,2,0,0,false,direct_jal_target
sub_0880E7A4,0x0880E7A4,30,7,5,0,0,false,relocated_r_mips32_code_pointer
sub_0880E838,0x0880E838,47,16,8,0,0,false,direct_jal_target
sub_0880E9C8,0x0880E9C8,31,11,2,0,0,false,relocated_r_mips32_code_pointer
sub_0880E9D4,0x0880E9D4,31,11,2,0,0,false,relocated_r_mips32_code_pointer
sub_0880E9E0,0x0880E9E0,22,8,2,0,0,false,relocated_r_mips32_code_pointer
sub_0880EA54,0x0880EA54,22,8,2,0,0,false,relocated_r_mips32_code_pointer
sub_0880EAC8,0x0880EAC8,22,8,2,0,0,false,relocated_r_mips32_code_pointer
sub_0880EB3C,0x0880EB3C,14,4,2,0,0,false,relocated_r_mips32_code_pointer
sub_0880EB84,0x0880EB84,85,31,4,0,0,false,relocated_r_mips32_code_pointer
sub_0880EF04,0x0880EF04,47,2,2,0,0,false,direct_jal_target
sub_0880F08C,0x0880F08C,414,155,12,2,0,false,relocated_r_mips32_code_pointer
sub_0880F8EC,0x0880F8EC,87,33,5,0,0,false,relocated_r_mips32_code_pointer
sub_0880FB58,0x0880FB58,31,11,2,0,0,false,relocated_r_mips32_code_pointer
sub_0880FB64,0x0880FB64,31,11,2,0,0,false,relocated_r_mips32_code_pointer
sub_088107B0,0x088107B0,101,18,3,4,0,false,relocated_r_mips32_code_pointer
sub_088107CC,0x088107CC,101,18,3,4,0,false,relocated_r_mips32_code_pointer
sub_088107E8,0x088107E8,102,18,3,4,0,false,relocated_r_mips32_code_pointer
sub_08810808,0x08810808,102,18,3,4,0,false,relocated_r_mips32_code_pointer
sub_08810828,0x08810828,98,18,3,4,0,false,relocated_r_mips32_code_pointer
sub_08810838,0x08810838,101,18,3,4,0,false,relocated_r_mips32_code_pointer
sub_08810854,0x08810854,98,18,3,4,0,false,relocated_r_mips32_code_pointer
sub_08810864,0x08810864,97,18,3,4,0,false,relocated_r_mips32_code_pointer
sub_08810870,0x08810870,99,18,3,4,0,false,relocated_r_mips32_code_pointer
sub_08810884,0x08810884,101,18,3,4,0,false,relocated_r_mips32_code_pointer
sub_088108A0,0x088108A0,102,18,3,4,0,false,relocated_r_mips32_code_pointer
sub_088108C0,0x088108C0,98,18,3,4,0,false,relocated_r_mips32_code_pointer
sub_08810E64,0x08810E64,9,2,2,0,0,false,relocated_r_mips32_code_pointer
sub_08810E90,0x08810E90,3,1,0,0,0,false,direct_jal_target
sub_08810EA0,0x08810EA0,16,1,0,0,0,false,direct_jal_target
sub_08810EE4,0x08810EE4,24,3,0,2,0,false,direct_jal_target
sub_08810FEC,0x08810FEC,31,11,2,0,0,false,relocated_r_mips32_code_pointer
sub_08810FF8,0x08810FF8,31,11,2,0,0,false,relocated_r_mips32_code_pointer
sub_0881107C,0x0881107C,92,24,9,0,0,false,direct_jal_target
sub_0881124C,0x0881124C,134,16,2,0,0,false,direct_jal_target
sub_08811498,0x08811498,64,17,0,1,0,false,direct_jal_target
sub_088115CC,0x088115CC,64,14,8,0,0,false,direct_jal_target
sub_088116FC,0x088116FC,64,14,8,0,0,false,direct_jal_target
sub_0881182C,0x0881182C,146,37,2,4,0,false,direct_jal_target
sub_08811AE8,0x08811AE8,228,75,1,13,0,false,direct_jal_target
sub_08811F6C,0x08811F6C,49,14,4,2,0,false,relocated_r_mips32_code_pointer
sub_08812060,0x08812060,102,31,7,2,0,false,direct_jal_target
sub_08812264,0x08812264,106,25,9,1,0,false,direct_jal_target
sub_08812468,0x08812468,40,11,2,0,0,false,relocated_r_mips32_code_pointer
sub_08812530,0x08812530,85,27,10,0,0,false,direct_jal_target
sub_088126DC,0x088126DC,113,43,9,5,0,false,direct_jal_target
sub_0881292C,0x0881292C,113,43,9,5,0,false,relocated_r_mips32_code_pointer
sub_08812B7C,0x08812B7C,114,44,9,5,0,false,relocated_r_mips32_code_pointer
sub_08812DD4,0x08812DD4,262,79,8,10,0,false,direct_jal_target
sub_088132F4,0x088132F4,390,101,8,15,0,false,direct_jal_target
sub_08813A64,0x08813A64,174,56,8,5,0,false,relocated_r_mips32_code_pointer
sub_08813DD4,0x08813DD4,297,125,7,2,0,false,direct_jal_target
sub_088143FC,0x088143FC,88,28,8,0,0,false,direct_jal_target
sub_088145C0,0x088145C0,358,27,6,3,0,false,direct_jal_target
sub_08814BB8,0x08814BB8,147,50,7,0,0,false,direct_jal_target
sub_08814EC0,0x08814EC0,14,2,2,0,0,false,relocated_r_mips32_code_pointer
sub_08814F9C,0x08814F9C,31,11,2,0,0,false,relocated_r_mips32_code_pointer
sub_08814FA8,0x08814FA8,31,11,2,0,0,false,relocated_r_mips32_code_pointer
sub_08815008,0x08815008,6,1,1,0,0,false,direct_jal_target
sub_08815024,0x08815024,6,1,1,0,0,false,relocated_r_mips32_code_pointer
sub_08815040,0x08815040,18,3,1,0,0,false,direct_jal_target
sub_08815094,0x08815094,5,1,0,0,0,false,direct_jal_target
sub_08815188,0x08815188,31,11,2,0,0,false,relocated_r_mips32_code_pointer
sub_08815194,0x08815194,31,11,2,0,0,false,relocated_r_mips32_code_pointer
sub_088151A0,0x088151A0,10,4,0,0,0,false,direct_jal_target
sub_088151D4,0x088151D4,10,4,0,0,0,false,relocated_r_mips32_code_pointer
sub_08815208,0x08815208,11,4,1,0,0,false,relocated_r_mips32_code_pointer
sub_08815240,0x08815240,12,5,0,0,0,false,direct_jal_target
sub_08815358,0x08815358,15,1,0,0,0,false,direct_jal_target
sub_08815464,0x08815464,42,12,0,1,0,false,direct_jal_target
sub_08815530,0x08815530,43,12,1,1,0,false,relocated_r_mips32_code_pointer
sub_08815600,0x08815600,25,2,1,0,0,false,direct_jal_target
sub_08815720,0x08815720,15,3,2,0,0,false,relocated_r_mips32_code_pointer
sub_08815768,0x08815768,16,4,3,0,0,false,relocated_r_mips32_code_pointer
sub_088157B8,0x088157B8,3,1,0,0,0,false,direct_jal_target
sub_08815894,0x08815894,31,11,2,0,0,false,relocated_r_mips32_code_pointer
sub_088158A0,0x088158A0,31,11,2,0,0,false,relocated_r_mips32_code_pointer
sub_088158AC,0x088158AC,60,1,0,0,0,false,direct_jal_target
sub_088159A0,0x088159A0,37,8,2,0,0,false,direct_jal_target
sub_08815A4C,0x08815A4C,131,9,0,0,0,false,direct_jal_target
sub_08815C74,0x08815C74,138,13,1,0,0,false,direct_jal_target
sub_08815EC8,0x08815EC8,33,8,2,0,0,false,relocated_r_mips32_code_pointer
sub_08815F6C,0x08815F6C,48,8,0,1,0,false,direct_jal_target
sub_088160E0,0x088160E0,31,11,2,0,0,false,relocated_r_mips32_code_pointer
sub_088160EC,0x088160EC,31,11,2,0,0,false,relocated_r_mips32_code_pointer
sub_088160F8,0x088160F8,12,5,0,0,0,false,direct_jal_target
sub_08816138,0x08816138,46,15,0,3,0,false,direct_jal_target
sub_08816220,0x08816220,44,8,0,1,0,false,direct_jal_target
sub_088162E8,0x088162E8,15,1,0,0,0,false,direct_jal_target
sub_08816368,0x08816368,115,15,4,3,0,false,direct_jal_target
sub_08816570,0x08816570,67,10,2,0,0,false,direct_jal_target
sub_08816814,0x08816814,72,28,0,5,0,false,direct_jal_target
sub_08816984,0x08816984,73,28,1,5,0,false,relocated_r_mips32_code_pointer
sub_08816AF8,0x08816AF8,105,22,2,3,0,false,direct_jal_target
sub_08816CE4,0x08816CE4,110,34,3,4,0,false,direct_jal_target
sub_08816F10,0x08816F10,7,1,0,0,0,false,direct_jal_target
sub_08816F30,0x08816F30,1,1,0,0,0,false,direct_jal_target
sub_08816F38,0x08816F38,1,1,0,0,0,false,direct_jal_target
sub_08816FDC,0x08816FDC,31,11,2,0,0,false,relocated_r_mips32_code_pointer
sub_08816FE8,0x08816FE8,31,11,2,0,0,false,relocated_r_mips32_code_pointer
sub_08816FF4,0x08816FF4,56,11,0,2,0,false,direct_jal_target
sub_088170F8,0x088170F8,38,10,0,1,0,false,direct_jal_target
sub_08817274,0x08817274,11,1,0,0,0,false,direct_jal_target
sub_088172D4,0x088172D4,22,5,0,1,0,false,direct_jal_target
sub_08817384,0x08817384,15,2,1,0,0,false,direct_jal_target
sub_0881740C,0x0881740C,14,3,1,0,0,false,direct_jal_target
sub_08817450,0x08817450,15,3,2,0,0,false,relocated_r_mips32_code_pointer
sub_08817498,0x08817498,150,31,6,1,0,false,direct_jal_target
sub_088177E8,0x088177E8,31,11,2,0,0,false,relocated_r_mips32_code_pointer
sub_088177F4,0x088177F4,31,11,2,0,0,false,relocated_r_mips32_code_pointer
sub_08817800,0x08817800,200,33,5,1,0,false,direct_jal_target
sub_08817B84,0x08817B84,1,1,0,0,0,false,direct_jal_target
sub_08817C28,0x08817C28,31,11,2,0,0,false,relocated_r_mips32_code_pointer
sub_08817C34,0x08817C34,31,11,2,0,0,false,relocated_r_mips32_code_pointer
sub_08817C40,0x08817C40,10,2,1,0,0,false,direct_jal_target
sub_08817CA0,0x08817CA0,24,1,0,0,0,false,direct_jal_target
sub_08817D68,0x08817D68,76,21,4,3,0,false,direct_jal_target
sub_08817FAC,0x08817FAC,37,13,4,1,0,false,direct_jal_target
sub_0881806C,0x0881806C,38,13,5,1,0,false,relocated_r_mips32_code_pointer
sub_08818398,0x08818398,54,19,4,0,0,false,direct_jal_target
sub_088184BC,0x088184BC,3,1,0,0,0,false,relocated_r_mips32_code_pointer
sub_08818688,0x08818688,6,1,0,0,0,false,relocated_r_mips32_code_pointer
sub_088186A4,0x088186A4,21,2,2,0,0,false,relocated_r_mips32_code_pointer
sub_08818700,0x08818700,30,6,1,0,0,false,relocated_r_mips32_code_pointer
sub_0881878C,0x0881878C,27,6,0,1,0,false,relocated_r_mips32_code_pointer
sub_0881880C,0x0881880C,46,10,0,2,0,false,relocated_r_mips32_code_pointer
sub_088188E4,0x088188E4,33,6,0,2,0,false,relocated_r_mips32_code_pointer
sub_08818980,0x08818980,32,6,0,1,0,false,relocated_r_mips32_code_pointer
sub_08818AB8,0x08818AB8,59,17,2,0,0,false,direct_jal_target
sub_08818BD4,0x08818BD4,25,5,0,0,0,false,direct_jal_target
sub_08818C78,0x08818C78,82,23,0,0,0,false,direct_jal_target
sub_08818E0C,0x08818E0C,34,6,0,1,0,false,direct_jal_target
sub_08818F24,0x08818F24,35,6,0,1,0,false,direct_jal_target
sub_08819088,0x08819088,31,11,2,0,0,false,relocated_r_mips32_code_pointer
sub_08819094,0x08819094,31,11,2,0,0,false,relocated_r_mips32_code_pointer
sub_088190E0,0x088190E0,10,1,0,0,0,false,relocated_r_mips32_code_pointer
sub_0881910C,0x0881910C,14,1,0,0,0,false,relocated_r_mips32_code_pointer
sub_08819148,0x08819148,43,3,0,0,0,false,direct_jal_target
sub_088192B0,0x088192B0,15,1,1,0,0,false,relocated_r_mips32_code_pointer
sub_088192F0,0x088192F0,68,12,1,5,0,false,direct_jal_target
sub_08819430,0x08819430,40,10,0,1,0,false,direct_jal_target
sub_088194F4,0x088194F4,80,13,3,3,0,false,direct_jal_target
sub_08819664,0x08819664,10,1,0,0,0,false,relocated_r_mips32_code_pointer
sub_08819690,0x08819690,44,2,0,1,0,false,relocated_r_mips32_code_pointer
sub_08819748,0x08819748,56,14,4,1,0,false,relocated_r_mips32_code_pointer
sub_08819754,0x08819754,13,2,1,0,0,false,relocated_r_mips32_code_pointer
sub_088197A8,0x088197A8,291,84,16,7,0,false,direct_jal_target
sub_08819D4C,0x08819D4C,85,24,0,3,0,false,direct_jal_target
sub_08819F34,0x08819F34,18,1,0,0,0,false,direct_jal_target
sub_08819F90,0x08819F90,3,1,0,0,0,false,relocated_r_mips32_code_pointer
sub_08819FA0,0x08819FA0,3,1,1,0,0,false,relocated_r_mips32_code_pointer
sub_0881A00C,0x0881A00C,21,2,1,0,0,false,direct_jal_target
sub_0881A094,0x0881A094,10,1,0,0,0,false,direct_jal_target
sub_0881A100,0x0881A100,15,1,0,0,0,false,direct_jal_target
sub_0881A150,0x0881A150,3,1,0,0,0,false,relocated_r_mips32_code_pointer
sub_0881A160,0x0881A160,3,1,1,0,0,false,relocated_r_mips32_code_pointer
sub_0881A170,0x0881A170,74,22,4,3,0,false,direct_jal_target
sub_0881A2EC,0x0881A2EC,129,16,3,4,0,false,direct_jal_target
sub_0881A52C,0x0881A52C,167,20,2,7,0,false,direct_jal_target
sub_0881A810,0x0881A810,313,78,10,8,0,false,direct_jal_target
sub_0881ADF0,0x0881ADF0,167,41,7,2,0,false,direct_jal_target
sub_0881B280,0x0881B280,73,25,6,1,0,false,direct_jal_target
sub_0881B3F0,0x0881B3F0,74,25,7,1,0,false,relocated_r_mips32_code_pointer
sub_0881B564,0x0881B564,61,23,1,4,0,false,direct_jal_target
sub_0881B6A0,0x0881B6A0,14,4,2,0,0,false,direct_jal_target
sub_0881B6E8,0x0881B6E8,67,22,5,0,0,false,direct_jal_target
sub_0881B82C,0x0881B82C,21,5,3,0,0,false,direct_jal_target
sub_0881BB14,0x0881BB14,21,4,0,1,0,false,direct_jal_target
sub_0881BB74,0x0881BB74,31,5,1,1,0,false,direct_jal_target
sub_0881BC04,0x0881BC04,34,5,1,1,0,false,direct_jal_target
sub_0881BCA0,0x0881BCA0,32,5,1,1,0,false,direct_jal_target
sub_0881BD34,0x0881BD34,32,5,1,1,0,false,direct_jal_target
sub_0881BDC8,0x0881BDC8,1,1,0,0,0,false,direct_jal_target
sub_0881BE6C,0x0881BE6C,31,11,2,0,0,false,relocated_r_mips32_code_pointer
sub_0881BE78,0x0881BE78,31,11,2,0,0,false,relocated_r_mips32_code_pointer
sub_0881BE84,0x0881BE84,21,4,0,1,0,false,direct_jal_target
sub_0881BEE4,0x0881BEE4,21,4,0,1,0,false,direct_jal_target
sub_0881BF44,0x0881BF44,21,4,0,1,0,false,direct_jal_target
sub_0881BFA4,0x0881BFA4,68,16,0,4,0,false,direct_jal_target
sub_0881C0F0,0x0881C0F0,15,7,0,0,0,false,direct_jal_target
sub_0881C144,0x0881C144,14,7,0,0,0,false,direct_jal_target
sub_0881C208,0x0881C208,21,8,0,0,0,false,direct_jal_target
sub_0881C278,0x0881C278,17,7,0,0,0,false,direct_jal_target
sub_0881C2D4,0x0881C2D4,48,14,0,0,0,false,direct_jal_target
sub_0881C3BC,0x0881C3BC,57,17,0,0,0,false,direct_jal_target
sub_0881C570,0x0881C570,31,11,2,0,0,false,relocated_r_mips32_code_pointer
sub_0881C57C,0x0881C57C,31,11,2,0,0,false,relocated_r_mips32_code_pointer
sub_0881C588,0x0881C588,39,14,1,0,0,false,direct_jal_target
sub_0881C64C,0x0881C64C,61,15,3,0,0,false,direct_jal_target
sub_0881C770,0x0881C770,41,8,0,1,0,false,direct_jal_target
sub_0881C8D0,0x0881C8D0,31,11,2,0,0,false,relocated_r_mips32_code_pointer
sub_0881C8DC,0x0881C8DC,31,11,2,0,0,false,relocated_r_mips32_code_pointer
sub_0881C8E8,0x0881C8E8,12,5,0,0,0,false,direct_jal_target
sub_0881CA80,0x0881CA80,58,16,0,2,0,false,direct_jal_target
sub_0881CBA0,0x0881CBA0,18,1,0,0,0,false,direct_jal_target
sub_0881CC88,0x0881CC88,31,11,2,0,0,false,relocated_r_mips32_code_pointer
sub_0881CC94,0x0881CC94,31,11,2,0,0,false,relocated_r_mips32_code_pointer
sub_0881CCA0,0x0881CCA0,41,6,1,0,0,false,direct_jal_target
sub_0881CD58,0x0881CD58,19,5,0,0,0,false,direct_jal_target
sub_0881CDB0,0x0881CDB0,32,7,2,0,0,false,direct_jal_target
sub_0881CE4C,0x0881CE4C,8,1,0,0,0,false,direct_jal_target
sub_0881CE70,0x0881CE70,15,3,0,0,0,false,direct_jal_target
sub_0881CEB8,0x0881CEB8,29,7,0,0,0,false,direct_jal_target
sub_0881CF44,0x0881CF44,32,7,2,0,0,false,direct_jal_target
sub_0881CFE0,0x0881CFE0,5,3,0,0,0,false,direct_jal_target
sub_0881CFFC,0x0881CFFC,6,3,0,0,0,false,direct_jal_target
sub_0881D0B8,0x0881D0B8,31,11,2,0,0,false,relocated_r_mips32_code_pointer
sub_0881D0C4,0x0881D0C4,31,11,2,0,0,false,relocated_r_mips32_code_pointer
sub_0881D0D0,0x0881D0D0,29,7,0,0,0,false,direct_jal_target
sub_0881D1EC,0x0881D1EC,31,9,0,0,0,false,direct_jal_target
sub_0881D2B0,0x0881D2B0,15,2,2,0,0,false,relocated_r_mips32_code_pointer
sub_0881D390,0x0881D390,31,11,2,0,0,false,relocated_r_mips32_code_pointer
sub_0881D39C,0x0881D39C,31,11,2,0,0,false,relocated_r_mips32_code_pointer
sub_0881D3A8,0x0881D3A8,7,1,1,0,0,false,direct_jal_target
sub_0881D3C8,0x0881D3C8,7,1,1,0,0,false,relocated_r_mips32_code_pointer
sub_0881D3E8,0x0881D3E8,10,3,1,0,0,false,direct_jal_target
sub_0881D504,0x0881D504,4,1,0,0,0,false,direct_jal_target
sub_0881D518,0x0881D518,12,2,1,0,0,false,direct_jal_target
sub_0881D550,0x0881D550,24,8,1,0,0,false,direct_jal_target
sub_0881D5C8,0x0881D5C8,17,4,1,0,0,false,direct_jal_target
sub_0881D618,0x0881D618,34,8,1,0,0,false,direct_jal_target
sub_0881D754,0x0881D754,31,11,2,0,0,false,relocated_r_mips32_code_pointer
sub_0881D760,0x0881D760,31,11,2,0,0,false,relocated_r_mips32_code_pointer
sub_0881D76C,0x0881D76C,63,16,2,0,0,false,direct_jal_target
sub_0881D958,0x0881D958,44,6,2,0,0,false,direct_jal_target
sub_0881DA1C,0x0881DA1C,5,2,1,0,0,false,direct_jal_target
sub_0881DA38,0x0881DA38,202,68,9,0,0,false,direct_jal_target
sub_0881DB80,0x0881DB80,31,11,2,0,0,false,relocated_r_mips32_code_pointer
sub_0881DB8C,0x0881DB8C,31,11,2,0,0,false,relocated_r_mips32_code_pointer
sub_0881DB98,0x0881DB98,70,14,3,0,0,false,direct_jal_target
sub_0881DBF8,0x0881DBF8,106,35,10,0,0,false,direct_jal_target
sub_0881DDC8,0x0881DDC8,66,29,7,0,0,false,direct_jal_target
sub_0881DF38,0x0881DF38,204,72,10,0,0,false,direct_jal_target
sub_0881DFE8,0x0881DFE8,259,88,12,0,0,false,direct_jal_target
sub_0881E1B0,0x0881E1B0,63,24,7,0,0,false,direct_jal_target
sub_0881E30C,0x0881E30C,106,41,11,0,0,false,direct_jal_target
sub_0881E54C,0x0881E54C,19,3,1,0,0,false,direct_jal_target
sub_0881E5A4,0x0881E5A4,15,2,2,0,0,false,relocated_r_mips32_code_pointer
sub_0881E684,0x0881E684,31,11,2,0,0,false,relocated_r_mips32_code_pointer
sub_0881E690,0x0881E690,31,11,2,0,0,false,relocated_r_mips32_code_pointer
sub_0881E69C,0x0881E69C,30,5,1,0,0,false,direct_jal_target
sub_0881E748,0x0881E748,7,1,1,0,0,false,direct_jal_target
sub_0881E7C0,0x0881E7C0,2,2,1,0,0,false,direct_jal_target
sub_0881E86C,0x0881E86C,31,11,2,0,0,false,relocated_r_mips32_code_pointer
sub_0881E878,0x0881E878,31,11,2,0,0,false,relocated_r_mips32_code_pointer
sub_0881E884,0x0881E884,67,20,1,0,2,false,direct_jal_target
sub_0881E9CC,0x0881E9CC,99,34,2,0,0,false,direct_jal_target
sub_0881EBC4,0x0881EBC4,101,40,2,0,0,false,direct_jal_target
sub_0881EDC8,0x0881EDC8,15,2,1,0,0,false,direct_jal_target
sub_08826308,0x08826308,23,4,1,0,0,false,direct_jal_target
sub_088263E4,0x088263E4,24,6,0,1,0,false,direct_jal_target
sub_08826458,0x08826458,28,6,1,1,0,false,relocated_r_mips32_code_pointer
sub_088264DC,0x088264DC,1,1,0,0,0,false,direct_jal_target
sub_088264E4,0x088264E4,24,6,1,0,0,false,direct_jal_target
sub_088265F4,0x088265F4,31,11,2,0,0,false,relocated_r_mips32_code_pointer
sub_08826600,0x08826600,31,11,2,0,0,false,relocated_r_mips32_code_pointer
sub_0882660C,0x0882660C,101,10,4,0,0,false,direct_jal_target
sub_088267C4,0x088267C4,1,1,0,0,0,false,relocated_r_mips32_code_pointer
sub_088267CC,0x088267CC,2,1,0,0,0,false,relocated_r_mips32_code_pointer
sub_088267D8,0x088267D8,5,2,1,0,0,false,relocated_r_mips32_code_pointer
sub_088267F4,0x088267F4,5,1,0,0,0,false,direct_jal_target
sub_088268A8,0x088268A8,31,11,2,0,0,false,relocated_r_mips32_code_pointer
sub_088268B4,0x088268B4,31,11,2,0,0,false,relocated_r_mips32_code_pointer
sub_088268C0,0x088268C0,20,2,0,1,0,false,direct_jal_target
sub_08826918,0x08826918,16,1,0,0,0,false,direct_jal_target
sub_08826988,0x08826988,10,1,0,0,0,false,direct_jal_target
sub_088269B4,0x088269B4,54,20,2,0,0,false,direct_jal_target
sub_08826ACC,0x08826ACC,50,12,0,0,0,false,direct_jal_target
sub_08826BC0,0x08826BC0,28,5,4,0,0,false,relocated_r_mips32_code_pointer
sub_08826C44,0x08826C44,75,19,2,1,0,false,relocated_r_mips32_code_pointer
sub_08826EC4,0x08826EC4,61,8,3,0,0,false,direct_jal_target
sub_08827054,0x08827054,27,4,3,0,0,false,relocated_r_mips32_code_pointer
sub_088270D0,0x088270D0,259,50,2,0,0,false,direct_jal_target
sub_0882756C,0x0882756C,493,90,16,8,0,false,relocated_r_mips32_code_pointer
sub_08827E4C,0x08827E4C,172,15,3,11,0,false,direct_jal_target
sub_08828138,0x08828138,51,8,3,1,0,false,direct_jal_target
sub_08828224,0x08828224,13,4,1,0,0,false,direct_jal_target
sub_088282B0,0x088282B0,9,1,0,0,0,false,relocated_r_mips32_code_pointer
sub_08828374,0x08828374,31,11,2,0,0,false,relocated_r_mips32_code_pointer
sub_08828380,0x08828380,31,11,2,0,0,false,relocated_r_mips32_code_pointer
sub_0882838C,0x0882838C,9,1,0,0,0,false,direct_jal_target
sub_088283B4,0x088283B4,9,1,0,0,0,false,direct_jal_target
sub_088283DC,0x088283DC,30,5,5,0,0,false,relocated_r_mips32_code_pointer
sub_08828504,0x08828504,31,11,2,0,0,false,relocated_r_mips32_code_pointer
sub_08828510,0x08828510,31,11,2,0,0,false,relocated_r_mips32_code_pointer
sub_0882851C,0x0882851C,32,6,4,0,0,false,direct_jal_target
sub_0882864C,0x0882864C,29,4,4,0,0,false,direct_jal_target
sub_088286D0,0x088286D0,29,4,4,0,0,false,relocated_r_mips32_code_pointer
sub_08828754,0x08828754,26,3,2,0,0,false,relocated_r_mips32_code_pointer
sub_088287C8,0x088287C8,45,7,0,4,0,false,direct_jal_target
sub_08828898,0x08828898,35,9,0,1,0,false,direct_jal_target
sub_08828984,0x08828984,16,2,1,0,0,false,direct_jal_target
sub_088289CC,0x088289CC,75,22,7,2,0,false,relocated_r_mips32_code_pointer
sub_08828BE8,0x08828BE8,31,11,2,0,0,false,relocated_r_mips32_code_pointer
sub_08828BF4,0x08828BF4,31,11,2,0,0,false,relocated_r_mips32_code_pointer
sub_08828C00,0x08828C00,16,6,0,0,0,false,direct_jal_target
sub_08828C54,0x08828C54,15,1,1,0,0,false,direct_jal_target
sub_08828C94,0x08828C94,45,15,1,0,0,false,relocated_r_mips32_code_pointer
sub_08828D74,0x08828D74,103,31,1,4,0,false,relocated_r_mips32_code_pointer
sub_08828F70,0x08828F70,126,18,3,6,0,false,direct_jal_target
sub_088291AC,0x088291AC,21,4,2,0,0,false,relocated_r_mips32_code_pointer
sub_08829210,0x08829210,433,127,4,16,0,false,relocated_r_mips32_code_pointer
sub_088299DC,0x088299DC,72,23,1,0,0,false,direct_jal_target
sub_08829B3C,0x08829B3C,39,8,2,2,0,false,direct_jal_target
sub_08829BF4,0x08829BF4,42,12,4,0,0,false,relocated_r_mips32_code_pointer
sub_08829CC8,0x08829CC8,141,41,6,1,0,false,relocated_r_mips32_code_pointer
sub_08829E18,0x08829E18,5,1,0,0,0,false,relocated_r_mips32_code_pointer
sub_08829E2C,0x08829E2C,28,9,2,0,0,false,relocated_r_mips32_code_pointer
sub_08829E94,0x08829E94,14,3,1,0,0,false,relocated_r_mips32_code_pointer
sub_08829EA0,0x08829EA0,5,1,1,0,0,false,relocated_r_mips32_code_pointer
sub_08829EB8,0x08829EB8,17,2,2,0,0,false,relocated_r_mips32_code_pointer
sub_08829F04,0x08829F04,39,14,2,0,0,false,relocated_r_mips32_code_pointer
sub_0882A14C,0x0882A14C,62,13,7,0,0,false,direct_jal_target
sub_0882A26C,0x0882A26C,32,4,3,0,0,false,relocated_r_mips32_code_pointer
sub_0882A2FC,0x0882A2FC,552,187,7,6,0,false,relocated_r_mips32_code_pointer
sub_0882B10C,0x0882B10C,154,57,12,5,0,false,relocated_r_mips32_code_pointer
sub_0882B43C,0x0882B43C,155,58,13,5,0,false,relocated_r_mips32_code_pointer
sub_0882B774,0x0882B774,519,176,10,1,0,false,relocated_r_mips32_code_pointer
sub_0882C234,0x0882C234,116,14,5,6,0,false,relocated_r_mips32_code_pointer
sub_0882C43C,0x0882C43C,38,4,2,1,0,false,relocated_r_mips32_code_pointer
sub_0882C4E4,0x0882C4E4,5,1,0,0,0,false,relocated_r_mips32_code_pointer
sub_0882C4FC,0x0882C4FC,21,6,1,2,0,false,relocated_r_mips32_code_pointer
sub_0882C564,0x0882C564,29,3,1,1,0,false,relocated_r_mips32_code_pointer
sub_0882C5E4,0x0882C5E4,25,3,1,1,0,false,relocated_r_mips32_code_pointer
sub_0882C654,0x0882C654,25,6,0,1,0,false,relocated_r_mips32_code_pointer
sub_0882C6CC,0x0882C6CC,25,5,0,2,0,false,direct_jal_target
sub_0882C774,0x0882C774,16,2,1,0,0,false,direct_jal_target
sub_0882C7BC,0x0882C7BC,16,2,1,0,0,false,direct_jal_target
sub_0882C8A0,0x0882C8A0,31,11,2,0,0,false,relocated_r_mips32_code_pointer
sub_0882C8AC,0x0882C8AC,31,11,2,0,0,false,relocated_r_mips32_code_pointer
sub_0882C8B8,0x0882C8B8,8,3,0,0,0,false,direct_jal_target
sub_0882C8E4,0x0882C8E4,90,12,1,8,0,false,direct_jal_target
sub_0882CA78,0x0882CA78,50,10,3,1,0,false,relocated_r_mips32_code_pointer
sub_0882CB34,0x0882CB34,12,2,0,1,0,false,relocated_r_mips32_code_pointer
sub_0882CB6C,0x0882CB6C,17,5,2,1,0,false,relocated_r_mips32_code_pointer
sub_0882CB90,0x0882CB90,25,9,3,1,0,false,relocated_r_mips32_code_pointer
sub_0882CBC0,0x0882CBC0,17,5,2,1,0,false,relocated_r_mips32_code_pointer
sub_0882CBE4,0x0882CBE4,17,5,2,1,0,false,relocated_r_mips32_code_pointer
sub_0882CC08,0x0882CC08,17,5,2,1,0,false,relocated_r_mips32_code_pointer
sub_0882CC2C,0x0882CC2C,17,5,2,1,0,false,relocated_r_mips32_code_pointer
sub_0882CC50,0x0882CC50,17,5,2,1,0,false,relocated_r_mips32_code_pointer
sub_0882CC74,0x0882CC74,17,5,2,1,0,false,relocated_r_mips32_code_pointer
sub_0882CC98,0x0882CC98,17,5,2,1,0,false,relocated_r_mips32_code_pointer
sub_0882CCBC,0x0882CCBC,17,5,2,1,0,false,relocated_r_mips32_code_pointer
sub_0882CCE0,0x0882CCE0,17,5,2,1,0,false,relocated_r_mips32_code_pointer
sub_0882CD04,0x0882CD04,17,5,2,1,0,false,relocated_r_mips32_code_pointer
sub_0882CD4C,0x0882CD4C,12,3,3,0,0,false,relocated_r_mips32_code_pointer
sub_0882CD88,0x0882CD88,47,17,0,3,0,false,relocated_r_mips32_code_pointer
sub_0882CE7C,0x0882CE7C,8,3,0,0,0,false,direct_jal_target
sub_0882CEA8,0x0882CEA8,47,3,0,0,0,false,relocated_r_mips32_code_pointer
sub_0882CF70,0x0882CF70,43,3,1,1,0,false,relocated_r_mips32_code_pointer
sub_0882D028,0x0882D028,50,15,1,3,0,false,relocated_r_mips32_code_pointer
sub_0882D210,0x0882D210,22,2,1,0,0,false,direct_jal_target
sub_0882D2D0,0x0882D2D0,51,15,2,3,0,false,relocated_r_mips32_code_pointer
sub_0882D3CC,0x0882D3CC,18,3,1,1,0,false,relocated_r_mips32_code_pointer
sub_0882D420,0x0882D420,83,17,2,4,0,false,relocated_r_mips32_code_pointer
sub_0882D5A8,0x0882D5A8,23,4,4,0,0,false,relocated_r_mips32_code_pointer
sub_0882D6C8,0x0882D6C8,3,1,0,0,0,false,direct_jal_target
sub_0882D710,0x0882D710,17,3,0,0,0,false,direct_jal_target
sub_0882D760,0x0882D760,28,4,0,1,0,false,direct_jal_target
sub_0882D7E0,0x0882D7E0,44,10,1,0,0,false,direct_jal_target
sub_0882D998,0x0882D998,31,11,2,0,0,false,relocated_r_mips32_code_pointer
sub_0882D9A4,0x0882D9A4,31,11,2,0,0,false,relocated_r_mips32_code_pointer
sub_0882D9B0,0x0882D9B0,7,1,1,0,0,false,relocated_r_mips32_code_pointer
sub_0882D9D0,0x0882D9D0,18,1,0,0,0,false,direct_jal_target
sub_0882DA1C,0x0882DA1C,17,3,0,0,0,false,direct_jal_target
sub_0882DA6C,0x0882DA6C,75,19,7,0,0,false,direct_jal_target
sub_0882DBE4,0x0882DBE4,38,4,1,0,0,false,relocated_r_mips32_code_pointer
sub_0882DC8C,0x0882DC8C,49,13,3,0,0,false,relocated_r_mips32_code_pointer
sub_0882DD78,0x0882DD78,6,5,0,0,0,false,direct_jal_target
sub_0882DDA0,0x0882DDA0,150,17,2,0,0,false,relocated_r_mips32_code_pointer
sub_0882E034,0x0882E034,33,7,1,0,0,false,direct_jal_target
sub_0882E0D0,0x0882E0D0,45,13,1,0,0,false,relocated_r_mips32_code_pointer
sub_0882E1B0,0x0882E1B0,9,3,0,0,0,false,direct_jal_target
sub_0882E1E0,0x0882E1E0,9,3,0,0,0,false,direct_jal_target
sub_0882E210,0x0882E210,9,3,0,0,0,false,direct_jal_target
sub_0882E240,0x0882E240,115,11,4,0,0,false,direct_jal_target
sub_0882E42C,0x0882E42C,22,3,3,0,0,false,direct_jal_target
sub_0882E490,0x0882E490,22,3,3,0,0,false,relocated_r_mips32_code_pointer
sub_0882E4F4,0x0882E4F4,115,11,4,0,0,false,direct_jal_target
sub_0882E6E0,0x0882E6E0,20,1,0,0,0,false,direct_jal_target
sub_0882E734,0x0882E734,48,12,1,0,0,false,direct_jal_target
sub_0882E820,0x0882E820,142,19,7,0,0,false,direct_jal_target
sub_0882EC14,0x0882EC14,22,5,0,0,0,false,direct_jal_target
sub_0882EC68,0x0882EC68,36,8,1,1,0,false,relocated_r_mips32_code_pointer
sub_0882ED10,0x0882ED10,10,3,0,0,0,false,relocated_r_mips32_code_pointer
sub_0882ED2C,0x0882ED2C,44,8,1,2,0,false,relocated_r_mips32_code_pointer
sub_0882ED94,0x0882ED94,16,3,0,0,0,false,relocated_r_mips32_code_pointer
sub_0882EDC8,0x0882EDC8,30,4,0,1,0,false,relocated_r_mips32_code_pointer
sub_0882EEB4,0x0882EEB4,47,12,1,0,0,false,direct_jal_target
sub_0882F108,0x0882F108,79,20,3,0,0,false,direct_jal_target
sub_0882F118,0x0882F118,79,20,3,0,0,false,direct_jal_target
sub_0882F128,0x0882F128,79,20,3,0,0,false,direct_jal_target
sub_0882F194,0x0882F194,59,5,1,3,0,false,relocated_r_mips32_code_pointer
sub_0882F294,0x0882F294,89,10,4,3,0,false,relocated_r_mips32_code_pointer
sub_0882F41C,0x0882F41C,33,2,2,0,0,false,relocated_r_mips32_code_pointer
sub_0882F4A8,0x0882F4A8,288,23,5,4,0,false,relocated_r_mips32_code_pointer
sub_0882F980,0x0882F980,64,8,1,0,0,false,direct_jal_target
sub_0882FA98,0x0882FA98,210,40,4,0,0,false,direct_jal_target
sub_0882FE5C,0x0882FE5C,628,128,10,7,0,false,relocated_r_mips32_code_pointer
sub_08830000,0x08830000,499,105,9,5,0,false,materialized_code_pointer
sub_088309D8,0x088309D8,12,1,0,0,0,false,direct_jal_target
sub_08830A0C,0x08830A0C,23,4,4,0,0,false,relocated_r_mips32_code_pointer
sub_08830A78,0x08830A78,11,2,1,0,0,false,relocated_r_mips32_code_pointer
sub_08830AAC,0x08830AAC,67,6,1,0,0,false,relocated_r_mips32_code_pointer
sub_08830BD0,0x08830BD0,65,6,0,1,0,false,relocated_r_mips32_code_pointer
sub_08830D20,0x08830D20,22,9,0,0,0,false,direct_jal_target
sub_08830D98,0x08830D98,52,21,5,0,0,false,direct_jal_target
sub_08830F50,0x08830F50,31,11,2,0,0,false,relocated_r_mips32_code_pointer
sub_08830F5C,0x08830F5C,31,11,2,0,0,false,relocated_r_mips32_code_pointer
sub_08830F68,0x08830F68,52,9,0,1,0,false,direct_jal_target
sub_08831058,0x08831058,15,5,1,0,0,false,relocated_r_mips32_code_pointer
sub_088310A8,0x088310A8,20,9,0,0,0,false,direct_jal_target
sub_08831118,0x08831118,20,9,0,0,0,false,direct_jal_target
sub_08831214,0x08831214,31,4,3,0,0,false,direct_jal_target
sub_08831304,0x08831304,22,3,3,0,0,false,relocated_r_mips32_code_pointer
sub_08831368,0x08831368,103,37,7,1,0,false,direct_jal_target
sub_08831588,0x08831588,208,37,1,3,0,false,relocated_r_mips32_code_pointer
sub_08831944,0x08831944,32,4,4,0,0,false,relocated_r_mips32_code_pointer
sub_088319D4,0x088319D4,15,5,1,0,0,false,relocated_r_mips32_code_pointer
sub_08831A24,0x08831A24,59,6,1,0,0,false,relocated_r_mips32_code_pointer
sub_08831B28,0x08831B28,59,6,1,0,0,false,relocated_r_mips32_code_pointer
sub_08831CC8,0x08831CC8,31,11,2,0,0,false,relocated_r_mips32_code_pointer
sub_08831CD4,0x08831CD4,31,11,2,0,0,false,relocated_r_mips32_code_pointer
sub_08831CE0,0x08831CE0,109,15,3,1,0,false,direct_jal_target
sub_08831EC8,0x08831EC8,129,22,2,2,0,false,relocated_r_mips32_code_pointer
sub_08832114,0x08832114,78,8,2,0,0,false,relocated_r_mips32_code_pointer
sub_08832300,0x08832300,33,5,4,0,0,false,direct_jal_target
sub_08832420,0x08832420,31,3,3,0,0,false,relocated_r_mips32_code_pointer
sub_08832520,0x08832520,2,1,0,0,0,false,relocated_r_mips32_code_pointer
sub_0883252C,0x0883252C,2,1,0,0,0,false,relocated_r_mips32_code_pointer
sub_08832538,0x08832538,2,1,0,0,0,false,relocated_r_mips32_code_pointer
sub_08832544,0x08832544,1,1,0,0,0,false,relocated_r_mips32_code_pointer
sub_088325E8,0x088325E8,31,11,2,0,0,false,relocated_r_mips32_code_pointer
sub_088325F4,0x088325F4,31,11,2,0,0,false,relocated_r_mips32_code_pointer
sub_08832600,0x08832600,19,4,1,0,0,false,relocated_r_mips32_code_pointer
sub_0883265C,0x0883265C,14,5,1,1,0,false,relocated_r_mips32_code_pointer
sub_088326A8,0x088326A8,42,8,1,1,0,false,relocated_r_mips32_code_pointer
sub_08832768,0x08832768,2,1,1,0,0,false,relocated_r_mips32_code_pointer
sub_08832774,0x08832774,57,22,5,0,0,false,relocated_r_mips32_code_pointer
sub_088328A4,0x088328A4,76,11,2,0,0,false,relocated_r_mips32_code_pointer
sub_088329FC,0x088329FC,83,11,1,2,0,false,relocated_r_mips32_code_pointer
sub_08832B70,0x08832B70,23,11,0,0,0,false,relocated_r_mips32_code_pointer
sub_08832BF4,0x08832BF4,19,4,1,0,0,false,relocated_r_mips32_code_pointer
sub_08832C50,0x08832C50,3,1,0,0,0,false,relocated_r_mips32_code_pointer
sub_08832C60,0x08832C60,42,2,1,0,0,false,direct_jal_target
sub_08832D10,0x08832D10,79,16,3,4,0,false,relocated_r_mips32_code_pointer
sub_08832E88,0x08832E88,60,16,3,4,0,false,relocated_r_mips32_code_pointer
sub_08832FB4,0x08832FB4,65,14,0,0,0,false,relocated_r_mips32_code_pointer
sub_088330EC,0x088330EC,111,25,6,2,0,false,relocated_r_mips32_code_pointer
sub_08833304,0x08833304,23,4,1,1,0,false,relocated_r_mips32_code_pointer
sub_088333F4,0x088333F4,30,3,3,0,0,false,direct_jal_target
sub_08833478,0x08833478,47,13,2,2,0,false,direct_jal_target
sub_0883355C,0x0883355C,22,3,2,0,0,false,direct_jal_target
sub_08833624,0x08833624,47,13,2,2,0,false,relocated_r_mips32_code_pointer
sub_08833708,0x08833708,48,14,3,2,0,false,relocated_r_mips32_code_pointer
sub_088337F4,0x088337F4,81,23,5,4,0,false,relocated_r_mips32_code_pointer
sub_08833988,0x08833988,81,23,5,4,0,false,relocated_r_mips32_code_pointer
sub_08833B84,0x08833B84,23,3,1,1,0,false,relocated_r_mips32_code_pointer
sub_08833BEC,0x08833BEC,24,4,2,1,0,false,relocated_r_mips32_code_pointer
sub_08833C5C,0x08833C5C,8,2,0,1,0,false,relocated_r_mips32_code_pointer
sub_08833C84,0x08833C84,2,1,0,0,0,false,relocated_r_mips32_code_pointer
sub_08833D2C,0x08833D2C,31,11,2,0,0,false,relocated_r_mips32_code_pointer
sub_08833D38,0x08833D38,31,11,2,0,0,false,relocated_r_mips32_code_pointer
sub_08833DCC,0x08833DCC,31,3,2,0,0,false,direct_jal_target
sub_08833E54,0x08833E54,115,14,1,3,0,false,relocated_r_mips32_code_pointer
sub_08834050,0x08834050,161,16,7,8,0,false,relocated_r_mips32_code_pointer
sub_08834314,0x08834314,14,5,1,1,0,false,relocated_r_mips32_code_pointer
sub_08834360,0x08834360,6,3,0,0,0,false,direct_jal_target
sub_0883441C,0x0883441C,31,11,2,0,0,false,relocated_r_mips32_code_pointer
sub_08834428,0x08834428,31,11,2,0,0,false,relocated_r_mips32_code_pointer
sub_08834434,0x08834434,19,4,1,0,0,false,relocated_r_mips32_code_pointer
sub_08834490,0x08834490,64,12,1,3,0,false,relocated_r_mips32_code_pointer
sub_088345BC,0x088345BC,58,22,0,0,0,false,relocated_r_mips32_code_pointer
sub_088346EC,0x088346EC,112,21,2,0,0,false,relocated_r_mips32_code_pointer
sub_088348FC,0x088348FC,124,21,1,2,0,false,relocated_r_mips32_code_pointer
sub_08834B3C,0x08834B3C,19,4,1,0,0,false,relocated_r_mips32_code_pointer
sub_08834B98,0x08834B98,76,12,3,3,0,false,relocated_r_mips32_code_pointer
sub_08834CF4,0x08834CF4,65,14,0,0,0,false,relocated_r_mips32_code_pointer
sub_08834E2C,0x08834E2C,35,3,2,0,0,false,direct_jal_target
sub_08834EC4,0x08834EC4,35,3,2,0,0,false,direct_jal_target
sub_08834F5C,0x08834F5C,47,13,2,2,0,false,direct_jal_target
sub_08835040,0x08835040,47,13,2,2,0,false,relocated_r_mips32_code_pointer
sub_08835124,0x08835124,48,14,3,2,0,false,relocated_r_mips32_code_pointer
sub_08835210,0x08835210,103,25,5,1,0,false,direct_jal_target
sub_08835408,0x08835408,13,4,1,0,0,false,relocated_r_mips32_code_pointer
sub_0883544C,0x0883544C,146,51,6,0,0,false,relocated_r_mips32_code_pointer
sub_08835748,0x08835748,31,7,3,2,0,false,relocated_r_mips32_code_pointer
sub_088357E0,0x088357E0,16,4,1,2,0,false,relocated_r_mips32_code_pointer
sub_08835830,0x08835830,3,1,0,0,0,false,direct_jal_target
sub_088358DC,0x088358DC,31,11,2,0,0,false,relocated_r_mips32_code_pointer
sub_088358E8,0x088358E8,31,11,2,0,0,false,relocated_r_mips32_code_pointer
sub_088358F4,0x088358F4,42,2,1,0,0,false,relocated_r_mips32_code_pointer
sub_08835B3C,0x08835B3C,74,6,0,1,0,false,relocated_r_mips32_code_pointer
sub_08835C78,0x08835C78,21,3,0,0,0,false,direct_jal_target
sub_08835CD4,0x08835CD4,82,14,0,3,0,false,direct_jal_target
sub_08835E4C,0x08835E4C,277,55,3,2,0,false,relocated_r_mips32_code_pointer
sub_088363E8,0x088363E8,33,3,2,0,0,false,direct_jal_target
sub_08836508,0x08836508,30,6,2,2,0,false,relocated_r_mips32_code_pointer
sub_08836598,0x08836598,363,28,5,6,0,false,relocated_r_mips32_code_pointer
sub_08836BA0,0x08836BA0,19,3,3,0,0,false,relocated_r_mips32_code_pointer
sub_08836C94,0x08836C94,31,11,2,0,0,false,relocated_r_mips32_code_pointer
sub_08836CA0,0x08836CA0,31,11,2,0,0,false,relocated_r_mips32_code_pointer
sub_08836CAC,0x08836CAC,30,2,1,0,0,false,relocated_r_mips32_code_pointer
sub_08836D2C,0x08836D2C,41,6,0,1,0,false,relocated_r_mips32_code_pointer
sub_08836E28,0x08836E28,38,6,5,0,0,false,direct_jal_target
sub_08836ED8,0x08836ED8,158,38,5,2,0,false,relocated_r_mips32_code_pointer
sub_088371D4,0x088371D4,23,5,2,0,0,false,relocated_r_mips32_code_pointer
sub_088372C4,0x088372C4,29,3,2,0,0,false,direct_jal_target
sub_08837394,0x08837394,18,2,2,0,0,false,relocated_r_mips32_code_pointer
sub_088373E4,0x088373E4,97,5,4,0,0,false,relocated_r_mips32_code_pointer
sub_08837618,0x08837618,31,11,2,0,0,false,relocated_r_mips32_code_pointer
sub_08837624,0x08837624,31,11,2,0,0,false,relocated_r_mips32_code_pointer
sub_08837630,0x08837630,24,1,0,0,0,false,direct_jal_target
sub_08837694,0x08837694,16,1,0,0,0,false,direct_jal_target
sub_08837780,0x08837780,85,6,1,0,0,false,relocated_r_mips32_code_pointer
sub_088378E4,0x088378E4,56,1,0,0,0,false,relocated_r_mips32_code_pointer
sub_088379C8,0x088379C8,182,29,1,0,0,false,direct_jal_target
sub_08837D00,0x08837D00,169,16,2,2,0,false,direct_jal_target
sub_08837FE0,0x08837FE0,52,10,1,0,0,false,relocated_r_mips32_code_pointer
sub_088380D4,0x088380D4,119,11,2,0,0,false,relocated_r_mips32_code_pointer
sub_088383C0,0x088383C0,56,7,2,0,0,false,direct_jal_target
sub_088384B4,0x088384B4,32,9,3,1,0,false,relocated_r_mips32_code_pointer
sub_08838608,0x08838608,38,11,2,0,0,false,relocated_r_mips32_code_pointer
sub_08838614,0x08838614,38,11,2,0,0,false,relocated_r_mips32_code_pointer
sub_08838620,0x08838620,15,2,1,0,0,false,relocated_r_mips32_code_pointer
sub_08838664,0x08838664,9,3,1,0,0,false,relocated_r_mips32_code_pointer
sub_08838694,0x08838694,18,3,0,0,0,false,direct_jal_target
sub_088386E8,0x088386E8,55,9,2,2,0,false,relocated_r_mips32_code_pointer
sub_088387E0,0x088387E0,15,4,1,1,0,false,relocated_r_mips32_code_pointer
sub_0883882C,0x0883882C,30,3,0,0,0,false,direct_jal_target
sub_08838978,0x08838978,46,4,2,0,0,false,direct_jal_target
sub_08838AD4,0x08838AD4,31,8,2,1,0,false,relocated_r_mips32_code_pointer
sub_08838B68,0x08838B68,290,38,2,4,0,false,direct_jal_target
sub_08839060,0x08839060,197,30,2,0,0,false,direct_jal_target
sub_088393D8,0x088393D8,104,12,4,3,0,false,direct_jal_target
sub_088395A4,0x088395A4,574,89,11,3,0,false,direct_jal_target
sub_08839FBC,0x08839FBC,55,10,2,0,0,false,relocated_r_mips32_code_pointer
sub_0883A0BC,0x0883A0BC,27,5,5,0,0,false,relocated_r_mips32_code_pointer
sub_0883A13C,0x0883A13C,2,1,0,0,0,false,relocated_r_mips32_code_pointer
sub_0883A148,0x0883A148,48,8,2,2,0,false,direct_jal_target
sub_0883A2C4,0x0883A2C4,31,11,2,0,0,false,relocated_r_mips32_code_pointer
sub_0883A2D0,0x0883A2D0,31,11,2,0,0,false,relocated_r_mips32_code_pointer
sub_0883A2DC,0x0883A2DC,70,8,2,0,0,false,direct_jal_target
sub_0883A414,0x0883A414,54,7,3,1,0,false,relocated_r_mips32_code_pointer
sub_0883A508,0x0883A508,107,13,1,11,0,false,relocated_r_mips32_code_pointer
sub_0883A6E8,0x0883A6E8,315,57,14,5,0,false,relocated_r_mips32_code_pointer
sub_0883ADC0,0x0883ADC0,67,9,6,0,0,false,direct_jal_target
sub_0883AF68,0x0883AF68,26,4,4,0,0,false,relocated_r_mips32_code_pointer
sub_0883AFE0,0x0883AFE0,20,9,0,0,0,false,direct_jal_target
sub_0883B0EC,0x0883B0EC,31,11,2,0,0,false,relocated_r_mips32_code_pointer
sub_0883B0F8,0x0883B0F8,31,11,2,0,0,false,relocated_r_mips32_code_pointer
sub_0883B14C,0x0883B14C,18,1,0,0,0,false,direct_jal_target
sub_0883B198,0x0883B198,104,5,2,0,0,false,relocated_r_mips32_code_pointer
sub_0883B348,0x0883B348,95,2,1,0,0,false,relocated_r_mips32_code_pointer
sub_0883B4CC,0x0883B4CC,226,41,7,2,0,false,direct_jal_target
sub_0883B8E8,0x0883B8E8,55,10,2,0,0,false,relocated_r_mips32_code_pointer
sub_0883B9E8,0x0883B9E8,38,9,2,0,0,false,relocated_r_mips32_code_pointer
sub_0883BAA0,0x0883BAA0,51,4,2,1,0,false,relocated_r_mips32_code_pointer
sub_0883BC18,0x0883BC18,35,5,2,0,0,false,direct_jal_target
sub_0883BCB4,0x0883BCB4,13,2,1,0,0,false,direct_jal_target
sub_0883BD2C,0x0883BD2C,18,2,1,0,0,false,relocated_r_mips32_code_pointer
sub_0883BE18,0x0883BE18,31,11,2,0,0,false,relocated_r_mips32_code_pointer
sub_0883BE24,0x0883BE24,31,11,2,0,0,false,relocated_r_mips32_code_pointer
sub_0883BE30,0x0883BE30,18,2,1,0,0,false,relocated_r_mips32_code_pointer
sub_0883BE80,0x0883BE80,154,30,1,4,0,false,relocated_r_mips32_code_pointer
sub_0883C150,0x0883C150,2,1,1,0,0,false,relocated_r_mips32_code_pointer
sub_0883C15C,0x0883C15C,20,2,1,0,0,false,relocated_r_mips32_code_pointer
sub_0883C1B4,0x0883C1B4,20,9,0,0,0,false,direct_jal_target
sub_0883C224,0x0883C224,33,8,0,1,0,false,relocated_r_mips32_code_pointer
sub_0883C364,0x0883C364,31,11,2,0,0,false,relocated_r_mips32_code_pointer
sub_0883C370,0x0883C370,31,11,2,0,0,false,relocated_r_mips32_code_pointer
sub_0883C37C,0x0883C37C,53,19,5,0,0,false,relocated_r_mips32_code_pointer
sub_0883C494,0x0883C494,48,6,1,2,0,false,relocated_r_mips32_code_pointer
sub_0883C568,0x0883C568,28,2,0,1,0,false,relocated_r_mips32_code_pointer
sub_0883C5DC,0x0883C5DC,27,2,0,1,0,false,direct_jal_target
sub_0883C650,0x0883C650,35,5,3,0,0,false,direct_jal_target
sub_0883C6F0,0x0883C6F0,94,18,5,1,0,false,direct_jal_target
sub_0883C94C,0x0883C94C,71,7,5,1,0,false,direct_jal_target
sub_0883CBEC,0x0883CBEC,117,11,1,9,0,false,relocated_r_mips32_code_pointer
sub_0883CDEC,0x0883CDEC,65,14,0,0,0,false,relocated_r_mips32_code_pointer
sub_0883CF24,0x0883CF24,113,28,2,1,0,false,relocated_r_mips32_code_pointer
sub_0883D148,0x0883D148,45,12,3,1,0,false,relocated_r_mips32_code_pointer
sub_0883D224,0x0883D224,45,12,3,1,0,false,direct_jal_target
sub_0883D300,0x0883D300,67,13,5,0,0,false,direct_jal_target
sub_0883D438,0x0883D438,67,13,5,0,0,false,direct_jal_target
sub_0883D570,0x0883D570,46,13,4,1,0,false,relocated_r_mips32_code_pointer
sub_0883D654,0x0883D654,125,28,0,3,0,false,direct_jal_target
sub_0883D8A4,0x0883D8A4,102,23,3,0,0,false,relocated_r_mips32_code_pointer
sub_0883D924,0x0883D924,75,22,3,0,0,false,relocated_r_mips32_code_pointer
sub_0883DAA0,0x0883DAA0,26,4,3,1,0,false,relocated_r_mips32_code_pointer
sub_0883DB18,0x0883DB18,21,2,1,0,0,false,relocated_r_mips32_code_pointer
sub_0883DC10,0x0883DC10,31,11,2,0,0,false,relocated_r_mips32_code_pointer
sub_0883DC1C,0x0883DC1C,31,11,2,0,0,false,relocated_r_mips32_code_pointer
sub_0883DC28,0x0883DC28,130,34,9,2,0,false,relocated_r_mips32_code_pointer
sub_0883DEB0,0x0883DEB0,123,15,2,3,0,false,direct_jal_target
sub_0883E0D0,0x0883E0D0,76,12,2,0,0,false,relocated_r_mips32_code_pointer
sub_0883E2A8,0x0883E2A8,28,4,3,0,0,false,direct_jal_target
sub_0883E328,0x0883E328,16,3,3,0,0,false,relocated_r_mips32_code_pointer
sub_0883E374,0x0883E374,50,6,1,0,0,false,direct_jal_target
sub_0883E4EC,0x0883E4EC,31,11,2,0,0,false,relocated_r_mips32_code_pointer
sub_0883E4F8,0x0883E4F8,31,11,2,0,0,false,relocated_r_mips32_code_pointer
sub_0883E504,0x0883E504,14,3,0,0,0,false,relocated_r_mips32_code_pointer
sub_0883E548,0x0883E548,45,2,1,0,0,false,relocated_r_mips32_code_pointer
sub_0883E604,0x0883E604,53,3,2,0,0,false,relocated_r_mips32_code_pointer
sub_0883E6E4,0x0883E6E4,73,13,3,0,0,false,relocated_r_mips32_code_pointer
sub_0883E830,0x0883E830,107,14,1,0,0,false,direct_jal_target
sub_0883EA08,0x0883EA08,84,11,5,0,0,false,direct_jal_target
sub_0883EB84,0x0883EB84,297,70,7,4,0,false,relocated_r_mips32_code_pointer
sub_0883F1A4,0x0883F1A4,31,3,2,0,0,false,direct_jal_target
sub_0883F270,0x0883F270,15,2,2,0,0,false,relocated_r_mips32_code_pointer
sub_0883F2B4,0x0883F2B4,51,13,6,0,0,false,relocated_r_mips32_code_pointer
sub_0883F44C,0x0883F44C,31,11,2,0,0,false,relocated_r_mips32_code_pointer
sub_0883F458,0x0883F458,31,11,2,0,0,false,relocated_r_mips32_code_pointer
sub_0883F4B8,0x0883F4B8,19,2,2,0,0,false,direct_jal_target
sub_0883F50C,0x0883F50C,10,2,1,0,0,false,direct_jal_target
sub_0883F53C,0x0883F53C,10,2,1,0,0,false,direct_jal_target
sub_0883F56C,0x0883F56C,24,5,1,0,0,false,relocated_r_mips32_code_pointer
sub_0883F67C,0x0883F67C,31,11,2,0,0,false,relocated_r_mips32_code_pointer
sub_0883F688,0x0883F688,31,11,2,0,0,false,relocated_r_mips32_code_pointer
sub_0883F694,0x0883F694,35,6,3,1,0,false,relocated_r_mips32_code_pointer
sub_0883F734,0x0883F734,72,8,1,6,0,false,direct_jal_target
sub_0883F874,0x0883F874,15,5,3,1,0,false,direct_jal_target
sub_0883F8C4,0x0883F8C4,85,6,1,3,0,false,relocated_r_mips32_code_pointer
sub_0883FA30,0x0883FA30,24,3,2,0,0,false,direct_jal_target
sub_0883FA9C,0x0883FA9C,24,3,2,0,0,false,direct_jal_target
sub_0883FB08,0x0883FB08,34,5,2,1,0,false,direct_jal_target
sub_0883FBA0,0x0883FBA0,34,5,2,1,0,false,relocated_r_mips32_code_pointer
sub_0883FC38,0x0883FC38,18,2,1,0,0,false,direct_jal_target
sub_0883FD24,0x0883FD24,31,11,2,0,0,false,relocated_r_mips32_code_pointer
sub_0883FD30,0x0883FD30,31,11,2,0,0,false,relocated_r_mips32_code_pointer
sub_0883FD3C,0x0883FD3C,32,6,3,1,0,false,relocated_r_mips32_code_pointer
sub_0883FDD0,0x0883FDD0,24,5,1,0,0,false,relocated_r_mips32_code_pointer
sub_0883FE44,0x0883FE44,76,15,1,1,0,false,relocated_r_mips32_code_pointer
sub_0883FFAC,0x0883FFAC,31,5,2,1,0,false,direct_jal_target
sub_08840038,0x08840038,31,5,2,1,0,false,relocated_r_mips32_code_pointer
sub_088400C4,0x088400C4,85,6,1,3,0,false,direct_jal_target
sub_08840230,0x08840230,7,1,1,0,0,false,relocated_r_mips32_code_pointer
sub_08840250,0x08840250,7,1,1,0,0,false,relocated_r_mips32_code_pointer
sub_08840270,0x08840270,85,11,4,6,0,false,relocated_r_mips32_code_pointer
sub_088403F0,0x088403F0,52,13,2,0,0,false,direct_jal_target
sub_08840564,0x08840564,13,4,1,1,0,false,relocated_r_mips32_code_pointer
sub_08840628,0x08840628,24,5,1,1,0,false,relocated_r_mips32_code_pointer
sub_08840698,0x08840698,6,3,0,0,0,false,relocated_r_mips32_code_pointer
sub_088406BC,0x088406BC,18,3,1,0,0,false,relocated_r_mips32_code_pointer
sub_08840710,0x08840710,54,6,1,0,0,false,relocated_r_mips32_code_pointer
sub_088407FC,0x088407FC,20,9,0,0,0,false,direct_jal_target
sub_08840908,0x08840908,31,11,2,0,0,false,relocated_r_mips32_code_pointer
sub_08840914,0x08840914,31,11,2,0,0,false,relocated_r_mips32_code_pointer
sub_08840920,0x08840920,15,2,1,0,0,false,relocated_r_mips32_code_pointer
sub_08840964,0x08840964,7,1,1,0,0,false,relocated_r_mips32_code_pointer
sub_08840984,0x08840984,57,6,2,0,0,false,relocated_r_mips32_code_pointer
sub_08840A80,0x08840A80,26,1,0,0,0,false,direct_jal_target
sub_08840AEC,0x08840AEC,40,6,1,0,0,false,direct_jal_target
sub_08840B6C,0x08840B6C,11,3,0,0,0,false,relocated_r_mips32_code_pointer
sub_08840B88,0x08840B88,5,1,0,0,0,false,relocated_r_mips32_code_pointer
sub_08840BC0,0x08840BC0,31,4,2,0,0,false,relocated_r_mips32_code_pointer
sub_08840C38,0x08840C38,20,4,4,0,0,false,relocated_r_mips32_code_pointer
sub_08840C98,0x08840C98,24,5,4,0,0,false,relocated_r_mips32_code_pointer
sub_08840CDC,0x08840CDC,24,5,4,0,0,false,relocated_r_mips32_code_pointer
sub_08840D20,0x08840D20,24,5,4,0,0,false,relocated_r_mips32_code_pointer
sub_08840D64,0x08840D64,21,5,4,0,0,false,relocated_r_mips32_code_pointer
sub_08840D9C,0x08840D9C,8,3,2,1,0,false,relocated_r_mips32_code_pointer
sub_08840DC8,0x08840DC8,9,1,1,0,0,false,relocated_r_mips32_code_pointer
sub_08840DF0,0x08840DF0,9,2,1,0,0,false,relocated_r_mips32_code_pointer
sub_08840E04,0x08840E04,9,2,1,0,0,false,relocated_r_mips32_code_pointer
sub_08840E18,0x08840E18,11,3,1,0,0,false,relocated_r_mips32_code_pointer
sub_08840E38,0x08840E38,38,13,6,0,0,false,relocated_r_mips32_code_pointer
sub_08840F00,0x08840F00,74,25,4,3,0,false,relocated_r_mips32_code_pointer
sub_08841080,0x08841080,48,18,5,1,0,false,relocated_r_mips32_code_pointer
sub_08841178,0x08841178,87,24,3,3,0,false,direct_jal_target
sub_08841328,0x08841328,164,34,3,4,0,false,direct_jal_target
sub_0884162C,0x0884162C,4,1,1,0,0,false,direct_jal_target
sub_08841640,0x08841640,36,3,2,0,0,false,direct_jal_target
sub_088416DC,0x088416DC,36,3,2,0,0,false,direct_jal_target
sub_08841778,0x08841778,47,17,4,1,0,false,direct_jal_target
sub_08841868,0x08841868,14,2,1,0,0,false,direct_jal_target
sub_088418A8,0x088418A8,14,2,1,0,0,false,direct_jal_target
sub_088418E8,0x088418E8,47,17,4,1,0,false,relocated_r_mips32_code_pointer
sub_088419D8,0x088419D8,91,23,3,1,0,false,direct_jal_target
sub_08841B94,0x08841B94,150,20,5,1,0,false,relocated_r_mips32_code_pointer
sub_08841E34,0x08841E34,121,16,4,1,0,false,direct_jal_target
sub_08842054,0x08842054,88,11,2,3,0,false,direct_jal_target
sub_088421E0,0x088421E0,81,20,1,1,0,false,relocated_r_mips32_code_pointer
sub_08842354,0x08842354,18,6,1,1,0,false,relocated_r_mips32_code_pointer
sub_08842368,0x08842368,18,6,1,1,0,false,relocated_r_mips32_code_pointer
sub_0884237C,0x0884237C,18,6,1,1,0,false,relocated_r_mips32_code_pointer
sub_08842390,0x08842390,20,6,0,2,0,false,relocated_r_mips32_code_pointer
sub_088423AC,0x088423AC,31,9,0,3,0,false,relocated_r_mips32_code_pointer
sub_0884240C,0x0884240C,32,6,0,3,0,false,direct_jal_target
sub_08842540,0x08842540,31,11,2,0,0,false,relocated_r_mips32_code_pointer
sub_0884254C,0x0884254C,31,11,2,0,0,false,relocated_r_mips32_code_pointer
sub_08842558,0x08842558,28,2,1,0,0,false,direct_jal_target
sub_088425D0,0x088425D0,2,1,1,0,0,false,direct_jal_target
sub_088425DC,0x088425DC,41,7,0,4,0,false,direct_jal_target
sub_08842738,0x08842738,31,11,2,0,0,false,relocated_r_mips32_code_pointer
sub_08842744,0x08842744,31,11,2,0,0,false,relocated_r_mips32_code_pointer
sub_08842750,0x08842750,40,3,2,0,0,false,direct_jal_target
sub_088427FC,0x088427FC,16,3,2,0,0,false,direct_jal_target
sub_08842894,0x08842894,43,12,4,0,0,false,relocated_r_mips32_code_pointer
sub_08842970,0x08842970,24,3,0,2,0,false,relocated_r_mips32_code_pointer
sub_088429DC,0x088429DC,13,6,1,0,0,false,relocated_r_mips32_code_pointer
sub_08842AC4,0x08842AC4,31,11,2,0,0,false,relocated_r_mips32_code_pointer
sub_08842AD0,0x08842AD0,31,11,2,0,0,false,relocated_r_mips32_code_pointer
sub_08842ADC,0x08842ADC,33,5,1,0,0,false,relocated_r_mips32_code_pointer
sub_08842B74,0x08842B74,15,2,1,0,0,false,relocated_r_mips32_code_pointer
sub_08842BB8,0x08842BB8,50,13,1,1,0,false,relocated_r_mips32_code_pointer
sub_08842CA8,0x08842CA8,26,4,4,0,0,false,relocated_r_mips32_code_pointer
sub_08842E90,0x08842E90,31,11,2,0,0,false,relocated_r_mips32_code_pointer
sub_08842E9C,0x08842E9C,31,11,2,0,0,false,relocated_r_mips32_code_pointer
sub_08842EA8,0x08842EA8,42,5,1,1,0,false,relocated_r_mips32_code_pointer
sub_08842F64,0x08842F64,94,8,2,0,0,false,direct_jal_target
sub_088430FC,0x088430FC,260,42,8,2,0,false,relocated_r_mips32_code_pointer
sub_08843620,0x08843620,28,5,3,0,0,false,direct_jal_target
sub_08843714,0x08843714,25,3,3,0,0,false,relocated_r_mips32_code_pointer
sub_08843784,0x08843784,16,4,1,0,0,false,relocated_r_mips32_code_pointer
sub_088437D0,0x088437D0,1,1,1,0,0,false,relocated_r_mips32_code_pointer
sub_088437D8,0x088437D8,27,5,1,2,0,false,relocated_r_mips32_code_pointer
sub_08843960,0x08843960,40,14,7,0,0,false,direct_jal_target
sub_08843AD0,0x08843AD0,31,11,2,0,0,false,relocated_r_mips32_code_pointer
sub_08843ADC,0x08843ADC,31,11,2,0,0,false,relocated_r_mips32_code_pointer
sub_08843AE8,0x08843AE8,55,10,3,1,0,false,relocated_r_mips32_code_pointer
sub_08843C18,0x08843C18,28,7,1,1,0,false,relocated_r_mips32_code_pointer
sub_08843CA0,0x08843CA0,78,9,0,8,0,false,direct_jal_target
sub_08843DFC,0x08843DFC,38,1,0,0,0,false,relocated_r_mips32_code_pointer
sub_08843E98,0x08843E98,34,12,0,0,0,false,direct_jal_target
sub_08843F4C,0x08843F4C,111,19,5,4,0,false,direct_jal_target
sub_08844154,0x08844154,143,31,12,1,0,false,relocated_r_mips32_code_pointer
sub_0884451C,0x0884451C,74,5,4,0,0,false,direct_jal_target
sub_08844658,0x08844658,91,17,3,3,0,false,relocated_r_mips32_code_pointer
sub_08844888,0x08844888,81,24,7,1,0,false,direct_jal_target
sub_08844B40,0x08844B40,100,18,8,0,0,false,direct_jal_target
sub_08844DFC,0x08844DFC,86,26,1,4,0,false,relocated_r_mips32_code_pointer
sub_08844FA0,0x08844FA0,87,26,2,4,0,false,relocated_r_mips32_code_pointer
sub_0884514C,0x0884514C,140,33,4,3,0,false,direct_jal_target
sub_088453F0,0x088453F0,164,40,6,5,0,false,direct_jal_target
sub_0884570C,0x0884570C,17,3,0,0,0,false,direct_jal_target
sub_08845748,0x08845748,40,14,2,2,0,false,relocated_r_mips32_code_pointer
sub_08845808,0x08845808,35,6,2,1,0,false,relocated_r_mips32_code_pointer
sub_0884589C,0x0884589C,27,5,1,1,0,false,relocated_r_mips32_code_pointer
sub_08845908,0x08845908,54,13,5,0,0,false,relocated_r_mips32_code_pointer
sub_088459F0,0x088459F0,65,14,3,2,0,false,relocated_r_mips32_code_pointer
sub_08845AEC,0x08845AEC,17,5,2,0,0,false,relocated_r_mips32_code_pointer
sub_08845B74,0x08845B74,53,8,3,3,0,false,relocated_r_mips32_code_pointer
sub_08845C68,0x08845C68,48,8,1,3,0,false,direct_jal_target
sub_0884600C,0x0884600C,18,3,0,0,0,false,direct_jal_target
sub_0884604C,0x0884604C,53,13,4,0,0,false,relocated_r_mips32_code_pointer
sub_0884613C,0x0884613C,19,2,0,1,0,false,relocated_r_mips32_code_pointer
sub_08846190,0x08846190,62,12,4,2,0,false,relocated_r_mips32_code_pointer
sub_088462A4,0x088462A4,17,5,2,0,0,false,relocated_r_mips32_code_pointer
sub_088462E8,0x088462E8,29,6,1,1,0,false,relocated_r_mips32_code_pointer
sub_08846374,0x08846374,60,15,3,0,0,false,relocated_r_mips32_code_pointer
sub_088463B0,0x088463B0,92,26,6,3,0,false,relocated_r_mips32_code_pointer
sub_088463E4,0x088463E4,47,13,3,0,0,false,relocated_r_mips32_code_pointer
sub_088464BC,0x088464BC,2,2,2,0,0,false,relocated_r_mips32_code_pointer
sub_088464CC,0x088464CC,2,2,2,0,0,false,relocated_r_mips32_code_pointer
sub_088464DC,0x088464DC,2,2,2,0,0,false,relocated_r_mips32_code_pointer
sub_088464EC,0x088464EC,2,2,2,0,0,false,relocated_r_mips32_code_pointer
sub_088464FC,0x088464FC,2,2,2,0,0,false,relocated_r_mips32_code_pointer
sub_0884650C,0x0884650C,61,16,4,1,0,false,relocated_r_mips32_code_pointer
sub_08846600,0x08846600,7,4,1,0,0,false,relocated_r_mips32_code_pointer
sub_0884662C,0x0884662C,242,67,13,3,0,false,direct_jal_target
sub_08846AE0,0x08846AE0,11,4,1,0,0,false,relocated_r_mips32_code_pointer
sub_08846BB8,0x08846BB8,5,3,1,0,0,false,relocated_r_mips32_code_pointer
sub_08846BD8,0x08846BD8,2,1,0,0,0,false,relocated_r_mips32_code_pointer
sub_08846BE4,0x08846BE4,14,2,1,0,0,false,direct_jal_target
sub_08846C24,0x08846C24,1,1,1,0,0,false,relocated_r_mips32_code_pointer
sub_08846C60,0x08846C60,16,2,1,0,0,false,direct_jal_target
sub_08846D44,0x08846D44,31,11,2,0,0,false,relocated_r_mips32_code_pointer
sub_08846D50,0x08846D50,31,11,2,0,0,false,relocated_r_mips32_code_pointer
sub_08846D5C,0x08846D5C,11,2,1,0,0,false,direct_jal_target
sub_08846D90,0x08846D90,19,7,1,1,0,false,relocated_r_mips32_code_pointer
sub_08846DF8,0x08846DF8,30,4,2,1,0,false,relocated_r_mips32_code_pointer
sub_08846E80,0x08846E80,71,13,3,4,0,false,relocated_r_mips32_code_pointer
sub_08846FCC,0x08846FCC,15,2,1,0,0,false,direct_jal_target
sub_08847010,0x08847010,63,18,4,2,0,false,relocated_r_mips32_code_pointer
sub_08847148,0x08847148,104,14,2,3,0,false,relocated_r_mips32_code_pointer
sub_0884731C,0x0884731C,17,4,3,0,0,false,relocated_r_mips32_code_pointer
sub_088473D4,0x088473D4,58,13,7,0,0,false,direct_jal_target
sub_08847568,0x08847568,62,19,3,2,0,false,relocated_r_mips32_code_pointer
sub_08847698,0x08847698,20,9,0,0,0,false,direct_jal_target
sub_08847708,0x08847708,1,1,1,0,0,false,relocated_r_mips32_code_pointer
sub_08847710,0x08847710,16,4,1,0,0,false,relocated_r_mips32_code_pointer
sub_0884775C,0x0884775C,5,2,1,0,0,false,relocated_r_mips32_code_pointer
sub_08847778,0x08847778,2,1,0,0,0,false,relocated_r_mips32_code_pointer
sub_08847784,0x08847784,6,1,0,0,0,false,direct_jal_target
sub_088479B4,0x088479B4,50,11,2,0,0,false,relocated_r_mips32_code_pointer
sub_088479C0,0x088479C0,50,11,2,0,0,false,relocated_r_mips32_code_pointer
sub_08847A9C,0x08847A9C,8,1,0,0,0,false,direct_jal_target
sub_08847AC0,0x08847AC0,13,3,2,0,0,false,relocated_r_mips32_code_pointer
sub_08847B34,0x08847B34,51,5,2,0,0,false,relocated_r_mips32_code_pointer
sub_08847C10,0x08847C10,98,21,8,2,0,false,relocated_r_mips32_code_pointer
sub_08847E8C,0x08847E8C,39,3,2,0,0,false,direct_jal_target
sub_08847F34,0x08847F34,38,12,5,0,0,false,direct_jal_target
sub_08847FF8,0x08847FF8,100,9,2,0,0,false,relocated_r_mips32_code_pointer
sub_088481A8,0x088481A8,64,5,2,0,0,false,relocated_r_mips32_code_pointer
sub_088482B8,0x088482B8,46,8,0,0,0,false,direct_jal_target
sub_08848B60,0x08848B60,16,4,1,0,0,false,relocated_r_mips32_code_pointer
sub_08848BAC,0x08848BAC,18,3,0,1,0,false,relocated_r_mips32_code_pointer
sub_08848BE8,0x08848BE8,20,6,2,1,0,false,relocated_r_mips32_code_pointer
sub_08848C3C,0x08848C3C,18,3,0,1,0,false,relocated_r_mips32_code_pointer
sub_08848C78,0x08848C78,14,3,0,0,0,false,relocated_r_mips32_code_pointer
sub_08848CA4,0x08848CA4,43,8,1,2,0,false,relocated_r_mips32_code_pointer
sub_08848DA8,0x08848DA8,30,7,1,1,0,false,relocated_r_mips32_code_pointer
sub_08848E04,0x08848E04,26,4,1,1,0,false,relocated_r_mips32_code_pointer
sub_08848E58,0x08848E58,97,10,6,0,0,false,relocated_r_mips32_code_pointer
sub_08848FE0,0x08848FE0,87,17,1,3,0,false,relocated_r_mips32_code_pointer
sub_088490C8,0x088490C8,90,20,3,2,0,false,relocated_r_mips32_code_pointer
sub_08849114,0x08849114,23,5,1,0,0,false,relocated_r_mips32_code_pointer
sub_08849580,0x08849580,15,3,0,0,0,false,relocated_r_mips32_code_pointer
sub_088495B8,0x088495B8,16,4,0,1,0,false,relocated_r_mips32_code_pointer
sub_088495F8,0x088495F8,3,1,0,0,0,false,relocated_r_mips32_code_pointer
sub_08849608,0x08849608,213,51,13,5,0,false,relocated_r_mips32_code_pointer
sub_0884961C,0x0884961C,23,4,0,0,0,false,relocated_r_mips32_code_pointer
sub_08849630,0x08849630,30,4,0,0,0,false,relocated_r_mips32_code_pointer
sub_08849644,0x08849644,122,28,9,2,0,false,relocated_r_mips32_code_pointer
sub_08849658,0x08849658,202,34,5,5,0,false,relocated_r_mips32_code_pointer
sub_0884966C,0x0884966C,7,4,1,0,0,false,relocated_r_mips32_code_pointer
sub_08849748,0x08849748,73,19,9,0,0,false,direct_jal_target
sub_088498C8,0x088498C8,45,8,3,1,0,false,relocated_r_mips32_code_pointer
sub_08849998,0x08849998,46,9,4,1,0,false,relocated_r_mips32_code_pointer
sub_08849A70,0x08849A70,14,4,1,0,0,false,relocated_r_mips32_code_pointer
sub_08849B54,0x08849B54,31,11,2,0,0,false,relocated_r_mips32_code_pointer
sub_08849B60,0x08849B60,31,11,2,0,0,false,relocated_r_mips32_code_pointer
sub_08849B6C,0x08849B6C,52,10,3,1,0,false,relocated_r_mips32_code_pointer
sub_08849C60,0x08849C60,10,2,1,0,0,false,relocated_r_mips32_code_pointer
sub_08849C90,0x08849C90,25,8,1,0,0,false,relocated_r_mips32_code_pointer
sub_08849DAC,0x08849DAC,31,11,2,0,0,false,relocated_r_mips32_code_pointer
sub_08849DB8,0x08849DB8,31,11,2,0,0,false,relocated_r_mips32_code_pointer
sub_08849DC4,0x08849DC4,75,19,5,1,0,false,relocated_r_mips32_code_pointer
sub_08849F98,0x08849F98,23,3,2,0,0,false,direct_jal_target
sub_0884A000,0x0884A000,11,2,2,0,0,false,relocated_r_mips32_code_pointer
sub_0884A0D0,0x0884A0D0,31,11,2,0,0,false,relocated_r_mips32_code_pointer
sub_0884A0DC,0x0884A0DC,31,11,2,0,0,false,relocated_r_mips32_code_pointer
sub_0884A0E8,0x0884A0E8,106,25,3,0,0,false,relocated_r_mips32_code_pointer
sub_0884A2E4,0x0884A2E4,13,2,1,0,0,false,relocated_r_mips32_code_pointer
sub_0884A380,0x0884A380,21,3,2,0,0,false,direct_jal_target
sub_0884A3F0,0x0884A3F0,3,1,1,0,0,false,relocated_r_mips32_code_pointer
sub_0884A49C,0x0884A49C,31,11,2,0,0,false,relocated_r_mips32_code_pointer
sub_0884A4A8,0x0884A4A8,31,11,2,0,0,false,relocated_r_mips32_code_pointer
sub_0884A4B4,0x0884A4B4,104,18,4,1,0,false,relocated_r_mips32_code_pointer
sub_0884A690,0x0884A690,1,1,1,0,0,false,relocated_r_mips32_code_pointer
sub_0884A734,0x0884A734,31,11,2,0,0,false,relocated_r_mips32_code_pointer
sub_0884A740,0x0884A740,31,11,2,0,0,false,relocated_r_mips32_code_pointer
sub_0884A74C,0x0884A74C,44,9,2,0,0,false,relocated_r_mips32_code_pointer
sub_0884A838,0x0884A838,6,1,1,0,0,false,relocated_r_mips32_code_pointer
sub_0884A854,0x0884A854,14,2,2,0,0,false,relocated_r_mips32_code_pointer
sub_0884A894,0x0884A894,4,1,0,0,0,false,direct_jal_target
sub_0884A8A8,0x0884A8A8,18,7,0,0,0,false,direct_jal_target
sub_0884A908,0x0884A908,8,1,0,0,0,false,direct_jal_target
sub_0884A92C,0x0884A92C,39,3,2,0,0,false,relocated_r_mips32_code_pointer
sub_0884A9D4,0x0884A9D4,26,2,1,0,0,false,relocated_r_mips32_code_pointer
sub_0884AA44,0x0884AA44,3,1,0,0,0,false,direct_jal_target
sub_0884AAF0,0x0884AAF0,31,11,2,0,0,false,relocated_r_mips32_code_pointer
sub_0884AAFC,0x0884AAFC,31,11,2,0,0,false,relocated_r_mips32_code_pointer
sub_0884AB08,0x0884AB08,39,7,2,0,0,false,direct_jal_target
sub_0884ABBC,0x0884ABBC,215,61,4,7,0,false,relocated_r_mips32_code_pointer
sub_0884B0A0,0x0884B0A0,24,4,2,0,0,false,direct_jal_target
sub_0884B110,0x0884B110,22,3,3,0,0,false,relocated_r_mips32_code_pointer
sub_0884B210,0x0884B210,31,11,2,0,0,false,relocated_r_mips32_code_pointer
sub_0884B21C,0x0884B21C,31,11,2,0,0,false,relocated_r_mips32_code_pointer
sub_0884B284,0x0884B284,21,2,2,0,0,false,relocated_r_mips32_code_pointer
sub_0884B350,0x0884B350,6,1,1,0,0,false,direct_jal_target
sub_0884B36C,0x0884B36C,12,4,1,0,0,false,relocated_r_mips32_code_pointer
sub_0884B448,0x0884B448,31,11,2,0,0,false,relocated_r_mips32_code_pointer
sub_0884B454,0x0884B454,31,11,2,0,0,false,relocated_r_mips32_code_pointer
sub_0884B460,0x0884B460,17,2,0,1,0,false,direct_jal_target
sub_0884B4AC,0x0884B4AC,77,10,1,3,0,false,relocated_r_mips32_code_pointer
sub_0884B65C,0x0884B65C,19,2,1,0,0,false,direct_jal_target
sub_0884B6B0,0x0884B6B0,1,1,1,0,0,false,direct_jal_target
sub_0884B6B8,0x0884B6B8,28,11,3,0,0,false,direct_jal_target
sub_0884B74C,0x0884B74C,9,4,1,0,0,false,direct_jal_target
sub_0884B77C,0x0884B77C,21,7,1,0,0,false,direct_jal_target
sub_0884B888,0x0884B888,31,11,2,0,0,false,relocated_r_mips32_code_pointer
sub_0884B894,0x0884B894,31,11,2,0,0,false,relocated_r_mips32_code_pointer
sub_0884B8A0,0x0884B8A0,11,2,2,0,0,false,relocated_r_mips32_code_pointer
sub_0884B8D4,0x0884B8D4,67,18,2,0,0,false,direct_jal_target
sub_0884BAB8,0x0884BAB8,31,11,2,0,0,false,relocated_r_mips32_code_pointer
sub_0884BAC4,0x0884BAC4,31,11,2,0,0,false,relocated_r_mips32_code_pointer
sub_0884BAD0,0x0884BAD0,16,2,1,0,0,false,direct_jal_target
sub_0884BB18,0x0884BB18,12,2,1,0,0,false,direct_jal_target
sub_0884BB50,0x0884BB50,12,2,1,0,0,false,direct_jal_target
sub_0884BB88,0x0884BB88,3,1,1,0,0,false,direct_jal_target
sub_0884BB98,0x0884BB98,3,1,1,0,0,false,relocated_r_mips32_code_pointer
sub_0884BBA8,0x0884BBA8,5,1,0,0,0,false,direct_jal_target
sub_0884BC74,0x0884BC74,31,11,2,0,0,false,relocated_r_mips32_code_pointer
sub_0884BC80,0x0884BC80,31,11,2,0,0,false,relocated_r_mips32_code_pointer
sub_0884BCC4,0x0884BCC4,12,2,1,0,0,false,direct_jal_target
sub_0884BCFC,0x0884BCFC,24,7,0,1,0,false,relocated_r_mips32_code_pointer
sub_0884BE14,0x0884BE14,31,11,2,0,0,false,relocated_r_mips32_code_pointer
sub_0884BE20,0x0884BE20,31,11,2,0,0,false,relocated_r_mips32_code_pointer
sub_0884BE2C,0x0884BE2C,14,1,0,0,0,false,relocated_r_mips32_code_pointer
sub_0884BE68,0x0884BE68,20,3,1,1,0,false,relocated_r_mips32_code_pointer
sub_0884BEC4,0x0884BEC4,15,7,0,0,0,false,relocated_r_mips32_code_pointer
sub_0884BF80,0x0884BF80,43,20,0,3,0,false,direct_jal_target
sub_0884C070,0x0884C070,17,3,2,0,0,false,direct_jal_target
sub_0884C0C0,0x0884C0C0,12,3,0,0,0,false,relocated_r_mips32_code_pointer
sub_0884C0EC,0x0884C0EC,3,1,0,0,0,false,relocated_r_mips32_code_pointer
sub_0884C0FC,0x0884C0FC,3,1,0,0,0,false,relocated_r_mips32_code_pointer
sub_0884C10C,0x0884C10C,3,1,0,0,0,false,relocated_r_mips32_code_pointer
sub_0884C11C,0x0884C11C,3,1,0,0,0,false,relocated_r_mips32_code_pointer
sub_0884C12C,0x0884C12C,3,1,0,0,0,false,relocated_r_mips32_code_pointer
sub_0884C13C,0x0884C13C,3,1,0,0,0,false,relocated_r_mips32_code_pointer
sub_0884C14C,0x0884C14C,3,1,0,0,0,false,relocated_r_mips32_code_pointer
sub_0884C15C,0x0884C15C,3,1,0,0,0,false,relocated_r_mips32_code_pointer
sub_0884C16C,0x0884C16C,3,1,0,0,0,false,relocated_r_mips32_code_pointer
sub_0884C17C,0x0884C17C,3,1,0,0,0,false,relocated_r_mips32_code_pointer
sub_0884C18C,0x0884C18C,3,1,0,0,0,false,relocated_r_mips32_code_pointer
sub_0884C19C,0x0884C19C,3,1,0,0,0,false,relocated_r_mips32_code_pointer
sub_0884C1AC,0x0884C1AC,3,1,0,0,0,false,relocated_r_mips32_code_pointer
sub_0884C1BC,0x0884C1BC,1,1,0,0,0,false,relocated_r_mips32_code_pointer
sub_0884C1C4,0x0884C1C4,3,1,0,0,0,false,relocated_r_mips32_code_pointer
sub_0884C1D4,0x0884C1D4,24,4,0,1,0,false,direct_jal_target
sub_0884C244,0x0884C244,3,1,0,0,0,false,relocated_r_mips32_code_pointer
sub_0884C254,0x0884C254,69,14,2,2,0,false,direct_jal_target
sub_0884C474,0x0884C474,31,11,2,0,0,false,relocated_r_mips32_code_pointer
sub_0884C480,0x0884C480,31,11,2,0,0,false,relocated_r_mips32_code_pointer
sub_0884C48C,0x0884C48C,17,5,0,0,0,false,relocated_r_mips32_code_pointer
sub_0884C4E4,0x0884C4E4,44,11,1,1,0,false,relocated_r_mips32_code_pointer
sub_0884C5C0,0x0884C5C0,51,12,2,1,0,false,relocated_r_mips32_code_pointer
sub_0884C6BC,0x0884C6BC,52,13,3,1,0,false,relocated_r_mips32_code_pointer
sub_0884C7C0,0x0884C7C0,68,15,1,2,0,false,relocated_r_mips32_code_pointer
sub_0884C90C,0x0884C90C,61,9,3,0,0,false,direct_jal_target
sub_0884CA24,0x0884CA24,69,18,1,0,0,false,relocated_r_mips32_code_pointer
sub_0884CB74,0x0884CB74,18,1,0,0,0,false,relocated_r_mips32_code_pointer
sub_0884CBC0,0x0884CBC0,55,9,1,0,0,false,direct_jal_target
sub_0884CCBC,0x0884CCBC,108,6,0,0,0,false,direct_jal_target
sub_0884CE84,0x0884CE84,25,9,0,0,0,false,direct_jal_target
sub_0884CF08,0x0884CF08,45,13,0,2,0,false,relocated_r_mips32_code_pointer
sub_0884CFE4,0x0884CFE4,50,16,2,0,0,false,direct_jal_target
sub_0884D0DC,0x0884D0DC,13,2,1,0,0,false,relocated_r_mips32_code_pointer
sub_0884D118,0x0884D118,34,7,2,0,0,false,direct_jal_target
sub_0884D1BC,0x0884D1BC,51,8,1,1,0,false,relocated_r_mips32_code_pointer
sub_0884D2A8,0x0884D2A8,165,53,2,7,0,false,relocated_r_mips32_code_pointer
sub_0884D5F0,0x0884D5F0,101,20,3,2,0,false,relocated_r_mips32_code_pointer
sub_0884D7D4,0x0884D7D4,20,3,2,0,0,false,relocated_r_mips32_code_pointer
sub_0884D830,0x0884D830,207,34,4,4,0,false,relocated_r_mips32_code_pointer
sub_0884DBE8,0x0884DBE8,108,11,4,0,0,false,direct_jal_target
sub_0884DDC0,0x0884DDC0,40,7,2,0,0,false,relocated_r_mips32_code_pointer
sub_0884DE7C,0x0884DE7C,81,2,1,0,0,false,direct_jal_target
sub_0884DFC8,0x0884DFC8,81,2,1,0,0,false,direct_jal_target
sub_0884E114,0x0884E114,19,3,0,1,0,false,direct_jal_target
sub_0884E16C,0x0884E16C,19,3,0,1,0,false,relocated_r_mips32_code_pointer
sub_0884E1C4,0x0884E1C4,65,4,3,0,0,false,direct_jal_target
sub_0884E2D8,0x0884E2D8,164,32,11,3,0,false,direct_jal_target
sub_0884E5E4,0x0884E5E4,74,4,1,0,0,false,direct_jal_target
sub_0884E71C,0x0884E71C,142,25,3,2,0,false,direct_jal_target
sub_0884E9AC,0x0884E9AC,62,14,0,0,0,false,relocated_r_mips32_code_pointer
sub_0884EADC,0x0884EADC,132,27,9,1,0,false,direct_jal_target
sub_0884ED58,0x0884ED58,170,45,9,1,0,false,relocated_r_mips32_code_pointer
sub_0884F094,0x0884F094,34,8,2,1,0,false,relocated_r_mips32_code_pointer
sub_0884F13C,0x0884F13C,34,8,2,1,0,false,relocated_r_mips32_code_pointer
sub_0884F1E4,0x0884F1E4,396,64,10,3,0,false,direct_jal_target
sub_0884F928,0x0884F928,13,2,1,0,0,false,direct_jal_target
sub_0884F974,0x0884F974,3,1,1,0,0,false,relocated_r_mips32_code_pointer
sub_0884F984,0x0884F984,11,2,2,0,0,false,relocated_r_mips32_code_pointer
sub_0884FA5C,0x0884FA5C,31,11,2,0,0,false,relocated_r_mips32_code_pointer
sub_0884FA68,0x0884FA68,31,11,2,0,0,false,relocated_r_mips32_code_pointer
sub_0884FA74,0x0884FA74,28,5,2,1,0,false,relocated_r_mips32_code_pointer
sub_0884FAF8,0x0884FAF8,33,8,1,1,0,false,relocated_r_mips32_code_pointer
sub_0884FB98,0x0884FB98,74,15,3,1,0,false,relocated_r_mips32_code_pointer
sub_0884FD30,0x0884FD30,14,2,1,0,0,false,direct_jal_target
sub_0884FD80,0x0884FD80,3,1,1,0,0,false,relocated_r_mips32_code_pointer
sub_0884FD90,0x0884FD90,11,2,2,0,0,false,relocated_r_mips32_code_pointer
sub_0884FDC4,0x0884FDC4,1,1,1,0,0,false,relocated_r_mips32_code_pointer
sub_0884FE3C,0x0884FE3C,3,1,1,0,0,false,relocated_r_mips32_code_pointer
sub_0884FE4C,0x0884FE4C,11,2,2,0,0,false,relocated_r_mips32_code_pointer
sub_0884FF1C,0x0884FF1C,31,11,2,0,0,false,relocated_r_mips32_code_pointer
sub_0884FF28,0x0884FF28,31,11,2,0,0,false,relocated_r_mips32_code_pointer
sub_0884FF34,0x0884FF34,49,9,0,1,0,false,relocated_r_mips32_code_pointer
sub_08850018,0x08850018,71,10,1,1,0,false,relocated_r_mips32_code_pointer
sub_08850158,0x08850158,30,5,1,1,0,false,relocated_r_mips32_code_pointer
sub_088501E0,0x088501E0,20,4,1,0,0,false,relocated_r_mips32_code_pointer
sub_0885023C,0x0885023C,25,4,2,1,0,false,relocated_r_mips32_code_pointer
sub_088502B0,0x088502B0,8,1,0,0,0,false,direct_jal_target
sub_08850370,0x08850370,31,11,2,0,0,false,relocated_r_mips32_code_pointer
sub_0885037C,0x0885037C,31,11,2,0,0,false,relocated_r_mips32_code_pointer
sub_08850388,0x08850388,19,3,0,2,0,false,relocated_r_mips32_code_pointer
sub_088503E0,0x088503E0,29,2,0,1,0,false,relocated_r_mips32_code_pointer
sub_0885045C,0x0885045C,26,2,1,0,0,false,direct_jal_target
sub_088504CC,0x088504CC,79,8,2,0,0,false,relocated_r_mips32_code_pointer
sub_08850694,0x08850694,187,26,5,2,0,false,relocated_r_mips32_code_pointer
sub_088509E4,0x088509E4,80,17,0,4,0,false,relocated_r_mips32_code_pointer
sub_08850B64,0x08850B64,27,5,2,0,0,false,relocated_r_mips32_code_pointer
sub_08850BE4,0x08850BE4,11,2,0,0,0,false,direct_jal_target
sub_08850C88,0x08850C88,31,11,2,0,0,false,relocated_r_mips32_code_pointer
sub_08850C94,0x08850C94,31,11,2,0,0,false,relocated_r_mips32_code_pointer
sub_08850CD0,0x08850CD0,10,2,1,0,0,false,direct_jal_target
sub_08850D00,0x08850D00,1,1,0,0,0,false,relocated_r_mips32_code_pointer
sub_08850D08,0x08850D08,28,4,1,0,0,false,relocated_r_mips32_code_pointer
sub_08850D84,0x08850D84,23,9,0,0,0,false,direct_jal_target
sub_08850DFC,0x08850DFC,20,9,1,0,0,false,direct_jal_target
sub_08850F08,0x08850F08,31,11,2,0,0,false,relocated_r_mips32_code_pointer
sub_08850F14,0x08850F14,31,11,2,0,0,false,relocated_r_mips32_code_pointer
sub_08850F20,0x08850F20,25,4,1,0,0,false,direct_jal_target
sub_08850F90,0x08850F90,40,5,2,0,0,false,relocated_r_mips32_code_pointer
sub_08851040,0x08851040,32,3,0,0,0,false,direct_jal_target
sub_088510C8,0x088510C8,40,7,0,2,0,false,direct_jal_target
sub_088511F0,0x088511F0,43,17,1,1,0,false,relocated_r_mips32_code_pointer
sub_088512D0,0x088512D0,205,41,7,6,0,false,relocated_r_mips32_code_pointer
sub_088516E4,0x088516E4,16,2,1,0,0,false,direct_jal_target
sub_0885172C,0x0885172C,22,5,2,1,0,false,relocated_r_mips32_code_pointer
sub_08851830,0x08851830,31,11,2,0,0,false,relocated_r_mips32_code_pointer
sub_0885183C,0x0885183C,31,11,2,0,0,false,relocated_r_mips32_code_pointer
sub_08851848,0x08851848,48,7,1,5,0,false,relocated_r_mips32_code_pointer
sub_08851984,0x08851984,21,4,1,1,0,false,relocated_r_mips32_code_pointer
sub_088519E4,0x088519E4,233,43,2,9,0,false,relocated_r_mips32_code_pointer
sub_08851E28,0x08851E28,3,1,1,0,0,false,relocated_r_mips32_code_pointer
sub_08851E38,0x08851E38,1,1,0,0,0,false,relocated_r_mips32_code_pointer
sub_08851E40,0x08851E40,16,2,1,0,0,false,direct_jal_target
sub_08851F24,0x08851F24,31,11,2,0,0,false,relocated_r_mips32_code_pointer
sub_08851F30,0x08851F30,31,11,2,0,0,false,relocated_r_mips32_code_pointer
sub_08851F3C,0x08851F3C,49,15,0,0,0,false,relocated_r_mips32_code_pointer
sub_08851F98,0x08851F98,24,7,0,1,0,false,relocated_r_mips32_code_pointer
sub_08852044,0x08852044,24,8,0,1,0,false,relocated_r_mips32_code_pointer
sub_0885205C,0x0885205C,24,8,0,1,0,false,relocated_r_mips32_code_pointer
sub_08852074,0x08852074,24,8,0,1,0,false,relocated_r_mips32_code_pointer
sub_0885208C,0x0885208C,24,8,0,1,0,false,relocated_r_mips32_code_pointer
sub_088520A4,0x088520A4,24,8,0,1,0,false,relocated_r_mips32_code_pointer
sub_088520BC,0x088520BC,69,14,0,2,0,false,relocated_r_mips32_code_pointer
sub_088521FC,0x088521FC,22,4,1,0,0,false,relocated_r_mips32_code_pointer
sub_08852260,0x08852260,32,5,1,1,0,false,relocated_r_mips32_code_pointer
sub_088522F0,0x088522F0,98,17,5,1,0,false,relocated_r_mips32_code_pointer
sub_088524B0,0x088524B0,31,5,1,1,0,false,direct_jal_target
sub_0885253C,0x0885253C,31,5,1,1,0,false,direct_jal_target
sub_088525C8,0x088525C8,3,1,0,0,0,false,direct_jal_target
sub_088525D8,0x088525D8,3,1,0,0,0,false,relocated_r_mips32_code_pointer
sub_088525E8,0x088525E8,91,11,3,2,0,false,relocated_r_mips32_code_pointer
sub_0885277C,0x0885277C,32,3,1,1,0,false,direct_jal_target
sub_08852808,0x08852808,153,32,5,4,0,false,direct_jal_target
sub_08852AE4,0x08852AE4,89,23,3,2,1,false,relocated_r_mips32_code_pointer
sub_08852C94,0x08852C94,43,11,2,3,0,false,direct_jal_target
sub_08852D68,0x08852D68,109,23,6,3,0,false,relocated_r_mips32_code_pointer
sub_08852F6C,0x08852F6C,68,18,2,4,0,false,relocated_r_mips32_code_pointer
sub_088530BC,0x088530BC,137,27,7,6,0,false,relocated_r_mips32_code_pointer
sub_08853348,0x08853348,88,15,6,2,0,false,relocated_r_mips32_code_pointer
sub_088534E0,0x088534E0,65,23,4,3,0,false,relocated_r_mips32_code_pointer
sub_0885362C,0x0885362C,25,7,1,0,0,false,relocated_r_mips32_code_pointer
sub_088536A4,0x088536A4,17,4,4,0,0,false,relocated_r_mips32_code_pointer
sub_088537D8,0x088537D8,2,1,0,0,0,false,direct_jal_target
sub_088537E4,0x088537E4,1,1,0,0,0,false,relocated_r_mips32_code_pointer
sub_08853850,0x08853850,6,1,0,0,0,false,direct_jal_target
sub_0885386C,0x0885386C,7,3,0,0,0,false,direct_jal_target
sub_0885399C,0x0885399C,58,11,2,0,0,false,relocated_r_mips32_code_pointer
sub_088539A8,0x088539A8,58,11,2,0,0,false,relocated_r_mips32_code_pointer
sub_088539B4,0x088539B4,8,4,0,0,0,false,direct_jal_target
sub_088539E0,0x088539E0,23,1,0,0,0,false,direct_jal_target
sub_08853A40,0x08853A40,77,21,3,0,0,false,direct_jal_target
sub_08853BC4,0x08853BC4,4,1,0,0,0,false,direct_jal_target
sub_08853C44,0x08853C44,72,11,2,4,0,false,direct_jal_target
sub_08853D8C,0x08853D8C,35,9,2,0,0,false,direct_jal_target
sub_08853E38,0x08853E38,41,13,0,0,0,false,direct_jal_target
sub_08853F08,0x08853F08,212,58,2,4,0,false,direct_jal_target
sub_08854318,0x08854318,174,51,4,1,0,false,direct_jal_target
sub_0885467C,0x0885467C,328,86,10,1,0,false,direct_jal_target
sub_08854E44,0x08854E44,97,6,5,0,0,false,direct_jal_target
sub_08855030,0x08855030,16,4,3,0,0,false,direct_jal_target
sub_08855080,0x08855080,117,13,4,2,0,false,direct_jal_target
sub_08855284,0x08855284,56,7,1,0,0,false,direct_jal_target
sub_0885537C,0x0885537C,43,3,2,0,0,false,direct_jal_target
sub_08855434,0x08855434,170,11,5,0,0,false,direct_jal_target
sub_08855860,0x08855860,251,27,3,0,0,false,direct_jal_target
sub_08855CA4,0x08855CA4,113,14,6,1,0,false,direct_jal_target
sub_08856198,0x08856198,149,26,3,5,0,false,direct_jal_target
sub_08856444,0x08856444,222,63,4,1,0,false,direct_jal_target
sub_0885657C,0x0885657C,42,10,1,0,0,false,relocated_r_mips32_code_pointer
sub_08856898,0x08856898,106,29,5,2,0,false,relocated_r_mips32_code_pointer
sub_088568CC,0x088568CC,108,31,5,2,0,false,relocated_r_mips32_code_pointer
sub_08856900,0x08856900,27,8,1,0,0,false,relocated_r_mips32_code_pointer
sub_08856914,0x08856914,27,8,1,0,0,false,relocated_r_mips32_code_pointer
sub_08856928,0x08856928,27,8,1,0,0,false,relocated_r_mips32_code_pointer
sub_0885693C,0x0885693C,51,17,2,0,0,false,relocated_r_mips32_code_pointer
sub_08856970,0x08856970,26,8,1,0,0,false,relocated_r_mips32_code_pointer
sub_08856980,0x08856980,27,8,1,0,0,false,relocated_r_mips32_code_pointer
sub_08856994,0x08856994,26,8,1,0,0,false,relocated_r_mips32_code_pointer
sub_088569A4,0x088569A4,26,8,1,0,0,false,relocated_r_mips32_code_pointer
sub_088569B4,0x088569B4,26,8,1,0,0,false,relocated_r_mips32_code_pointer
sub_08856C50,0x08856C50,57,8,2,0,0,false,direct_jal_target
sub_08856D48,0x08856D48,421,134,10,2,0,false,direct_jal_target
sub_08857584,0x08857584,43,5,1,1,0,false,relocated_r_mips32_code_pointer
sub_08857644,0x08857644,553,188,10,0,0,false,direct_jal_target
sub_088582B0,0x088582B0,41,6,1,0,0,false,direct_jal_target
sub_0885836C,0x0885836C,52,10,2,1,0,false,direct_jal_target
sub_08858464,0x08858464,49,10,2,1,0,false,direct_jal_target
sub_08858550,0x08858550,407,88,9,5,0,false,direct_jal_target
sub_08858CD0,0x08858CD0,313,57,9,1,0,false,direct_jal_target
sub_08859280,0x08859280,414,79,13,6,0,false,direct_jal_target
sub_08859A0C,0x08859A0C,242,61,10,6,0,false,direct_jal_target
sub_08859EB4,0x08859EB4,148,26,6,2,0,false,direct_jal_target
sub_0885A15C,0x0885A15C,103,34,3,0,0,false,direct_jal_target
sub_0885A2CC,0x0885A2CC,81,31,3,0,0,false,relocated_r_mips32_code_pointer
sub_0885A2E0,0x0885A2E0,93,36,3,0,0,false,relocated_r_mips32_code_pointer
sub_0885A338,0x0885A338,97,35,4,0,0,false,relocated_r_mips32_code_pointer
sub_0885A39C,0x0885A39C,81,31,3,0,0,false,relocated_r_mips32_code_pointer
sub_0885A3B0,0x0885A3B0,81,31,3,0,0,false,relocated_r_mips32_code_pointer
sub_0885A3C4,0x0885A3C4,81,31,3,0,0,false,relocated_r_mips32_code_pointer
sub_0885A478,0x0885A478,43,6,2,0,0,false,direct_jal_target
sub_0885A538,0x0885A538,23,2,2,0,0,false,direct_jal_target
sub_0885A5AC,0x0885A5AC,3,1,0,0,0,false,direct_jal_target
sub_0885A5BC,0x0885A5BC,3,1,1,0,0,false,relocated_r_mips32_code_pointer
sub_0885A668,0x0885A668,31,11,2,0,0,false,relocated_r_mips32_code_pointer
sub_0885A674,0x0885A674,31,11,2,0,0,false,relocated_r_mips32_code_pointer
sub_0885A680,0x0885A680,17,3,0,0,0,false,direct_jal_target
sub_0885A6CC,0x0885A6CC,107,15,2,0,0,false,direct_jal_target
sub_0885A8F4,0x0885A8F4,227,63,10,2,0,false,direct_jal_target
sub_0885AD48,0x0885AD48,1,1,0,0,0,false,direct_jal_target
sub_0885ADEC,0x0885ADEC,31,11,2,0,0,false,relocated_r_mips32_code_pointer
sub_0885ADF8,0x0885ADF8,31,11,2,0,0,false,relocated_r_mips32_code_pointer
sub_0885AF3C,0x0885AF3C,14,3,0,0,0,false,direct_jal_target
sub_0885AFBC,0x0885AFBC,72,9,2,1,0,false,direct_jal_target
sub_0885B0FC,0x0885B0FC,250,22,4,1,0,false,direct_jal_target
sub_0885B530,0x0885B530,12,2,1,0,0,false,direct_jal_target
sub_0885B568,0x0885B568,12,2,1,0,0,false,direct_jal_target
sub_0885B5A0,0x0885B5A0,20,3,2,0,0,false,relocated_r_mips32_code_pointer
sub_0885B5FC,0x0885B5FC,4,1,1,0,0,false,relocated_r_mips32_code_pointer
sub_0885B6AC,0x0885B6AC,31,11,2,0,0,false,relocated_r_mips32_code_pointer
sub_0885B6B8,0x0885B6B8,31,11,2,0,0,false,relocated_r_mips32_code_pointer
sub_0885B6C4,0x0885B6C4,19,5,1,1,0,false,relocated_r_mips32_code_pointer
sub_0885B724,0x0885B724,8,3,1,0,0,false,relocated_r_mips32_code_pointer
sub_0885B74C,0x0885B74C,1,1,0,0,0,false,relocated_r_mips32_code_pointer
sub_0885B7F0,0x0885B7F0,31,11,2,0,0,false,relocated_r_mips32_code_pointer
sub_0885B7FC,0x0885B7FC,31,11,2,0,0,false,relocated_r_mips32_code_pointer
sub_0885B808,0x0885B808,30,6,1,1,0,false,direct_jal_target
sub_0885B894,0x0885B894,12,1,0,0,0,false,relocated_r_mips32_code_pointer
sub_0885B8C8,0x0885B8C8,15,1,0,0,0,false,direct_jal_target
sub_0885B994,0x0885B994,297,49,8,6,0,false,relocated_r_mips32_code_pointer
sub_0885BEF0,0x0885BEF0,51,11,5,0,0,false,direct_jal_target
sub_0885BFE8,0x0885BFE8,20,3,2,0,0,false,relocated_r_mips32_code_pointer
sub_0885C044,0x0885C044,2,1,1,0,0,false,relocated_r_mips32_code_pointer
sub_0885C0EC,0x0885C0EC,31,11,2,0,0,false,relocated_r_mips32_code_pointer
sub_0885C0F8,0x0885C0F8,31,11,2,0,0,false,relocated_r_mips32_code_pointer
sub_0885C104,0x0885C104,56,14,4,0,0,false,relocated_r_mips32_code_pointer
sub_0885C21C,0x0885C21C,44,10,3,1,0,false,relocated_r_mips32_code_pointer
sub_0885C2F4,0x0885C2F4,50,10,3,1,0,false,relocated_r_mips32_code_pointer
sub_0885C588,0x0885C588,96,25,8,1,0,false,relocated_r_mips32_code_pointer
sub_0885C5C0,0x0885C5C0,74,13,4,1,0,false,relocated_r_mips32_code_pointer
sub_0885C814,0x0885C814,80,22,4,2,0,false,relocated_r_mips32_code_pointer
sub_0885C9A0,0x0885C9A0,21,5,1,0,0,false,relocated_r_mips32_code_pointer
sub_0885CA08,0x0885CA08,36,6,3,0,0,false,direct_jal_target
sub_0885CAB0,0x0885CAB0,20,3,2,0,0,false,relocated_r_mips32_code_pointer
sub_0885CB0C,0x0885CB0C,10,5,1,0,0,false,relocated_r_mips32_code_pointer
sub_0885CBE4,0x0885CBE4,31,11,2,0,0,false,relocated_r_mips32_code_pointer
sub_0885CBF0,0x0885CBF0,31,11,2,0,0,false,relocated_r_mips32_code_pointer
sub_0885CBFC,0x0885CBFC,43,10,3,1,0,false,relocated_r_mips32_code_pointer
sub_0885CCD0,0x0885CCD0,41,12,1,2,0,false,relocated_r_mips32_code_pointer
sub_0885CDA0,0x0885CDA0,71,12,4,1,0,false,relocated_r_mips32_code_pointer
sub_0885D2FC,0x0885D2FC,188,42,14,3,0,false,relocated_r_mips32_code_pointer
sub_0885D328,0x0885D328,53,10,5,0,0,false,direct_jal_target
sub_0885D424,0x0885D424,20,3,2,0,0,false,relocated_r_mips32_code_pointer
sub_0885D480,0x0885D480,6,3,1,0,0,false,relocated_r_mips32_code_pointer
sub_0885D4A0,0x0885D4A0,53,13,2,2,0,false,relocated_r_mips32_code_pointer
sub_0885D6E8,0x0885D6E8,31,11,2,0,0,false,relocated_r_mips32_code_pointer
sub_0885D6F4,0x0885D6F4,31,11,2,0,0,false,relocated_r_mips32_code_pointer
sub_0885D700,0x0885D700,77,21,4,3,0,false,relocated_r_mips32_code_pointer
sub_0885D880,0x0885D880,84,20,2,2,0,false,relocated_r_mips32_code_pointer
sub_0885DA1C,0x0885DA1C,69,17,4,1,0,false,relocated_r_mips32_code_pointer
sub_0885DB6C,0x0885DB6C,71,12,4,1,0,false,relocated_r_mips32_code_pointer
sub_0885DDB4,0x0885DDB4,97,22,4,2,0,false,relocated_r_mips32_code_pointer
sub_0885DF84,0x0885DF84,219,44,13,3,0,false,relocated_r_mips32_code_pointer
sub_0885E390,0x0885E390,74,20,4,0,0,false,relocated_r_mips32_code_pointer
sub_0885E57C,0x0885E57C,15,5,0,0,0,false,direct_jal_target
sub_0885E750,0x0885E750,40,14,7,0,0,false,direct_jal_target
sub_0885E8C0,0x0885E8C0,31,11,2,0,0,false,relocated_r_mips32_code_pointer
sub_0885E8CC,0x0885E8CC,31,11,2,0,0,false,relocated_r_mips32_code_pointer
sub_0885E98C,0x0885E98C,8,1,0,0,0,false,direct_jal_target
sub_0885E9B0,0x0885E9B0,53,14,0,0,0,false,direct_jal_target
sub_0885E9E8,0x0885E9E8,3,1,0,0,0,false,relocated_r_mips32_code_pointer
sub_0885EA9C,0x0885EA9C,35,16,2,0,0,false,relocated_r_mips32_code_pointer
sub_0885EAF8,0x0885EAF8,21,9,2,0,0,false,relocated_r_mips32_code_pointer
sub_0885EB38,0x0885EB38,36,12,2,0,0,false,relocated_r_mips32_code_pointer
sub_0885EBA4,0x0885EBA4,36,12,2,0,0,false,relocated_r_mips32_code_pointer
sub_0885EC10,0x0885EC10,37,16,2,0,0,false,relocated_r_mips32_code_pointer
sub_0885F048,0x0885F048,67,7,4,0,0,false,direct_jal_target
sub_0885F590,0x0885F590,71,9,4,1,0,false,direct_jal_target
sub_0885F6CC,0x0885F6CC,94,8,2,2,0,false,direct_jal_target
sub_0886056C,0x0886056C,152,47,9,1,0,false,relocated_r_mips32_code_pointer
sub_0886068C,0x0886068C,82,23,6,1,0,false,relocated_r_mips32_code_pointer
sub_088606AC,0x088606AC,28,9,2,1,0,false,relocated_r_mips32_code_pointer
sub_088606E8,0x088606E8,5,1,0,0,0,false,relocated_r_mips32_code_pointer
sub_08860730,0x08860730,228,49,8,3,0,false,relocated_r_mips32_code_pointer
sub_08860750,0x08860750,205,28,4,3,0,false,relocated_r_mips32_code_pointer
sub_08860770,0x08860770,150,19,3,2,0,false,relocated_r_mips32_code_pointer
sub_08860790,0x08860790,154,24,5,2,0,false,relocated_r_mips32_code_pointer
sub_088607B0,0x088607B0,82,19,3,1,0,false,relocated_r_mips32_code_pointer
sub_088607D0,0x088607D0,146,34,8,3,0,false,relocated_r_mips32_code_pointer
sub_088607F0,0x088607F0,89,31,7,1,0,false,relocated_r_mips32_code_pointer
sub_08860848,0x08860848,59,11,0,2,0,false,relocated_r_mips32_code_pointer
sub_08860958,0x08860958,37,13,7,1,0,false,relocated_r_mips32_code_pointer
sub_08860AB8,0x08860AB8,31,11,2,0,0,false,relocated_r_mips32_code_pointer
sub_08860AC4,0x08860AC4,31,11,2,0,0,false,relocated_r_mips32_code_pointer
sub_08860D94,0x08860D94,196,67,4,0,0,false,relocated_r_mips32_code_pointer
sub_088611A0,0x088611A0,36,12,6,1,0,false,relocated_r_mips32_code_pointer
sub_088612DC,0x088612DC,25,7,3,2,0,false,relocated_r_mips32_code_pointer
sub_0886135C,0x0886135C,26,8,4,2,0,false,relocated_r_mips32_code_pointer
sub_08861480,0x08861480,31,11,2,0,0,false,relocated_r_mips32_code_pointer
sub_0886148C,0x0886148C,31,11,2,0,0,false,relocated_r_mips32_code_pointer
sub_08861498,0x08861498,77,19,3,2,0,false,relocated_r_mips32_code_pointer
sub_08861614,0x08861614,97,37,6,3,0,false,relocated_r_mips32_code_pointer
sub_08861C98,0x08861C98,228,56,23,5,0,false,direct_jal_target
sub_08862104,0x08862104,18,4,1,0,0,false,direct_jal_target
sub_0886214C,0x0886214C,4,1,0,0,0,false,relocated_r_mips32_code_pointer
sub_08862160,0x08862160,16,6,5,0,0,false,relocated_r_mips32_code_pointer
sub_088621B8,0x088621B8,17,8,7,0,0,false,relocated_r_mips32_code_pointer
sub_0886221C,0x0886221C,16,7,5,0,0,false,relocated_r_mips32_code_pointer
sub_0886237C,0x0886237C,64,21,2,0,0,false,relocated_r_mips32_code_pointer
sub_08862388,0x08862388,64,21,2,0,0,false,relocated_r_mips32_code_pointer
sub_08862394,0x08862394,97,37,6,3,0,false,relocated_r_mips32_code_pointer
sub_088625AC,0x088625AC,51,13,4,2,0,false,relocated_r_mips32_code_pointer
sub_088627A4,0x088627A4,53,15,5,2,0,false,relocated_r_mips32_code_pointer
sub_08862CCC,0x08862CCC,214,50,19,3,0,false,direct_jal_target
sub_088630E8,0x088630E8,37,4,0,1,0,false,relocated_r_mips32_code_pointer
sub_08863238,0x08863238,63,19,9,0,0,false,relocated_r_mips32_code_pointer
sub_088632A0,0x088632A0,21,3,0,0,0,false,relocated_r_mips32_code_pointer
sub_088632D0,0x088632D0,37,11,3,0,0,false,relocated_r_mips32_code_pointer
sub_08863324,0x08863324,27,10,2,0,0,false,relocated_r_mips32_code_pointer
sub_0886335C,0x0886335C,43,10,2,0,0,false,relocated_r_mips32_code_pointer
sub_088633C0,0x088633C0,44,10,2,0,0,false,relocated_r_mips32_code_pointer
sub_088633FC,0x088633FC,488,182,21,0,0,false,relocated_r_mips32_code_pointer
sub_08863E94,0x08863E94,15,5,5,0,0,false,relocated_r_mips32_code_pointer
sub_08863EE4,0x08863EE4,16,6,6,0,0,false,relocated_r_mips32_code_pointer
sub_08863F3C,0x08863F3C,5,3,1,0,0,false,relocated_r_mips32_code_pointer
sub_08863FF8,0x08863FF8,31,11,2,0,0,false,relocated_r_mips32_code_pointer
sub_08864004,0x08864004,31,11,2,0,0,false,relocated_r_mips32_code_pointer
sub_08864010,0x08864010,32,4,1,0,0,false,direct_jal_target
sub_08864060,0x08864060,61,17,9,1,0,false,relocated_r_mips32_code_pointer
sub_0886414C,0x0886414C,8,2,0,0,0,false,relocated_r_mips32_code_pointer
sub_08864158,0x08864158,35,7,3,0,0,false,relocated_r_mips32_code_pointer
sub_08864200,0x08864200,36,9,3,0,0,false,relocated_r_mips32_code_pointer
sub_08864250,0x08864250,36,9,3,0,0,false,relocated_r_mips32_code_pointer
sub_088642A0,0x088642A0,46,17,8,1,0,false,relocated_r_mips32_code_pointer
sub_088643A0,0x088643A0,61,26,3,0,0,false,relocated_r_mips32_code_pointer
sub_088644F0,0x088644F0,51,12,9,1,0,false,direct_jal_target
sub_0886480C,0x0886480C,64,21,2,0,0,false,relocated_r_mips32_code_pointer
sub_08864818,0x08864818,64,21,2,0,0,false,relocated_r_mips32_code_pointer
sub_088648C8,0x088648C8,44,16,4,2,0,false,relocated_r_mips32_code_pointer
sub_08864A80,0x08864A80,43,15,3,2,0,false,relocated_r_mips32_code_pointer
sub_08864B58,0x08864B58,347,89,10,1,0,false,relocated_r_mips32_code_pointer
sub_088651F8,0x088651F8,301,73,9,0,0,false,direct_jal_target
sub_088658D8,0x088658D8,105,29,2,0,0,false,relocated_r_mips32_code_pointer
sub_08865BB0,0x08865BB0,91,18,5,2,0,false,direct_jal_target
sub_08865E00,0x08865E00,81,16,6,2,0,false,relocated_r_mips32_code_pointer
sub_08865E44,0x08865E44,15,2,1,0,0,false,relocated_r_mips32_code_pointer
sub_08865E88,0x08865E88,26,9,1,0,0,false,direct_jal_target
sub_08865F10,0x08865F10,36,9,1,0,0,false,direct_jal_target
sub_088660AC,0x088660AC,51,11,2,0,0,false,relocated_r_mips32_code_pointer
sub_088660B8,0x088660B8,51,11,2,0,0,false,relocated_r_mips32_code_pointer
sub_0886641C,0x0886641C,168,55,14,0,0,false,direct_jal_target
sub_0886685C,0x0886685C,42,17,10,1,0,false,relocated_r_mips32_code_pointer
sub_08866944,0x08866944,43,18,11,1,0,false,relocated_r_mips32_code_pointer
sub_08866A34,0x08866A34,36,3,0,0,0,false,direct_jal_target
sub_08866A9C,0x08866A9C,83,16,7,3,0,false,relocated_r_mips32_code_pointer
sub_08866C04,0x08866C04,33,7,5,0,0,false,relocated_r_mips32_code_pointer
sub_08866C74,0x08866C74,265,64,22,6,0,false,relocated_r_mips32_code_pointer
sub_088670B0,0x088670B0,52,11,5,0,0,false,relocated_r_mips32_code_pointer
sub_08867174,0x08867174,73,15,6,0,0,false,relocated_r_mips32_code_pointer
sub_0886729C,0x0886729C,82,22,13,1,0,false,relocated_r_mips32_code_pointer
sub_088673B4,0x088673B4,128,35,10,0,0,false,relocated_r_mips32_code_pointer
sub_088677EC,0x088677EC,122,37,7,2,0,false,direct_jal_target
sub_08867A60,0x08867A60,46,11,3,1,0,false,direct_jal_target
sub_08867B3C,0x08867B3C,68,20,5,1,0,false,direct_jal_target
sub_08867C94,0x08867C94,70,28,11,0,0,false,direct_jal_target
sub_08867E10,0x08867E10,113,28,7,2,0,false,relocated_r_mips32_code_pointer
sub_0886803C,0x0886803C,68,32,12,3,0,false,relocated_r_mips32_code_pointer
sub_08868308,0x08868308,64,21,2,0,0,false,relocated_r_mips32_code_pointer
sub_08868314,0x08868314,64,21,2,0,0,false,relocated_r_mips32_code_pointer
sub_08868320,0x08868320,15,2,1,0,0,false,relocated_r_mips32_code_pointer
sub_08868364,0x08868364,68,19,3,1,0,false,relocated_r_mips32_code_pointer
sub_088684B8,0x088684B8,34,6,1,2,0,false,direct_jal_target
sub_08868554,0x08868554,173,50,4,5,0,false,direct_jal_target
sub_088688AC,0x088688AC,153,64,21,0,0,false,relocated_r_mips32_code_pointer
sub_08868D8C,0x08868D8C,67,31,11,3,0,false,relocated_r_mips32_code_pointer
sub_08869AAC,0x08869AAC,572,183,29,17,0,false,direct_jal_target
sub_0886A644,0x0886A644,21,8,6,0,0,false,relocated_r_mips32_code_pointer
sub_0886A6B8,0x0886A6B8,36,9,3,0,0,false,relocated_r_mips32_code_pointer
sub_0886A81C,0x0886A81C,34,12,5,1,0,false,relocated_r_mips32_code_pointer
sub_0886A8D0,0x0886A8D0,35,13,6,1,0,false,relocated_r_mips32_code_pointer
sub_0886AA10,0x0886AA10,61,15,2,2,1,false,relocated_r_mips32_code_pointer
sub_0886ABE8,0x0886ABE8,35,11,2,0,0,false,relocated_r_mips32_code_pointer
sub_0886ABF4,0x0886ABF4,35,11,2,0,0,false,relocated_r_mips32_code_pointer
sub_0886ACDC,0x0886ACDC,104,20,4,0,0,false,direct_jal_target
sub_0886ADF0,0x0886ADF0,94,21,4,0,0,false,direct_jal_target
sub_0886B024,0x0886B024,54,16,4,0,0,false,relocated_r_mips32_code_pointer
sub_0886B134,0x0886B134,187,50,8,0,0,false,direct_jal_target
sub_0886B3F0,0x0886B3F0,182,37,4,4,5,false,direct_jal_target
sub_0886B74C,0x0886B74C,201,79,12,0,0,false,direct_jal_target
sub_0886BB8C,0x0886BB8C,210,48,8,4,4,false,relocated_r_mips32_code_pointer
sub_0886BED0,0x0886BED0,31,10,5,0,0,false,direct_jal_target
sub_0886BF70,0x0886BF70,29,10,6,0,0,false,direct_jal_target
sub_0886C114,0x0886C114,20,7,5,0,0,false,relocated_r_mips32_code_pointer
sub_0886C180,0x0886C180,20,9,3,0,0,false,direct_jal_target
sub_0886C25C,0x0886C25C,18,8,3,0,0,false,relocated_r_mips32_code_pointer
sub_0886C2C4,0x0886C2C4,19,9,4,0,0,false,relocated_r_mips32_code_pointer
sub_0886C38C,0x0886C38C,17,10,2,0,0,false,relocated_r_mips32_code_pointer
sub_0886C58C,0x0886C58C,86,21,2,0,0,false,relocated_r_mips32_code_pointer
sub_0886C598,0x0886C598,86,21,2,0,0,false,relocated_r_mips32_code_pointer
sub_0886C6F4,0x0886C6F4,410,168,12,0,0,false,direct_jal_target
sub_0886CF74,0x0886CF74,210,57,7,0,0,false,relocated_r_mips32_code_pointer
sub_0886D388,0x0886D388,345,99,18,2,0,false,direct_jal_target
sub_0886DC5C,0x0886DC5C,68,30,11,4,0,false,relocated_r_mips32_code_pointer
sub_0886DF1C,0x0886DF1C,64,21,2,0,0,false,relocated_r_mips32_code_pointer
sub_0886DF28,0x0886DF28,64,21,2,0,0,false,relocated_r_mips32_code_pointer
sub_0886DF34,0x0886DF34,8,1,1,0,0,false,relocated_r_mips32_code_pointer
sub_0886DF58,0x0886DF58,118,31,10,1,0,false,direct_jal_target
sub_0886E5B0,0x0886E5B0,124,56,8,3,0,false,relocated_r_mips32_code_pointer
sub_0886E9F4,0x0886E9F4,67,29,10,4,0,false,relocated_r_mips32_code_pointer
sub_0886EB70,0x0886EB70,341,135,15,1,0,false,direct_jal_target
sub_0886F298,0x0886F298,458,174,16,0,0,false,direct_jal_target
sub_0886FE40,0x0886FE40,91,22,6,0,0,false,direct_jal_target
sub_08870000,0x08870000,1,1,0,0,0,false,materialized_code_pointer
sub_08870004,0x08870004,195,49,19,7,0,false,direct_jal_target
sub_088707A4,0x088707A4,23,7,5,0,0,false,direct_jal_target
sub_08870970,0x08870970,316,114,27,4,0,false,relocated_r_mips32_code_pointer
sub_08870B5C,0x08870B5C,14,4,4,0,0,false,relocated_r_mips32_code_pointer
sub_08870BA4,0x08870BA4,15,5,5,0,0,false,relocated_r_mips32_code_pointer
sub_08870CA4,0x08870CA4,31,11,2,0,0,false,relocated_r_mips32_code_pointer
sub_08870CB0,0x08870CB0,31,11,2,0,0,false,relocated_r_mips32_code_pointer
sub_08870CBC,0x08870CBC,78,22,7,0,0,false,direct_jal_target
sub_08870FB8,0x08870FB8,186,68,18,1,0,false,relocated_r_mips32_code_pointer
sub_088715A0,0x088715A0,98,31,9,0,0,false,materialized_code_pointer
sub_088715A8,0x088715A8,116,21,14,0,0,false,direct_jal_target
sub_088719E8,0x088719E8,106,20,7,0,0,false,relocated_r_mips32_code_pointer
sub_08871C8C,0x08871C8C,73,26,8,0,0,false,relocated_r_mips32_code_pointer
sub_08871E14,0x08871E14,14,7,4,0,0,false,relocated_r_mips32_code_pointer
sub_08871E68,0x08871E68,29,16,6,0,0,false,relocated_r_mips32_code_pointer
sub_08871FB8,0x08871FB8,31,11,2,0,0,false,relocated_r_mips32_code_pointer
sub_08871FC4,0x08871FC4,31,11,2,0,0,false,relocated_r_mips32_code_pointer
sub_08872024,0x08872024,244,76,16,0,0,false,relocated_r_mips32_code_pointer
sub_08872508,0x08872508,103,36,10,0,0,false,relocated_r_mips32_code_pointer
sub_088727D0,0x088727D0,27,16,6,0,0,false,direct_jal_target
sub_08872928,0x08872928,28,15,5,0,0,false,relocated_r_mips32_code_pointer
sub_088729D4,0x088729D4,49,11,7,0,0,false,direct_jal_target
sub_08872B04,0x08872B04,13,3,3,0,0,false,relocated_r_mips32_code_pointer
sub_08872B44,0x08872B44,14,4,4,0,0,false,relocated_r_mips32_code_pointer
sub_08872B8C,0x08872B8C,10,3,2,0,0,false,relocated_r_mips32_code_pointer
sub_08872C54,0x08872C54,68,14,8,0,0,false,direct_jal_target
sub_08872D08,0x08872D08,12,4,1,0,0,false,direct_jal_target
sub_08872DE4,0x08872DE4,31,11,2,0,0,false,relocated_r_mips32_code_pointer
sub_08872DF0,0x08872DF0,31,11,2,0,0,false,relocated_r_mips32_code_pointer
sub_08872DFC,0x08872DFC,115,29,5,1,0,false,relocated_r_mips32_code_pointer
sub_08873028,0x08873028,2,1,0,0,0,false,relocated_r_mips32_code_pointer
sub_08873124,0x08873124,1,1,0,0,0,false,direct_jal_target
sub_0887312C,0x0887312C,7,5,0,0,0,false,direct_jal_target
sub_08873158,0x08873158,49,9,2,2,0,false,direct_jal_target
sub_088732D8,0x088732D8,31,11,2,0,0,false,relocated_r_mips32_code_pointer
sub_088732E4,0x088732E4,31,11,2,0,0,false,relocated_r_mips32_code_pointer
sub_088732F0,0x088732F0,64,24,4,2,0,false,relocated_r_mips32_code_pointer
sub_08873448,0x08873448,67,12,3,1,0,false,direct_jal_target
sub_0887365C,0x0887365C,47,9,4,0,0,false,direct_jal_target
sub_0887373C,0x0887373C,140,40,15,0,0,false,direct_jal_target
sub_08873D64,0x08873D64,30,9,1,0,0,false,relocated_r_mips32_code_pointer
sub_08873DE8,0x08873DE8,9,1,0,0,0,false,relocated_r_mips32_code_pointer
sub_08873E10,0x08873E10,21,6,2,0,0,false,relocated_r_mips32_code_pointer
sub_08873E5C,0x08873E5C,70,14,3,0,0,false,relocated_r_mips32_code_pointer
sub_08873EBC,0x08873EBC,167,64,11,0,0,false,relocated_r_mips32_code_pointer
sub_08873EDC,0x08873EDC,37,6,1,0,0,false,relocated_r_mips32_code_pointer
sub_08873F60,0x08873F60,18,3,0,0,0,false,relocated_r_mips32_code_pointer
sub_08874074,0x08874074,189,70,8,2,0,false,direct_jal_target
sub_08874660,0x08874660,91,32,8,4,0,false,relocated_r_mips32_code_pointer
sub_0887484C,0x0887484C,92,33,9,4,0,false,relocated_r_mips32_code_pointer
sub_08874A84,0x08874A84,56,13,5,0,0,false,direct_jal_target
sub_08874BB8,0x08874BB8,53,17,2,1,0,false,relocated_r_mips32_code_pointer
sub_08874D68,0x08874D68,31,11,2,0,0,false,relocated_r_mips32_code_pointer
sub_08874D74,0x08874D74,31,11,2,0,0,false,relocated_r_mips32_code_pointer
sub_0887515C,0x0887515C,261,52,14,4,0,false,direct_jal_target
sub_08875630,0x08875630,42,10,1,1,0,false,relocated_r_mips32_code_pointer
sub_088756DC,0x088756DC,11,1,0,0,0,false,relocated_r_mips32_code_pointer
sub_0887570C,0x0887570C,23,6,2,0,0,false,relocated_r_mips32_code_pointer
sub_08875758,0x08875758,26,3,0,0,0,false,relocated_r_mips32_code_pointer
sub_088757A8,0x088757A8,200,47,3,7,0,false,relocated_r_mips32_code_pointer
sub_088757D0,0x088757D0,22,4,1,0,0,false,relocated_r_mips32_code_pointer
sub_08875814,0x08875814,30,3,1,0,0,false,relocated_r_mips32_code_pointer
sub_08876054,0x08876054,50,14,4,2,0,false,relocated_r_mips32_code_pointer
sub_08876150,0x08876150,51,15,5,2,0,false,relocated_r_mips32_code_pointer
sub_08876254,0x08876254,52,16,5,0,0,false,direct_jal_target
sub_08876364,0x08876364,1,1,0,0,0,false,direct_jal_target
sub_0887636C,0x0887636C,11,5,1,0,0,false,direct_jal_target
sub_08876404,0x08876404,63,30,9,2,0,false,relocated_r_mips32_code_pointer
sub_0887661C,0x0887661C,35,11,2,0,0,false,relocated_r_mips32_code_pointer
sub_08876628,0x08876628,35,11,2,0,0,false,relocated_r_mips32_code_pointer
sub_08876634,0x08876634,100,35,3,2,0,false,relocated_r_mips32_code_pointer
sub_08876848,0x08876848,97,22,2,0,0,false,direct_jal_target
sub_08876B74,0x08876B74,106,22,8,2,0,false,direct_jal_target
sub_08876D74,0x08876D74,72,22,1,0,0,false,direct_jal_target
sub_08877328,0x08877328,62,29,8,2,0,false,relocated_r_mips32_code_pointer
sub_0887748C,0x0887748C,454,136,9,4,0,false,direct_jal_target
sub_08877DA0,0x08877DA0,159,74,7,0,0,false,direct_jal_target
sub_0887884C,0x0887884C,91,21,4,1,0,false,relocated_r_mips32_code_pointer
sub_088789D8,0x088789D8,26,3,0,0,0,false,relocated_r_mips32_code_pointer
sub_08878A48,0x08878A48,26,6,2,0,0,false,relocated_r_mips32_code_pointer
sub_08878A94,0x08878A94,534,156,5,5,0,false,relocated_r_mips32_code_pointer
sub_08878AE4,0x08878AE4,26,3,0,0,0,false,relocated_r_mips32_code_pointer
sub_08878B28,0x08878B28,14,2,0,0,0,false,relocated_r_mips32_code_pointer
sub_08878B38,0x08878B38,29,5,2,0,0,false,relocated_r_mips32_code_pointer
sub_08878B90,0x08878B90,39,5,2,0,0,false,relocated_r_mips32_code_pointer
sub_08878BE0,0x08878BE0,37,4,2,0,0,false,relocated_r_mips32_code_pointer
sub_08878CE8,0x08878CE8,1,1,0,0,0,false,direct_jal_target
sub_08878CF0,0x08878CF0,11,5,1,0,0,false,direct_jal_target
sub_08878D54,0x08878D54,53,17,2,1,0,false,relocated_r_mips32_code_pointer
sub_08878EFC,0x08878EFC,31,11,2,0,0,false,relocated_r_mips32_code_pointer
sub_08878F08,0x08878F08,31,11,2,0,0,false,relocated_r_mips32_code_pointer
sub_08878F14,0x08878F14,5,1,0,0,0,false,direct_jal_target
sub_08878F2C,0x08878F2C,56,13,5,0,0,false,direct_jal_target
sub_088794B4,0x088794B4,275,56,16,4,0,false,direct_jal_target
sub_088799CC,0x088799CC,42,10,1,1,0,false,relocated_r_mips32_code_pointer
sub_08879A78,0x08879A78,11,1,0,0,0,false,relocated_r_mips32_code_pointer
sub_08879AA8,0x08879AA8,23,6,2,0,0,false,relocated_r_mips32_code_pointer
sub_08879AF4,0x08879AF4,27,4,1,0,0,false,relocated_r_mips32_code_pointer
sub_08879B4C,0x08879B4C,238,54,6,7,0,false,relocated_r_mips32_code_pointer
sub_08879B74,0x08879B74,22,4,1,0,0,false,relocated_r_mips32_code_pointer
sub_08879BB8,0x08879BB8,30,3,1,0,0,false,relocated_r_mips32_code_pointer
sub_08879C18,0x08879C18,239,86,5,0,0,false,direct_jal_target
sub_0887A0EC,0x0887A0EC,574,207,9,1,0,false,direct_jal_target
sub_0887AD3C,0x0887AD3C,47,9,5,0,0,false,direct_jal_target
sub_0887AF18,0x0887AF18,50,14,4,2,0,false,relocated_r_mips32_code_pointer
sub_0887B014,0x0887B014,51,15,5,2,0,false,relocated_r_mips32_code_pointer
sub_0887B118,0x0887B118,5,1,0,0,0,false,direct_jal_target
sub_0887B130,0x0887B130,1,1,0,0,0,false,direct_jal_target
sub_0887B138,0x0887B138,2,1,0,0,0,false,relocated_r_mips32_code_pointer
sub_0887B1E0,0x0887B1E0,31,11,2,0,0,false,relocated_r_mips32_code_pointer
sub_0887B1EC,0x0887B1EC,31,11,2,0,0,false,relocated_r_mips32_code_pointer
sub_0887B1F8,0x0887B1F8,69,8,3,0,0,false,direct_jal_target
sub_0887B32C,0x0887B32C,21,4,1,0,0,false,relocated_r_mips32_code_pointer
sub_0887B380,0x0887B380,48,6,1,0,0,false,relocated_r_mips32_code_pointer
sub_0887B434,0x0887B434,53,8,1,0,0,false,relocated_r_mips32_code_pointer
sub_0887B4A0,0x0887B4A0,53,8,1,0,0,false,relocated_r_mips32_code_pointer
sub_0887B50C,0x0887B50C,9,3,1,1,0,false,relocated_r_mips32_code_pointer
sub_0887B53C,0x0887B53C,14,5,1,0,0,false,relocated_r_mips32_code_pointer
sub_0887B5B0,0x0887B5B0,22,8,2,0,0,false,relocated_r_mips32_code_pointer
sub_0887B628,0x0887B628,36,11,1,1,0,false,relocated_r_mips32_code_pointer
sub_0887B6DC,0x0887B6DC,77,31,7,0,0,false,relocated_r_mips32_code_pointer
sub_0887B884,0x0887B884,119,35,13,0,0,false,relocated_r_mips32_code_pointer
sub_0887BAE4,0x0887BAE4,326,110,15,0,0,false,direct_jal_target
sub_0887C210,0x0887C210,29,9,5,0,0,false,direct_jal_target
sub_0887C440,0x0887C440,75,29,6,0,0,false,relocated_r_mips32_code_pointer
sub_0887C74C,0x0887C74C,12,3,1,0,0,false,direct_jal_target
sub_0887C788,0x0887C788,39,10,2,1,0,false,direct_jal_target
sub_0887C848,0x0887C848,22,4,1,0,0,false,direct_jal_target
sub_0887C8AC,0x0887C8AC,20,6,2,0,0,false,direct_jal_target
sub_0887C910,0x0887C910,22,6,1,0,0,false,direct_jal_target
sub_0887C97C,0x0887C97C,21,4,3,0,0,false,relocated_r_mips32_code_pointer
sub_0887C9F4,0x0887C9F4,33,12,5,1,0,false,direct_jal_target
sub_0887CC14,0x0887CC14,77,21,2,0,0,false,relocated_r_mips32_code_pointer
sub_0887CC20,0x0887CC20,77,21,2,0,0,false,relocated_r_mips32_code_pointer
sub_0887CC2C,0x0887CC2C,60,18,3,0,0,false,relocated_r_mips32_code_pointer
sub_0887CD60,0x0887CD60,94,21,5,0,0,false,direct_jal_target
sub_0887CF24,0x0887CF24,35,8,4,0,0,false,direct_jal_target
sub_0887CFD0,0x0887CFD0,34,2,1,0,0,false,direct_jal_target
sub_0887D060,0x0887D060,46,16,4,0,0,false,relocated_r_mips32_code_pointer
sub_0887D1FC,0x0887D1FC,33,15,7,0,0,false,relocated_r_mips32_code_pointer
sub_0887D36C,0x0887D36C,32,14,6,0,0,false,relocated_r_mips32_code_pointer
sub_0887D420,0x0887D420,170,69,9,0,0,false,direct_jal_target
sub_0887D7C4,0x0887D7C4,101,28,11,2,0,false,direct_jal_target
sub_0887D9C4,0x0887D9C4,44,14,8,0,0,false,direct_jal_target
sub_0887E2F4,0x0887E2F4,387,156,16,0,0,false,direct_jal_target
sub_0887EB3C,0x0887EB3C,245,74,13,0,5,false,relocated_r_mips32_code_pointer
sub_0887F010,0x0887F010,174,77,18,0,0,false,direct_jal_target
sub_0887F3D0,0x0887F3D0,73,22,6,0,0,false,direct_jal_target
sub_0887F5C8,0x0887F5C8,7,1,0,0,0,false,direct_jal_target
sub_0887F5F0,0x0887F5F0,18,4,2,0,0,false,direct_jal_target
sub_0887F624,0x0887F624,7,2,2,0,0,false,relocated_r_mips32_code_pointer
sub_0887F648,0x0887F648,7,3,2,0,0,false,relocated_r_mips32_code_pointer
sub_0887F660,0x0887F660,7,3,2,0,0,false,relocated_r_mips32_code_pointer
sub_0887F678,0x0887F678,7,3,2,0,0,false,relocated_r_mips32_code_pointer
sub_0887F690,0x0887F690,7,3,2,0,0,false,relocated_r_mips32_code_pointer
sub_0887F6A8,0x0887F6A8,7,3,2,0,0,false,relocated_r_mips32_code_pointer
sub_0887F6C0,0x0887F6C0,32,8,0,0,0,false,direct_jal_target
sub_0887F75C,0x0887F75C,5,1,0,0,0,false,direct_jal_target
sub_0887F8B0,0x0887F8B0,64,21,2,0,0,false,relocated_r_mips32_code_pointer
sub_0887F8BC,0x0887F8BC,64,21,2,0,0,false,relocated_r_mips32_code_pointer
sub_0887F8C8,0x0887F8C8,50,6,4,0,0,false,direct_jal_target
sub_0887F9A8,0x0887F9A8,60,14,0,2,0,false,direct_jal_target
sub_0887FACC,0x0887FACC,53,18,4,0,0,false,direct_jal_target
sub_0887FBE4,0x0887FBE4,118,31,3,0,0,false,direct_jal_target
sub_0887FE28,0x0887FE28,152,53,4,7,0,false,relocated_r_mips32_code_pointer
sub_08880224,0x08880224,197,66,1,2,0,false,direct_jal_target
sub_08880608,0x08880608,67,25,5,0,0,false,direct_jal_target
sub_08880768,0x08880768,148,35,5,7,0,false,relocated_r_mips32_code_pointer
sub_08880C74,0x08880C74,99,44,8,5,0,false,relocated_r_mips32_code_pointer
sub_08880EAC,0x08880EAC,100,45,9,5,0,false,relocated_r_mips32_code_pointer
sub_088810EC,0x088810EC,265,78,13,5,0,false,relocated_r_mips32_code_pointer
sub_08881688,0x08881688,13,3,3,0,0,false,relocated_r_mips32_code_pointer
sub_088816C8,0x088816C8,14,4,4,0,0,false,relocated_r_mips32_code_pointer
sub_08881710,0x08881710,11,3,2,0,0,false,relocated_r_mips32_code_pointer
sub_08881820,0x08881820,12,4,1,0,0,false,direct_jal_target
sub_088818FC,0x088818FC,31,11,2,0,0,false,relocated_r_mips32_code_pointer
sub_08881908,0x08881908,31,11,2,0,0,false,relocated_r_mips32_code_pointer
sub_08881914,0x08881914,2,1,0,0,0,false,relocated_r_mips32_code_pointer
sub_08881920,0x08881920,37,9,8,0,0,false,direct_jal_target
sub_088819D8,0x088819D8,48,15,5,0,0,false,direct_jal_target
sub_08881ACC,0x08881ACC,55,15,3,0,0,false,relocated_r_mips32_code_pointer
sub_08881C98,0x08881C98,64,16,6,0,0,false,direct_jal_target
sub_08881DD8,0x08881DD8,1,1,0,0,0,false,direct_jal_target
sub_08881DE0,0x08881DE0,26,4,1,0,0,false,direct_jal_target
sub_08881E58,0x08881E58,31,8,2,0,0,false,direct_jal_target
sub_08881EEC,0x08881EEC,13,4,0,0,0,false,direct_jal_target
sub_08881F30,0x08881F30,19,9,0,0,0,false,direct_jal_target
sub_08881F98,0x08881F98,3,1,0,0,0,false,direct_jal_target
sub_08881FA8,0x08881FA8,19,7,0,0,0,false,direct_jal_target
sub_088820A8,0x088820A8,31,11,2,0,0,false,relocated_r_mips32_code_pointer
sub_088820B4,0x088820B4,31,11,2,0,0,false,relocated_r_mips32_code_pointer
sub_088820C0,0x088820C0,24,7,0,0,0,false,direct_jal_target
sub_08882134,0x08882134,53,23,0,0,0,false,direct_jal_target
sub_08882260,0x08882260,35,7,0,0,0,false,direct_jal_target
sub_08882304,0x08882304,55,7,0,0,0,false,direct_jal_target
sub_08882520,0x08882520,8,1,0,0,0,false,direct_jal_target
sub_08882770,0x08882770,74,9,1,0,0,false,direct_jal_target
sub_088828B0,0x088828B0,34,11,0,0,0,false,direct_jal_target
sub_088829C4,0x088829C4,31,6,0,1,0,false,direct_jal_target
sub_08882A54,0x08882A54,15,3,1,0,0,false,direct_jal_target
sub_08882A9C,0x08882A9C,79,17,1,3,0,false,direct_jal_target
sub_08882E6C,0x08882E6C,31,11,2,0,0,false,relocated_r_mips32_code_pointer
sub_08882E78,0x08882E78,31,11,2,0,0,false,relocated_r_mips32_code_pointer
sub_08882E84,0x08882E84,8,3,0,0,0,false,direct_jal_target
sub_08882FBC,0x08882FBC,103,18,0,1,0,false,direct_jal_target
sub_088832D4,0x088832D4,72,14,1,0,0,false,direct_jal_target
sub_0888346C,0x0888346C,17,6,1,0,0,false,direct_jal_target
sub_088834D8,0x088834D8,4,1,0,0,0,false,direct_jal_target
sub_088834FC,0x088834FC,3,1,0,0,0,false,relocated_r_mips32_code_pointer
sub_0888350C,0x0888350C,3,1,1,0,0,false,relocated_r_mips32_code_pointer
sub_0888351C,0x0888351C,1,1,0,0,0,false,direct_jal_target
sub_08883524,0x08883524,30,8,2,0,0,false,direct_jal_target
sub_088835B4,0x088835B4,1,1,0,0,0,false,direct_jal_target
sub_088835BC,0x088835BC,42,11,1,0,0,false,direct_jal_target
sub_08883688,0x08883688,48,13,5,0,0,false,direct_jal_target
sub_08883778,0x08883778,30,6,1,0,0,false,direct_jal_target
sub_088838A0,0x088838A0,31,11,2,0,0,false,relocated_r_mips32_code_pointer
sub_088838AC,0x088838AC,31,11,2,0,0,false,relocated_r_mips32_code_pointer
sub_088838B8,0x088838B8,85,14,0,0,0,false,direct_jal_target
sub_08883A40,0x08883A40,46,10,0,0,0,false,direct_jal_target
sub_08883BB8,0x08883BB8,33,7,0,0,0,false,direct_jal_target
sub_08883C5C,0x08883C5C,1,1,0,0,0,false,direct_jal_target
sub_08883C6C,0x08883C6C,1,1,0,0,0,false,direct_jal_target
sub_08883C74,0x08883C74,1,1,0,0,0,false,direct_jal_target
sub_08883CE0,0x08883CE0,30,8,2,0,0,false,direct_jal_target
sub_08883E0C,0x08883E0C,31,11,2,0,0,false,relocated_r_mips32_code_pointer
sub_08883E18,0x08883E18,31,11,2,0,0,false,relocated_r_mips32_code_pointer
sub_08883E24,0x08883E24,30,7,0,0,0,false,direct_jal_target
sub_0888406C,0x0888406C,13,7,0,0,0,false,relocated_r_mips32_code_pointer
sub_088840BC,0x088840BC,17,5,0,0,0,false,relocated_r_mips32_code_pointer
sub_08884108,0x08884108,1,1,0,0,0,false,relocated_r_mips32_code_pointer
sub_0888410C,0x0888410C,1,1,0,0,0,false,relocated_r_mips32_code_pointer
sub_08884114,0x08884114,1,1,0,0,0,false,relocated_r_mips32_code_pointer
sub_0888411C,0x0888411C,1,1,0,0,0,false,relocated_r_mips32_code_pointer
sub_08884124,0x08884124,1,1,0,0,0,false,relocated_r_mips32_code_pointer
sub_0888412C,0x0888412C,1,1,0,0,0,false,relocated_r_mips32_code_pointer
sub_08884134,0x08884134,14,5,0,0,0,false,relocated_r_mips32_code_pointer
sub_08884160,0x08884160,14,5,0,0,0,false,relocated_r_mips32_code_pointer
sub_0888418C,0x0888418C,14,5,0,0,0,false,relocated_r_mips32_code_pointer
sub_088841B8,0x088841B8,1,1,0,0,0,false,relocated_r_mips32_code_pointer
sub_088841C0,0x088841C0,1,1,0,0,0,false,relocated_r_mips32_code_pointer
sub_088841C8,0x088841C8,1,1,0,0,0,false,relocated_r_mips32_code_pointer
sub_088841D0,0x088841D0,1,1,0,0,0,false,relocated_r_mips32_code_pointer
sub_088841D8,0x088841D8,1,1,0,0,0,false,relocated_r_mips32_code_pointer
sub_088841E0,0x088841E0,14,5,0,0,0,false,relocated_r_mips32_code_pointer
sub_0888420C,0x0888420C,1,1,0,0,0,false,relocated_r_mips32_code_pointer
sub_08884214,0x08884214,1,1,0,0,0,false,relocated_r_mips32_code_pointer
sub_0888421C,0x0888421C,45,16,0,0,0,false,relocated_r_mips32_code_pointer
sub_0888430C,0x0888430C,7,3,0,0,0,false,relocated_r_mips32_code_pointer
sub_088843CC,0x088843CC,31,11,2,0,0,false,relocated_r_mips32_code_pointer
sub_088843D8,0x088843D8,31,11,2,0,0,false,relocated_r_mips32_code_pointer
sub_088843E4,0x088843E4,168,53,2,0,0,false,direct_jal_target
sub_08884B00,0x08884B00,188,64,5,5,0,false,direct_jal_target
sub_088853F4,0x088853F4,221,126,5,5,0,false,relocated_r_mips32_code_pointer
sub_08885910,0x08885910,222,126,6,5,0,false,relocated_r_mips32_code_pointer
sub_08885ED0,0x08885ED0,31,11,2,0,0,false,relocated_r_mips32_code_pointer
sub_08885EDC,0x08885EDC,31,11,2,0,0,false,relocated_r_mips32_code_pointer
sub_08885F6C,0x08885F6C,32,1,0,0,0,false,direct_jal_target
sub_08886218,0x08886218,169,4,1,0,0,false,direct_jal_target
sub_088864C8,0x088864C8,319,32,6,1,0,false,direct_jal_target
sub_08886A24,0x08886A24,18,3,1,0,0,false,direct_jal_target
sub_08886A78,0x08886A78,18,3,1,0,0,false,direct_jal_target
sub_08886ACC,0x08886ACC,70,15,1,0,0,false,direct_jal_target
sub_08886C10,0x08886C10,70,15,1,0,0,false,direct_jal_target
sub_08886D54,0x08886D54,177,30,7,0,0,false,direct_jal_target
sub_0888707C,0x0888707C,39,9,1,0,0,false,direct_jal_target
sub_08887188,0x08887188,17,5,0,0,0,false,direct_jal_target
sub_08887274,0x08887274,31,11,2,0,0,false,relocated_r_mips32_code_pointer
sub_08887280,0x08887280,31,11,2,0,0,false,relocated_r_mips32_code_pointer
sub_088873FC,0x088873FC,69,27,6,0,0,false,direct_jal_target
sub_0888756C,0x0888756C,11,2,2,0,0,false,relocated_r_mips32_code_pointer
sub_088875A0,0x088875A0,3,1,1,0,0,false,direct_jal_target
sub_088875C0,0x088875C0,184,58,8,0,0,false,direct_jal_target
sub_08887964,0x08887964,205,77,8,0,0,false,direct_jal_target
sub_08887D8C,0x08887D8C,3,1,1,0,0,false,direct_jal_target
sub_08887D9C,0x08887D9C,15,2,1,0,0,false,direct_jal_target
sub_08887E24,0x08887E24,3,1,1,0,0,false,relocated_r_mips32_code_pointer
sub_08887E34,0x08887E34,11,2,2,0,0,false,relocated_r_mips32_code_pointer
sub_08887EAC,0x08887EAC,15,2,1,0,0,false,direct_jal_target
sub_0888802C,0x0888802C,64,21,2,0,0,false,relocated_r_mips32_code_pointer
sub_08888038,0x08888038,64,21,2,0,0,false,relocated_r_mips32_code_pointer
sub_08888044,0x08888044,10,6,0,0,0,false,direct_jal_target
sub_08888084,0x08888084,11,8,0,0,0,false,direct_jal_target
sub_088880CC,0x088880CC,35,16,0,1,0,false,direct_jal_target
sub_08888188,0x08888188,3,1,1,0,0,false,direct_jal_target
sub_088881D4,0x088881D4,45,15,2,1,0,false,direct_jal_target
sub_08888288,0x08888288,11,2,1,0,0,false,relocated_r_mips32_code_pointer
sub_088882BC,0x088882BC,15,5,3,0,0,false,relocated_r_mips32_code_pointer
sub_088882E8,0x088882E8,15,5,3,0,0,false,relocated_r_mips32_code_pointer
sub_08888314,0x08888314,17,7,5,0,0,false,relocated_r_mips32_code_pointer
sub_08888350,0x08888350,15,5,3,0,0,false,relocated_r_mips32_code_pointer
sub_0888837C,0x0888837C,15,5,3,0,0,false,relocated_r_mips32_code_pointer
sub_088883A8,0x088883A8,15,5,3,0,0,false,relocated_r_mips32_code_pointer
sub_088883D4,0x088883D4,15,5,3,0,0,false,relocated_r_mips32_code_pointer
sub_08888400,0x08888400,49,16,1,2,0,false,direct_jal_target
sub_088884F8,0x088884F8,24,9,0,1,0,false,direct_jal_target
sub_08888620,0x08888620,7,1,0,0,0,false,direct_jal_target
sub_08888648,0x08888648,1,1,0,0,0,false,direct_jal_target
sub_08888748,0x08888748,31,11,2,0,0,false,relocated_r_mips32_code_pointer
sub_08888754,0x08888754,31,11,2,0,0,false,relocated_r_mips32_code_pointer
sub_08888760,0x08888760,59,11,1,0,0,false,direct_jal_target
sub_08888874,0x08888874,72,20,1,0,0,false,direct_jal_target
sub_088889D4,0x088889D4,27,1,0,0,0,false,direct_jal_target
sub_08888B20,0x08888B20,31,11,2,0,0,false,relocated_r_mips32_code_pointer
sub_08888B2C,0x08888B2C,31,11,2,0,0,false,relocated_r_mips32_code_pointer
sub_08888BA8,0x08888BA8,39,6,2,0,0,false,direct_jal_target
sub_08888C5C,0x08888C5C,41,5,0,0,0,false,direct_jal_target
sub_08888D14,0x08888D14,40,15,5,2,0,false,direct_jal_target
sub_08888EC4,0x08888EC4,40,15,5,2,0,false,direct_jal_target
sub_08888F9C,0x08888F9C,58,23,4,2,0,false,direct_jal_target
sub_088890D8,0x088890D8,285,80,7,5,0,false,direct_jal_target
sub_0888967C,0x0888967C,73,22,5,1,0,false,direct_jal_target
sub_08889894,0x08889894,15,1,0,0,0,false,direct_jal_target
sub_08889930,0x08889930,13,4,0,0,0,false,direct_jal_target
sub_08889974,0x08889974,13,4,0,0,0,false,direct_jal_target
sub_088899B8,0x088899B8,12,1,0,0,0,false,direct_jal_target
sub_088899EC,0x088899EC,7,3,0,0,0,false,direct_jal_target
sub_08889A14,0x08889A14,8,3,0,0,0,false,direct_jal_target
sub_08889A64,0x08889A64,14,4,0,0,0,false,direct_jal_target
sub_08889B48,0x08889B48,31,11,2,0,0,false,relocated_r_mips32_code_pointer
sub_08889B54,0x08889B54,31,11,2,0,0,false,relocated_r_mips32_code_pointer
sub_08889BD0,0x08889BD0,26,6,1,1,0,false,direct_jal_target
sub_08889C4C,0x08889C4C,24,5,1,0,0,false,direct_jal_target
sub_08889CC0,0x08889CC0,23,5,1,0,0,false,direct_jal_target
sub_08889DFC,0x08889DFC,23,8,1,0,0,false,direct_jal_target
sub_08889E70,0x08889E70,14,1,0,0,0,false,direct_jal_target
sub_08889EAC,0x08889EAC,34,7,1,0,0,false,direct_jal_target
sub_08889F50,0x08889F50,12,7,0,0,0,false,direct_jal_target
sub_08889F9C,0x08889F9C,17,7,0,0,0,false,direct_jal_target
sub_0888A098,0x0888A098,23,1,0,0,0,false,direct_jal_target
sub_0888A0F8,0x0888A0F8,194,25,3,0,0,false,direct_jal_target
sub_0888A458,0x0888A458,89,13,4,0,0,false,direct_jal_target
sub_0888A5E8,0x0888A5E8,62,10,2,0,0,false,direct_jal_target
sub_0888A704,0x0888A704,24,7,1,0,0,false,direct_jal_target
sub_0888A77C,0x0888A77C,65,11,1,0,0,false,direct_jal_target
sub_0888A8A8,0x0888A8A8,69,8,2,1,0,false,direct_jal_target
sub_0888AAD8,0x0888AAD8,52,16,3,0,0,false,direct_jal_target
sub_0888AE0C,0x0888AE0C,56,19,1,2,0,false,direct_jal_target
sub_0888AF28,0x0888AF28,118,28,5,3,0,false,direct_jal_target
sub_0888B15C,0x0888B15C,47,12,1,0,0,false,direct_jal_target
sub_0888B240,0x0888B240,67,18,2,1,0,false,direct_jal_target
sub_0888B38C,0x0888B38C,142,41,5,1,0,false,direct_jal_target
sub_0888B79C,0x0888B79C,58,5,0,0,0,false,direct_jal_target
sub_0888B890,0x0888B890,21,5,3,0,0,false,direct_jal_target
sub_0888B9EC,0x0888B9EC,97,15,2,2,0,false,direct_jal_target
sub_0888BFB0,0x0888BFB0,125,19,3,2,0,false,direct_jal_target
sub_0888C2DC,0x0888C2DC,107,20,3,1,0,false,direct_jal_target
sub_0888C4D0,0x0888C4D0,56,13,1,1,0,false,direct_jal_target
sub_0888C694,0x0888C694,42,5,1,1,0,false,direct_jal_target
sub_0888C74C,0x0888C74C,111,6,1,2,0,false,direct_jal_target
sub_0888C91C,0x0888C91C,72,21,5,0,0,false,direct_jal_target
sub_0888CA8C,0x0888CA8C,89,14,2,1,0,false,direct_jal_target
sub_0888CC1C,0x0888CC1C,19,2,1,0,0,false,direct_jal_target
sub_0888CCB0,0x0888CCB0,13,4,1,0,0,false,direct_jal_target
sub_0888CCF0,0x0888CCF0,16,4,1,0,0,false,direct_jal_target
sub_0888CD3C,0x0888CD3C,68,10,2,1,0,false,direct_jal_target
sub_0888CE74,0x0888CE74,21,4,1,0,0,false,direct_jal_target
sub_0888CF70,0x0888CF70,31,11,2,0,0,false,relocated_r_mips32_code_pointer
sub_0888CF7C,0x0888CF7C,31,11,2,0,0,false,relocated_r_mips32_code_pointer
sub_0888D018,0x0888D018,29,9,1,1,0,false,direct_jal_target
sub_0888D15C,0x0888D15C,31,11,2,0,0,false,relocated_r_mips32_code_pointer
sub_0888D168,0x0888D168,31,11,2,0,0,false,relocated_r_mips32_code_pointer
sub_0888D274,0x0888D274,59,16,2,0,0,false,direct_jal_target
sub_0888D368,0x0888D368,1,1,0,0,0,false,direct_jal_target
sub_0888D380,0x0888D380,3,1,0,0,0,false,direct_jal_target
sub_0888D390,0x0888D390,3,1,1,0,0,false,relocated_r_mips32_code_pointer
sub_0888D3DC,0x0888D3DC,14,1,0,0,0,false,direct_jal_target
sub_0888D418,0x0888D418,28,4,1,0,0,false,direct_jal_target
sub_0888D498,0x0888D498,69,24,6,3,0,false,relocated_r_mips32_code_pointer
sub_0888D69C,0x0888D69C,31,11,2,0,0,false,relocated_r_mips32_code_pointer
sub_0888D6A8,0x0888D6A8,31,11,2,0,0,false,relocated_r_mips32_code_pointer
sub_0888D768,0x0888D768,36,10,5,0,0,false,direct_jal_target
sub_0888D81C,0x0888D81C,77,25,7,3,0,false,relocated_r_mips32_code_pointer
sub_0888D9A8,0x0888D9A8,43,14,6,0,0,false,relocated_r_mips32_code_pointer
sub_0888DA88,0x0888DA88,84,27,7,2,0,false,relocated_r_mips32_code_pointer
sub_0888DC34,0x0888DC34,98,33,7,6,0,false,relocated_r_mips32_code_pointer
sub_0888DE2C,0x0888DE2C,88,29,7,3,0,false,relocated_r_mips32_code_pointer
sub_0888DFEC,0x0888DFEC,110,41,7,6,0,false,relocated_r_mips32_code_pointer
sub_0888E22C,0x0888E22C,105,40,7,5,0,false,relocated_r_mips32_code_pointer
sub_0888E454,0x0888E454,110,41,7,6,0,false,relocated_r_mips32_code_pointer
sub_0888E694,0x0888E694,82,29,7,3,0,false,relocated_r_mips32_code_pointer
sub_0888E840,0x0888E840,68,39,33,0,0,false,direct_jal_target
sub_0888E9D0,0x0888E9D0,31,11,2,0,0,false,relocated_r_mips32_code_pointer
sub_0888E9DC,0x0888E9DC,31,11,2,0,0,false,relocated_r_mips32_code_pointer
sub_0888EA84,0x0888EA84,31,11,2,0,0,false,relocated_r_mips32_code_pointer
sub_0888EA90,0x0888EA90,31,11,2,0,0,false,relocated_r_mips32_code_pointer
sub_0888EA9C,0x0888EA9C,88,15,7,0,0,false,relocated_r_mips32_code_pointer
sub_0888EC34,0x0888EC34,323,162,6,0,0,false,direct_jal_target
sub_0888F3C8,0x0888F3C8,64,16,8,0,0,false,relocated_r_mips32_code_pointer
sub_0888F504,0x0888F504,63,14,6,0,0,false,relocated_r_mips32_code_pointer
sub_0888F634,0x0888F634,66,15,7,0,0,false,relocated_r_mips32_code_pointer
sub_0888F774,0x0888F774,83,15,7,0,0,false,relocated_r_mips32_code_pointer
sub_0888F8F8,0x0888F8F8,65,15,7,0,0,false,relocated_r_mips32_code_pointer
sub_0888FA34,0x0888FA34,66,15,7,0,0,false,relocated_r_mips32_code_pointer
sub_0888FB74,0x0888FB74,112,17,7,0,0,false,relocated_r_mips32_code_pointer
sub_0888FD70,0x0888FD70,101,15,7,0,0,false,relocated_r_mips32_code_pointer
sub_0888FF3C,0x0888FF3C,8,2,1,0,0,false,relocated_r_mips32_code_pointer
sub_08890000,0x08890000,31,11,2,0,0,false,relocated_r_mips32_code_pointer
sub_0889000C,0x0889000C,31,11,2,0,0,false,relocated_r_mips32_code_pointer
sub_08890018,0x08890018,112,40,7,5,0,false,relocated_r_mips32_code_pointer
sub_0889025C,0x0889025C,48,13,1,2,0,false,direct_jal_target
sub_0889034C,0x0889034C,36,10,5,0,0,false,direct_jal_target
sub_08890400,0x08890400,59,21,6,0,0,false,relocated_r_mips32_code_pointer
sub_08890534,0x08890534,48,16,7,1,0,false,relocated_r_mips32_code_pointer
sub_08890630,0x08890630,48,15,7,0,0,false,relocated_r_mips32_code_pointer
sub_08890728,0x08890728,52,18,7,0,0,false,relocated_r_mips32_code_pointer
sub_08890838,0x08890838,76,24,8,2,0,false,relocated_r_mips32_code_pointer
sub_088909C0,0x088909C0,47,16,8,0,0,false,relocated_r_mips32_code_pointer
sub_08890AB8,0x08890AB8,47,16,8,0,0,false,relocated_r_mips32_code_pointer
sub_08890BB0,0x08890BB0,47,15,7,0,0,false,relocated_r_mips32_code_pointer
sub_08890CA4,0x08890CA4,111,40,7,5,0,false,relocated_r_mips32_code_pointer
sub_08890EE4,0x08890EE4,83,32,7,3,0,false,relocated_r_mips32_code_pointer
sub_08891098,0x08891098,86,32,7,3,0,false,relocated_r_mips32_code_pointer
sub_08891258,0x08891258,111,40,7,5,0,false,relocated_r_mips32_code_pointer
sub_08891498,0x08891498,87,31,6,3,0,false,relocated_r_mips32_code_pointer
sub_08891658,0x08891658,83,32,7,3,0,false,relocated_r_mips32_code_pointer
sub_088918A8,0x088918A8,31,11,2,0,0,false,relocated_r_mips32_code_pointer
sub_088918B4,0x088918B4,31,11,2,0,0,false,relocated_r_mips32_code_pointer
sub_088918C0,0x088918C0,76,27,8,2,0,false,relocated_r_mips32_code_pointer
sub_08891A50,0x08891A50,36,10,5,0,0,false,direct_jal_target
sub_08891B04,0x08891B04,127,41,9,4,0,false,relocated_r_mips32_code_pointer
sub_08891D94,0x08891D94,90,33,9,2,0,false,relocated_r_mips32_code_pointer
sub_08891F70,0x08891F70,135,46,8,6,0,false,relocated_r_mips32_code_pointer
sub_08892228,0x08892228,109,35,8,4,0,false,relocated_r_mips32_code_pointer
sub_08892458,0x08892458,72,26,8,2,0,false,relocated_r_mips32_code_pointer
sub_088925D8,0x088925D8,83,27,8,2,0,false,relocated_r_mips32_code_pointer
sub_08892784,0x08892784,100,33,9,2,0,false,relocated_r_mips32_code_pointer
sub_08892988,0x08892988,83,27,8,2,0,false,relocated_r_mips32_code_pointer
sub_08892B34,0x08892B34,100,33,9,2,0,false,relocated_r_mips32_code_pointer
sub_08892D38,0x08892D38,83,27,8,2,0,false,relocated_r_mips32_code_pointer
sub_08892EE4,0x08892EE4,100,33,9,2,0,false,relocated_r_mips32_code_pointer
sub_088930E8,0x088930E8,88,27,8,2,0,false,relocated_r_mips32_code_pointer
sub_088932A8,0x088932A8,89,27,8,2,0,false,relocated_r_mips32_code_pointer
sub_0889346C,0x0889346C,82,27,8,2,0,false,relocated_r_mips32_code_pointer
sub_08893614,0x08893614,74,26,7,2,0,false,relocated_r_mips32_code_pointer
sub_08893798,0x08893798,89,27,8,2,0,false,relocated_r_mips32_code_pointer
sub_0889395C,0x0889395C,109,40,9,4,0,false,relocated_r_mips32_code_pointer
sub_08893C34,0x08893C34,31,11,2,0,0,false,relocated_r_mips32_code_pointer
sub_08893C40,0x08893C40,31,11,2,0,0,false,relocated_r_mips32_code_pointer
sub_08893C4C,0x08893C4C,80,29,7,2,0,false,relocated_r_mips32_code_pointer
sub_08893DF0,0x08893DF0,84,23,6,0,0,false,direct_jal_target
sub_08893F9C,0x08893F9C,87,36,9,2,0,false,relocated_r_mips32_code_pointer
sub_08894174,0x08894174,87,36,9,2,0,false,relocated_r_mips32_code_pointer
sub_0889434C,0x0889434C,91,36,9,2,0,false,relocated_r_mips32_code_pointer
sub_08894534,0x08894534,80,29,7,2,0,false,relocated_r_mips32_code_pointer
sub_088946D8,0x088946D8,45,16,8,0,0,false,relocated_r_mips32_code_pointer
sub_08894864,0x08894864,31,11,2,0,0,false,relocated_r_mips32_code_pointer
sub_08894870,0x08894870,31,11,2,0,0,false,relocated_r_mips32_code_pointer
sub_0889487C,0x0889487C,36,10,5,0,0,false,direct_jal_target
sub_08894930,0x08894930,44,15,7,0,0,false,relocated_r_mips32_code_pointer
sub_08894A18,0x08894A18,51,16,8,0,0,false,relocated_r_mips32_code_pointer
sub_08894B20,0x08894B20,46,16,8,0,0,false,relocated_r_mips32_code_pointer
sub_08894CB0,0x08894CB0,31,11,2,0,0,false,relocated_r_mips32_code_pointer
sub_08894CBC,0x08894CBC,31,11,2,0,0,false,relocated_r_mips32_code_pointer
sub_08894CC8,0x08894CC8,36,10,5,0,0,false,direct_jal_target
sub_08894D7C,0x08894D7C,44,15,7,0,0,false,relocated_r_mips32_code_pointer
sub_08894E64,0x08894E64,47,15,7,0,0,false,relocated_r_mips32_code_pointer
sub_08894F58,0x08894F58,49,15,7,0,0,false,relocated_r_mips32_code_pointer
sub_08895054,0x08895054,36,10,5,0,0,false,direct_jal_target
sub_088951A4,0x088951A4,31,11,2,0,0,false,relocated_r_mips32_code_pointer
sub_088951B0,0x088951B0,31,11,2,0,0,false,relocated_r_mips32_code_pointer
sub_088951BC,0x088951BC,49,13,1,2,0,false,direct_jal_target
sub_088952B0,0x088952B0,36,10,5,0,0,false,direct_jal_target
sub_08895364,0x08895364,48,16,7,1,0,false,relocated_r_mips32_code_pointer
sub_08895460,0x08895460,53,21,8,1,0,false,relocated_r_mips32_code_pointer
sub_08895584,0x08895584,132,51,8,3,0,false,relocated_r_mips32_code_pointer
sub_08895844,0x08895844,76,27,8,2,0,false,relocated_r_mips32_code_pointer
sub_088959D4,0x088959D4,6,2,1,0,0,false,relocated_r_mips32_code_pointer
sub_088959F4,0x088959F4,12,4,2,0,0,false,direct_jal_target
sub_08895A34,0x08895A34,6,2,1,0,0,false,relocated_r_mips32_code_pointer
sub_08895C44,0x08895C44,64,21,2,0,0,false,relocated_r_mips32_code_pointer
sub_08895C50,0x08895C50,64,21,2,0,0,false,relocated_r_mips32_code_pointer
sub_08895C5C,0x08895C5C,75,28,7,2,0,false,relocated_r_mips32_code_pointer
sub_08895DE4,0x08895DE4,81,28,7,2,0,false,relocated_r_mips32_code_pointer
sub_08895F84,0x08895F84,36,10,5,0,0,false,direct_jal_target
sub_08896038,0x08896038,140,51,7,6,0,false,relocated_r_mips32_code_pointer
sub_0889630C,0x0889630C,82,29,6,2,0,false,relocated_r_mips32_code_pointer
sub_088964B4,0x088964B4,105,40,7,4,0,false,relocated_r_mips32_code_pointer
sub_088966DC,0x088966DC,36,10,5,0,0,false,direct_jal_target
sub_08896790,0x08896790,102,36,7,4,0,false,relocated_r_mips32_code_pointer
sub_088969A0,0x088969A0,72,27,6,2,0,false,relocated_r_mips32_code_pointer
sub_08896B18,0x08896B18,73,27,6,2,0,false,relocated_r_mips32_code_pointer
sub_08896C94,0x08896C94,84,33,8,2,0,false,relocated_r_mips32_code_pointer
sub_08896E50,0x08896E50,36,10,5,0,0,false,direct_jal_target
sub_08896F04,0x08896F04,111,36,6,5,0,false,relocated_r_mips32_code_pointer
sub_08897138,0x08897138,36,10,5,0,0,false,direct_jal_target
sub_088971EC,0x088971EC,88,30,6,2,0,false,relocated_r_mips32_code_pointer
sub_088973B8,0x088973B8,75,28,7,2,0,false,relocated_r_mips32_code_pointer
sub_08897540,0x08897540,36,10,5,0,0,false,direct_jal_target
sub_088975F4,0x088975F4,83,29,7,3,0,false,relocated_r_mips32_code_pointer
sub_088977A4,0x088977A4,78,28,7,2,0,false,relocated_r_mips32_code_pointer
sub_0889793C,0x0889793C,69,23,7,2,0,false,relocated_r_mips32_code_pointer
sub_08897AA4,0x08897AA4,36,10,5,0,0,false,direct_jal_target
sub_08897B58,0x08897B58,78,28,8,2,0,false,relocated_r_mips32_code_pointer
sub_08897CF4,0x08897CF4,36,10,5,0,0,false,direct_jal_target
sub_08897DA8,0x08897DA8,55,25,8,0,0,false,relocated_r_mips32_code_pointer
sub_08897EE0,0x08897EE0,61,22,10,0,0,false,relocated_r_mips32_code_pointer
sub_08898024,0x08898024,72,27,11,0,0,false,relocated_r_mips32_code_pointer
sub_088981A4,0x088981A4,36,10,5,0,0,false,direct_jal_target
sub_08898258,0x08898258,58,25,8,0,0,false,relocated_r_mips32_code_pointer
sub_0889839C,0x0889839C,36,10,5,0,0,false,direct_jal_target
sub_08898450,0x08898450,95,30,8,3,0,false,relocated_r_mips32_code_pointer
sub_08898634,0x08898634,36,10,5,0,0,false,direct_jal_target
sub_088986E8,0x088986E8,76,27,6,2,0,false,relocated_r_mips32_code_pointer
sub_08898870,0x08898870,81,31,7,2,0,false,relocated_r_mips32_code_pointer
sub_08898A1C,0x08898A1C,72,27,7,2,0,false,relocated_r_mips32_code_pointer
sub_08898B98,0x08898B98,75,28,7,2,0,false,relocated_r_mips32_code_pointer
sub_08898D20,0x08898D20,110,43,8,4,0,false,relocated_r_mips32_code_pointer
sub_08898F60,0x08898F60,45,16,7,0,0,false,relocated_r_mips32_code_pointer
sub_0889918C,0x0889918C,64,21,2,0,0,false,relocated_r_mips32_code_pointer
sub_08899198,0x08899198,64,21,2,0,0,false,relocated_r_mips32_code_pointer
sub_08899258,0x08899258,47,17,8,0,0,false,relocated_r_mips32_code_pointer
sub_08899354,0x08899354,47,17,8,0,0,false,relocated_r_mips32_code_pointer
sub_08899450,0x08899450,45,17,8,0,0,false,relocated_r_mips32_code_pointer
sub_08899544,0x08899544,49,17,8,0,0,false,relocated_r_mips32_code_pointer
sub_08899784,0x08899784,64,21,2,0,0,false,relocated_r_mips32_code_pointer
sub_08899790,0x08899790,64,21,2,0,0,false,relocated_r_mips32_code_pointer
sub_088998EC,0x088998EC,31,11,2,0,0,false,relocated_r_mips32_code_pointer
sub_088998F8,0x088998F8,31,11,2,0,0,false,relocated_r_mips32_code_pointer
sub_08899904,0x08899904,127,37,9,4,0,false,relocated_r_mips32_code_pointer
sub_08899B7C,0x08899B7C,36,10,5,0,0,false,direct_jal_target
sub_08899C30,0x08899C30,49,15,7,0,0,false,relocated_r_mips32_code_pointer
sub_08899D2C,0x08899D2C,116,35,7,4,0,false,relocated_r_mips32_code_pointer
sub_08899F70,0x08899F70,45,15,7,0,0,false,relocated_r_mips32_code_pointer
sub_0889A05C,0x0889A05C,75,25,7,2,0,false,relocated_r_mips32_code_pointer
sub_0889A1E0,0x0889A1E0,75,25,7,2,0,false,relocated_r_mips32_code_pointer
sub_0889A364,0x0889A364,51,15,7,0,0,false,relocated_r_mips32_code_pointer
sub_0889A468,0x0889A468,99,35,8,4,0,false,relocated_r_mips32_code_pointer
sub_0889A66C,0x0889A66C,14,5,4,0,0,false,relocated_r_mips32_code_pointer
sub_0889A6C8,0x0889A6C8,59,12,7,0,0,false,direct_jal_target
sub_0889A87C,0x0889A87C,31,11,2,0,0,false,relocated_r_mips32_code_pointer
sub_0889A888,0x0889A888,31,11,2,0,0,false,relocated_r_mips32_code_pointer
sub_0889A894,0x0889A894,10,4,2,0,0,false,relocated_r_mips32_code_pointer
sub_0889A8CC,0x0889A8CC,10,4,2,0,0,false,relocated_r_mips32_code_pointer
sub_0889A904,0x0889A904,36,10,5,0,0,false,direct_jal_target
sub_0889A9B8,0x0889A9B8,543,195,15,0,0,false,relocated_r_mips32_code_pointer
sub_0889B4C4,0x0889B4C4,39,12,5,0,0,false,direct_jal_target
sub_0889B750,0x0889B750,31,11,2,0,0,false,relocated_r_mips32_code_pointer
sub_0889B75C,0x0889B75C,31,11,2,0,0,false,relocated_r_mips32_code_pointer
sub_0889B768,0x0889B768,10,4,2,0,0,false,relocated_r_mips32_code_pointer
sub_0889B7A0,0x0889B7A0,10,4,2,0,0,false,relocated_r_mips32_code_pointer
sub_0889B7D8,0x0889B7D8,36,10,5,0,0,false,direct_jal_target
sub_0889B88C,0x0889B88C,48,18,9,0,0,false,relocated_r_mips32_code_pointer
sub_0889B990,0x0889B990,46,15,7,0,0,false,relocated_r_mips32_code_pointer
sub_0889BB48,0x0889BB48,14,5,4,0,0,false,relocated_r_mips32_code_pointer
sub_0889BC30,0x0889BC30,19,4,2,0,0,false,direct_jal_target
sub_0889BC8C,0x0889BC8C,10,2,2,0,0,false,direct_jal_target
sub_0889BD58,0x0889BD58,31,11,2,0,0,false,relocated_r_mips32_code_pointer
sub_0889BD64,0x0889BD64,31,11,2,0,0,false,relocated_r_mips32_code_pointer
sub_0889BD70,0x0889BD70,10,4,2,0,0,false,relocated_r_mips32_code_pointer
sub_0889BDA8,0x0889BDA8,10,4,2,0,0,false,relocated_r_mips32_code_pointer
sub_0889BDE0,0x0889BDE0,26,9,5,0,0,false,relocated_r_mips32_code_pointer
sub_0889BE6C,0x0889BE6C,185,66,11,0,0,false,relocated_r_mips32_code_pointer
sub_0889C22C,0x0889C22C,253,92,11,0,0,false,relocated_r_mips32_code_pointer
sub_0889C754,0x0889C754,10,2,1,0,0,false,relocated_r_mips32_code_pointer
sub_0889C804,0x0889C804,9,3,1,0,0,false,relocated_r_mips32_code_pointer
sub_0889C834,0x0889C834,19,5,3,0,0,false,direct_jal_target
sub_0889C894,0x0889C894,18,5,4,0,0,false,relocated_r_mips32_code_pointer
sub_0889C8F0,0x0889C8F0,55,16,8,0,0,false,relocated_r_mips32_code_pointer
sub_0889CAA4,0x0889CAA4,31,11,2,0,0,false,relocated_r_mips32_code_pointer
sub_0889CAB0,0x0889CAB0,31,11,2,0,0,false,relocated_r_mips32_code_pointer
sub_0889CABC,0x0889CABC,19,5,3,0,0,false,relocated_r_mips32_code_pointer
sub_0889CB1C,0x0889CB1C,27,5,1,1,0,false,relocated_r_mips32_code_pointer
sub_0889CB9C,0x0889CB9C,61,15,6,0,0,false,direct_jal_target
sub_0889CCCC,0x0889CCCC,44,15,7,0,0,false,relocated_r_mips32_code_pointer
sub_0889CDB4,0x0889CDB4,49,17,9,0,0,false,relocated_r_mips32_code_pointer
sub_0889CEB8,0x0889CEB8,50,16,8,0,0,false,relocated_r_mips32_code_pointer
sub_0889CFBC,0x0889CFBC,44,15,7,0,0,false,relocated_r_mips32_code_pointer
sub_0889D0A4,0x0889D0A4,51,17,9,0,0,false,relocated_r_mips32_code_pointer
sub_0889D1B0,0x0889D1B0,51,15,7,0,0,false,relocated_r_mips32_code_pointer
sub_0889D2B4,0x0889D2B4,94,27,8,2,0,false,relocated_r_mips32_code_pointer
sub_0889D490,0x0889D490,59,21,6,0,0,false,relocated_r_mips32_code_pointer
sub_0889D5C4,0x0889D5C4,47,17,8,0,0,false,relocated_r_mips32_code_pointer
sub_0889D6C0,0x0889D6C0,56,15,7,0,0,false,relocated_r_mips32_code_pointer
sub_0889D7D8,0x0889D7D8,63,15,6,1,0,false,relocated_r_mips32_code_pointer
sub_0889D90C,0x0889D90C,47,14,6,0,0,false,relocated_r_mips32_code_pointer
sub_0889D9FC,0x0889D9FC,63,16,6,0,0,false,relocated_r_mips32_code_pointer
sub_0889DB34,0x0889DB34,62,16,6,0,0,false,relocated_r_mips32_code_pointer
sub_0889DC68,0x0889DC68,62,16,6,0,0,false,relocated_r_mips32_code_pointer
sub_0889DD9C,0x0889DD9C,52,17,8,0,0,false,relocated_r_mips32_code_pointer
sub_0889DEAC,0x0889DEAC,56,21,8,0,0,false,relocated_r_mips32_code_pointer
sub_0889DFD8,0x0889DFD8,45,16,7,0,0,false,relocated_r_mips32_code_pointer
sub_0889E0C8,0x0889E0C8,66,29,8,0,0,false,relocated_r_mips32_code_pointer
sub_0889E238,0x0889E238,55,15,7,0,0,false,relocated_r_mips32_code_pointer
sub_0889E34C,0x0889E34C,55,15,7,0,0,false,relocated_r_mips32_code_pointer
sub_0889E460,0x0889E460,53,15,7,0,0,false,relocated_r_mips32_code_pointer
sub_0889E56C,0x0889E56C,93,26,7,1,0,false,relocated_r_mips32_code_pointer
sub_0889E744,0x0889E744,68,23,6,1,0,false,relocated_r_mips32_code_pointer
sub_0889E8A8,0x0889E8A8,47,16,8,0,0,false,relocated_r_mips32_code_pointer
sub_0889E9A0,0x0889E9A0,59,21,6,0,0,false,relocated_r_mips32_code_pointer
sub_0889EAE4,0x0889EAE4,26,8,4,1,0,false,relocated_r_mips32_code_pointer
sub_0889EB6C,0x0889EB6C,48,17,7,0,0,false,materialized_code_pointer
sub_0889EDA0,0x0889EDA0,64,21,2,0,0,false,relocated_r_mips32_code_pointer
sub_0889EDAC,0x0889EDAC,64,21,2,0,0,false,relocated_r_mips32_code_pointer
sub_0889EDB8,0x0889EDB8,10,4,2,0,0,false,relocated_r_mips32_code_pointer
sub_0889EDF0,0x0889EDF0,36,10,5,0,0,false,direct_jal_target
sub_0889EEA4,0x0889EEA4,243,91,15,0,0,false,relocated_r_mips32_code_pointer
sub_0889F3B8,0x0889F3B8,46,11,6,0,0,false,materialized_code_pointer
sub_0889F534,0x0889F534,31,11,2,0,0,false,relocated_r_mips32_code_pointer
sub_0889F540,0x0889F540,31,11,2,0,0,false,relocated_r_mips32_code_pointer
sub_0889F54C,0x0889F54C,10,4,2,0,0,false,relocated_r_mips32_code_pointer
sub_0889F584,0x0889F584,36,10,5,0,0,false,direct_jal_target
sub_0889F638,0x0889F638,172,64,15,0,0,false,relocated_r_mips32_code_pointer
sub_0889F9C8,0x0889F9C8,53,16,7,0,0,false,relocated_r_mips32_code_pointer
sub_0889FAE8,0x0889FAE8,46,11,6,0,0,false,materialized_code_pointer
sub_0889FC64,0x0889FC64,31,11,2,0,0,false,relocated_r_mips32_code_pointer
sub_0889FC70,0x0889FC70,31,11,2,0,0,false,relocated_r_mips32_code_pointer
sub_0889FC7C,0x0889FC7C,10,4,2,0,0,false,relocated_r_mips32_code_pointer
sub_0889FCB4,0x0889FCB4,36,10,5,0,0,false,direct_jal_target
sub_0889FD68,0x0889FD68,148,57,13,0,0,false,relocated_r_mips32_code_pointer
sub_088A0000,0x088A0000,103,33,6,0,0,false,materialized_code_pointer
sub_088A00F8,0x088A00F8,46,15,7,0,0,false,relocated_r_mips32_code_pointer
sub_088A01E8,0x088A01E8,8,2,1,0,0,false,relocated_r_mips32_code_pointer
sub_088A0210,0x088A0210,49,16,8,0,0,false,relocated_r_mips32_code_pointer
sub_088A03AC,0x088A03AC,31,11,2,0,0,false,relocated_r_mips32_code_pointer
sub_088A03B8,0x088A03B8,31,11,2,0,0,false,relocated_r_mips32_code_pointer
sub_088A03C4,0x088A03C4,36,10,5,0,0,false,direct_jal_target
sub_088A0478,0x088A0478,44,15,7,0,0,false,relocated_r_mips32_code_pointer
sub_088A0560,0x088A0560,64,19,11,0,0,false,relocated_r_mips32_code_pointer
sub_088A06A8,0x088A06A8,66,22,10,0,0,false,relocated_r_mips32_code_pointer
sub_088A0800,0x088A0800,80,26,9,2,0,false,relocated_r_mips32_code_pointer
sub_088A099C,0x088A099C,128,40,13,2,0,false,relocated_r_mips32_code_pointer
sub_088A0C2C,0x088A0C2C,48,16,8,0,0,false,relocated_r_mips32_code_pointer
sub_088A0E78,0x088A0E78,31,11,2,0,0,false,relocated_r_mips32_code_pointer
sub_088A0E84,0x088A0E84,31,11,2,0,0,false,relocated_r_mips32_code_pointer
sub_088A0E90,0x088A0E90,72,23,7,2,0,false,relocated_r_mips32_code_pointer
sub_088A1004,0x088A1004,70,24,8,2,0,false,relocated_r_mips32_code_pointer
sub_088A1174,0x088A1174,101,35,8,4,0,false,relocated_r_mips32_code_pointer
sub_088A1380,0x088A1380,105,37,8,4,0,false,relocated_r_mips32_code_pointer
sub_088A15A4,0x088A15A4,74,25,9,2,0,false,relocated_r_mips32_code_pointer
sub_088A1728,0x088A1728,76,25,9,2,0,false,relocated_r_mips32_code_pointer
sub_088A1A04,0x088A1A04,31,11,2,0,0,false,relocated_r_mips32_code_pointer
sub_088A1A10,0x088A1A10,31,11,2,0,0,false,relocated_r_mips32_code_pointer
sub_088A1A1C,0x088A1A1C,75,24,8,2,0,false,relocated_r_mips32_code_pointer
sub_088A1BA0,0x088A1BA0,73,24,8,2,0,false,relocated_r_mips32_code_pointer
sub_088A1E6C,0x088A1E6C,31,11,2,0,0,false,relocated_r_mips32_code_pointer
sub_088A1E78,0x088A1E78,31,11,2,0,0,false,relocated_r_mips32_code_pointer
sub_088A1E84,0x088A1E84,94,31,8,3,0,false,relocated_r_mips32_code_pointer
sub_088A206C,0x088A206C,1,1,0,0,0,false,direct_jal_target
sub_088A2074,0x088A2074,1,1,0,0,0,false,relocated_r_mips32_code_pointer
sub_088A207C,0x088A207C,24,6,2,1,0,false,relocated_r_mips32_code_pointer
sub_088A20F0,0x088A20F0,23,11,0,0,0,false,direct_jal_target
sub_088A22AC,0x088A22AC,64,21,2,0,0,false,relocated_r_mips32_code_pointer
sub_088A22B8,0x088A22B8,64,21,2,0,0,false,relocated_r_mips32_code_pointer
sub_088A22C4,0x088A22C4,2,1,0,0,0,false,direct_jal_target
sub_088A22D0,0x088A22D0,32,11,0,1,0,false,direct_jal_target
sub_088A2374,0x088A2374,41,12,0,1,0,false,direct_jal_target
sub_088A2500,0x088A2500,43,5,2,0,0,false,direct_jal_target
sub_088A2634,0x088A2634,25,4,0,1,0,false,relocated_r_mips32_code_pointer
sub_088A26A8,0x088A26A8,29,4,1,1,0,false,relocated_r_mips32_code_pointer
sub_088A288C,0x088A288C,141,25,6,2,0,false,direct_jal_target
sub_088A2B18,0x088A2B18,103,29,6,2,0,false,direct_jal_target
sub_088A2D20,0x088A2D20,309,78,7,2,0,false,direct_jal_target
sub_088A32F8,0x088A32F8,581,187,13,6,0,false,relocated_r_mips32_code_pointer
sub_088A3E78,0x088A3E78,399,109,9,3,0,false,relocated_r_mips32_code_pointer
sub_088A4624,0x088A4624,48,18,0,8,0,false,direct_jal_target
sub_088A4A78,0x088A4A78,114,38,6,0,0,false,direct_jal_target
sub_088A4DF8,0x088A4DF8,64,21,2,0,0,false,relocated_r_mips32_code_pointer
sub_088A4E04,0x088A4E04,64,21,2,0,0,false,relocated_r_mips32_code_pointer
sub_088A4E10,0x088A4E10,47,18,1,0,0,false,direct_jal_target
sub_088A4F0C,0x088A4F0C,81,23,3,3,0,false,direct_jal_target
sub_088A54C4,0x088A54C4,8,2,1,0,0,false,relocated_r_mips32_code_pointer
sub_088A55A0,0x088A55A0,16,5,1,2,0,false,relocated_r_mips32_code_pointer
sub_088A55D0,0x088A55D0,12,4,1,1,0,false,relocated_r_mips32_code_pointer
sub_088A55EC,0x088A55EC,12,4,1,1,0,false,relocated_r_mips32_code_pointer
sub_088A5608,0x088A5608,12,4,1,1,0,false,relocated_r_mips32_code_pointer
sub_088A5624,0x088A5624,12,4,1,1,0,false,relocated_r_mips32_code_pointer
sub_088A5640,0x088A5640,12,4,1,1,0,false,relocated_r_mips32_code_pointer
sub_088A565C,0x088A565C,131,52,8,3,0,false,direct_jal_target
sub_088A5A40,0x088A5A40,36,10,4,1,0,false,relocated_r_mips32_code_pointer
sub_088A5A54,0x088A5A54,32,9,4,0,0,false,relocated_r_mips32_code_pointer
sub_088A5A88,0x088A5A88,36,11,4,1,0,false,relocated_r_mips32_code_pointer
sub_088A5AA4,0x088A5AA4,36,11,4,1,0,false,relocated_r_mips32_code_pointer
sub_088A5AC0,0x088A5AC0,36,11,4,1,0,false,relocated_r_mips32_code_pointer
sub_088A5ADC,0x088A5ADC,36,11,4,1,0,false,relocated_r_mips32_code_pointer
sub_088A5AF8,0x088A5AF8,40,12,4,2,0,false,relocated_r_mips32_code_pointer
sub_088A5C7C,0x088A5C7C,75,32,14,3,0,false,relocated_r_mips32_code_pointer
sub_088A5FBC,0x088A5FBC,74,31,13,3,0,false,relocated_r_mips32_code_pointer
sub_088A6A58,0x088A6A58,150,58,7,1,0,false,direct_jal_target
sub_088A6D64,0x088A6D64,170,70,10,2,0,false,relocated_r_mips32_code_pointer
sub_088A7824,0x088A7824,166,57,9,0,0,false,direct_jal_target
sub_088A7B90,0x088A7B90,14,2,1,0,0,false,direct_jal_target
sub_088A7BD0,0x088A7BD0,254,80,10,0,0,false,direct_jal_target
sub_088A80F4,0x088A80F4,458,165,14,0,0,false,direct_jal_target
sub_088A8A24,0x088A8A24,135,35,10,1,0,false,direct_jal_target
sub_088A8CF4,0x088A8CF4,1,1,0,0,0,false,relocated_r_mips32_code_pointer
sub_088A8CFC,0x088A8CFC,1,1,1,0,0,false,relocated_r_mips32_code_pointer
sub_088A8D04,0x088A8D04,459,166,14,0,0,false,relocated_r_mips32_code_pointer
sub_088A8D0C,0x088A8D0C,1,1,1,0,0,false,relocated_r_mips32_code_pointer
sub_088A8D14,0x088A8D14,1,1,1,0,0,false,relocated_r_mips32_code_pointer
sub_088A8D1C,0x088A8D1C,1,1,1,0,0,false,relocated_r_mips32_code_pointer
sub_088A8D24,0x088A8D24,578,151,17,38,0,false,direct_jal_target
sub_088A8F84,0x088A8F84,223,97,17,1,0,false,direct_jal_target
sub_088A9954,0x088A9954,509,184,14,1,0,false,direct_jal_target
sub_088A9A68,0x088A9A68,57,15,2,2,0,false,direct_jal_target
sub_088A9B84,0x088A9B84,183,61,12,2,0,false,direct_jal_target
sub_088A9F30,0x088A9F30,35,10,7,0,0,false,direct_jal_target
sub_088AA0D0,0x088AA0D0,392,160,16,0,0,false,direct_jal_target
sub_088AA934,0x088AA934,68,33,5,2,0,false,direct_jal_target
sub_088AA9D4,0x088AA9D4,15,10,2,0,0,false,relocated_r_mips32_code_pointer
sub_088AAAC0,0x088AAAC0,39,25,4,1,0,false,relocated_r_mips32_code_pointer
sub_088AAAE8,0x088AAAE8,37,19,4,0,0,false,relocated_r_mips32_code_pointer
sub_088AAB2C,0x088AAB2C,50,24,3,1,0,false,relocated_r_mips32_code_pointer
sub_088AAB78,0x088AAB78,20,12,3,1,0,false,relocated_r_mips32_code_pointer
sub_088AABF8,0x088AABF8,20,13,3,1,0,false,relocated_r_mips32_code_pointer
sub_088AACA8,0x088AACA8,306,89,12,3,0,false,relocated_r_mips32_code_pointer
sub_088AAF20,0x088AAF20,32,9,2,4,0,false,direct_jal_target
sub_088AAFC4,0x088AAFC4,19,9,0,0,0,false,direct_jal_target
sub_088AB028,0x088AB028,11,3,0,0,0,false,direct_jal_target
sub_088AB198,0x088AB198,64,21,2,0,0,false,relocated_r_mips32_code_pointer
sub_088AB1A4,0x088AB1A4,64,21,2,0,0,false,relocated_r_mips32_code_pointer
sub_088AB1B0,0x088AB1B0,27,4,2,0,0,false,direct_jal_target
sub_088AB22C,0x088AB22C,30,8,2,0,0,false,direct_jal_target
sub_088AB2BC,0x088AB2BC,12,2,2,0,0,false,direct_jal_target
sub_088AB2F4,0x088AB2F4,122,37,8,2,0,false,direct_jal_target
sub_088AB564,0x088AB564,53,17,1,2,0,false,direct_jal_target
sub_088AB66C,0x088AB66C,103,41,6,6,0,false,relocated_r_mips32_code_pointer
sub_088AB89C,0x088AB89C,84,28,3,1,0,false,relocated_r_mips32_code_pointer
sub_088ABBFC,0x088ABBFC,86,28,3,1,0,false,relocated_r_mips32_code_pointer
sub_088ABDB4,0x088ABDB4,73,21,3,3,0,false,relocated_r_mips32_code_pointer
sub_088ABF1C,0x088ABF1C,201,53,7,2,0,false,direct_jal_target
sub_088AC670,0x088AC670,237,63,5,1,0,false,direct_jal_target
sub_088ACAEC,0x088ACAEC,193,42,3,0,0,false,direct_jal_target
sub_088ACE80,0x088ACE80,359,94,6,0,0,false,direct_jal_target
sub_088AD538,0x088AD538,38,13,2,1,0,false,direct_jal_target
sub_088AD65C,0x088AD65C,13,3,2,0,0,false,direct_jal_target
sub_088AD69C,0x088AD69C,14,4,3,0,0,false,relocated_r_mips32_code_pointer
sub_088AD6E4,0x088AD6E4,43,17,2,0,0,false,direct_jal_target
sub_088AD7C8,0x088AD7C8,54,14,3,0,0,false,direct_jal_target
sub_088ADB64,0x088ADB64,64,21,2,0,0,false,relocated_r_mips32_code_pointer
sub_088ADB70,0x088ADB70,64,21,2,0,0,false,relocated_r_mips32_code_pointer
sub_088ADB7C,0x088ADB7C,53,9,1,0,0,false,direct_jal_target
sub_088ADD3C,0x088ADD3C,45,8,2,0,0,false,direct_jal_target
sub_088ADF18,0x088ADF18,253,79,16,0,0,false,direct_jal_target
sub_088AE41C,0x088AE41C,80,19,5,0,0,false,direct_jal_target
sub_088AE938,0x088AE938,38,7,1,0,0,false,direct_jal_target
sub_088AE9AC,0x088AE9AC,111,39,6,0,0,false,relocated_r_mips32_code_pointer
sub_088AEAE4,0x088AEAE4,23,6,1,0,0,false,relocated_r_mips32_code_pointer
sub_088AEB28,0x088AEB28,72,21,4,0,0,false,relocated_r_mips32_code_pointer
sub_088AEBCC,0x088AEBCC,31,9,1,0,0,false,relocated_r_mips32_code_pointer
sub_088AEBFC,0x088AEBFC,30,10,2,0,0,false,relocated_r_mips32_code_pointer
sub_088AEC2C,0x088AEC2C,70,19,3,0,0,false,relocated_r_mips32_code_pointer
sub_088AECE0,0x088AECE0,29,9,1,0,0,false,relocated_r_mips32_code_pointer
sub_088AEE14,0x088AEE14,126,43,6,0,0,false,direct_jal_target
sub_088AF1B4,0x088AF1B4,358,54,4,0,0,false,direct_jal_target
sub_088AF970,0x088AF970,68,21,2,0,0,false,relocated_r_mips32_code_pointer
sub_088AF97C,0x088AF97C,68,21,2,0,0,false,relocated_r_mips32_code_pointer
sub_088AF988,0x088AF988,70,29,9,1,0,false,direct_jal_target
sub_088AFB04,0x088AFB04,210,62,12,1,0,false,relocated_r_mips32_code_pointer
sub_088B0010,0x088B0010,43,17,4,1,0,false,relocated_r_mips32_code_pointer
sub_088B00F8,0x088B00F8,44,18,5,1,0,false,relocated_r_mips32_code_pointer
sub_088B01E8,0x088B01E8,50,25,2,0,0,false,relocated_r_mips32_code_pointer
sub_088B0304,0x088B0304,137,55,6,0,0,false,direct_jal_target
sub_088B05EC,0x088B05EC,186,63,12,0,0,false,direct_jal_target
sub_088B09BC,0x088B09BC,55,15,6,0,0,false,direct_jal_target
sub_088B0BE4,0x088B0BE4,20,2,2,0,0,false,direct_jal_target
sub_088B0C3C,0x088B0C3C,21,8,2,0,0,false,relocated_r_mips32_code_pointer
sub_088B0CB8,0x088B0CB8,2,1,0,0,0,false,direct_jal_target
sub_088B0CC4,0x088B0CC4,17,2,2,0,0,false,direct_jal_target
sub_088B0D10,0x088B0D10,39,13,7,0,0,false,direct_jal_target
sub_088B0DDC,0x088B0DDC,88,29,4,0,0,false,direct_jal_target
sub_088B10D0,0x088B10D0,64,21,2,0,0,false,relocated_r_mips32_code_pointer
sub_088B10DC,0x088B10DC,64,21,2,0,0,false,relocated_r_mips32_code_pointer
sub_088B10E8,0x088B10E8,106,43,8,0,0,false,relocated_r_mips32_code_pointer
sub_088B1328,0x088B1328,70,24,5,0,0,false,relocated_r_mips32_code_pointer
sub_088B1600,0x088B1600,72,26,6,0,0,false,relocated_r_mips32_code_pointer
sub_088B177C,0x088B177C,51,13,7,0,0,false,direct_jal_target
sub_088B1878,0x088B1878,39,13,7,0,0,false,direct_jal_target
sub_088B1944,0x088B1944,88,29,4,0,0,false,direct_jal_target
sub_088B1AFC,0x088B1AFC,221,81,18,0,0,false,direct_jal_target
sub_088B1F88,0x088B1F88,41,7,4,0,0,false,direct_jal_target
sub_088B2108,0x088B2108,40,6,5,0,0,false,direct_jal_target
sub_088B21F8,0x088B21F8,12,2,2,0,0,false,direct_jal_target
sub_088B2230,0x088B2230,13,3,3,0,0,false,relocated_r_mips32_code_pointer
sub_088B2270,0x088B2270,7,1,0,0,0,false,direct_jal_target
sub_088B2290,0x088B2290,4,3,1,0,0,false,direct_jal_target
sub_088B22AC,0x088B22AC,24,10,0,0,0,false,direct_jal_target
sub_088B2330,0x088B2330,113,32,9,0,0,false,direct_jal_target
sub_088B2604,0x088B2604,31,11,2,0,0,false,relocated_r_mips32_code_pointer
sub_088B2610,0x088B2610,31,11,2,0,0,false,relocated_r_mips32_code_pointer
sub_088B2704,0x088B2704,10,2,1,0,0,false,direct_jal_target
sub_088B2744,0x088B2744,3,1,1,0,0,false,relocated_r_mips32_code_pointer
sub_088B2754,0x088B2754,11,2,2,0,0,false,relocated_r_mips32_code_pointer
sub_088B2788,0x088B2788,1,1,0,0,0,false,relocated_r_mips32_code_pointer
sub_088B28CC,0x088B28CC,64,21,2,0,0,false,relocated_r_mips32_code_pointer
sub_088B28D8,0x088B28D8,64,21,2,0,0,false,relocated_r_mips32_code_pointer
sub_088B28E4,0x088B28E4,111,31,7,0,0,false,relocated_r_mips32_code_pointer
sub_088B2B64,0x088B2B64,132,39,11,2,0,false,relocated_r_mips32_code_pointer
sub_088B2BB0,0x088B2BB0,2,1,0,0,0,false,relocated_r_mips32_code_pointer
sub_088B2BBC,0x088B2BBC,8,7,0,0,0,false,direct_jal_target
sub_088B2BF8,0x088B2BF8,8,7,0,0,0,false,direct_jal_target
sub_088B2C34,0x088B2C34,11,3,0,0,0,false,direct_jal_target
sub_088B2C68,0x088B2C68,5,1,0,0,0,false,direct_jal_target
sub_088B2DBC,0x088B2DBC,64,21,2,0,0,false,relocated_r_mips32_code_pointer
sub_088B2DC8,0x088B2DC8,64,21,2,0,0,false,relocated_r_mips32_code_pointer
sub_088B2E04,0x088B2E04,11,1,0,0,0,false,direct_jal_target
sub_088B2E34,0x088B2E34,274,31,2,7,1,false,direct_jal_target
sub_088B3340,0x088B3340,70,18,9,2,0,false,relocated_r_mips32_code_pointer
sub_088B344C,0x088B344C,21,5,3,0,0,false,relocated_r_mips32_code_pointer
sub_088B3484,0x088B3484,18,5,3,0,0,false,relocated_r_mips32_code_pointer
sub_088B34B4,0x088B34B4,124,30,11,3,0,false,relocated_r_mips32_code_pointer
sub_088B3694,0x088B3694,26,4,1,0,0,false,relocated_r_mips32_code_pointer
sub_088B36E0,0x088B36E0,18,3,1,0,0,false,relocated_r_mips32_code_pointer
sub_088B3704,0x088B3704,18,4,1,0,0,false,relocated_r_mips32_code_pointer
sub_088B37C0,0x088B37C0,77,24,10,0,0,false,direct_jal_target
sub_088B3AB8,0x088B3AB8,460,141,33,4,1,false,relocated_r_mips32_code_pointer
sub_088B3FDC,0x088B3FDC,156,68,16,7,0,false,relocated_r_mips32_code_pointer
sub_088B4330,0x088B4330,157,69,17,7,0,false,relocated_r_mips32_code_pointer
sub_088B46CC,0x088B46CC,13,3,3,0,0,false,direct_jal_target
sub_088B470C,0x088B470C,14,4,4,0,0,false,relocated_r_mips32_code_pointer
sub_088B4B1C,0x088B4B1C,64,21,2,0,0,false,relocated_r_mips32_code_pointer
sub_088B4B28,0x088B4B28,64,21,2,0,0,false,relocated_r_mips32_code_pointer
sub_088B4B44,0x088B4B44,58,9,5,0,0,false,direct_jal_target
sub_088B4CC8,0x088B4CC8,27,4,3,0,0,false,direct_jal_target
sub_088B4D44,0x088B4D44,67,6,1,4,0,false,direct_jal_target
sub_088B4E68,0x088B4E68,58,4,1,0,2,false,direct_jal_target
sub_088B4F5C,0x088B4F5C,40,13,2,0,0,false,direct_jal_target
sub_088B5274,0x088B5274,54,12,2,0,0,false,direct_jal_target
sub_088B5374,0x088B5374,32,5,2,0,1,false,direct_jal_target
sub_088B5408,0x088B5408,147,26,4,4,1,false,direct_jal_target
sub_088B56A4,0x088B56A4,256,54,5,0,5,false,direct_jal_target
sub_088B5B5C,0x088B5B5C,252,34,7,2,0,false,direct_jal_target
sub_088B5FC4,0x088B5FC4,46,10,5,0,0,false,direct_jal_target
sub_088B609C,0x088B609C,37,8,2,0,0,false,direct_jal_target
sub_088B6108,0x088B6108,25,7,2,0,0,false,relocated_r_mips32_code_pointer
sub_088B6154,0x088B6154,33,9,3,0,1,false,relocated_r_mips32_code_pointer
sub_088B6180,0x088B6180,33,9,3,0,1,false,relocated_r_mips32_code_pointer
sub_088B61AC,0x088B61AC,33,9,3,0,1,false,relocated_r_mips32_code_pointer
sub_088B61D8,0x088B61D8,27,7,2,0,0,false,relocated_r_mips32_code_pointer
sub_088B61E8,0x088B61E8,39,12,4,0,0,false,relocated_r_mips32_code_pointer
sub_088B6234,0x088B6234,33,9,3,0,1,false,relocated_r_mips32_code_pointer
sub_088B6260,0x088B6260,33,9,3,0,1,false,relocated_r_mips32_code_pointer
sub_088B628C,0x088B628C,28,9,3,0,0,false,relocated_r_mips32_code_pointer
sub_088B62A4,0x088B62A4,28,9,3,0,0,false,relocated_r_mips32_code_pointer
sub_088B62BC,0x088B62BC,33,9,3,0,1,false,relocated_r_mips32_code_pointer
sub_088B62E8,0x088B62E8,27,9,3,0,0,false,relocated_r_mips32_code_pointer
sub_088B62FC,0x088B62FC,39,15,6,0,0,false,relocated_r_mips32_code_pointer
sub_088B6344,0x088B6344,31,9,3,0,0,false,relocated_r_mips32_code_pointer
sub_088B6368,0x088B6368,40,9,3,0,0,false,relocated_r_mips32_code_pointer
sub_088B63B0,0x088B63B0,32,9,3,0,0,false,relocated_r_mips32_code_pointer
sub_088B63E8,0x088B63E8,41,7,3,0,0,false,direct_jal_target
sub_088B650C,0x088B650C,68,27,7,0,0,false,direct_jal_target
sub_088B6680,0x088B6680,155,40,6,0,0,false,direct_jal_target
sub_088B672C,0x088B672C,232,49,10,4,4,false,direct_jal_target
sub_088B6B7C,0x088B6B7C,43,14,5,0,0,false,direct_jal_target
sub_088B7004,0x088B7004,43,9,4,0,0,false,direct_jal_target
sub_088B7100,0x088B7100,44,12,7,0,0,false,direct_jal_target
sub_088B731C,0x088B731C,64,21,2,0,0,false,relocated_r_mips32_code_pointer
sub_088B7328,0x088B7328,64,21,2,0,0,false,relocated_r_mips32_code_pointer
sub_088B7334,0x088B7334,442,64,6,4,2,false,direct_jal_target
sub_088B7EE4,0x088B7EE4,63,25,9,2,0,false,direct_jal_target
sub_088B8038,0x088B8038,64,26,10,2,0,false,relocated_r_mips32_code_pointer
sub_088B8194,0x088B8194,318,103,15,5,0,false,direct_jal_target
sub_088B88F8,0x088B88F8,50,11,5,0,0,false,direct_jal_target
sub_088B8B6C,0x088B8B6C,38,3,1,1,0,false,direct_jal_target
sub_088B8C88,0x088B8C88,57,12,3,2,0,false,direct_jal_target
sub_088B8D9C,0x088B8D9C,22,6,3,2,0,false,relocated_r_mips32_code_pointer
sub_088B8E0C,0x088B8E0C,21,5,2,2,0,false,direct_jal_target
sub_088B9018,0x088B9018,64,21,2,0,0,false,relocated_r_mips32_code_pointer
sub_088B9024,0x088B9024,64,21,2,0,0,false,relocated_r_mips32_code_pointer
sub_088B9030,0x088B9030,30,4,1,0,0,false,direct_jal_target
sub_088B90B4,0x088B90B4,298,60,6,17,0,false,direct_jal_target
sub_088B9648,0x088B9648,21,5,1,0,0,false,direct_jal_target
sub_088B96AC,0x088B96AC,1209,455,8,0,0,false,direct_jal_target
sub_088BAF04,0x088BAF04,18,4,1,0,0,false,direct_jal_target
sub_088BB05C,0x088BB05C,21,2,1,0,0,false,direct_jal_target
sub_088BB114,0x088BB114,1311,395,11,1,0,false,direct_jal_target
sub_088BCA70,0x088BCA70,83,14,4,0,0,false,direct_jal_target
sub_088BCBF4,0x088BCBF4,30,8,6,1,0,false,direct_jal_target
sub_088BCC8C,0x088BCC8C,52,14,4,1,0,false,direct_jal_target
sub_088BCD90,0x088BCD90,23,7,3,0,0,false,relocated_r_mips32_code_pointer
sub_088BCE04,0x088BCE04,22,6,2,0,0,false,relocated_r_mips32_code_pointer
sub_088BD15C,0x088BD15C,123,47,4,2,0,false,direct_jal_target
sub_088BD7EC,0x088BD7EC,57,6,3,0,0,false,direct_jal_target
sub_088BD994,0x088BD994,35,10,5,1,0,false,direct_jal_target
sub_088BDA44,0x088BDA44,36,11,6,1,0,false,relocated_r_mips32_code_pointer
sub_088BDB30,0x088BDB30,6,1,0,0,0,false,direct_jal_target
sub_088BDB4C,0x088BDB4C,12,7,3,0,0,false,direct_jal_target
sub_088BDB98,0x088BDB98,11,9,0,0,0,false,direct_jal_target
sub_088BDBE8,0x088BDBE8,8,1,0,0,0,false,direct_jal_target
sub_088BDC0C,0x088BDC0C,10,3,0,0,0,false,direct_jal_target
sub_088BDC38,0x088BDC38,2,1,0,0,0,false,relocated_r_mips32_code_pointer
sub_088BDC44,0x088BDC44,2,1,0,0,0,false,relocated_r_mips32_code_pointer
sub_088BDC50,0x088BDC50,2,1,0,0,0,false,relocated_r_mips32_code_pointer
sub_088BDC5C,0x088BDC5C,1,1,0,0,0,false,relocated_r_mips32_code_pointer
sub_088BDC64,0x088BDC64,2,1,0,0,0,false,relocated_r_mips32_code_pointer
sub_088BDC70,0x088BDC70,1,1,0,0,0,false,relocated_r_mips32_code_pointer
sub_088BDC78,0x088BDC78,2,1,0,0,0,false,direct_jal_target
sub_088BDC84,0x088BDC84,32,7,1,0,0,false,direct_jal_target
sub_088BDD1C,0x088BDD1C,17,2,1,0,0,false,direct_jal_target
sub_088BDD68,0x088BDD68,61,17,2,0,0,false,direct_jal_target
sub_088BDE60,0x088BDE60,5,1,0,0,0,false,direct_jal_target
sub_088BDFB4,0x088BDFB4,64,21,2,0,0,false,relocated_r_mips32_code_pointer
sub_088BDFC0,0x088BDFC0,64,21,2,0,0,false,relocated_r_mips32_code_pointer
sub_088BDFCC,0x088BDFCC,26,3,0,2,0,false,direct_jal_target
sub_088BE040,0x088BE040,31,5,0,4,0,false,direct_jal_target
sub_088BE0F0,0x088BE0F0,74,16,2,6,0,false,direct_jal_target
sub_088BE250,0x088BE250,27,15,0,0,1,false,direct_jal_target
sub_088BE2F4,0x088BE2F4,117,21,4,1,1,false,direct_jal_target
sub_088BE508,0x088BE508,218,73,7,0,0,false,direct_jal_target
sub_088BE964,0x088BE964,43,4,3,0,0,false,direct_jal_target
sub_088BEA20,0x088BEA20,64,8,2,0,1,false,direct_jal_target
sub_088BEC24,0x088BEC24,103,10,4,0,0,false,direct_jal_target
sub_088BEDE8,0x088BEDE8,47,7,3,0,0,false,direct_jal_target
sub_088BEEC0,0x088BEEC0,105,22,4,1,1,false,direct_jal_target
sub_088BF0AC,0x088BF0AC,122,26,5,1,0,false,direct_jal_target
sub_088BF2FC,0x088BF2FC,97,7,4,0,0,false,direct_jal_target
sub_088BF634,0x088BF634,46,11,1,2,0,false,direct_jal_target
sub_088BF710,0x088BF710,96,18,2,1,0,false,direct_jal_target
sub_088BF8D0,0x088BF8D0,133,22,5,3,0,false,direct_jal_target
sub_088BFB38,0x088BFB38,280,68,7,5,0,false,direct_jal_target
sub_088C0084,0x088C0084,80,10,3,3,0,false,direct_jal_target
sub_088C03A0,0x088C03A0,130,18,5,3,0,false,direct_jal_target
sub_088C05E8,0x088C05E8,153,26,6,3,1,false,direct_jal_target
sub_088C0A14,0x088C0A14,73,25,4,4,0,false,relocated_r_mips32_code_pointer
sub_088C0B84,0x088C0B84,74,26,5,4,0,false,relocated_r_mips32_code_pointer
sub_088C0CFC,0x088C0CFC,115,21,4,2,1,false,direct_jal_target
sub_088C0F14,0x088C0F14,70,18,4,0,0,false,direct_jal_target
sub_088C0F5C,0x088C0F5C,95,22,5,1,0,false,relocated_r_mips32_code_pointer
sub_088C0FCC,0x088C0FCC,54,16,4,0,0,false,relocated_r_mips32_code_pointer
sub_088C10E0,0x088C10E0,2,2,2,0,0,false,relocated_r_mips32_code_pointer
sub_088C10F0,0x088C10F0,84,25,6,2,0,false,relocated_r_mips32_code_pointer
sub_088C111C,0x088C111C,2,2,2,0,0,false,relocated_r_mips32_code_pointer
sub_088C112C,0x088C112C,83,25,6,0,0,false,relocated_r_mips32_code_pointer
sub_088C114C,0x088C114C,83,25,6,0,0,false,relocated_r_mips32_code_pointer
sub_088C116C,0x088C116C,2,2,2,0,0,false,relocated_r_mips32_code_pointer
sub_088C117C,0x088C117C,83,25,6,0,0,false,relocated_r_mips32_code_pointer
sub_088C119C,0x088C119C,79,20,5,2,0,false,relocated_r_mips32_code_pointer
sub_088C1210,0x088C1210,83,25,6,0,0,false,relocated_r_mips32_code_pointer
sub_088C135C,0x088C135C,8,2,2,0,0,false,direct_jal_target
sub_088C1384,0x088C1384,31,7,2,0,0,false,direct_jal_target
sub_088C1418,0x088C1418,128,41,5,0,0,false,direct_jal_target
sub_088C16AC,0x088C16AC,108,22,5,0,1,false,direct_jal_target
sub_088C18A8,0x088C18A8,117,22,5,2,0,false,direct_jal_target
sub_088C1B8C,0x088C1B8C,100,17,4,1,0,false,direct_jal_target
sub_088C1D54,0x088C1D54,86,11,3,3,0,false,direct_jal_target
sub_088C1ED4,0x088C1ED4,138,28,6,1,0,false,direct_jal_target
sub_088C2160,0x088C2160,158,32,7,3,0,false,direct_jal_target
sub_088C2450,0x088C2450,34,7,2,0,0,false,direct_jal_target
sub_088C262C,0x088C262C,64,21,2,0,0,false,relocated_r_mips32_code_pointer
sub_088C2638,0x088C2638,64,21,2,0,0,false,relocated_r_mips32_code_pointer
sub_088C2644,0x088C2644,47,7,2,3,0,false,direct_jal_target
sub_088C271C,0x088C271C,70,10,2,1,1,false,direct_jal_target
sub_088C2858,0x088C2858,56,5,1,3,0,false,direct_jal_target
sub_088C294C,0x088C294C,87,19,6,2,0,false,direct_jal_target
sub_088C2AF0,0x088C2AF0,142,30,5,8,0,false,direct_jal_target
sub_088C2D98,0x088C2D98,67,9,4,1,0,false,direct_jal_target
sub_088C2EC4,0x088C2EC4,96,15,2,5,0,false,direct_jal_target
sub_088C3078,0x088C3078,15,1,0,0,0,false,direct_jal_target
sub_088C30F8,0x088C30F8,31,9,0,2,0,false,direct_jal_target
sub_088C3190,0x088C3190,109,22,3,9,0,false,direct_jal_target
sub_088C3478,0x088C3478,46,15,0,3,0,false,direct_jal_target
sub_088C355C,0x088C355C,47,15,1,3,0,false,relocated_r_mips32_code_pointer
sub_088C3678,0x088C3678,11,2,1,0,0,false,direct_jal_target
sub_088C36BC,0x088C36BC,3,1,1,0,0,false,direct_jal_target
sub_088C36CC,0x088C36CC,11,2,2,0,0,false,relocated_r_mips32_code_pointer
sub_088C383C,0x088C383C,64,21,2,0,0,false,relocated_r_mips32_code_pointer
sub_088C3848,0x088C3848,64,21,2,0,0,false,relocated_r_mips32_code_pointer
sub_088C3854,0x088C3854,262,78,6,0,0,false,relocated_r_mips32_code_pointer
sub_088C3D84,0x088C3D84,5,1,0,0,0,false,direct_jal_target
sub_088C3DB4,0x088C3DB4,3,1,0,0,0,false,direct_jal_target
sub_088C3DC4,0x088C3DC4,3,1,0,0,0,false,relocated_r_mips32_code_pointer
sub_088C3DD4,0x088C3DD4,3,1,1,0,0,false,relocated_r_mips32_code_pointer
sub_088C3DE4,0x088C3DE4,3,1,0,0,0,false,direct_jal_target
sub_088C3F30,0x088C3F30,64,21,2,0,0,false,relocated_r_mips32_code_pointer
sub_088C3F3C,0x088C3F3C,64,21,2,0,0,false,relocated_r_mips32_code_pointer
sub_088C3F88,0x088C3F88,14,2,1,0,0,false,direct_jal_target
sub_088C3FD8,0x088C3FD8,3,1,1,0,0,false,direct_jal_target
sub_088C3FE8,0x088C3FE8,11,2,2,0,0,false,relocated_r_mips32_code_pointer
sub_088C4158,0x088C4158,64,21,2,0,0,false,relocated_r_mips32_code_pointer
sub_088C4164,0x088C4164,64,21,2,0,0,false,relocated_r_mips32_code_pointer
sub_088C4170,0x088C4170,15,5,0,0,0,false,direct_jal_target
sub_088C41BC,0x088C41BC,239,44,5,1,0,false,relocated_r_mips32_code_pointer
sub_088C4680,0x088C4680,27,4,1,0,0,false,direct_jal_target
sub_088C4708,0x088C4708,3,1,1,0,0,false,direct_jal_target
sub_088C4718,0x088C4718,11,2,2,0,0,false,relocated_r_mips32_code_pointer
sub_088C474C,0x088C474C,21,2,1,0,0,false,direct_jal_target
sub_088C48E4,0x088C48E4,64,21,2,0,0,false,relocated_r_mips32_code_pointer
sub_088C48F0,0x088C48F0,64,21,2,0,0,false,relocated_r_mips32_code_pointer
sub_088C48FC,0x088C48FC,41,5,1,0,0,false,direct_jal_target
sub_088C4AD0,0x088C4AD0,273,56,6,0,0,false,direct_jal_target
sub_088C4FD4,0x088C4FD4,191,35,7,0,0,false,direct_jal_target
sub_088C533C,0x088C533C,121,12,5,0,0,false,direct_jal_target
sub_088C5550,0x088C5550,236,37,7,0,0,false,direct_jal_target
sub_088C5984,0x088C5984,150,20,6,0,0,false,direct_jal_target
sub_088C5C20,0x088C5C20,109,33,6,0,0,false,relocated_r_mips32_code_pointer
sub_088C5E48,0x088C5E48,57,14,1,0,0,false,direct_jal_target
sub_088C5F64,0x088C5F64,4,1,1,0,0,false,relocated_r_mips32_code_pointer
sub_088C5FE0,0x088C5FE0,4,1,1,0,0,false,relocated_r_mips32_code_pointer
sub_088C60A0,0x088C60A0,12,2,2,0,0,false,relocated_r_mips32_code_pointer
sub_088C61D4,0x088C61D4,12,2,2,0,0,false,relocated_r_mips32_code_pointer
sub_088C620C,0x088C620C,15,5,2,0,0,false,direct_jal_target
sub_088C625C,0x088C625C,24,6,2,0,0,false,direct_jal_target
sub_088C639C,0x088C639C,16,6,3,0,0,false,relocated_r_mips32_code_pointer
sub_088C63F4,0x088C63F4,103,12,4,0,0,false,direct_jal_target
sub_088C65C0,0x088C65C0,13,3,2,0,0,false,relocated_r_mips32_code_pointer
sub_088C6760,0x088C6760,14,4,3,0,0,false,relocated_r_mips32_code_pointer
sub_088C6A24,0x088C6A24,72,24,4,0,0,false,direct_jal_target
sub_088C6CD8,0x088C6CD8,64,21,2,0,0,false,relocated_r_mips32_code_pointer
sub_088C6CE4,0x088C6CE4,64,21,2,0,0,false,relocated_r_mips32_code_pointer
sub_088C6EF0,0x088C6EF0,29,10,2,0,1,false,direct_jal_target
sub_088C6F8C,0x088C6F8C,195,39,4,0,2,false,direct_jal_target
sub_088C7320,0x088C7320,86,23,8,0,0,false,direct_jal_target
sub_088C74D4,0x088C74D4,50,13,8,0,0,false,direct_jal_target
sub_088C75D0,0x088C75D0,83,17,4,0,0,false,direct_jal_target
sub_088C7784,0x088C7784,36,11,1,0,0,false,relocated_r_mips32_code_pointer
sub_088C7828,0x088C7828,36,12,1,0,0,false,relocated_r_mips32_code_pointer
sub_088C7834,0x088C7834,36,12,1,0,0,false,relocated_r_mips32_code_pointer
sub_088C7840,0x088C7840,36,12,1,0,0,false,relocated_r_mips32_code_pointer
sub_088C784C,0x088C784C,36,12,1,0,0,false,relocated_r_mips32_code_pointer
sub_088C7858,0x088C7858,36,12,1,0,0,false,relocated_r_mips32_code_pointer
sub_088C7878,0x088C7878,117,28,3,0,4,false,direct_jal_target
sub_088C78A8,0x088C78A8,11,4,4,0,0,false,direct_jal_target
sub_088C78E4,0x088C78E4,61,20,8,0,0,false,direct_jal_target
sub_088C7A20,0x088C7A20,109,20,8,0,0,false,direct_jal_target
sub_088C7A70,0x088C7A70,83,23,4,0,0,false,direct_jal_target
sub_088C7BCC,0x088C7BCC,15,4,2,0,0,false,relocated_r_mips32_code_pointer
sub_088C7BE8,0x088C7BE8,15,4,2,0,0,false,relocated_r_mips32_code_pointer
sub_088C7C20,0x088C7C20,15,4,2,0,0,false,relocated_r_mips32_code_pointer
sub_088C7C3C,0x088C7C3C,15,4,2,0,0,false,relocated_r_mips32_code_pointer
sub_088C7C58,0x088C7C58,15,4,2,0,0,false,relocated_r_mips32_code_pointer
sub_088C7C74,0x088C7C74,15,4,2,0,0,false,relocated_r_mips32_code_pointer
sub_088C7C90,0x088C7C90,15,4,2,0,0,false,relocated_r_mips32_code_pointer
sub_088C7CAC,0x088C7CAC,15,4,2,0,0,false,relocated_r_mips32_code_pointer
sub_088C7CC8,0x088C7CC8,15,4,2,0,0,false,relocated_r_mips32_code_pointer
sub_088C7CE4,0x088C7CE4,15,4,2,0,0,false,relocated_r_mips32_code_pointer
sub_088C7D00,0x088C7D00,15,4,2,0,0,false,relocated_r_mips32_code_pointer
sub_088C7D1C,0x088C7D1C,15,4,2,0,0,false,relocated_r_mips32_code_pointer
sub_088C7D38,0x088C7D38,15,4,2,0,0,false,relocated_r_mips32_code_pointer
sub_088C7D44,0x088C7D44,15,4,2,0,0,false,relocated_r_mips32_code_pointer
sub_088C7D50,0x088C7D50,15,4,2,0,0,false,relocated_r_mips32_code_pointer
sub_088C7D5C,0x088C7D5C,15,4,2,0,0,false,relocated_r_mips32_code_pointer
sub_088C7D68,0x088C7D68,15,4,2,0,0,false,relocated_r_mips32_code_pointer
sub_088C7D74,0x088C7D74,15,4,2,0,0,false,relocated_r_mips32_code_pointer
sub_088C7D80,0x088C7D80,26,5,2,0,0,false,direct_jal_target
sub_088C7DC4,0x088C7DC4,13,3,2,0,0,false,relocated_r_mips32_code_pointer
sub_088C7E04,0x088C7E04,13,4,2,0,0,false,relocated_r_mips32_code_pointer
sub_088C7E10,0x088C7E10,13,4,2,0,0,false,relocated_r_mips32_code_pointer
sub_088C7E1C,0x088C7E1C,13,4,2,0,0,false,relocated_r_mips32_code_pointer
sub_088C7E28,0x088C7E28,13,4,2,0,0,false,relocated_r_mips32_code_pointer
sub_088C7E34,0x088C7E34,13,4,2,0,0,false,relocated_r_mips32_code_pointer
sub_088C7E40,0x088C7E40,74,21,5,0,1,false,direct_jal_target
sub_088C7FB4,0x088C7FB4,75,12,3,0,0,false,direct_jal_target
sub_088C80F4,0x088C80F4,25,6,3,0,0,false,direct_jal_target
sub_088C8170,0x088C8170,26,7,4,0,0,false,relocated_r_mips32_code_pointer
sub_088C8354,0x088C8354,64,21,2,0,0,false,relocated_r_mips32_code_pointer
sub_088C8360,0x088C8360,64,21,2,0,0,false,relocated_r_mips32_code_pointer
sub_088C836C,0x088C836C,21,5,3,0,0,false,direct_jal_target
sub_088C83D4,0x088C83D4,21,5,3,0,0,false,direct_jal_target
sub_088C8A0C,0x088C8A0C,285,101,8,0,0,false,direct_jal_target
sub_088C9418,0x088C9418,59,22,7,1,0,false,relocated_r_mips32_code_pointer
sub_088C9550,0x088C9550,60,22,8,1,0,false,relocated_r_mips32_code_pointer
sub_088C96C8,0x088C96C8,13,1,0,0,0,false,direct_jal_target
sub_088C9710,0x088C9710,3,1,0,0,0,false,relocated_r_mips32_code_pointer
sub_088C9720,0x088C9720,3,1,1,0,0,false,relocated_r_mips32_code_pointer
sub_088C986C,0x088C986C,64,21,2,0,0,false,relocated_r_mips32_code_pointer
sub_088C9878,0x088C9878,64,21,2,0,0,false,relocated_r_mips32_code_pointer
sub_088C9884,0x088C9884,14,1,0,0,0,false,direct_jal_target
sub_088C9908,0x088C9908,91,13,3,3,0,false,direct_jal_target
sub_088C9AA4,0x088C9AA4,31,2,1,0,1,false,direct_jal_target
sub_088C9DA8,0x088C9DA8,178,22,5,2,1,false,direct_jal_target
sub_088C9E7C,0x088C9E7C,14,2,1,0,0,false,direct_jal_target
sub_088C9EBC,0x088C9EBC,1,1,1,0,0,false,direct_jal_target
sub_088C9EC4,0x088C9EC4,2,1,1,0,0,false,direct_jal_target
sub_088CA00C,0x088CA00C,64,21,2,0,0,false,relocated_r_mips32_code_pointer
sub_088CA018,0x088CA018,64,21,2,0,0,false,relocated_r_mips32_code_pointer
sub_088CA024,0x088CA024,22,1,1,0,0,false,direct_jal_target
sub_088CA0AC,0x088CA0AC,9,2,2,0,0,false,direct_jal_target
sub_088CA0D8,0x088CA0D8,23,3,3,0,0,false,direct_jal_target
sub_088CA140,0x088CA140,129,21,7,0,2,false,direct_jal_target
sub_088CA390,0x088CA390,1,1,0,0,0,false,direct_jal_target
sub_088CA4D4,0x088CA4D4,64,21,2,0,0,false,relocated_r_mips32_code_pointer
sub_088CA4E0,0x088CA4E0,64,21,2,0,0,false,relocated_r_mips32_code_pointer
sub_088CA4EC,0x088CA4EC,43,6,1,1,0,false,direct_jal_target
sub_088CA5B0,0x088CA5B0,44,11,4,2,0,false,direct_jal_target
sub_088CA688,0x088CA688,31,6,3,1,0,false,direct_jal_target
sub_088CA71C,0x088CA71C,44,5,3,0,0,false,direct_jal_target
sub_088CAA98,0x088CAA98,72,20,8,2,0,false,direct_jal_target
sub_088CAC48,0x088CAC48,18,1,0,0,0,false,direct_jal_target
sub_088CAC94,0x088CAC94,54,7,3,0,0,false,direct_jal_target
sub_088CAD88,0x088CAD88,263,67,13,3,1,false,direct_jal_target
sub_088CAFD8,0x088CAFD8,49,11,3,0,0,false,direct_jal_target
sub_088CB0C4,0x088CB0C4,223,65,17,2,0,false,direct_jal_target
sub_088CB534,0x088CB534,3,1,0,0,0,false,relocated_r_mips32_code_pointer
sub_088CB544,0x088CB544,3,1,1,0,0,false,relocated_r_mips32_code_pointer
sub_088CB554,0x088CB554,8,4,0,0,0,false,direct_jal_target
sub_088CB5BC,0x088CB5BC,2,1,0,0,0,false,direct_jal_target
sub_088CB614,0x088CB614,87,24,1,0,0,false,direct_jal_target
sub_088CB7B8,0x088CB7B8,30,9,4,0,0,false,direct_jal_target
sub_088CB850,0x088CB850,15,5,0,0,0,false,direct_jal_target
sub_088CB9F4,0x088CB9F4,70,21,2,0,0,false,relocated_r_mips32_code_pointer
sub_088CBA00,0x088CBA00,70,21,2,0,0,false,relocated_r_mips32_code_pointer
sub_088CBA0C,0x088CBA0C,29,6,1,1,0,false,direct_jal_target
sub_088CBAA0,0x088CBAA0,34,1,0,0,0,false,direct_jal_target
sub_088CC0B0,0x088CC0B0,5,1,0,0,0,false,direct_jal_target
sub_088CC0C8,0x088CC0C8,29,5,2,0,0,false,direct_jal_target
sub_088CC150,0x088CC150,127,22,7,0,0,false,direct_jal_target
sub_088CC3A4,0x088CC3A4,30,8,1,1,0,false,direct_jal_target
sub_088CC438,0x088CC438,134,34,5,1,0,false,direct_jal_target
sub_088CC890,0x088CC890,104,8,4,0,0,false,direct_jal_target
sub_088CCB34,0x088CCB34,45,15,3,2,0,false,direct_jal_target
sub_088CCC1C,0x088CCC1C,46,15,4,2,0,false,relocated_r_mips32_code_pointer
sub_088CCD08,0x088CCD08,217,38,6,0,0,false,direct_jal_target
sub_088CD0F0,0x088CD0F0,521,127,12,6,0,false,direct_jal_target
sub_088CDC2C,0x088CDC2C,73,18,3,0,0,false,direct_jal_target
sub_088CDCCC,0x088CDCCC,69,17,3,0,0,false,relocated_r_mips32_code_pointer
sub_088CDCE8,0x088CDCE8,59,13,5,1,0,false,relocated_r_mips32_code_pointer
sub_088CDCFC,0x088CDCFC,74,23,6,2,0,false,relocated_r_mips32_code_pointer
sub_088CDD10,0x088CDD10,76,14,1,2,0,false,relocated_r_mips32_code_pointer
sub_088CDD24,0x088CDD24,198,41,6,1,0,false,relocated_r_mips32_code_pointer
sub_088CDD38,0x088CDD38,72,11,4,0,0,false,relocated_r_mips32_code_pointer
sub_088CDD4C,0x088CDD4C,100,23,3,2,0,false,relocated_r_mips32_code_pointer
sub_088CDD60,0x088CDD60,118,31,5,0,0,false,relocated_r_mips32_code_pointer
sub_088CDD74,0x088CDD74,78,25,4,1,0,false,relocated_r_mips32_code_pointer
sub_088CDE58,0x088CDE58,101,22,4,1,0,false,direct_jal_target
sub_088CE034,0x088CE034,109,27,4,0,0,false,direct_jal_target
sub_088CE248,0x088CE248,28,13,1,0,0,false,direct_jal_target
sub_088CE2E0,0x088CE2E0,94,33,2,0,0,false,direct_jal_target
sub_088CE4B0,0x088CE4B0,290,91,16,6,0,false,direct_jal_target
sub_088CF234,0x088CF234,1,1,1,0,0,false,relocated_r_mips32_code_pointer
sub_088CF23C,0x088CF23C,1,1,1,0,0,false,relocated_r_mips32_code_pointer
sub_088CF244,0x088CF244,41,5,2,0,0,false,direct_jal_target
sub_088CF47C,0x088CF47C,64,21,2,0,0,false,relocated_r_mips32_code_pointer
sub_088CF488,0x088CF488,64,21,2,0,0,false,relocated_r_mips32_code_pointer
sub_088CF494,0x088CF494,22,3,0,1,0,false,relocated_r_mips32_code_pointer
sub_088CF4F8,0x088CF4F8,19,1,0,0,0,false,direct_jal_target
sub_088CF548,0x088CF548,33,11,2,2,0,false,relocated_r_mips32_code_pointer
sub_088CF5F0,0x088CF5F0,19,2,0,1,0,false,direct_jal_target
sub_088CF644,0x088CF644,89,9,1,2,0,false,direct_jal_target
sub_088CF7C8,0x088CF7C8,135,24,2,3,0,false,direct_jal_target
sub_088CFA30,0x088CFA30,50,17,3,2,0,false,relocated_r_mips32_code_pointer
sub_088CFB30,0x088CFB30,46,8,3,0,0,false,direct_jal_target
sub_088CFCF8,0x088CFCF8,49,16,2,2,0,false,relocated_r_mips32_code_pointer
sub_088CFEC0,0x088CFEC0,43,11,3,2,0,false,relocated_r_mips32_code_pointer
sub_088CFF90,0x088CFF90,482,74,6,2,0,false,direct_jal_target
sub_088D0820,0x088D0820,24,5,3,1,0,false,relocated_r_mips32_code_pointer
sub_088D0894,0x088D0894,81,9,3,5,0,false,relocated_r_mips32_code_pointer
sub_088D09FC,0x088D09FC,41,4,1,1,0,false,relocated_r_mips32_code_pointer
sub_088D0C28,0x088D0C28,66,24,6,3,0,false,direct_jal_target
sub_088D0D84,0x088D0D84,71,15,7,0,0,false,direct_jal_target
sub_088D107C,0x088D107C,90,21,2,0,0,false,relocated_r_mips32_code_pointer
sub_088D1088,0x088D1088,90,21,2,0,0,false,relocated_r_mips32_code_pointer
sub_088D1094,0x088D1094,110,25,10,0,0,false,direct_jal_target
sub_088D12AC,0x088D12AC,268,64,19,11,0,false,direct_jal_target
sub_088D1960,0x088D1960,100,27,10,1,0,false,direct_jal_target
sub_088D1C44,0x088D1C44,44,20,6,1,0,false,direct_jal_target
sub_088D1E14,0x088D1E14,47,10,5,0,0,false,direct_jal_target
sub_088D1EF0,0x088D1EF0,10,2,1,0,0,false,direct_jal_target
sub_088D1F60,0x088D1F60,3,1,1,0,0,false,relocated_r_mips32_code_pointer
sub_088D1F70,0x088D1F70,11,2,2,0,0,false,relocated_r_mips32_code_pointer
sub_088D1FA4,0x088D1FA4,1,1,1,0,0,false,relocated_r_mips32_code_pointer
sub_088D1FAC,0x088D1FAC,1,1,1,0,0,false,relocated_r_mips32_code_pointer
sub_088D1FB4,0x088D1FB4,1,1,1,0,0,false,relocated_r_mips32_code_pointer
sub_088D1FBC,0x088D1FBC,5,2,1,0,0,false,relocated_r_mips32_code_pointer
sub_088D2114,0x088D2114,64,21,2,0,0,false,relocated_r_mips32_code_pointer
sub_088D2120,0x088D2120,64,21,2,0,0,false,relocated_r_mips32_code_pointer
sub_088D212C,0x088D212C,119,17,3,1,0,false,direct_jal_target
sub_088D23A8,0x088D23A8,13,3,2,0,0,false,direct_jal_target
sub_088D25CC,0x088D25CC,28,9,2,0,0,false,direct_jal_target
sub_088D265C,0x088D265C,17,4,1,0,0,false,direct_jal_target
sub_088D26B4,0x088D26B4,85,20,4,0,0,false,direct_jal_target
sub_088D27BC,0x088D27BC,13,3,2,0,0,false,relocated_r_mips32_code_pointer
sub_088D2858,0x088D2858,13,4,2,0,0,false,relocated_r_mips32_code_pointer
sub_088D2870,0x088D2870,13,4,2,0,0,false,relocated_r_mips32_code_pointer
sub_088D2888,0x088D2888,13,4,2,0,0,false,relocated_r_mips32_code_pointer
sub_088D28A0,0x088D28A0,13,4,2,0,0,false,relocated_r_mips32_code_pointer
sub_088D28B8,0x088D28B8,13,4,2,0,0,false,relocated_r_mips32_code_pointer
sub_088D28D0,0x088D28D0,13,4,2,0,0,false,relocated_r_mips32_code_pointer
sub_088D28E8,0x088D28E8,13,4,2,0,0,false,relocated_r_mips32_code_pointer
sub_088D2900,0x088D2900,13,4,2,0,0,false,relocated_r_mips32_code_pointer
sub_088D2918,0x088D2918,15,3,2,0,0,false,relocated_r_mips32_code_pointer
sub_088D29A8,0x088D29A8,16,4,3,0,0,false,relocated_r_mips32_code_pointer
sub_088D29F8,0x088D29F8,56,26,11,0,0,false,direct_jal_target
sub_088D2B38,0x088D2B38,20,2,1,0,0,false,direct_jal_target
sub_088D2E84,0x088D2E84,174,21,2,0,0,false,relocated_r_mips32_code_pointer
sub_088D2E90,0x088D2E90,174,21,2,0,0,false,relocated_r_mips32_code_pointer
sub_088D2ED4,0x088D2ED4,56,7,3,0,0,false,direct_jal_target
sub_088D2FD0,0x088D2FD0,107,19,4,2,0,false,direct_jal_target
sub_088D31C0,0x088D31C0,114,40,4,0,0,false,direct_jal_target
sub_088D3414,0x088D3414,104,25,0,3,0,false,direct_jal_target
sub_088D36B4,0x088D36B4,47,6,1,1,0,false,direct_jal_target
sub_088D3784,0x088D3784,99,17,4,0,0,false,direct_jal_target
sub_088D3950,0x088D3950,136,30,2,0,0,false,direct_jal_target
sub_088D3BD4,0x088D3BD4,52,21,8,0,0,false,direct_jal_target
sub_088D3CEC,0x088D3CEC,30,7,3,0,0,false,direct_jal_target
sub_088D3D80,0x088D3D80,60,30,3,0,0,false,direct_jal_target
sub_088D3ED4,0x088D3ED4,99,29,4,0,0,false,direct_jal_target
sub_088D425C,0x088D425C,115,19,4,0,0,false,direct_jal_target
sub_088D42C0,0x088D42C0,166,51,5,0,0,false,direct_jal_target
sub_088D4600,0x088D4600,357,115,19,2,0,false,direct_jal_target
sub_088D4E60,0x088D4E60,63,14,5,0,0,false,direct_jal_target
sub_088D5130,0x088D5130,71,34,9,2,0,false,direct_jal_target
sub_088D52D0,0x088D52D0,1,1,0,0,0,false,relocated_r_mips32_code_pointer
sub_088D52D8,0x088D52D8,23,8,1,0,0,false,direct_jal_target
sub_088D5350,0x088D5350,4,1,0,0,0,false,direct_jal_target
sub_088D5364,0x088D5364,61,10,2,0,0,false,direct_jal_target
sub_088D55B8,0x088D55B8,64,21,2,0,0,false,relocated_r_mips32_code_pointer
sub_088D55C4,0x088D55C4,64,21,2,0,0,false,relocated_r_mips32_code_pointer
sub_088D561C,0x088D561C,13,1,0,0,0,false,direct_jal_target
sub_088D5654,0x088D5654,39,6,4,0,0,false,direct_jal_target
sub_088D57B4,0x088D57B4,38,2,2,0,0,false,direct_jal_target
sub_088D58F4,0x088D58F4,52,17,1,3,0,false,direct_jal_target
sub_088D59FC,0x088D59FC,41,15,3,2,0,false,relocated_r_mips32_code_pointer
sub_088D5ACC,0x088D5ACC,40,15,2,2,0,false,direct_jal_target
sub_088D5C64,0x088D5C64,95,19,2,4,0,false,direct_jal_target
sub_088D5E24,0x088D5E24,221,26,8,3,0,false,direct_jal_target
sub_088D61F0,0x088D61F0,161,36,7,2,0,false,direct_jal_target
sub_088D64EC,0x088D64EC,104,28,3,3,0,false,direct_jal_target
sub_088D66F8,0x088D66F8,47,10,4,0,0,false,direct_jal_target
sub_088D69C8,0x088D69C8,64,21,2,0,0,false,relocated_r_mips32_code_pointer
sub_088D69D4,0x088D69D4,64,21,2,0,0,false,relocated_r_mips32_code_pointer
sub_088D6AC4,0x088D6AC4,204,51,2,0,0,false,direct_jal_target
sub_088D6E94,0x088D6E94,145,41,6,0,0,false,direct_jal_target
sub_088D7170,0x088D7170,189,86,13,0,0,false,direct_jal_target
sub_088D75A8,0x088D75A8,68,32,10,0,0,false,direct_jal_target
sub_088D7A00,0x088D7A00,123,57,8,6,0,false,direct_jal_target
sub_088D7CCC,0x088D7CCC,307,119,14,5,0,false,direct_jal_target
sub_088D83D4,0x088D83D4,32,10,0,1,0,false,direct_jal_target
sub_088D8470,0x088D8470,3,1,0,0,0,false,direct_jal_target
sub_088D8480,0x088D8480,15,4,0,0,0,false,direct_jal_target
sub_088D84CC,0x088D84CC,3,1,1,0,0,false,relocated_r_mips32_code_pointer
sub_088D84DC,0x088D84DC,3,1,1,0,0,false,relocated_r_mips32_code_pointer
sub_088D84EC,0x088D84EC,3,1,1,0,0,false,relocated_r_mips32_code_pointer
sub_088D84FC,0x088D84FC,3,1,1,0,0,false,relocated_r_mips32_code_pointer
sub_088D850C,0x088D850C,3,1,1,0,0,false,relocated_r_mips32_code_pointer
sub_088D851C,0x088D851C,3,1,1,0,0,false,relocated_r_mips32_code_pointer
sub_088D8668,0x088D8668,64,21,2,0,0,false,relocated_r_mips32_code_pointer
sub_088D8674,0x088D8674,64,21,2,0,0,false,relocated_r_mips32_code_pointer
sub_088D8680,0x088D8680,39,16,2,0,0,false,direct_jal_target
sub_088D8748,0x088D8748,38,7,1,0,0,false,direct_jal_target
sub_088D87FC,0x088D87FC,69,11,3,0,0,false,direct_jal_target
sub_088D893C,0x088D893C,120,49,1,0,2,false,direct_jal_target
sub_088D8BB0,0x088D8BB0,141,32,6,0,0,false,direct_jal_target
sub_088D8E5C,0x088D8E5C,149,39,5,0,0,false,direct_jal_target
sub_088D9130,0x088D9130,2,1,0,0,0,false,direct_jal_target
sub_088D913C,0x088D913C,81,20,3,0,0,false,direct_jal_target
sub_088D92C0,0x088D92C0,109,31,4,0,0,false,direct_jal_target
sub_088D9540,0x088D9540,50,10,2,0,0,false,direct_jal_target
sub_088D962C,0x088D962C,258,93,5,1,0,false,direct_jal_target
sub_088D9B38,0x088D9B38,220,60,6,2,0,false,direct_jal_target
sub_088D9F64,0x088D9F64,44,9,1,2,0,false,direct_jal_target
sub_088DA030,0x088DA030,367,94,7,1,0,false,direct_jal_target
sub_088DA734,0x088DA734,214,52,4,0,0,false,direct_jal_target
sub_088DAB24,0x088DAB24,48,14,2,0,0,false,direct_jal_target
sub_088DAC14,0x088DAC14,174,53,5,3,0,false,direct_jal_target
sub_088DAF64,0x088DAF64,119,35,2,2,0,false,direct_jal_target
sub_088DB1BC,0x088DB1BC,34,8,2,0,0,false,direct_jal_target
sub_088DB224,0x088DB224,23,7,2,0,0,false,relocated_r_mips32_code_pointer
sub_088DB268,0x088DB268,37,14,3,0,0,false,relocated_r_mips32_code_pointer
sub_088DB2B8,0x088DB2B8,23,8,2,0,0,false,relocated_r_mips32_code_pointer
sub_088DB2C0,0x088DB2C0,36,15,6,0,0,false,relocated_r_mips32_code_pointer
sub_088DB304,0x088DB304,28,9,3,0,0,false,relocated_r_mips32_code_pointer
sub_088DB324,0x088DB324,29,12,4,0,0,false,relocated_r_mips32_code_pointer
sub_088DB350,0x088DB350,26,9,3,0,0,false,relocated_r_mips32_code_pointer
sub_088DB368,0x088DB368,44,17,3,0,0,false,relocated_r_mips32_code_pointer
sub_088DB3BC,0x088DB3BC,25,9,3,0,0,false,relocated_r_mips32_code_pointer
sub_088DB3D0,0x088DB3D0,25,9,3,0,0,false,relocated_r_mips32_code_pointer
sub_088DB3E4,0x088DB3E4,29,8,2,0,0,false,relocated_r_mips32_code_pointer
sub_088DB404,0x088DB404,25,8,2,0,0,false,relocated_r_mips32_code_pointer
sub_088DB414,0x088DB414,25,9,3,0,0,false,relocated_r_mips32_code_pointer
sub_088DB428,0x088DB428,25,9,3,0,0,false,relocated_r_mips32_code_pointer
sub_088DB574,0x088DB574,167,52,5,2,0,false,direct_jal_target
sub_088DB8B4,0x088DB8B4,260,88,5,6,0,false,direct_jal_target
sub_088DBDB8,0x088DBDB8,419,141,24,5,0,false,direct_jal_target
sub_088DC610,0x088DC610,416,90,7,4,0,false,direct_jal_target
sub_088DCDA0,0x088DCDA0,145,46,3,0,0,false,direct_jal_target
sub_088DD05C,0x088DD05C,142,43,3,1,0,false,direct_jal_target
sub_088DD308,0x088DD308,202,59,3,0,0,false,direct_jal_target
sub_088DD6DC,0x088DD6DC,210,69,4,0,0,false,direct_jal_target
sub_088DDAE4,0x088DDAE4,178,62,16,0,0,false,direct_jal_target
sub_088DDE78,0x088DDE78,44,10,4,1,0,false,direct_jal_target
sub_088DDED0,0x088DDED0,29,6,2,1,0,false,relocated_r_mips32_code_pointer
sub_088DDF5C,0x088DDF5C,35,8,3,1,0,false,relocated_r_mips32_code_pointer
sub_088DDF84,0x088DDF84,48,13,4,1,0,false,relocated_r_mips32_code_pointer
sub_088DDFD4,0x088DDFD4,69,21,5,1,0,false,relocated_r_mips32_code_pointer
sub_088DE098,0x088DE098,33,10,4,1,0,false,relocated_r_mips32_code_pointer
sub_088DE100,0x088DE100,128,30,10,0,0,false,direct_jal_target
sub_088DE5C8,0x088DE5C8,256,101,6,6,0,false,direct_jal_target
sub_088DEB00,0x088DEB00,207,77,8,5,0,false,direct_jal_target
sub_088DF360,0x088DF360,14,2,1,0,0,false,direct_jal_target
sub_088DF3F0,0x088DF3F0,3,1,1,0,0,false,relocated_r_mips32_code_pointer
sub_088DF400,0x088DF400,11,2,2,0,0,false,relocated_r_mips32_code_pointer
sub_088DF434,0x088DF434,37,4,1,0,0,false,relocated_r_mips32_code_pointer
sub_088DF4D8,0x088DF4D8,1,1,1,0,0,false,relocated_r_mips32_code_pointer
sub_088DF4E0,0x088DF4E0,1,1,1,0,0,false,relocated_r_mips32_code_pointer
sub_088DF4E8,0x088DF4E8,5,2,1,0,0,false,relocated_r_mips32_code_pointer
sub_088DF504,0x088DF504,6,1,0,0,0,false,direct_jal_target
sub_088DF5BC,0x088DF5BC,31,11,2,0,0,false,relocated_r_mips32_code_pointer
sub_088DF5C8,0x088DF5C8,31,11,2,0,0,false,relocated_r_mips32_code_pointer
sub_088DF5D4,0x088DF5D4,1,1,0,0,0,false,direct_jal_target
sub_088DF5DC,0x088DF5DC,1,1,0,0,0,false,direct_jal_target
sub_088DF5E4,0x088DF5E4,5,1,0,0,0,false,direct_jal_target
sub_088DF5FC,0x088DF5FC,26,6,0,0,0,false,direct_jal_target
sub_088DF674,0x088DF674,106,25,3,0,0,false,direct_jal_target
sub_088DF864,0x088DF864,9,2,1,0,0,false,direct_jal_target
sub_088DF890,0x088DF890,3,1,0,0,0,false,direct_jal_target
sub_088DF9DC,0x088DF9DC,64,21,2,0,0,false,relocated_r_mips32_code_pointer
sub_088DF9E8,0x088DF9E8,64,21,2,0,0,false,relocated_r_mips32_code_pointer
sub_088DF9F4,0x088DF9F4,66,16,4,0,0,false,direct_jal_target
sub_088DFB30,0x088DFB30,29,12,0,0,0,false,direct_jal_target
sub_088DFBCC,0x088DFBCC,21,9,0,0,0,false,direct_jal_target
sub_088DFC40,0x088DFC40,27,10,0,0,0,false,direct_jal_target
sub_088DFCC8,0x088DFCC8,42,11,0,0,0,false,direct_jal_target
sub_088DFD94,0x088DFD94,30,7,0,0,0,false,direct_jal_target
sub_088DFE20,0x088DFE20,45,20,1,1,0,false,direct_jal_target
sub_088DFFF8,0x088DFFF8,3,1,0,0,0,false,direct_jal_target
sub_088E0018,0x088E0018,35,2,0,1,0,false,direct_jal_target
sub_088E00AC,0x088E00AC,78,16,1,0,0,false,direct_jal_target
sub_088E0214,0x088E0214,141,29,2,0,0,false,direct_jal_target
sub_088E04A0,0x088E04A0,191,54,4,0,0,false,direct_jal_target
sub_088E0844,0x088E0844,72,15,1,0,0,false,direct_jal_target
sub_088E0990,0x088E0990,188,32,2,0,0,false,direct_jal_target
sub_088E0CDC,0x088E0CDC,82,10,1,1,0,false,direct_jal_target
sub_088E0E44,0x088E0E44,119,22,5,0,0,false,direct_jal_target
sub_088E106C,0x088E106C,29,4,2,1,0,false,direct_jal_target
sub_088E10F0,0x088E10F0,202,51,7,3,0,false,direct_jal_target
sub_088E1910,0x088E1910,33,13,4,0,0,false,direct_jal_target
sub_088E1ADC,0x088E1ADC,57,20,3,3,0,false,direct_jal_target
sub_088E1CA0,0x088E1CA0,35,8,2,0,0,false,direct_jal_target
sub_088E1D4C,0x088E1D4C,50,18,4,0,0,false,direct_jal_target
sub_088E1FB4,0x088E1FB4,72,21,2,0,0,false,relocated_r_mips32_code_pointer
sub_088E1FC0,0x088E1FC0,72,21,2,0,0,false,relocated_r_mips32_code_pointer
sub_088E1FCC,0x088E1FCC,280,83,10,1,0,false,direct_jal_target
sub_088E2554,0x088E2554,74,21,11,0,0,false,direct_jal_target
sub_088E26CC,0x088E26CC,27,7,2,1,0,false,direct_jal_target
sub_088E27F0,0x088E27F0,31,11,2,0,0,false,relocated_r_mips32_code_pointer
sub_088E27FC,0x088E27FC,31,11,2,0,0,false,relocated_r_mips32_code_pointer
sub_088E2808,0x088E2808,51,7,4,0,0,false,direct_jal_target
sub_088E28F0,0x088E28F0,12,6,0,0,0,false,direct_jal_target
sub_088E2934,0x088E2934,54,12,3,1,0,false,direct_jal_target
sub_088E2A34,0x088E2A34,12,3,2,0,0,false,direct_jal_target
sub_088E2AAC,0x088E2AAC,50,15,1,3,0,false,direct_jal_target
sub_088E2BA8,0x088E2BA8,36,17,3,2,0,false,direct_jal_target
sub_088E2D30,0x088E2D30,77,18,5,2,0,false,direct_jal_target
sub_088E2E9C,0x088E2E9C,58,17,11,0,0,false,direct_jal_target
sub_088E2F10,0x088E2F10,24,8,1,1,0,false,relocated_r_mips32_code_pointer
sub_088E2F64,0x088E2F64,3,1,0,0,0,false,relocated_r_mips32_code_pointer
sub_088E2F8C,0x088E2F8C,95,16,5,4,0,false,relocated_r_mips32_code_pointer
sub_088E2FA0,0x088E2FA0,32,17,3,0,0,false,relocated_r_mips32_code_pointer
sub_088E2FB4,0x088E2FB4,19,6,3,0,0,false,relocated_r_mips32_code_pointer
sub_088E2FC8,0x088E2FC8,37,9,3,0,0,false,relocated_r_mips32_code_pointer
sub_088E2FDC,0x088E2FDC,34,7,4,0,0,false,relocated_r_mips32_code_pointer
sub_088E31BC,0x088E31BC,64,21,2,0,0,false,relocated_r_mips32_code_pointer
sub_088E31C8,0x088E31C8,64,21,2,0,0,false,relocated_r_mips32_code_pointer
sub_088E3248,0x088E3248,32,4,1,0,0,false,direct_jal_target
sub_088E32B0,0x088E32B0,36,6,2,0,0,false,relocated_r_mips32_code_pointer
sub_088E3358,0x088E3358,36,7,2,0,0,false,relocated_r_mips32_code_pointer
sub_088E33DC,0x088E33DC,35,7,2,0,0,false,relocated_r_mips32_code_pointer
sub_088E345C,0x088E345C,36,7,2,0,0,false,relocated_r_mips32_code_pointer
sub_088E34E0,0x088E34E0,35,7,2,0,0,false,relocated_r_mips32_code_pointer
sub_088E3560,0x088E3560,36,7,2,0,0,false,relocated_r_mips32_code_pointer
sub_088E356C,0x088E356C,36,7,2,0,0,false,relocated_r_mips32_code_pointer
sub_088E3578,0x088E3578,36,7,2,0,0,false,relocated_r_mips32_code_pointer
sub_088E35FC,0x088E35FC,36,7,2,0,0,false,relocated_r_mips32_code_pointer
sub_088E3744,0x088E3744,58,23,13,2,0,false,relocated_r_mips32_code_pointer
sub_088E3880,0x088E3880,59,24,14,2,0,false,relocated_r_mips32_code_pointer
sub_088E39C4,0x088E39C4,120,43,14,1,0,false,direct_jal_target
sub_088E3C88,0x088E3C88,8,4,1,0,0,false,relocated_r_mips32_code_pointer
sub_088E3C9C,0x088E3C9C,5,1,0,0,0,false,relocated_r_mips32_code_pointer
sub_088E3CB4,0x088E3CB4,24,7,3,0,0,false,relocated_r_mips32_code_pointer
sub_088E3D14,0x088E3D14,10,5,3,0,0,false,relocated_r_mips32_code_pointer
sub_088E3D3C,0x088E3D3C,66,12,3,0,0,false,relocated_r_mips32_code_pointer
sub_088E3D88,0x088E3D88,26,8,3,0,0,false,relocated_r_mips32_code_pointer
sub_088E3ED0,0x088E3ED0,94,33,6,2,0,false,relocated_r_mips32_code_pointer
sub_088E412C,0x088E412C,31,11,2,0,0,false,relocated_r_mips32_code_pointer
sub_088E4138,0x088E4138,31,11,2,0,0,false,relocated_r_mips32_code_pointer
sub_088E4144,0x088E4144,35,3,1,0,0,false,direct_jal_target
sub_088E41DC,0x088E41DC,20,1,0,0,0,false,direct_jal_target
sub_088E4374,0x088E4374,47,17,0,3,0,false,direct_jal_target
sub_088E4464,0x088E4464,158,9,1,2,0,false,direct_jal_target
sub_088E46FC,0x088E46FC,209,19,1,1,0,false,direct_jal_target
sub_088E4A78,0x088E4A78,110,12,4,1,0,false,direct_jal_target
sub_088E4C5C,0x088E4C5C,144,20,2,0,0,false,direct_jal_target
sub_088E4EE4,0x088E4EE4,64,13,7,0,0,false,direct_jal_target
sub_088E4F60,0x088E4F60,1,1,0,0,0,false,direct_jal_target
sub_088E4F68,0x088E4F68,15,4,0,0,0,false,relocated_r_mips32_code_pointer
sub_088E4F8C,0x088E4F8C,3,1,0,0,0,false,relocated_r_mips32_code_pointer
sub_088E4FB4,0x088E4FB4,85,18,5,3,0,false,relocated_r_mips32_code_pointer
sub_088E4FC8,0x088E4FC8,44,14,3,0,0,false,relocated_r_mips32_code_pointer
sub_088E4FDC,0x088E4FDC,4,1,1,0,0,false,relocated_r_mips32_code_pointer
sub_088E4FF0,0x088E4FF0,6,2,2,0,0,false,relocated_r_mips32_code_pointer
sub_088E5010,0x088E5010,28,8,3,0,0,false,relocated_r_mips32_code_pointer
sub_088E5024,0x088E5024,80,29,15,1,0,false,relocated_r_mips32_code_pointer
sub_088E5330,0x088E5330,72,21,2,0,0,false,relocated_r_mips32_code_pointer
sub_088E533C,0x088E533C,72,21,2,0,0,false,relocated_r_mips32_code_pointer
sub_088E542C,0x088E542C,12,4,1,0,0,false,relocated_r_mips32_code_pointer
sub_088E5468,0x088E5468,217,74,2,8,0,false,direct_jal_target
sub_088E58A0,0x088E58A0,179,54,10,5,0,false,relocated_r_mips32_code_pointer
sub_088E5C24,0x088E5C24,405,84,8,33,0,false,direct_jal_target
sub_088E65BC,0x088E65BC,89,44,12,6,0,false,relocated_r_mips32_code_pointer
sub_088E67BC,0x088E67BC,90,45,12,6,0,false,relocated_r_mips32_code_pointer
sub_088E69C4,0x088E69C4,21,3,0,0,0,false,direct_jal_target
sub_088E6A08,0x088E6A08,113,35,11,5,0,false,relocated_r_mips32_code_pointer
sub_088E6BD8,0x088E6BD8,16,5,3,0,0,false,relocated_r_mips32_code_pointer
sub_088E6C10,0x088E6C10,15,5,3,0,0,false,relocated_r_mips32_code_pointer
sub_088E6C44,0x088E6C44,16,4,1,0,0,false,relocated_r_mips32_code_pointer
sub_088E6C7C,0x088E6C7C,13,3,1,0,0,false,relocated_r_mips32_code_pointer
sub_088E6CA0,0x088E6CA0,13,4,1,0,0,false,relocated_r_mips32_code_pointer
sub_088E6D98,0x088E6D98,22,9,5,1,0,false,relocated_r_mips32_code_pointer
sub_088E6E10,0x088E6E10,6,3,1,0,0,false,relocated_r_mips32_code_pointer
sub_088E6E20,0x088E6E20,7,3,1,0,0,false,relocated_r_mips32_code_pointer
sub_088E6E34,0x088E6E34,30,6,3,0,0,false,relocated_r_mips32_code_pointer
sub_088E6EB0,0x088E6EB0,6,3,1,0,0,false,relocated_r_mips32_code_pointer
sub_088E6EC0,0x088E6EC0,6,3,1,0,0,false,relocated_r_mips32_code_pointer
sub_088E6ED0,0x088E6ED0,6,3,1,0,0,false,relocated_r_mips32_code_pointer
sub_088E6EE0,0x088E6EE0,118,40,7,3,0,false,relocated_r_mips32_code_pointer
sub_088E721C,0x088E721C,82,1,0,0,0,false,direct_jal_target
sub_088E7540,0x088E7540,64,21,2,0,0,false,relocated_r_mips32_code_pointer
sub_088E754C,0x088E754C,64,21,2,0,0,false,relocated_r_mips32_code_pointer
sub_088E75B0,0x088E75B0,13,3,0,0,0,false,direct_jal_target
sub_088E75F0,0x088E75F0,9,3,0,0,0,false,relocated_r_mips32_code_pointer
sub_088E7614,0x088E7614,1,1,0,0,0,false,relocated_r_mips32_code_pointer
sub_088E761C,0x088E761C,5,1,0,0,0,false,relocated_r_mips32_code_pointer
sub_088E7634,0x088E7634,5,1,0,0,0,false,relocated_r_mips32_code_pointer
sub_088E764C,0x088E764C,24,6,0,0,0,false,relocated_r_mips32_code_pointer
sub_088E7668,0x088E7668,24,6,0,0,0,false,relocated_r_mips32_code_pointer
sub_088E7684,0x088E7684,56,11,1,0,0,false,direct_jal_target
sub_088E7784,0x088E7784,94,10,1,0,0,false,direct_jal_target
sub_088E79EC,0x088E79EC,147,34,3,0,4,false,direct_jal_target
sub_088E7DF8,0x088E7DF8,122,34,2,0,0,false,direct_jal_target
sub_088E8138,0x088E8138,58,8,2,0,0,false,relocated_r_mips32_code_pointer
sub_088E818C,0x088E818C,26,6,1,0,0,false,relocated_r_mips32_code_pointer
sub_088E8194,0x088E8194,22,4,1,0,0,false,relocated_r_mips32_code_pointer
sub_088E81E8,0x088E81E8,17,6,1,0,0,false,relocated_r_mips32_code_pointer
sub_088E8224,0x088E8224,22,7,3,0,0,false,relocated_r_mips32_code_pointer
sub_088E8270,0x088E8270,20,7,1,0,0,false,relocated_r_mips32_code_pointer
sub_088E82AC,0x088E82AC,13,3,1,0,0,false,relocated_r_mips32_code_pointer
sub_088E82D8,0x088E82D8,22,4,1,0,0,false,relocated_r_mips32_code_pointer
sub_088E832C,0x088E832C,46,15,3,0,0,false,relocated_r_mips32_code_pointer
sub_088E83D4,0x088E83D4,16,5,1,0,0,false,relocated_r_mips32_code_pointer
sub_088E8404,0x088E8404,25,8,1,0,0,false,relocated_r_mips32_code_pointer
sub_088E8570,0x088E8570,13,3,1,0,0,false,direct_jal_target
sub_088E85A8,0x088E85A8,14,7,0,0,0,false,direct_jal_target
sub_088E868C,0x088E868C,2,1,0,0,0,false,direct_jal_target
sub_088E87D4,0x088E87D4,64,21,2,0,0,false,relocated_r_mips32_code_pointer
sub_088E87E0,0x088E87E0,64,21,2,0,0,false,relocated_r_mips32_code_pointer
sub_088E87EC,0x088E87EC,12,2,2,0,0,false,direct_jal_target
sub_088E8824,0x088E8824,51,9,1,1,0,false,direct_jal_target
sub_088E890C,0x088E890C,35,5,1,0,0,false,direct_jal_target
sub_088E8AF4,0x088E8AF4,18,2,0,1,0,false,direct_jal_target
sub_088E8B44,0x088E8B44,18,2,0,1,0,false,direct_jal_target
sub_088E8B94,0x088E8B94,97,18,1,0,0,false,direct_jal_target
sub_088E8BFC,0x088E8BFC,27,4,1,0,0,false,direct_jal_target
sub_088E8C78,0x088E8C78,14,1,0,0,0,false,direct_jal_target
sub_088E8D48,0x088E8D48,48,8,1,0,0,false,direct_jal_target
sub_088E8E90,0x088E8E90,89,5,2,0,0,false,direct_jal_target
sub_088E9178,0x088E9178,22,8,1,1,0,false,direct_jal_target
sub_088E92E8,0x088E92E8,277,48,3,2,0,false,direct_jal_target
sub_088E97D4,0x088E97D4,52,10,2,1,0,false,direct_jal_target
sub_088E9978,0x088E9978,66,11,1,0,0,false,direct_jal_target
sub_088E9AA0,0x088E9AA0,15,3,0,0,0,false,direct_jal_target
sub_088E9ADC,0x088E9ADC,64,19,0,0,0,false,relocated_r_mips32_code_pointer
sub_088E9AE8,0x088E9AE8,3,1,0,0,0,false,relocated_r_mips32_code_pointer
sub_088E9AF8,0x088E9AF8,34,11,1,1,0,false,relocated_r_mips32_code_pointer
sub_088E9B4C,0x088E9B4C,19,6,2,0,0,false,relocated_r_mips32_code_pointer
sub_088E9B7C,0x088E9B7C,46,8,2,1,0,false,relocated_r_mips32_code_pointer
sub_088E9B90,0x088E9B90,17,5,1,0,0,false,relocated_r_mips32_code_pointer
sub_088E9BB4,0x088E9BB4,58,21,3,0,0,false,relocated_r_mips32_code_pointer
sub_088E9BC8,0x088E9BC8,43,8,3,0,0,false,relocated_r_mips32_code_pointer
sub_088E9BDC,0x088E9BDC,149,29,5,1,0,false,relocated_r_mips32_code_pointer
sub_088E9BF0,0x088E9BF0,18,8,2,0,0,false,relocated_r_mips32_code_pointer
sub_088E9C1C,0x088E9C1C,47,8,1,1,0,false,relocated_r_mips32_code_pointer
sub_088E9C30,0x088E9C30,44,13,3,0,0,false,relocated_r_mips32_code_pointer
sub_088E9CA8,0x088E9CA8,18,8,2,0,0,false,relocated_r_mips32_code_pointer
sub_088E9DE8,0x088E9DE8,1,1,1,0,0,false,direct_jal_target
sub_088E9DF0,0x088E9DF0,3,1,1,0,0,false,direct_jal_target
sub_088E9E00,0x088E9E00,7,1,1,0,0,false,direct_jal_target
sub_088E9E20,0x088E9E20,96,25,4,0,0,false,direct_jal_target
sub_088EA1AC,0x088EA1AC,43,9,3,0,0,false,direct_jal_target
sub_088EA554,0x088EA554,76,8,3,0,0,false,direct_jal_target
sub_088EA948,0x088EA948,43,6,2,0,0,false,direct_jal_target
sub_088EAA0C,0x088EAA0C,65,5,2,0,0,false,direct_jal_target
sub_088EABB8,0x088EABB8,29,9,4,0,0,false,direct_jal_target
sub_088EAC4C,0x088EAC4C,22,3,2,0,0,false,direct_jal_target
sub_088EACB0,0x088EACB0,8,1,1,0,0,false,direct_jal_target
sub_088EACD4,0x088EACD4,1,1,0,0,0,false,direct_jal_target
sub_088EAD44,0x088EAD44,2,1,1,0,0,false,direct_jal_target
sub_088EAD50,0x088EAD50,90,28,10,2,0,false,direct_jal_target
sub_088EB05C,0x088EB05C,64,21,2,0,0,false,relocated_r_mips32_code_pointer
sub_088EB068,0x088EB068,64,21,2,0,0,false,relocated_r_mips32_code_pointer
sub_088EB074,0x088EB074,47,13,4,0,0,false,direct_jal_target
sub_088EB160,0x088EB160,75,22,10,0,0,false,direct_jal_target
sub_088EB2E0,0x088EB2E0,12,3,1,0,0,false,direct_jal_target
sub_088EB55C,0x088EB55C,468,157,19,1,0,false,direct_jal_target
sub_088EC000,0x088EC000,64,21,2,0,0,false,relocated_r_mips32_code_pointer
sub_088EC00C,0x088EC00C,64,21,2,0,0,false,relocated_r_mips32_code_pointer
sub_088EC018,0x088EC018,119,26,0,0,0,false,direct_jal_target
sub_088EC258,0x088EC258,197,44,2,0,0,false,relocated_r_mips32_code_pointer
sub_088EC5F4,0x088EC5F4,58,3,2,0,0,false,direct_jal_target
sub_088EC6E8,0x088EC6E8,68,12,1,2,0,false,relocated_r_mips32_code_pointer
sub_088EC9C8,0x088EC9C8,100,8,4,0,0,false,direct_jal_target
sub_088ECCA4,0x088ECCA4,67,12,0,2,0,false,relocated_r_mips32_code_pointer
sub_088ECE30,0x088ECE30,20,4,1,0,0,false,direct_jal_target
sub_088ECE9C,0x088ECE9C,3,1,1,0,0,false,relocated_r_mips32_code_pointer
sub_088ECEAC,0x088ECEAC,11,2,2,0,0,false,relocated_r_mips32_code_pointer
sub_088ECF2C,0x088ECF2C,1,1,0,0,0,false,relocated_r_mips32_code_pointer
sub_088ECF30,0x088ECF30,1,1,0,0,0,false,relocated_r_mips32_code_pointer
sub_088ECF38,0x088ECF38,1,1,0,0,0,false,relocated_r_mips32_code_pointer
sub_088ECF40,0x088ECF40,1,1,0,0,0,false,relocated_r_mips32_code_pointer
sub_088ECF48,0x088ECF48,1,1,0,0,0,false,relocated_r_mips32_code_pointer
sub_088ECF50,0x088ECF50,1,1,0,0,0,false,relocated_r_mips32_code_pointer
sub_088ECF58,0x088ECF58,2,1,0,0,0,false,relocated_r_mips32_code_pointer
sub_088ECF64,0x088ECF64,1,1,0,0,0,false,relocated_r_mips32_code_pointer
sub_088ECF6C,0x088ECF6C,1,1,0,0,0,false,relocated_r_mips32_code_pointer
sub_088ECF74,0x088ECF74,1,1,0,0,0,false,relocated_r_mips32_code_pointer
sub_088ECF7C,0x088ECF7C,1,1,0,0,0,false,relocated_r_mips32_code_pointer
sub_088ECF84,0x088ECF84,1,1,0,0,0,false,relocated_r_mips32_code_pointer
sub_088ECF8C,0x088ECF8C,1,1,0,0,0,false,relocated_r_mips32_code_pointer
sub_088ECF94,0x088ECF94,1,1,0,0,0,false,relocated_r_mips32_code_pointer
sub_088ECF9C,0x088ECF9C,1,1,0,0,0,false,relocated_r_mips32_code_pointer
sub_088ECFA4,0x088ECFA4,1,1,0,0,0,false,relocated_r_mips32_code_pointer
sub_088ECFAC,0x088ECFAC,63,14,1,0,0,false,relocated_r_mips32_code_pointer
sub_088ED0D0,0x088ED0D0,49,20,0,0,0,false,relocated_r_mips32_code_pointer
sub_088ED204,0x088ED204,1,1,0,0,0,false,relocated_r_mips32_code_pointer
sub_088ED20C,0x088ED20C,1,1,0,0,0,false,relocated_r_mips32_code_pointer
sub_088ED214,0x088ED214,1,1,0,0,0,false,relocated_r_mips32_code_pointer
sub_088ED21C,0x088ED21C,1,1,0,0,0,false,relocated_r_mips32_code_pointer
sub_088ED224,0x088ED224,1,1,0,0,0,false,relocated_r_mips32_code_pointer
sub_088ED22C,0x088ED22C,1,1,0,0,0,false,relocated_r_mips32_code_pointer
sub_088ED234,0x088ED234,1,1,0,0,0,false,relocated_r_mips32_code_pointer
sub_088ED23C,0x088ED23C,1,1,0,0,0,false,relocated_r_mips32_code_pointer
sub_088ED244,0x088ED244,1,1,0,0,0,false,relocated_r_mips32_code_pointer
sub_088ED24C,0x088ED24C,1,1,0,0,0,false,relocated_r_mips32_code_pointer
sub_088ED254,0x088ED254,1,1,0,0,0,false,relocated_r_mips32_code_pointer
sub_088ED25C,0x088ED25C,1,1,0,0,0,false,relocated_r_mips32_code_pointer
sub_088ED264,0x088ED264,1,1,0,0,0,false,relocated_r_mips32_code_pointer
sub_088ED26C,0x088ED26C,1,1,0,0,0,false,relocated_r_mips32_code_pointer
sub_088ED274,0x088ED274,1,1,0,0,0,false,relocated_r_mips32_code_pointer
sub_088ED318,0x088ED318,31,11,2,0,0,false,relocated_r_mips32_code_pointer
sub_088ED324,0x088ED324,31,11,2,0,0,false,relocated_r_mips32_code_pointer
sub_088ED358,0x088ED358,8,1,0,0,0,false,relocated_r_mips32_code_pointer
sub_088ED37C,0x088ED37C,8,2,0,0,0,false,relocated_r_mips32_code_pointer
sub_088ED384,0x088ED384,8,2,0,0,0,false,relocated_r_mips32_code_pointer
sub_088ED38C,0x088ED38C,8,2,0,0,0,false,relocated_r_mips32_code_pointer
sub_088ED394,0x088ED394,8,2,0,0,0,false,relocated_r_mips32_code_pointer
sub_088ED39C,0x088ED39C,8,2,0,0,0,false,relocated_r_mips32_code_pointer
sub_088ED3A4,0x088ED3A4,8,2,0,0,0,false,relocated_r_mips32_code_pointer
sub_088ED3AC,0x088ED3AC,8,2,0,0,0,false,relocated_r_mips32_code_pointer
sub_088ED3B4,0x088ED3B4,8,2,0,0,0,false,relocated_r_mips32_code_pointer
sub_088ED3BC,0x088ED3BC,8,2,0,0,0,false,relocated_r_mips32_code_pointer
sub_088ED3C4,0x088ED3C4,8,2,0,0,0,false,relocated_r_mips32_code_pointer
sub_088ED3CC,0x088ED3CC,8,2,0,0,0,false,relocated_r_mips32_code_pointer
sub_088ED3D4,0x088ED3D4,8,2,0,0,0,false,relocated_r_mips32_code_pointer
sub_088ED3DC,0x088ED3DC,8,2,0,0,0,false,relocated_r_mips32_code_pointer
sub_088ED3E4,0x088ED3E4,8,2,0,0,0,false,relocated_r_mips32_code_pointer
sub_088ED3EC,0x088ED3EC,89,11,0,0,0,false,relocated_r_mips32_code_pointer
sub_088ED574,0x088ED574,27,10,0,0,0,false,relocated_r_mips32_code_pointer
sub_088ED59C,0x088ED59C,1,1,0,0,0,false,relocated_r_mips32_code_pointer
sub_088ED604,0x088ED604,1,1,0,0,0,false,relocated_r_mips32_code_pointer
sub_088ED60C,0x088ED60C,1,1,0,0,0,false,relocated_r_mips32_code_pointer
sub_088ED614,0x088ED614,1,1,0,0,0,false,relocated_r_mips32_code_pointer
sub_088ED61C,0x088ED61C,1,1,0,0,0,false,relocated_r_mips32_code_pointer
sub_088ED624,0x088ED624,1,1,0,0,0,false,relocated_r_mips32_code_pointer
sub_088ED62C,0x088ED62C,2,1,0,0,0,false,relocated_r_mips32_code_pointer
sub_088ED638,0x088ED638,1,1,0,0,0,false,relocated_r_mips32_code_pointer
sub_088ED640,0x088ED640,1,1,0,0,0,false,relocated_r_mips32_code_pointer
sub_088ED648,0x088ED648,1,1,0,0,0,false,relocated_r_mips32_code_pointer
sub_088ED650,0x088ED650,1,1,0,0,0,false,relocated_r_mips32_code_pointer
sub_088ED658,0x088ED658,1,1,0,0,0,false,relocated_r_mips32_code_pointer
sub_088ED660,0x088ED660,1,1,0,0,0,false,relocated_r_mips32_code_pointer
sub_088ED668,0x088ED668,1,1,0,0,0,false,relocated_r_mips32_code_pointer
sub_088ED670,0x088ED670,1,1,0,0,0,false,relocated_r_mips32_code_pointer
sub_088ED678,0x088ED678,1,1,0,0,0,false,relocated_r_mips32_code_pointer
sub_088ED708,0x088ED708,1,1,1,0,0,false,relocated_r_mips32_code_pointer
sub_088ED710,0x088ED710,18,3,1,0,0,false,relocated_r_mips32_code_pointer
sub_088ED8B0,0x088ED8B0,3,3,0,0,0,false,direct_jal_target
sub_088ED8C8,0x088ED8C8,36,19,0,0,0,false,direct_jal_target
sub_088ED990,0x088ED990,36,9,1,0,0,false,direct_jal_target
sub_088EDC6C,0x088EDC6C,64,21,2,0,0,false,relocated_r_mips32_code_pointer
sub_088EDC78,0x088EDC78,64,21,2,0,0,false,relocated_r_mips32_code_pointer
sub_088EDCDC,0x088EDCDC,23,5,1,0,0,false,direct_jal_target
sub_088EDD14,0x088EDD14,2,1,1,0,0,false,relocated_r_mips32_code_pointer
sub_088EDD4C,0x088EDD4C,3,1,1,0,0,false,relocated_r_mips32_code_pointer
sub_088EDD5C,0x088EDD5C,3,1,1,0,0,false,relocated_r_mips32_code_pointer
sub_088EDD6C,0x088EDD6C,3,1,1,0,0,false,relocated_r_mips32_code_pointer
sub_088EDD7C,0x088EDD7C,3,1,1,0,0,false,relocated_r_mips32_code_pointer
sub_088EDD8C,0x088EDD8C,3,1,1,0,0,false,relocated_r_mips32_code_pointer
sub_088EDD9C,0x088EDD9C,3,1,1,0,0,false,relocated_r_mips32_code_pointer
sub_088EDDAC,0x088EDDAC,3,1,1,0,0,false,relocated_r_mips32_code_pointer
sub_088EDDBC,0x088EDDBC,3,1,1,0,0,false,relocated_r_mips32_code_pointer
sub_088EDDCC,0x088EDDCC,3,1,1,0,0,false,relocated_r_mips32_code_pointer
sub_088EDDDC,0x088EDDDC,3,1,1,0,0,false,relocated_r_mips32_code_pointer
sub_088EDDEC,0x088EDDEC,3,1,1,0,0,false,relocated_r_mips32_code_pointer
sub_088EDDFC,0x088EDDFC,3,1,1,0,0,false,relocated_r_mips32_code_pointer
sub_088EDE0C,0x088EDE0C,3,1,1,0,0,false,relocated_r_mips32_code_pointer
sub_088EDE1C,0x088EDE1C,121,33,1,0,0,false,direct_jal_target
sub_088EE078,0x088EE078,36,4,0,1,0,false,direct_jal_target
sub_088EE114,0x088EE114,110,24,12,1,0,false,direct_jal_target
sub_088EE324,0x088EE324,34,8,2,0,0,false,direct_jal_target
sub_088EE38C,0x088EE38C,23,7,2,0,0,false,relocated_r_mips32_code_pointer
sub_088EE3D0,0x088EE3D0,35,10,3,0,0,false,relocated_r_mips32_code_pointer
sub_088EE410,0x088EE410,35,10,3,0,0,false,relocated_r_mips32_code_pointer
sub_088EE450,0x088EE450,39,11,5,0,0,false,relocated_r_mips32_code_pointer
sub_088EE4A4,0x088EE4A4,36,10,3,0,0,false,relocated_r_mips32_code_pointer
sub_088EE4E8,0x088EE4E8,32,9,3,0,0,false,relocated_r_mips32_code_pointer
sub_088EE518,0x088EE518,48,9,2,1,0,false,relocated_r_mips32_code_pointer
sub_088EE588,0x088EE588,30,9,3,0,0,false,relocated_r_mips32_code_pointer
sub_088EE5B0,0x088EE5B0,25,9,3,0,0,false,relocated_r_mips32_code_pointer
sub_088EE5C4,0x088EE5C4,25,9,3,0,0,false,relocated_r_mips32_code_pointer
sub_088EE5D8,0x088EE5D8,25,9,3,0,0,false,relocated_r_mips32_code_pointer
sub_088EE5EC,0x088EE5EC,25,9,3,0,0,false,relocated_r_mips32_code_pointer
sub_088EE600,0x088EE600,36,12,4,0,0,false,relocated_r_mips32_code_pointer
sub_088EE648,0x088EE648,29,8,2,0,0,false,relocated_r_mips32_code_pointer
sub_088EE668,0x088EE668,39,14,6,0,0,false,relocated_r_mips32_code_pointer
sub_088EE6C4,0x088EE6C4,26,9,3,0,0,false,relocated_r_mips32_code_pointer
sub_088EE6DC,0x088EE6DC,20,2,2,0,0,false,relocated_r_mips32_code_pointer
sub_088EE734,0x088EE734,204,43,9,0,3,false,direct_jal_target
sub_088EEAF4,0x088EEAF4,43,9,7,0,0,false,direct_jal_target
sub_088EEC40,0x088EEC40,46,6,1,0,0,false,direct_jal_target
sub_088EED0C,0x088EED0C,178,27,5,2,0,false,direct_jal_target
sub_088EF030,0x088EF030,81,7,4,2,0,false,direct_jal_target
sub_088EF190,0x088EF190,151,32,12,4,0,false,direct_jal_target
sub_088EF468,0x088EF468,32,4,1,0,0,false,direct_jal_target
sub_088EF4F4,0x088EF4F4,319,48,12,4,0,false,direct_jal_target
sub_088EFA88,0x088EFA88,26,3,2,0,0,false,relocated_r_mips32_code_pointer
sub_088EFAFC,0x088EFAFC,124,51,13,4,0,false,direct_jal_target
sub_088EFE0C,0x088EFE0C,115,40,10,0,0,false,direct_jal_target
sub_088F0170,0x088F0170,56,13,7,0,0,false,direct_jal_target
sub_088F0280,0x088F0280,138,58,8,0,0,false,direct_jal_target
sub_088F0698,0x088F0698,56,13,7,0,0,false,direct_jal_target
sub_088F07A8,0x088F07A8,52,14,9,0,0,false,direct_jal_target
sub_088F09A8,0x088F09A8,54,15,3,0,0,false,direct_jal_target
sub_088F0AB0,0x088F0AB0,131,26,4,0,0,false,direct_jal_target
sub_088F0D10,0x088F0D10,202,39,8,1,0,false,direct_jal_target
sub_088F10BC,0x088F10BC,148,38,11,2,0,false,direct_jal_target
sub_088F14D4,0x088F14D4,136,29,11,3,0,false,relocated_r_mips32_code_pointer
sub_088F15E0,0x088F15E0,78,24,10,2,0,false,relocated_r_mips32_code_pointer
sub_088F1600,0x088F1600,77,23,10,2,0,false,relocated_r_mips32_code_pointer
sub_088F1618,0x088F1618,232,60,13,3,0,false,relocated_r_mips32_code_pointer
sub_088F1668,0x088F1668,114,32,12,2,0,false,relocated_r_mips32_code_pointer
sub_088F16D4,0x088F16D4,215,51,17,3,0,false,relocated_r_mips32_code_pointer
sub_088F1824,0x088F1824,138,33,11,2,0,false,relocated_r_mips32_code_pointer
sub_088F1BC4,0x088F1BC4,31,5,1,0,0,false,direct_jal_target
sub_088F1CB8,0x088F1CB8,21,5,3,0,0,false,direct_jal_target
sub_088F2004,0x088F2004,64,21,2,0,0,false,relocated_r_mips32_code_pointer
sub_088F2010,0x088F2010,64,21,2,0,0,false,relocated_r_mips32_code_pointer
sub_088F21E4,0x088F21E4,47,17,6,2,0,false,direct_jal_target
sub_088F22DC,0x088F22DC,308,103,4,0,0,false,direct_jal_target
sub_088F2928,0x088F2928,103,41,4,0,0,false,direct_jal_target
sub_088F2B68,0x088F2B68,33,14,5,0,0,false,direct_jal_target
sub_088F2C20,0x088F2C20,357,134,15,1,0,false,direct_jal_target
sub_088F34AC,0x088F34AC,40,8,3,0,0,false,direct_jal_target
sub_088F37A8,0x088F37A8,64,21,2,0,0,false,relocated_r_mips32_code_pointer
sub_088F37B4,0x088F37B4,64,21,2,0,0,false,relocated_r_mips32_code_pointer
sub_088F3804,0x088F3804,287,47,15,15,0,false,direct_jal_target
sub_088F3D30,0x088F3D30,81,24,4,5,0,false,direct_jal_target
sub_088F4044,0x088F4044,78,31,3,5,0,false,direct_jal_target
sub_088F42A4,0x088F42A4,42,7,3,0,0,false,direct_jal_target
sub_088F44E4,0x088F44E4,1,1,0,0,0,false,relocated_r_mips32_code_pointer
sub_088F4628,0x088F4628,64,21,2,0,0,false,relocated_r_mips32_code_pointer
sub_088F4634,0x088F4634,64,21,2,0,0,false,relocated_r_mips32_code_pointer
sub_088F4640,0x088F4640,62,6,1,3,0,false,direct_jal_target
sub_088F47CC,0x088F47CC,70,17,4,2,0,false,direct_jal_target
sub_088F4920,0x088F4920,782,273,13,0,0,false,direct_jal_target
sub_088F5880,0x088F5880,16,4,1,0,0,false,direct_jal_target
sub_088F5A64,0x088F5A64,85,22,6,0,0,false,direct_jal_target
sub_088F5EB0,0x088F5EB0,126,50,7,4,0,false,direct_jal_target
sub_088F6164,0x088F6164,31,7,4,0,0,false,direct_jal_target
sub_088F628C,0x088F628C,279,95,13,3,0,false,direct_jal_target
sub_088F684C,0x088F684C,101,32,11,1,0,false,direct_jal_target
sub_088F6B54,0x088F6B54,46,17,8,1,0,false,relocated_r_mips32_code_pointer
sub_088F6C4C,0x088F6C4C,47,18,9,1,0,false,relocated_r_mips32_code_pointer
sub_088F6DF0,0x088F6DF0,20,7,1,0,0,false,relocated_r_mips32_code_pointer
sub_088F6E54,0x088F6E54,21,7,2,0,0,false,relocated_r_mips32_code_pointer
sub_088F6F28,0x088F6F28,16,2,1,0,0,false,direct_jal_target
sub_088F6F70,0x088F6F70,16,6,0,0,1,false,direct_jal_target
sub_088F7018,0x088F7018,62,9,2,0,1,false,direct_jal_target
sub_088F71D0,0x088F71D0,31,11,2,0,0,false,relocated_r_mips32_code_pointer
sub_088F71DC,0x088F71DC,31,11,2,0,0,false,relocated_r_mips32_code_pointer
sub_088F71E8,0x088F71E8,51,12,0,0,2,false,direct_jal_target
sub_088F72E0,0x088F72E0,134,46,0,0,4,false,direct_jal_target
sub_088F758C,0x088F758C,248,61,13,5,0,false,direct_jal_target
sub_088F7A4C,0x088F7A4C,16,2,1,0,0,false,direct_jal_target
sub_088F7A94,0x088F7A94,49,7,0,0,0,false,direct_jal_target
sub_088F7B94,0x088F7B94,9,1,0,0,0,false,direct_jal_target
sub_088F7D34,0x088F7D34,69,28,5,2,0,false,direct_jal_target
sub_088F7EAC,0x088F7EAC,70,28,6,2,0,false,relocated_r_mips32_code_pointer
sub_088F8048,0x088F8048,7,1,0,0,0,false,direct_jal_target
sub_088F80CC,0x088F80CC,20,7,1,0,0,false,direct_jal_target
sub_088F8130,0x088F8130,21,7,2,0,0,false,relocated_r_mips32_code_pointer
sub_088F81A0,0x088F81A0,1,1,0,0,0,false,direct_jal_target
sub_088F81B0,0x088F81B0,1,1,0,0,0,false,direct_jal_target
sub_088F81B8,0x088F81B8,1,1,0,0,0,false,direct_jal_target
sub_088F8360,0x088F8360,64,21,2,0,0,false,relocated_r_mips32_code_pointer
sub_088F836C,0x088F836C,64,21,2,0,0,false,relocated_r_mips32_code_pointer
sub_088F83DC,0x088F83DC,21,5,2,0,0,false,direct_jal_target
sub_088F8440,0x088F8440,5,1,0,0,0,false,direct_jal_target
sub_088F8458,0x088F8458,6,1,0,0,0,false,direct_jal_target
sub_088F85B0,0x088F85B0,64,21,2,0,0,false,relocated_r_mips32_code_pointer
sub_088F85BC,0x088F85BC,64,21,2,0,0,false,relocated_r_mips32_code_pointer
sub_088F85C8,0x088F85C8,36,7,4,2,0,false,direct_jal_target
sub_088F8674,0x088F8674,55,11,4,2,0,false,direct_jal_target
sub_088F8840,0x088F8840,38,13,6,1,0,false,direct_jal_target
sub_088F8908,0x088F8908,275,98,10,1,0,false,direct_jal_target
sub_088F8EB4,0x088F8EB4,230,46,7,0,0,false,direct_jal_target
sub_088F92F4,0x088F92F4,108,29,12,1,0,false,direct_jal_target
sub_088F9510,0x088F9510,4,1,0,0,0,false,relocated_r_mips32_code_pointer
sub_088F9660,0x088F9660,64,21,2,0,0,false,relocated_r_mips32_code_pointer
sub_088F966C,0x088F966C,64,21,2,0,0,false,relocated_r_mips32_code_pointer
sub_088F9678,0x088F9678,20,3,2,0,0,false,relocated_r_mips32_code_pointer
sub_088F96D4,0x088F96D4,35,8,2,1,0,false,relocated_r_mips32_code_pointer
sub_088F977C,0x088F977C,15,9,0,0,0,false,direct_jal_target
sub_088F97DC,0x088F97DC,16,7,0,0,0,false,direct_jal_target
sub_088F9888,0x088F9888,70,10,5,1,0,false,relocated_r_mips32_code_pointer
sub_088F99C4,0x088F99C4,49,9,2,3,0,false,relocated_r_mips32_code_pointer
sub_088F9B1C,0x088F9B1C,26,3,2,0,0,false,direct_jal_target
sub_088F9B90,0x088F9B90,52,10,4,2,0,false,relocated_r_mips32_code_pointer
sub_088F9C84,0x088F9C84,149,54,10,5,0,false,relocated_r_mips32_code_pointer
sub_088FA294,0x088FA294,132,58,7,9,0,false,relocated_r_mips32_code_pointer
sub_088FA578,0x088FA578,133,58,8,9,0,false,relocated_r_mips32_code_pointer
sub_088FA860,0x088FA860,12,2,2,0,0,false,relocated_r_mips32_code_pointer
sub_088FA898,0x088FA898,10,2,1,0,0,false,relocated_r_mips32_code_pointer
sub_088FAA04,0x088FAA04,64,21,2,0,0,false,relocated_r_mips32_code_pointer
sub_088FAA10,0x088FAA10,64,21,2,0,0,false,relocated_r_mips32_code_pointer
sub_088FAA1C,0x088FAA1C,29,10,1,2,0,false,relocated_r_mips32_code_pointer
sub_088FAAB8,0x088FAAB8,15,1,0,0,0,false,relocated_r_mips32_code_pointer
sub_088FAAF8,0x088FAAF8,34,4,2,1,0,false,relocated_r_mips32_code_pointer
sub_088FAB90,0x088FAB90,286,32,5,5,0,false,relocated_r_mips32_code_pointer
sub_088FB07C,0x088FB07C,181,27,4,1,0,false,relocated_r_mips32_code_pointer
sub_088FB3DC,0x088FB3DC,13,2,1,0,0,false,direct_jal_target
sub_088FB418,0x088FB418,38,5,2,1,0,false,relocated_r_mips32_code_pointer
sub_088FB4C4,0x088FB4C4,4,1,0,0,0,false,relocated_r_mips32_code_pointer
sub_088FB4D8,0x088FB4D8,68,4,3,0,0,false,relocated_r_mips32_code_pointer
sub_088FB5F8,0x088FB5F8,8,2,2,0,0,false,relocated_r_mips32_code_pointer
sub_088FB75C,0x088FB75C,64,21,2,0,0,false,relocated_r_mips32_code_pointer
sub_088FB768,0x088FB768,64,21,2,0,0,false,relocated_r_mips32_code_pointer
sub_088FB7B0,0x088FB7B0,13,2,1,0,0,false,direct_jal_target
sub_088FB7EC,0x088FB7EC,5,1,1,0,0,false,relocated_r_mips32_code_pointer
sub_088FB804,0x088FB804,12,2,1,0,0,false,relocated_r_mips32_code_pointer
sub_088FB83C,0x088FB83C,67,4,3,0,0,false,relocated_r_mips32_code_pointer
sub_088FBA94,0x088FBA94,64,21,2,0,0,false,relocated_r_mips32_code_pointer
sub_088FBAA0,0x088FBAA0,64,21,2,0,0,false,relocated_r_mips32_code_pointer
sub_088FBAAC,0x088FBAAC,19,3,2,0,0,false,relocated_r_mips32_code_pointer
sub_088FBB04,0x088FBB04,34,8,2,0,0,false,relocated_r_mips32_code_pointer
sub_088FBBF8,0x088FBBF8,17,3,2,0,0,false,direct_jal_target
sub_088FBC48,0x088FBC48,353,38,9,4,0,false,relocated_r_mips32_code_pointer
sub_088FC250,0x088FC250,1,1,1,0,0,false,relocated_r_mips32_code_pointer
sub_088FC258,0x088FC258,70,9,1,1,0,false,relocated_r_mips32_code_pointer
sub_088FC38C,0x088FC38C,28,5,1,1,0,false,relocated_r_mips32_code_pointer
sub_088FC40C,0x088FC40C,1,1,1,0,0,false,relocated_r_mips32_code_pointer
sub_088FC414,0x088FC414,67,6,0,1,0,false,relocated_r_mips32_code_pointer
sub_088FC534,0x088FC534,1,1,1,0,0,false,relocated_r_mips32_code_pointer
sub_088FC53C,0x088FC53C,22,7,1,0,0,false,relocated_r_mips32_code_pointer
sub_088FC5AC,0x088FC5AC,59,16,1,1,0,false,relocated_r_mips32_code_pointer
sub_088FC6C8,0x088FC6C8,1,1,1,0,0,false,relocated_r_mips32_code_pointer
sub_088FC80C,0x088FC80C,64,21,2,0,0,false,relocated_r_mips32_code_pointer
sub_088FC818,0x088FC818,64,21,2,0,0,false,relocated_r_mips32_code_pointer
sub_088FC824,0x088FC824,164,39,3,10,0,false,relocated_r_mips32_code_pointer
sub_088FCB98,0x088FCB98,21,5,2,0,0,false,direct_jal_target
sub_088FCBFC,0x088FCBFC,32,5,2,1,0,false,relocated_r_mips32_code_pointer
sub_088FCC90,0x088FCC90,1,1,1,0,0,false,relocated_r_mips32_code_pointer
sub_088FCC98,0x088FCC98,1,1,1,0,0,false,relocated_r_mips32_code_pointer
sub_088FCCA0,0x088FCCA0,10,2,1,0,0,false,relocated_r_mips32_code_pointer
sub_088FCCD0,0x088FCCD0,1,1,1,0,0,false,relocated_r_mips32_code_pointer
sub_088FCE14,0x088FCE14,64,21,2,0,0,false,relocated_r_mips32_code_pointer
sub_088FCE20,0x088FCE20,64,21,2,0,0,false,relocated_r_mips32_code_pointer
sub_088FCF84,0x088FCF84,367,44,7,7,0,false,relocated_r_mips32_code_pointer
sub_088FD614,0x088FD614,15,2,1,0,0,false,direct_jal_target
sub_088FD658,0x088FD658,38,5,2,1,0,false,relocated_r_mips32_code_pointer
sub_088FD704,0x088FD704,4,1,0,0,0,false,relocated_r_mips32_code_pointer
sub_088FD718,0x088FD718,68,4,3,0,0,false,relocated_r_mips32_code_pointer
sub_088FD974,0x088FD974,64,21,2,0,0,false,relocated_r_mips32_code_pointer
sub_088FD980,0x088FD980,64,21,2,0,0,false,relocated_r_mips32_code_pointer
sub_088FD9BC,0x088FD9BC,10,2,1,0,0,false,direct_jal_target
sub_088FD9EC,0x088FD9EC,4,3,1,0,0,false,relocated_r_mips32_code_pointer
sub_088FDB44,0x088FDB44,64,21,2,0,0,false,relocated_r_mips32_code_pointer
sub_088FDB50,0x088FDB50,64,21,2,0,0,false,relocated_r_mips32_code_pointer
sub_088FDB5C,0x088FDB5C,32,5,2,1,0,false,relocated_r_mips32_code_pointer
sub_088FDBF0,0x088FDBF0,176,39,2,1,0,false,relocated_r_mips32_code_pointer
sub_088FDF38,0x088FDF38,18,2,1,0,0,false,relocated_r_mips32_code_pointer
sub_088FDF88,0x088FDF88,13,3,2,0,0,false,relocated_r_mips32_code_pointer
sub_088FDFC8,0x088FDFC8,366,52,8,5,0,false,relocated_r_mips32_code_pointer
sub_088FE690,0x088FE690,21,2,1,0,0,false,direct_jal_target
sub_088FE828,0x088FE828,64,21,2,0,0,false,relocated_r_mips32_code_pointer
sub_088FE834,0x088FE834,64,21,2,0,0,false,relocated_r_mips32_code_pointer
sub_088FE840,0x088FE840,17,2,1,0,0,false,relocated_r_mips32_code_pointer
sub_088FE88C,0x088FE88C,29,4,0,0,0,false,relocated_r_mips32_code_pointer
sub_088FE904,0x088FE904,78,23,1,0,0,false,direct_jal_target
sub_088FEA94,0x088FEA94,29,5,0,0,0,false,direct_jal_target
sub_088FEB18,0x088FEB18,60,4,1,0,0,false,relocated_r_mips32_code_pointer
sub_088FEC14,0x088FEC14,35,4,1,2,0,false,relocated_r_mips32_code_pointer
sub_088FECB0,0x088FECB0,425,53,3,5,0,false,relocated_r_mips32_code_pointer
sub_088FF3F4,0x088FF3F4,58,9,1,0,0,false,relocated_r_mips32_code_pointer
sub_088FF534,0x088FF534,14,2,1,0,0,false,direct_jal_target
sub_088FF574,0x088FF574,4,1,0,0,0,false,relocated_r_mips32_code_pointer
sub_088FF588,0x088FF588,5,1,1,0,0,false,relocated_r_mips32_code_pointer
sub_088FF6DC,0x088FF6DC,64,21,2,0,0,false,relocated_r_mips32_code_pointer
sub_088FF6E8,0x088FF6E8,64,21,2,0,0,false,relocated_r_mips32_code_pointer
sub_088FF6F4,0x088FF6F4,16,2,2,0,0,false,relocated_r_mips32_code_pointer
sub_088FF73C,0x088FF73C,37,3,2,0,0,false,relocated_r_mips32_code_pointer
sub_088FF7DC,0x088FF7DC,142,17,6,0,0,false,direct_jal_target
sub_088FFA50,0x088FFA50,75,14,4,0,0,false,relocated_r_mips32_code_pointer
sub_088FFC04,0x088FFC04,18,3,2,0,0,false,direct_jal_target
sub_088FFC58,0x088FFC58,1,1,0,0,0,false,relocated_r_mips32_code_pointer
sub_088FFC60,0x088FFC60,1,1,0,0,0,false,relocated_r_mips32_code_pointer
sub_088FFC68,0x088FFC68,67,6,0,1,0,false,relocated_r_mips32_code_pointer
sub_088FFD88,0x088FFD88,23,5,1,1,0,false,relocated_r_mips32_code_pointer
sub_088FFDF4,0x088FFDF4,3,1,0,0,0,false,relocated_r_mips32_code_pointer
sub_088FFE04,0x088FFE04,25,4,0,1,0,false,relocated_r_mips32_code_pointer
sub_088FFFB0,0x088FFFB0,64,21,2,0,0,false,relocated_r_mips32_code_pointer
sub_088FFFBC,0x088FFFBC,64,21,2,0,0,false,relocated_r_mips32_code_pointer
sub_088FFFC8,0x088FFFC8,22,7,1,0,0,false,relocated_r_mips32_code_pointer
sub_08900000,0x08900000,11,4,0,0,0,false,materialized_code_pointer
sub_08900038,0x08900038,169,39,2,1,0,false,relocated_r_mips32_code_pointer
sub_08900360,0x08900360,74,5,1,1,0,false,relocated_r_mips32_code_pointer
sub_08900498,0x08900498,130,26,3,6,0,false,relocated_r_mips32_code_pointer
sub_08900758,0x08900758,20,5,2,0,0,false,direct_jal_target
sub_089007B8,0x089007B8,13,3,2,0,0,false,direct_jal_target
sub_089007F8,0x089007F8,27,8,0,3,0,false,direct_jal_target
sub_089009C0,0x089009C0,64,21,2,0,0,false,relocated_r_mips32_code_pointer
sub_089009CC,0x089009CC,64,21,2,0,0,false,relocated_r_mips32_code_pointer
sub_089009D8,0x089009D8,68,6,2,1,0,false,direct_jal_target
sub_08900B00,0x08900B00,98,20,4,0,0,false,direct_jal_target
sub_08900CC4,0x08900CC4,63,4,3,0,0,false,direct_jal_target
sub_08900DD0,0x08900DD0,65,6,5,0,0,false,relocated_r_mips32_code_pointer
sub_08900EEC,0x08900EEC,11,1,0,0,0,false,relocated_r_mips32_code_pointer
sub_08900F1C,0x08900F1C,34,4,2,1,0,false,direct_jal_target
sub_08900FB4,0x08900FB4,293,31,4,7,0,false,relocated_r_mips32_code_pointer
sub_089014B4,0x089014B4,17,4,2,0,0,false,direct_jal_target
sub_08901508,0x08901508,17,4,2,0,0,false,direct_jal_target
sub_0890155C,0x0890155C,12,2,1,0,0,false,relocated_r_mips32_code_pointer
sub_08901594,0x08901594,1,1,1,0,0,false,relocated_r_mips32_code_pointer
sub_0890159C,0x0890159C,1,1,1,0,0,false,relocated_r_mips32_code_pointer
sub_089015A4,0x089015A4,13,4,1,0,0,false,relocated_r_mips32_code_pointer
sub_08901724,0x08901724,64,21,2,0,0,false,relocated_r_mips32_code_pointer
sub_08901730,0x08901730,64,21,2,0,0,false,relocated_r_mips32_code_pointer
sub_0890173C,0x0890173C,226,18,6,1,0,false,relocated_r_mips32_code_pointer
sub_08901B38,0x08901B38,11,2,1,0,0,false,direct_jal_target
sub_08901B6C,0x08901B6C,1,1,0,0,0,false,relocated_r_mips32_code_pointer
sub_08901B74,0x08901B74,1,1,1,0,0,false,relocated_r_mips32_code_pointer
sub_08901B7C,0x08901B7C,1,1,1,0,0,false,relocated_r_mips32_code_pointer
sub_08901B84,0x08901B84,15,4,1,0,0,false,relocated_r_mips32_code_pointer
sub_08901D0C,0x08901D0C,64,21,2,0,0,false,relocated_r_mips32_code_pointer
sub_08901D18,0x08901D18,64,21,2,0,0,false,relocated_r_mips32_code_pointer
sub_08901D24,0x08901D24,28,4,1,0,0,false,relocated_r_mips32_code_pointer
sub_08901DD4,0x08901DD4,10,2,1,0,0,false,direct_jal_target
sub_08901E04,0x08901E04,1,1,0,0,0,false,relocated_r_mips32_code_pointer
sub_08901E0C,0x08901E0C,1,1,0,0,0,false,relocated_r_mips32_code_pointer
sub_08901E14,0x08901E14,1,1,1,0,0,false,relocated_r_mips32_code_pointer
sub_08901E1C,0x08901E1C,6,2,1,0,0,false,relocated_r_mips32_code_pointer
sub_08901F78,0x08901F78,64,21,2,0,0,false,relocated_r_mips32_code_pointer
sub_08901F84,0x08901F84,64,21,2,0,0,false,relocated_r_mips32_code_pointer
sub_08901F90,0x08901F90,62,11,2,0,0,false,relocated_r_mips32_code_pointer
sub_089020DC,0x089020DC,10,2,1,0,0,false,direct_jal_target
sub_0890210C,0x0890210C,1,1,0,0,0,false,relocated_r_mips32_code_pointer
sub_08902114,0x08902114,1,1,0,0,0,false,relocated_r_mips32_code_pointer
sub_0890211C,0x0890211C,3,1,0,0,0,false,relocated_r_mips32_code_pointer
sub_0890212C,0x0890212C,1,1,0,0,0,false,relocated_r_mips32_code_pointer
sub_08902270,0x08902270,64,21,2,0,0,false,relocated_r_mips32_code_pointer
sub_0890227C,0x0890227C,64,21,2,0,0,false,relocated_r_mips32_code_pointer
sub_08902288,0x08902288,16,2,1,0,0,false,relocated_r_mips32_code_pointer
sub_089022D0,0x089022D0,30,1,0,0,0,false,relocated_r_mips32_code_pointer
sub_0890234C,0x0890234C,36,4,1,2,0,false,relocated_r_mips32_code_pointer
sub_089023EC,0x089023EC,302,47,3,6,0,false,relocated_r_mips32_code_pointer
sub_08902950,0x08902950,186,35,1,1,0,false,relocated_r_mips32_code_pointer
sub_08902D00,0x08902D00,17,2,1,0,0,false,direct_jal_target
sub_08902D4C,0x08902D4C,20,7,3,0,0,false,direct_jal_target
sub_08902DB4,0x08902DB4,32,10,0,3,0,false,relocated_r_mips32_code_pointer
sub_08902F98,0x08902F98,64,21,2,0,0,false,relocated_r_mips32_code_pointer
sub_08902FA4,0x08902FA4,64,21,2,0,0,false,relocated_r_mips32_code_pointer
sub_08902FB0,0x08902FB0,101,22,5,0,0,false,relocated_r_mips32_code_pointer
sub_08903184,0x08903184,87,7,6,0,0,false,relocated_r_mips32_code_pointer
sub_089032FC,0x089032FC,38,5,2,1,0,false,direct_jal_target
sub_089033A8,0x089033A8,77,10,9,0,0,false,direct_jal_target
sub_08903504,0x08903504,11,1,0,0,0,false,relocated_r_mips32_code_pointer
sub_08903534,0x08903534,68,6,2,1,0,false,relocated_r_mips32_code_pointer
sub_0890365C,0x0890365C,318,35,6,6,0,false,relocated_r_mips32_code_pointer
sub_08903BCC,0x08903BCC,16,4,2,0,0,false,direct_jal_target
sub_08903C1C,0x08903C1C,16,4,2,0,0,false,direct_jal_target
sub_08903C6C,0x08903C6C,4,1,0,0,0,false,direct_jal_target
sub_08903D54,0x08903D54,42,9,0,2,0,false,direct_jal_target
sub_08903E18,0x08903E18,43,9,1,2,0,false,relocated_r_mips32_code_pointer
sub_08903EE0,0x08903EE0,1,1,0,0,0,false,direct_jal_target
sub_08903EE8,0x08903EE8,9,3,0,0,0,false,direct_jal_target
sub_08903F18,0x08903F18,18,2,0,1,0,false,direct_jal_target
sub_08903F68,0x08903F68,13,3,0,0,0,false,direct_jal_target
sub_08903FA8,0x08903FA8,10,5,0,0,0,false,direct_jal_target
sub_08903FE4,0x08903FE4,21,5,0,1,0,false,relocated_r_mips32_code_pointer
sub_08904048,0x08904048,1,1,0,0,0,false,direct_jal_target
sub_0890414C,0x0890414C,7,1,0,0,0,false,relocated_r_mips32_code_pointer
sub_0890416C,0x0890416C,1,1,0,0,0,false,direct_jal_target
sub_08904174,0x08904174,13,1,0,0,0,false,direct_jal_target
sub_089041AC,0x089041AC,1,1,0,0,0,false,direct_jal_target
sub_089041B4,0x089041B4,13,3,0,0,0,false,relocated_r_mips32_code_pointer
sub_08904330,0x08904330,64,21,2,0,0,false,relocated_r_mips32_code_pointer
sub_0890433C,0x0890433C,64,21,2,0,0,false,relocated_r_mips32_code_pointer
sub_08904580,0x08904580,106,37,18,0,0,false,direct_jal_target
sub_089047B8,0x089047B8,18,8,0,0,0,false,direct_jal_target
sub_0890481C,0x0890481C,32,8,0,1,0,false,direct_jal_target
sub_089048B4,0x089048B4,15,5,0,0,0,false,direct_jal_target
sub_08904900,0x08904900,31,1,0,0,0,false,direct_jal_target
sub_08904980,0x08904980,20,1,0,0,0,false,direct_jal_target
sub_089049D4,0x089049D4,13,1,0,0,0,false,direct_jal_target
sub_08904A0C,0x08904A0C,38,5,0,1,0,false,direct_jal_target
sub_08904AB8,0x08904AB8,108,21,2,0,0,false,direct_jal_target
sub_08904CA8,0x08904CA8,16,2,1,0,0,false,direct_jal_target
sub_08904CF0,0x08904CF0,182,40,1,0,0,false,direct_jal_target
sub_0890504C,0x0890504C,17,6,0,0,0,false,direct_jal_target
sub_089050A4,0x089050A4,25,3,0,0,0,false,direct_jal_target
sub_08905110,0x08905110,8,3,0,0,0,false,direct_jal_target
sub_0890513C,0x0890513C,64,6,4,0,0,false,direct_jal_target
sub_08905250,0x08905250,128,15,3,0,0,false,relocated_r_mips32_code_pointer
sub_0890547C,0x0890547C,177,52,2,6,0,false,direct_jal_target
sub_08905800,0x08905800,62,20,0,3,0,false,direct_jal_target
sub_08905938,0x08905938,25,4,2,1,0,false,direct_jal_target
sub_089059AC,0x089059AC,16,3,0,0,0,false,direct_jal_target
sub_089059F0,0x089059F0,39,11,0,0,1,false,relocated_r_mips32_code_pointer
sub_08905AA8,0x08905AA8,38,12,0,0,1,false,relocated_r_mips32_code_pointer
sub_08905AB0,0x08905AB0,38,12,0,0,1,false,relocated_r_mips32_code_pointer
sub_08905AB8,0x08905AB8,38,12,0,0,1,false,relocated_r_mips32_code_pointer
sub_08905BFC,0x08905BFC,64,21,2,0,0,false,relocated_r_mips32_code_pointer
sub_08905C08,0x08905C08,64,21,2,0,0,false,relocated_r_mips32_code_pointer
sub_08905C14,0x08905C14,21,8,3,0,0,false,materialized_code_pointer
sub_08905C84,0x08905C84,67,30,11,0,0,false,direct_jal_target
sub_08905F40,0x08905F40,64,21,2,0,0,false,relocated_r_mips32_code_pointer
sub_08905F4C,0x08905F4C,64,21,2,0,0,false,relocated_r_mips32_code_pointer
sub_08905F58,0x08905F58,50,14,4,4,0,false,direct_jal_target
sub_08906054,0x08906054,304,92,17,7,0,false,direct_jal_target
sub_08906670,0x08906670,196,88,14,8,0,false,materialized_code_pointer
sub_08906AD8,0x08906AD8,349,173,21,13,0,false,materialized_code_pointer
sub_089072B4,0x089072B4,71,41,2,0,0,false,direct_jal_target
sub_0890746C,0x0890746C,53,21,8,0,0,false,direct_jal_target
sub_08907594,0x08907594,17,3,0,0,0,false,materialized_code_pointer
sub_089075D0,0x089075D0,19,8,3,0,0,false,relocated_r_mips32_code_pointer
sub_0890761C,0x0890761C,4,1,0,0,0,false,relocated_r_mips32_code_pointer
sub_08907630,0x08907630,10,1,1,0,0,false,relocated_r_mips32_code_pointer
sub_0890765C,0x0890765C,10,2,1,0,0,false,relocated_r_mips32_code_pointer
sub_08907674,0x08907674,10,2,1,0,0,false,relocated_r_mips32_code_pointer
sub_0890768C,0x0890768C,10,2,1,0,0,false,relocated_r_mips32_code_pointer
sub_089076A4,0x089076A4,10,2,1,0,0,false,relocated_r_mips32_code_pointer
sub_089076BC,0x089076BC,10,2,1,0,0,false,relocated_r_mips32_code_pointer
sub_089076D4,0x089076D4,10,2,1,0,0,false,relocated_r_mips32_code_pointer
sub_08907708,0x08907708,52,13,3,1,0,false,relocated_r_mips32_code_pointer
sub_08907808,0x08907808,42,11,2,1,0,false,relocated_r_mips32_code_pointer
sub_089078D4,0x089078D4,38,7,2,1,0,false,relocated_r_mips32_code_pointer
sub_089079E8,0x089079E8,123,32,7,0,0,false,relocated_r_mips32_code_pointer
sub_08907D78,0x08907D78,64,21,2,0,0,false,relocated_r_mips32_code_pointer
sub_08907D84,0x08907D84,64,21,2,0,0,false,relocated_r_mips32_code_pointer
sub_08907D90,0x08907D90,11,3,2,0,0,false,relocated_r_mips32_code_pointer
sub_08907E44,0x08907E44,29,8,4,0,0,false,direct_jal_target
sub_08907ED8,0x08907ED8,26,7,3,0,0,false,direct_jal_target
sub_08907F5C,0x08907F5C,51,12,6,0,0,false,relocated_r_mips32_code_pointer
sub_08908058,0x08908058,64,14,3,2,0,false,relocated_r_mips32_code_pointer
sub_089082C0,0x089082C0,65,14,4,2,0,false,relocated_r_mips32_code_pointer
sub_089083F8,0x089083F8,112,11,3,0,0,false,direct_jal_target
sub_089087D0,0x089087D0,121,35,6,0,0,false,relocated_r_mips32_code_pointer
sub_08908A28,0x08908A28,142,28,5,0,0,false,relocated_r_mips32_code_pointer
sub_08908CB8,0x08908CB8,302,102,7,2,0,false,direct_jal_target
sub_08909360,0x08909360,303,101,8,2,0,false,direct_jal_target
sub_08909958,0x08909958,23,7,1,1,0,false,relocated_r_mips32_code_pointer
sub_08909998,0x08909998,21,11,3,1,0,false,relocated_r_mips32_code_pointer
sub_089099E0,0x089099E0,9,5,1,1,0,false,relocated_r_mips32_code_pointer
sub_08909A14,0x08909A14,8,3,1,2,0,false,relocated_r_mips32_code_pointer
sub_08909A40,0x08909A40,10,7,2,1,0,false,relocated_r_mips32_code_pointer
sub_08909A50,0x08909A50,10,7,2,1,0,false,relocated_r_mips32_code_pointer
sub_08909A60,0x08909A60,32,13,4,1,0,false,relocated_r_mips32_code_pointer
sub_08909AA4,0x08909AA4,10,3,3,0,0,false,relocated_r_mips32_code_pointer
sub_08909AD8,0x08909AD8,2,1,1,0,0,false,relocated_r_mips32_code_pointer
sub_08909AE4,0x08909AE4,12,7,1,2,0,false,relocated_r_mips32_code_pointer
sub_08909B38,0x08909B38,11,5,0,0,0,false,materialized_code_pointer
sub_08909B70,0x08909B70,9,5,0,0,0,false,materialized_code_pointer
sub_08909BA8,0x08909BA8,17,2,1,0,0,false,direct_jal_target
sub_08909BF4,0x08909BF4,6,2,1,0,0,false,materialized_code_pointer
sub_08909C14,0x08909C14,7,2,1,0,0,false,direct_jal_target
sub_08909C8C,0x08909C8C,52,13,5,0,0,false,materialized_code_pointer
sub_08909D94,0x08909D94,34,8,2,0,0,false,direct_jal_target
sub_08909E70,0x08909E70,2,1,0,0,0,false,materialized_code_pointer
sub_08909E7C,0x08909E7C,2,1,0,0,0,false,materialized_code_pointer
sub_08909E90,0x08909E90,17,4,1,1,0,false,relocated_r_mips32_code_pointer
sub_08909F4C,0x08909F4C,49,11,4,2,0,false,direct_jal_target
sub_0890A310,0x0890A310,31,11,2,0,0,false,relocated_r_mips32_code_pointer
sub_0890A31C,0x0890A31C,31,11,2,0,0,false,relocated_r_mips32_code_pointer
sub_0890A368,0x0890A368,85,4,2,0,0,false,direct_jal_target
sub_0890A3A8,0x0890A3A8,37,9,5,0,0,false,materialized_code_pointer
sub_0890A460,0x0890A460,39,9,5,0,0,false,materialized_code_pointer
sub_0890A520,0x0890A520,86,35,7,3,0,false,relocated_r_mips32_code_pointer
sub_0890A6FC,0x0890A6FC,132,28,8,2,0,false,direct_jal_target
sub_0890A970,0x0890A970,55,15,7,0,0,false,relocated_r_mips32_code_pointer
sub_0890AB14,0x0890AB14,30,6,3,1,0,false,relocated_r_mips32_code_pointer
sub_0890ABA0,0x0890ABA0,31,7,4,1,0,false,relocated_r_mips32_code_pointer
sub_0890ACB8,0x0890ACB8,1,1,0,0,0,false,direct_jal_target
sub_0890AD20,0x0890AD20,19,5,2,0,0,false,direct_jal_target
sub_0890AD80,0x0890AD80,63,19,2,0,0,false,direct_jal_target
sub_0890AEBC,0x0890AEBC,71,20,9,0,0,false,direct_jal_target
sub_0890B088,0x0890B088,29,11,5,0,0,false,direct_jal_target
sub_0890B0C4,0x0890B0C4,18,7,4,0,0,false,relocated_r_mips32_code_pointer
sub_0890B128,0x0890B128,5,2,0,0,0,false,relocated_r_mips32_code_pointer
sub_0890B130,0x0890B130,11,8,4,1,0,false,relocated_r_mips32_code_pointer
sub_0890B160,0x0890B160,5,3,3,0,0,false,relocated_r_mips32_code_pointer
sub_0890B19C,0x0890B19C,36,15,3,0,0,false,direct_jal_target
sub_0890B318,0x0890B318,31,11,4,0,0,false,relocated_r_mips32_code_pointer
sub_0890B334,0x0890B334,27,8,2,0,0,false,relocated_r_mips32_code_pointer
sub_0890B344,0x0890B344,28,8,2,0,0,false,relocated_r_mips32_code_pointer
sub_0890B358,0x0890B358,33,13,6,0,0,false,relocated_r_mips32_code_pointer
sub_0890B570,0x0890B570,11,3,0,0,0,false,direct_jal_target
sub_0890B5A0,0x0890B5A0,2,1,0,0,0,false,relocated_r_mips32_code_pointer
sub_0890B5AC,0x0890B5AC,2,1,0,0,0,false,relocated_r_mips32_code_pointer
sub_0890B5B8,0x0890B5B8,2,1,0,0,0,false,relocated_r_mips32_code_pointer
sub_0890B5C4,0x0890B5C4,2,1,0,0,0,false,relocated_r_mips32_code_pointer
sub_0890B5D0,0x0890B5D0,2,1,0,0,0,false,relocated_r_mips32_code_pointer
sub_0890B5DC,0x0890B5DC,2,1,0,0,0,false,relocated_r_mips32_code_pointer
sub_0890B5E8,0x0890B5E8,2,1,0,0,0,false,relocated_r_mips32_code_pointer
sub_0890B5F4,0x0890B5F4,2,1,0,0,0,false,relocated_r_mips32_code_pointer
sub_0890B600,0x0890B600,1,1,0,0,0,false,direct_jal_target
sub_0890B608,0x0890B608,2,1,0,0,0,false,direct_jal_target
sub_0890B828,0x0890B828,267,74,10,0,0,false,direct_jal_target
sub_0890BD5C,0x0890BD5C,180,59,6,0,0,false,direct_jal_target
sub_0890C39C,0x0890C39C,10,4,1,0,0,false,direct_jal_target
sub_0890CBF0,0x0890CBF0,206,38,8,0,4,false,direct_jal_target
sub_0890D034,0x0890D034,3,1,0,0,0,false,direct_jal_target
sub_0890D044,0x0890D044,3,1,0,0,0,false,relocated_r_mips32_code_pointer
sub_0890D054,0x0890D054,3,1,1,0,0,false,relocated_r_mips32_code_pointer
sub_0890D064,0x0890D064,36,10,1,1,0,false,direct_jal_target
sub_0890D0B4,0x0890D0B4,202,43,7,1,0,false,direct_jal_target
sub_0890D480,0x0890D480,89,36,3,10,0,false,direct_jal_target
sub_0890D7B0,0x0890D7B0,72,25,4,0,0,false,relocated_r_mips32_code_pointer
sub_0890D7BC,0x0890D7BC,72,25,4,0,0,false,relocated_r_mips32_code_pointer
sub_0890D7C8,0x0890D7C8,402,159,21,7,0,false,direct_jal_target
sub_0890E054,0x0890E054,31,5,0,0,0,false,direct_jal_target
sub_0890E0E0,0x0890E0E0,5,1,1,0,0,false,relocated_r_mips32_code_pointer
sub_0890E0F8,0x0890E0F8,11,2,1,0,0,false,direct_jal_target
sub_0890E1F4,0x0890E1F4,6,1,0,0,0,false,direct_jal_target
sub_0890E228,0x0890E228,5,1,0,0,0,false,relocated_r_mips32_code_pointer
sub_0890E2C4,0x0890E2C4,30,9,0,1,0,false,direct_jal_target
sub_0890E404,0x0890E404,10,3,2,0,0,false,materialized_code_pointer
sub_0890E438,0x0890E438,76,22,2,0,0,false,materialized_code_pointer
sub_0890E48C,0x0890E48C,78,40,7,0,0,false,direct_jal_target
sub_0890E828,0x0890E828,2,1,1,0,0,false,direct_jal_target
sub_0890E834,0x0890E834,15,2,2,0,0,false,direct_jal_target
sub_0890E958,0x0890E958,18,6,3,0,0,false,materialized_code_pointer
sub_0890E9B4,0x0890E9B4,54,6,0,0,0,false,direct_jal_target
sub_0890EA84,0x0890EA84,13,1,0,0,0,false,relocated_r_mips32_code_pointer
sub_0890EABC,0x0890EABC,28,6,0,0,0,false,relocated_r_mips32_code_pointer
sub_0890EAD8,0x0890EAD8,54,16,4,0,0,false,relocated_r_mips32_code_pointer
sub_0890EB4C,0x0890EB4C,57,18,4,0,0,false,relocated_r_mips32_code_pointer
sub_0890EBD0,0x0890EBD0,45,14,4,0,0,false,relocated_r_mips32_code_pointer
sub_0890EC1C,0x0890EC1C,52,18,4,0,0,false,relocated_r_mips32_code_pointer
sub_0890EC70,0x0890EC70,43,13,3,0,0,false,relocated_r_mips32_code_pointer
sub_0890ECB0,0x0890ECB0,45,14,4,0,0,false,relocated_r_mips32_code_pointer
sub_0890ECFC,0x0890ECFC,44,13,3,0,0,false,relocated_r_mips32_code_pointer
sub_0890ED40,0x0890ED40,45,13,3,0,0,false,relocated_r_mips32_code_pointer
sub_0890ED88,0x0890ED88,45,14,4,0,0,false,relocated_r_mips32_code_pointer
sub_0890EFA4,0x0890EFA4,31,11,2,0,0,false,relocated_r_mips32_code_pointer
sub_0890EFB0,0x0890EFB0,31,11,2,0,0,false,relocated_r_mips32_code_pointer
sub_0890F03C,0x0890F03C,26,6,4,0,0,false,direct_jal_target
sub_0890F2F0,0x0890F2F0,19,5,2,0,0,false,relocated_r_mips32_code_pointer
sub_0890F3D4,0x0890F3D4,31,2,2,0,0,false,direct_jal_target
sub_0890F458,0x0890F458,90,30,12,0,0,false,direct_jal_target
sub_0890F628,0x0890F628,61,16,6,1,0,false,relocated_r_mips32_code_pointer
sub_0890F81C,0x0890F81C,304,123,11,0,0,false,direct_jal_target
sub_0890FE50,0x0890FE50,78,19,10,0,0,false,direct_jal_target
sub_0890FFD4,0x0890FFD4,126,50,7,0,0,false,direct_jal_target
sub_08910000,0x08910000,116,47,7,0,0,false,materialized_code_pointer
sub_0891031C,0x0891031C,72,22,6,0,0,false,direct_jal_target
sub_089103D4,0x089103D4,11,1,0,0,0,false,relocated_r_mips32_code_pointer
sub_0891041C,0x0891041C,56,18,7,0,0,false,relocated_r_mips32_code_pointer
sub_089104D0,0x089104D0,49,16,6,0,0,false,relocated_r_mips32_code_pointer
sub_08910508,0x08910508,53,19,6,0,0,false,relocated_r_mips32_code_pointer
sub_0891053C,0x0891053C,57,21,6,0,0,false,relocated_r_mips32_code_pointer
sub_08910588,0x08910588,56,18,7,0,0,false,relocated_r_mips32_code_pointer
sub_089105CC,0x089105CC,45,15,5,0,0,false,relocated_r_mips32_code_pointer
sub_089105F0,0x089105F0,45,15,5,0,0,false,relocated_r_mips32_code_pointer
sub_08910614,0x08910614,48,16,6,0,0,false,relocated_r_mips32_code_pointer
sub_08910648,0x08910648,47,15,5,0,0,false,relocated_r_mips32_code_pointer
sub_08910674,0x08910674,46,15,5,0,0,false,relocated_r_mips32_code_pointer
sub_089106B8,0x089106B8,51,15,7,0,0,false,relocated_r_mips32_code_pointer
sub_089107BC,0x089107BC,54,21,8,0,0,false,direct_jal_target
sub_089108E0,0x089108E0,220,69,4,0,0,false,direct_jal_target
sub_08910D1C,0x08910D1C,284,117,15,0,0,false,materialized_code_pointer
sub_08911308,0x08911308,102,46,6,1,0,false,direct_jal_target
sub_08911530,0x08911530,10,2,2,0,0,false,direct_jal_target
sub_08911560,0x08911560,17,3,3,0,0,false,relocated_r_mips32_code_pointer
sub_089115B0,0x089115B0,16,3,2,0,0,false,relocated_r_mips32_code_pointer
sub_08911648,0x08911648,64,30,7,1,0,false,relocated_r_mips32_code_pointer
sub_089117B8,0x089117B8,85,41,3,1,0,false,direct_jal_target
sub_08911C40,0x08911C40,16,4,4,0,0,false,relocated_r_mips32_code_pointer
sub_08911C90,0x08911C90,34,8,5,0,0,false,relocated_r_mips32_code_pointer
sub_08911D38,0x08911D38,34,8,5,0,0,false,relocated_r_mips32_code_pointer
sub_08911DE0,0x08911DE0,15,4,3,0,0,false,relocated_r_mips32_code_pointer
sub_08911E2C,0x08911E2C,10,1,0,0,0,false,direct_jal_target
sub_08911E58,0x08911E58,38,11,1,0,0,false,direct_jal_target
sub_08911F14,0x08911F14,23,6,0,0,0,false,direct_jal_target
sub_08911F84,0x08911F84,2,1,0,0,0,false,direct_jal_target
sub_08911F90,0x08911F90,3,1,0,0,0,false,direct_jal_target
sub_08911FA0,0x08911FA0,20,4,2,0,0,false,direct_jal_target
sub_08912000,0x08912000,4,1,0,0,0,false,direct_jal_target
sub_08912014,0x08912014,18,5,0,0,0,false,direct_jal_target
sub_08912070,0x08912070,9,3,0,0,0,false,direct_jal_target
sub_0891209C,0x0891209C,5,1,0,0,0,false,direct_jal_target
sub_089120B4,0x089120B4,8,1,0,0,0,false,direct_jal_target
sub_089120D8,0x089120D8,18,2,1,0,0,false,direct_jal_target
sub_08912128,0x08912128,30,4,2,0,0,false,direct_jal_target
sub_089121B0,0x089121B0,21,3,2,0,0,false,direct_jal_target
sub_08912210,0x08912210,26,4,2,0,0,false,direct_jal_target
sub_08912288,0x08912288,8,1,0,0,0,false,direct_jal_target
sub_089122AC,0x089122AC,7,1,0,0,0,false,direct_jal_target
sub_089122CC,0x089122CC,12,1,0,0,0,false,direct_jal_target
sub_08912300,0x08912300,30,4,2,0,0,false,direct_jal_target
sub_08912388,0x08912388,25,6,1,0,0,false,direct_jal_target
sub_08912400,0x08912400,2,1,1,0,0,false,materialized_code_pointer
sub_08912448,0x08912448,27,7,2,0,0,false,direct_jal_target
sub_089124D0,0x089124D0,36,10,2,1,0,false,direct_jal_target
sub_08912510,0x08912510,1,1,0,0,0,false,direct_jal_target
sub_08912518,0x08912518,19,3,0,0,0,false,direct_jal_target
sub_08912558,0x08912558,7,1,0,0,0,false,relocated_r_mips32_code_pointer
sub_08912578,0x08912578,8,2,0,0,0,false,relocated_r_mips32_code_pointer
sub_08912588,0x08912588,7,2,0,0,0,false,relocated_r_mips32_code_pointer
sub_08912594,0x08912594,19,9,1,0,0,false,relocated_r_mips32_code_pointer
sub_089125E0,0x089125E0,7,2,0,0,0,false,relocated_r_mips32_code_pointer
sub_089125EC,0x089125EC,7,2,0,0,0,false,relocated_r_mips32_code_pointer
sub_089125F8,0x089125F8,7,3,1,0,0,false,relocated_r_mips32_code_pointer
sub_08912608,0x08912608,8,2,0,0,0,false,relocated_r_mips32_code_pointer
sub_08912620,0x08912620,6,2,1,0,0,false,direct_jal_target
sub_08912640,0x08912640,40,11,3,0,0,false,direct_jal_target
sub_08912738,0x08912738,51,10,2,0,0,false,direct_jal_target
sub_08912824,0x08912824,99,31,1,0,0,false,direct_jal_target
sub_08912A18,0x08912A18,58,14,2,0,0,false,direct_jal_target
sub_08912B28,0x08912B28,62,5,2,0,0,false,materialized_code_pointer
sub_08912C34,0x08912C34,45,9,3,0,0,false,direct_jal_target
sub_08912D08,0x08912D08,43,14,0,0,0,false,direct_jal_target
sub_08912DEC,0x08912DEC,60,19,0,0,0,false,direct_jal_target
sub_08912E84,0x08912E84,34,10,0,0,0,false,direct_jal_target
sub_08912F1C,0x08912F1C,64,20,0,0,0,false,direct_jal_target
sub_08913060,0x08913060,117,34,2,0,0,false,direct_jal_target
sub_089132A8,0x089132A8,71,16,0,0,0,false,direct_jal_target
sub_08913400,0x08913400,41,14,0,0,0,false,direct_jal_target
sub_089134DC,0x089134DC,51,18,0,0,0,false,direct_jal_target
sub_089135E8,0x089135E8,54,19,1,0,0,false,direct_jal_target
sub_08913700,0x08913700,58,16,0,0,0,false,direct_jal_target
sub_08913820,0x08913820,84,32,1,0,0,false,direct_jal_target
sub_08913DAC,0x08913DAC,50,17,1,0,0,false,direct_jal_target
sub_08913EB4,0x08913EB4,49,17,2,0,0,false,direct_jal_target
sub_08913FBC,0x08913FBC,52,22,0,0,0,false,direct_jal_target
sub_089140D8,0x089140D8,110,40,2,0,0,false,direct_jal_target
sub_0891431C,0x0891431C,78,31,2,0,0,false,direct_jal_target
sub_089145C0,0x089145C0,56,22,0,0,0,false,direct_jal_target
sub_089146E8,0x089146E8,49,17,0,0,0,false,direct_jal_target
sub_089147E8,0x089147E8,55,19,0,0,0,false,direct_jal_target
sub_08914850,0x08914850,1,1,0,0,0,false,relocated_r_mips32_code_pointer
sub_08914858,0x08914858,1,1,0,0,0,false,relocated_r_mips32_code_pointer
sub_089148D0,0x089148D0,52,19,0,0,0,false,relocated_r_mips32_code_pointer
sub_08914A20,0x08914A20,61,15,1,0,0,false,direct_jal_target
sub_08914B4C,0x08914B4C,81,19,3,0,0,false,direct_jal_target
sub_08914CD8,0x08914CD8,69,18,1,0,0,false,direct_jal_target
sub_08914E2C,0x08914E2C,70,16,1,0,0,false,direct_jal_target
sub_08914F7C,0x08914F7C,65,25,0,0,0,false,direct_jal_target
sub_089150C8,0x089150C8,77,23,0,0,0,false,direct_jal_target
sub_0891524C,0x0891524C,63,18,1,0,0,false,direct_jal_target
sub_08915388,0x08915388,83,19,3,0,0,false,direct_jal_target
sub_0891551C,0x0891551C,80,21,2,0,0,false,direct_jal_target
sub_089156A8,0x089156A8,79,21,2,0,0,false,direct_jal_target
sub_08915830,0x08915830,84,31,2,0,0,false,direct_jal_target
sub_089159EC,0x089159EC,96,28,1,0,0,false,direct_jal_target
sub_08915BCC,0x08915BCC,104,25,1,0,0,false,direct_jal_target
sub_08915DC0,0x08915DC0,63,18,1,0,0,false,direct_jal_target
sub_08915F00,0x08915F00,83,26,0,0,0,false,direct_jal_target
sub_089160A4,0x089160A4,27,8,4,0,0,false,direct_jal_target
sub_08916130,0x08916130,28,9,6,0,0,false,direct_jal_target
sub_089161C0,0x089161C0,35,11,6,0,0,false,direct_jal_target
sub_08916278,0x08916278,30,9,4,0,0,false,direct_jal_target
sub_08916310,0x08916310,4,1,0,0,0,false,direct_jal_target
sub_08916324,0x08916324,70,22,10,0,0,false,direct_jal_target
sub_08916494,0x08916494,76,22,7,0,0,false,direct_jal_target
sub_0891660C,0x0891660C,46,19,7,0,0,false,direct_jal_target
sub_08916708,0x08916708,51,12,4,0,0,false,direct_jal_target
sub_08916804,0x08916804,29,9,2,0,0,false,materialized_code_pointer
sub_08916898,0x08916898,6,3,0,0,0,false,materialized_code_pointer
sub_089168B8,0x089168B8,9,2,1,0,0,false,direct_jal_target
sub_089168E4,0x089168E4,11,4,2,0,0,false,materialized_code_pointer
sub_08916920,0x08916920,18,4,3,0,0,false,materialized_code_pointer
sub_089169C4,0x089169C4,30,6,2,0,0,false,direct_jal_target
sub_08916A54,0x08916A54,18,3,2,0,0,false,direct_jal_target
sub_08916AA8,0x08916AA8,82,22,4,0,0,false,direct_jal_target
sub_08916C38,0x08916C38,129,32,7,0,0,false,direct_jal_target
sub_08916EB0,0x08916EB0,81,21,3,0,0,false,direct_jal_target
sub_08917038,0x08917038,57,13,3,0,0,false,direct_jal_target
sub_08917148,0x08917148,56,14,7,0,0,false,direct_jal_target
sub_08917260,0x08917260,86,33,10,0,0,false,direct_jal_target
sub_08917424,0x08917424,1,1,1,0,0,false,direct_jal_target
sub_0891742C,0x0891742C,18,4,2,0,0,false,direct_jal_target
sub_08917484,0x08917484,49,17,4,0,0,false,direct_jal_target
sub_08917584,0x08917584,19,4,2,0,0,false,direct_jal_target
sub_0891764C,0x0891764C,46,13,6,0,0,false,direct_jal_target
sub_08917854,0x08917854,57,16,6,0,0,false,direct_jal_target
sub_08917974,0x08917974,59,20,7,0,0,false,direct_jal_target
sub_08917AA4,0x08917AA4,52,12,7,0,0,false,direct_jal_target
sub_08917BA4,0x08917BA4,39,9,5,0,0,false,direct_jal_target
sub_08917C64,0x08917C64,34,8,4,0,0,false,direct_jal_target
sub_08917D0C,0x08917D0C,44,16,9,0,0,false,direct_jal_target
sub_08917DF4,0x08917DF4,42,11,6,0,0,false,direct_jal_target
sub_08917EC8,0x08917EC8,117,55,16,0,0,false,direct_jal_target
sub_08918160,0x08918160,14,5,0,0,0,false,direct_jal_target
sub_089181A8,0x089181A8,1,1,0,0,0,false,direct_jal_target
sub_089181B0,0x089181B0,1,1,0,0,0,false,direct_jal_target
sub_089181B8,0x089181B8,1,1,0,0,0,false,direct_jal_target
sub_089181C0,0x089181C0,27,12,0,0,0,false,direct_jal_target
sub_08918298,0x08918298,45,8,3,0,0,false,direct_jal_target
sub_0891836C,0x0891836C,68,17,4,0,0,false,direct_jal_target
sub_089184B4,0x089184B4,27,5,1,0,0,false,direct_jal_target
sub_08918534,0x08918534,177,73,0,0,0,false,direct_jal_target
sub_08918698,0x08918698,163,71,0,0,0,false,relocated_r_mips32_code_pointer
sub_08918770,0x08918770,151,69,0,0,0,false,relocated_r_mips32_code_pointer
sub_0891879C,0x0891879C,131,60,0,0,0,false,relocated_r_mips32_code_pointer
sub_089187D8,0x089187D8,142,64,0,0,0,false,relocated_r_mips32_code_pointer
sub_089187E8,0x089187E8,139,63,0,0,0,false,relocated_r_mips32_code_pointer
sub_08918814,0x08918814,156,71,0,0,0,false,relocated_r_mips32_code_pointer
sub_08918864,0x08918864,137,63,0,0,0,false,relocated_r_mips32_code_pointer
sub_0891888C,0x0891888C,142,65,0,0,0,false,relocated_r_mips32_code_pointer
sub_089188D0,0x089188D0,135,63,0,0,0,false,relocated_r_mips32_code_pointer
sub_089188F0,0x089188F0,137,61,0,0,0,false,relocated_r_mips32_code_pointer
sub_08918914,0x08918914,133,61,0,0,0,false,relocated_r_mips32_code_pointer
sub_08918928,0x08918928,135,62,0,0,0,false,relocated_r_mips32_code_pointer
sub_08918948,0x08918948,133,61,0,0,0,false,relocated_r_mips32_code_pointer
sub_0891895C,0x0891895C,137,63,0,0,0,false,relocated_r_mips32_code_pointer
sub_08918988,0x08918988,137,64,0,0,0,false,relocated_r_mips32_code_pointer
sub_08918C34,0x08918C34,7,2,1,0,0,false,direct_jal_target
sub_08918C58,0x08918C58,72,19,1,0,0,false,direct_jal_target
sub_08918DB0,0x08918DB0,58,12,2,0,0,false,direct_jal_target
sub_08918E84,0x08918E84,51,14,2,0,0,false,relocated_r_mips32_code_pointer
sub_08918E98,0x08918E98,9,1,0,0,0,false,relocated_r_mips32_code_pointer
sub_08918ED0,0x08918ED0,27,5,0,0,0,false,relocated_r_mips32_code_pointer
sub_08918F18,0x08918F18,27,5,0,0,0,false,relocated_r_mips32_code_pointer
sub_08918F60,0x08918F60,17,2,0,0,0,false,relocated_r_mips32_code_pointer
sub_08918F88,0x08918F88,22,4,0,0,0,false,relocated_r_mips32_code_pointer
sub_08919000,0x08919000,51,11,2,0,0,false,direct_jal_target
sub_089190F4,0x089190F4,20,3,2,0,0,false,direct_jal_target
sub_08919150,0x08919150,6,1,1,0,0,false,direct_jal_target
sub_0891916C,0x0891916C,139,43,5,0,0,false,direct_jal_target
sub_0891936C,0x0891936C,86,32,4,0,0,false,relocated_r_mips32_code_pointer
sub_0891938C,0x0891938C,83,31,4,0,0,false,relocated_r_mips32_code_pointer
sub_089193B4,0x089193B4,120,42,5,0,0,false,relocated_r_mips32_code_pointer
sub_08919420,0x08919420,89,34,4,0,0,false,relocated_r_mips32_code_pointer
sub_08919440,0x08919440,114,46,4,0,0,false,relocated_r_mips32_code_pointer
sub_089194CC,0x089194CC,132,51,5,0,0,false,relocated_r_mips32_code_pointer
sub_0891968C,0x0891968C,63,18,2,0,0,false,direct_jal_target
sub_089198AC,0x089198AC,21,5,1,1,0,false,direct_jal_target
sub_08919910,0x08919910,60,5,2,0,0,false,direct_jal_target
sub_08919A14,0x08919A14,73,14,2,0,0,false,direct_jal_target
sub_08919B60,0x08919B60,23,3,1,0,0,false,direct_jal_target
sub_08919BC8,0x08919BC8,89,20,5,1,0,false,direct_jal_target
sub_08919D74,0x08919D74,113,19,4,0,0,false,direct_jal_target
sub_08919F78,0x08919F78,26,3,2,0,0,false,direct_jal_target
sub_08919FEC,0x08919FEC,139,28,2,0,0,false,direct_jal_target
sub_0891A26C,0x0891A26C,65,21,5,1,0,false,materialized_code_pointer
sub_0891A3AC,0x0891A3AC,61,11,1,1,0,false,direct_jal_target
sub_0891A4C4,0x0891A4C4,106,28,3,0,0,false,direct_jal_target
sub_0891A6C8,0x0891A6C8,574,136,13,5,0,false,direct_jal_target
sub_0891B17C,0x0891B17C,175,44,3,2,0,false,materialized_code_pointer
sub_0891B4C0,0x0891B4C0,47,16,5,0,0,false,direct_jal_target
sub_0891B5B4,0x0891B5B4,149,33,1,2,0,false,direct_jal_target
sub_0891B874,0x0891B874,388,140,1,31,0,false,direct_jal_target
sub_0891C0E4,0x0891C0E4,28,3,2,0,0,false,direct_jal_target
sub_0891C160,0x0891C160,35,6,2,0,0,false,direct_jal_target
sub_0891C200,0x0891C200,20,3,2,0,0,false,direct_jal_target
sub_0891C25C,0x0891C25C,54,10,1,0,0,false,direct_jal_target
sub_0891C354,0x0891C354,36,3,2,0,0,false,direct_jal_target
sub_0891C4EC,0x0891C4EC,20,10,0,0,0,false,direct_jal_target
sub_0891C590,0x0891C590,61,12,2,0,0,false,direct_jal_target
sub_0891C6A8,0x0891C6A8,63,17,1,0,0,false,direct_jal_target
sub_0891C7D8,0x0891C7D8,12,3,0,0,0,false,direct_jal_target
sub_0891C814,0x0891C814,9,1,1,0,0,false,relocated_r_mips32_code_pointer
sub_0891C83C,0x0891C83C,12,4,1,0,0,false,relocated_r_mips32_code_pointer
sub_0891C848,0x0891C848,47,8,1,0,0,false,relocated_r_mips32_code_pointer
sub_0891C854,0x0891C854,30,5,2,0,0,false,relocated_r_mips32_code_pointer
sub_0891C860,0x0891C860,5,1,1,0,0,false,relocated_r_mips32_code_pointer
sub_0891C878,0x0891C878,10,4,1,0,0,false,relocated_r_mips32_code_pointer
sub_0891C884,0x0891C884,29,5,1,0,0,false,relocated_r_mips32_code_pointer
sub_0891C890,0x0891C890,7,1,0,0,0,false,direct_jal_target
sub_0891C8B0,0x0891C8B0,8,1,0,0,0,false,direct_jal_target
sub_0891CA0C,0x0891CA0C,462,118,2,0,0,false,direct_jal_target
sub_0891D2D8,0x0891D2D8,132,35,2,0,0,false,direct_jal_target
sub_0891D558,0x0891D558,26,3,0,0,0,false,direct_jal_target
sub_0891D5B0,0x0891D5B0,9,1,0,0,0,false,relocated_r_mips32_code_pointer
sub_0891D5D8,0x0891D5D8,9,2,0,0,0,false,relocated_r_mips32_code_pointer
sub_0891D5E8,0x0891D5E8,9,2,0,0,0,false,relocated_r_mips32_code_pointer
sub_0891D5F8,0x0891D5F8,9,2,0,0,0,false,relocated_r_mips32_code_pointer
sub_0891D608,0x0891D608,31,10,0,0,0,false,relocated_r_mips32_code_pointer
sub_0891D664,0x0891D664,36,8,0,0,0,false,relocated_r_mips32_code_pointer
sub_0891D6C8,0x0891D6C8,27,11,1,0,0,false,relocated_r_mips32_code_pointer
sub_0891D758,0x0891D758,29,11,1,0,0,false,relocated_r_mips32_code_pointer
sub_0891D794,0x0891D794,21,9,1,0,0,false,relocated_r_mips32_code_pointer
sub_0891D7CC,0x0891D7CC,23,5,0,0,0,false,relocated_r_mips32_code_pointer
sub_0891D7DC,0x0891D7DC,23,5,0,0,0,false,relocated_r_mips32_code_pointer
sub_0891D7EC,0x0891D7EC,33,12,1,0,0,false,relocated_r_mips32_code_pointer
sub_0891D830,0x0891D830,23,5,0,0,0,false,relocated_r_mips32_code_pointer
sub_0891D840,0x0891D840,23,5,0,0,0,false,relocated_r_mips32_code_pointer
sub_0891D850,0x0891D850,35,12,1,0,0,false,relocated_r_mips32_code_pointer
sub_0891D894,0x0891D894,15,5,0,0,0,false,relocated_r_mips32_code_pointer
sub_0891D8A8,0x0891D8A8,15,5,0,0,0,false,relocated_r_mips32_code_pointer
sub_0891D8BC,0x0891D8BC,15,5,0,0,0,false,relocated_r_mips32_code_pointer
sub_0891D8D0,0x0891D8D0,15,5,0,0,0,false,relocated_r_mips32_code_pointer
sub_0891D8E4,0x0891D8E4,35,13,1,0,0,false,relocated_r_mips32_code_pointer
sub_0891D94C,0x0891D94C,37,12,0,0,0,false,relocated_r_mips32_code_pointer
sub_0891D9A8,0x0891D9A8,26,13,1,0,0,false,relocated_r_mips32_code_pointer
sub_0891DA24,0x0891DA24,31,14,1,0,0,false,relocated_r_mips32_code_pointer
sub_0891DA88,0x0891DA88,21,7,0,0,0,false,relocated_r_mips32_code_pointer
sub_0891DA9C,0x0891DA9C,33,12,1,0,0,false,relocated_r_mips32_code_pointer
sub_0891DAF0,0x0891DAF0,21,7,0,0,0,false,relocated_r_mips32_code_pointer
sub_0891DB04,0x0891DB04,21,7,0,0,0,false,relocated_r_mips32_code_pointer
sub_0891DB18,0x0891DB18,21,7,0,0,0,false,relocated_r_mips32_code_pointer
sub_0891DB2C,0x0891DB2C,51,14,0,0,0,false,direct_jal_target
sub_0891DC24,0x0891DC24,7,2,0,0,0,false,relocated_r_mips32_code_pointer
sub_0891DC34,0x0891DC34,7,2,0,0,0,false,relocated_r_mips32_code_pointer
sub_0891DC44,0x0891DC44,19,8,1,0,0,false,relocated_r_mips32_code_pointer
sub_0891DC8C,0x0891DC8C,7,2,0,0,0,false,relocated_r_mips32_code_pointer
sub_0891DC9C,0x0891DC9C,19,9,1,0,0,false,relocated_r_mips32_code_pointer
sub_0891DCE0,0x0891DCE0,7,2,0,0,0,false,relocated_r_mips32_code_pointer
sub_0891DD10,0x0891DD10,535,154,4,0,0,false,direct_jal_target
sub_0891DE60,0x0891DE60,119,35,1,0,0,false,relocated_r_mips32_code_pointer
sub_0891E02C,0x0891E02C,145,45,2,0,0,false,relocated_r_mips32_code_pointer
sub_0891E0D0,0x0891E0D0,108,32,0,0,0,false,relocated_r_mips32_code_pointer
sub_0891E1A0,0x0891E1A0,66,16,0,0,0,false,relocated_r_mips32_code_pointer
sub_0891E244,0x0891E244,113,33,1,0,0,false,relocated_r_mips32_code_pointer
sub_0891E340,0x0891E340,68,19,1,0,0,false,relocated_r_mips32_code_pointer
sub_0891E3DC,0x0891E3DC,72,20,1,0,0,false,relocated_r_mips32_code_pointer
sub_0891E588,0x0891E588,89,30,3,0,0,false,relocated_r_mips32_code_pointer
sub_0891E85C,0x0891E85C,58,12,0,0,0,false,relocated_r_mips32_code_pointer
sub_0891E870,0x0891E870,58,12,0,0,0,false,relocated_r_mips32_code_pointer
sub_0891E884,0x0891E884,58,12,0,0,0,false,relocated_r_mips32_code_pointer
sub_0891E898,0x0891E898,58,12,0,0,0,false,relocated_r_mips32_code_pointer
sub_0891E8AC,0x0891E8AC,70,19,1,0,0,false,relocated_r_mips32_code_pointer
sub_0891E924,0x0891E924,105,28,0,0,0,false,relocated_r_mips32_code_pointer
sub_0891E93C,0x0891E93C,105,28,0,0,0,false,relocated_r_mips32_code_pointer
sub_0891E954,0x0891E954,105,28,0,0,0,false,relocated_r_mips32_code_pointer
sub_0891E96C,0x0891E96C,105,28,0,0,0,false,relocated_r_mips32_code_pointer
sub_0891E984,0x0891E984,116,34,1,0,0,false,relocated_r_mips32_code_pointer
sub_0891E9CC,0x0891E9CC,62,13,0,0,0,false,relocated_r_mips32_code_pointer
sub_0891E9E0,0x0891E9E0,74,20,1,0,0,false,relocated_r_mips32_code_pointer
sub_0891EA28,0x0891EA28,62,13,0,0,0,false,relocated_r_mips32_code_pointer
sub_0891EA3C,0x0891EA3C,62,13,0,0,0,false,relocated_r_mips32_code_pointer
sub_0891EA50,0x0891EA50,62,13,0,0,0,false,relocated_r_mips32_code_pointer
sub_0891EA64,0x0891EA64,109,28,0,0,0,false,relocated_r_mips32_code_pointer
sub_0891EA74,0x0891EA74,109,28,0,0,0,false,relocated_r_mips32_code_pointer
sub_0891EA84,0x0891EA84,121,35,1,0,0,false,relocated_r_mips32_code_pointer
sub_0891EAC8,0x0891EAC8,109,28,0,0,0,false,relocated_r_mips32_code_pointer
sub_0891EAD8,0x0891EAD8,109,28,0,0,0,false,relocated_r_mips32_code_pointer
sub_0891EAE8,0x0891EAE8,66,16,0,0,0,false,relocated_r_mips32_code_pointer
sub_0891EAFC,0x0891EAFC,76,23,1,0,0,false,relocated_r_mips32_code_pointer
sub_0891EB38,0x0891EB38,66,16,0,0,0,false,relocated_r_mips32_code_pointer
sub_0891EB4C,0x0891EB4C,66,16,0,0,0,false,relocated_r_mips32_code_pointer
sub_0891EB60,0x0891EB60,78,22,1,0,0,false,relocated_r_mips32_code_pointer
sub_0891EBA8,0x0891EBA8,79,23,2,0,0,false,relocated_r_mips32_code_pointer
sub_0891EBBC,0x0891EBBC,91,29,3,0,0,false,relocated_r_mips32_code_pointer
sub_0891EC04,0x0891EC04,79,23,2,0,0,false,relocated_r_mips32_code_pointer
sub_0891EC18,0x0891EC18,79,23,2,0,0,false,relocated_r_mips32_code_pointer
sub_0891EC2C,0x0891EC2C,79,23,2,0,0,false,relocated_r_mips32_code_pointer
sub_0891EC40,0x0891EC40,108,32,0,0,0,false,relocated_r_mips32_code_pointer
sub_0891EC54,0x0891EC54,119,38,1,0,0,false,relocated_r_mips32_code_pointer
sub_0891EC90,0x0891EC90,118,39,1,0,0,false,relocated_r_mips32_code_pointer
sub_0891ECD4,0x0891ECD4,108,32,0,0,0,false,relocated_r_mips32_code_pointer
sub_0891ECE8,0x0891ECE8,108,32,0,0,0,false,relocated_r_mips32_code_pointer
sub_0891ECFC,0x0891ECFC,60,13,0,0,0,false,relocated_r_mips32_code_pointer
sub_0891ED0C,0x0891ED0C,60,13,0,0,0,false,relocated_r_mips32_code_pointer
sub_0891ED1C,0x0891ED1C,70,20,1,0,0,false,relocated_r_mips32_code_pointer
sub_0891ED60,0x0891ED60,60,13,0,0,0,false,relocated_r_mips32_code_pointer
sub_0891ED70,0x0891ED70,60,13,0,0,0,false,relocated_r_mips32_code_pointer
sub_0891ED80,0x0891ED80,72,20,1,0,0,false,relocated_r_mips32_code_pointer
sub_0891EDC4,0x0891EDC4,76,20,0,0,0,false,relocated_r_mips32_code_pointer
sub_0891EDDC,0x0891EDDC,76,20,0,0,0,false,relocated_r_mips32_code_pointer
sub_0891EDF4,0x0891EDF4,86,27,1,0,0,false,relocated_r_mips32_code_pointer
sub_0891EE3C,0x0891EE3C,76,20,0,0,0,false,relocated_r_mips32_code_pointer
sub_0891EE54,0x0891EE54,76,20,0,0,0,false,relocated_r_mips32_code_pointer
sub_0891EE6C,0x0891EE6C,87,26,1,0,0,false,relocated_r_mips32_code_pointer
sub_0891EEB4,0x0891EEB4,74,19,0,0,0,false,relocated_r_mips32_code_pointer
sub_0891EEC4,0x0891EEC4,74,19,0,0,0,false,relocated_r_mips32_code_pointer
sub_0891EED4,0x0891EED4,85,26,1,0,0,false,relocated_r_mips32_code_pointer
sub_0891EF18,0x0891EF18,74,19,0,0,0,false,relocated_r_mips32_code_pointer
sub_0891EF28,0x0891EF28,86,25,1,0,0,false,relocated_r_mips32_code_pointer
sub_0891EF6C,0x0891EF6C,74,19,0,0,0,false,relocated_r_mips32_code_pointer
sub_0891EF7C,0x0891EF7C,145,46,2,0,0,false,relocated_r_mips32_code_pointer
sub_0891EF8C,0x0891EF8C,157,53,3,0,0,false,relocated_r_mips32_code_pointer
sub_0891EFD0,0x0891EFD0,145,46,2,0,0,false,relocated_r_mips32_code_pointer
sub_0891EFE0,0x0891EFE0,145,46,2,0,0,false,relocated_r_mips32_code_pointer
sub_0891EFF0,0x0891EFF0,155,53,3,0,0,false,relocated_r_mips32_code_pointer
sub_0891F044,0x0891F044,92,28,2,0,0,false,relocated_r_mips32_code_pointer
sub_0891F054,0x0891F054,92,28,2,0,0,false,relocated_r_mips32_code_pointer
sub_0891F064,0x0891F064,102,35,3,0,0,false,relocated_r_mips32_code_pointer
sub_0891F0A8,0x0891F0A8,92,28,2,0,0,false,relocated_r_mips32_code_pointer
sub_0891F0B8,0x0891F0B8,92,28,2,0,0,false,relocated_r_mips32_code_pointer
sub_0891F0C8,0x0891F0C8,104,35,3,0,0,false,relocated_r_mips32_code_pointer
sub_0891F2AC,0x0891F2AC,90,22,0,0,0,false,direct_jal_target
sub_0891F3AC,0x0891F3AC,28,8,0,0,0,false,relocated_r_mips32_code_pointer
sub_0891F3E8,0x0891F3E8,31,11,0,0,0,false,relocated_r_mips32_code_pointer
sub_0891F404,0x0891F404,31,11,0,0,0,false,relocated_r_mips32_code_pointer
sub_0891F420,0x0891F420,39,15,1,0,0,false,relocated_r_mips32_code_pointer
sub_0891F464,0x0891F464,31,11,0,0,0,false,relocated_r_mips32_code_pointer
sub_0891F480,0x0891F480,39,14,1,0,0,false,relocated_r_mips32_code_pointer
sub_0891F55C,0x0891F55C,67,19,0,0,0,false,relocated_r_mips32_code_pointer
sub_0891F570,0x0891F570,77,26,1,0,0,false,relocated_r_mips32_code_pointer
sub_0891F5B4,0x0891F5B4,67,19,0,0,0,false,relocated_r_mips32_code_pointer
sub_0891F5C8,0x0891F5C8,67,19,0,0,0,false,relocated_r_mips32_code_pointer
sub_0891F5DC,0x0891F5DC,79,25,1,0,0,false,relocated_r_mips32_code_pointer
sub_0891F624,0x0891F624,67,19,0,0,0,false,relocated_r_mips32_code_pointer
sub_0891F638,0x0891F638,31,9,0,0,0,false,relocated_r_mips32_code_pointer
sub_0891F648,0x0891F648,31,9,0,0,0,false,relocated_r_mips32_code_pointer
sub_0891F658,0x0891F658,41,16,1,0,0,false,relocated_r_mips32_code_pointer
sub_0891F69C,0x0891F69C,31,9,0,0,0,false,relocated_r_mips32_code_pointer
sub_0891F6AC,0x0891F6AC,31,9,0,0,0,false,relocated_r_mips32_code_pointer
sub_0891F6BC,0x0891F6BC,42,15,1,0,0,false,relocated_r_mips32_code_pointer
sub_0891F700,0x0891F700,49,14,0,0,0,false,relocated_r_mips32_code_pointer
sub_0891F710,0x0891F710,49,14,0,0,0,false,relocated_r_mips32_code_pointer
sub_0891F720,0x0891F720,59,21,1,0,0,false,relocated_r_mips32_code_pointer
sub_0891F764,0x0891F764,49,14,0,0,0,false,relocated_r_mips32_code_pointer
sub_0891F774,0x0891F774,61,21,1,0,0,false,relocated_r_mips32_code_pointer
sub_0891F7B8,0x0891F7B8,49,14,0,0,0,false,relocated_r_mips32_code_pointer
sub_0891F828,0x0891F828,34,3,0,0,0,false,direct_jal_target
sub_0891F888,0x0891F888,67,13,2,0,0,false,relocated_r_mips32_code_pointer
sub_0891F938,0x0891F938,14,2,1,0,0,false,relocated_r_mips32_code_pointer
sub_0891F978,0x0891F978,86,31,5,0,0,false,relocated_r_mips32_code_pointer
sub_0891FA4C,0x0891FA4C,69,19,2,0,0,false,relocated_r_mips32_code_pointer
sub_0891FB4C,0x0891FB4C,261,93,2,0,0,false,relocated_r_mips32_code_pointer
sub_0891FCA8,0x0891FCA8,247,90,2,0,0,false,relocated_r_mips32_code_pointer
sub_0891FD30,0x0891FD30,201,74,2,0,0,false,relocated_r_mips32_code_pointer
sub_0891FD94,0x0891FD94,198,74,2,0,0,false,relocated_r_mips32_code_pointer
sub_0891FEA8,0x0891FEA8,198,74,2,0,0,false,relocated_r_mips32_code_pointer
sub_0891FEB8,0x0891FEB8,209,81,3,0,0,false,relocated_r_mips32_code_pointer
sub_0891FEFC,0x0891FEFC,198,74,2,0,0,false,relocated_r_mips32_code_pointer
sub_0891FF0C,0x0891FF0C,198,74,2,0,0,false,relocated_r_mips32_code_pointer
sub_0891FF1C,0x0891FF1C,210,80,3,0,0,false,relocated_r_mips32_code_pointer
sub_0891FF60,0x0891FF60,201,75,2,0,0,false,relocated_r_mips32_code_pointer
sub_0891FF70,0x0891FF70,211,82,3,0,0,false,relocated_r_mips32_code_pointer
sub_0891FFB4,0x0891FFB4,201,75,2,0,0,false,relocated_r_mips32_code_pointer
sub_0891FFC4,0x0891FFC4,212,80,3,0,0,false,relocated_r_mips32_code_pointer
sub_08920000,0x08920000,201,75,2,0,0,false,materialized_code_pointer
sub_08920014,0x08920014,201,75,2,0,0,false,relocated_r_mips32_code_pointer
sub_08920024,0x08920024,247,90,2,0,0,false,relocated_r_mips32_code_pointer
sub_08920034,0x08920034,259,95,3,0,0,false,relocated_r_mips32_code_pointer
sub_08920084,0x08920084,258,97,3,0,0,false,relocated_r_mips32_code_pointer
sub_089200C8,0x089200C8,247,90,2,0,0,false,relocated_r_mips32_code_pointer
sub_089200D8,0x089200D8,247,90,2,0,0,false,relocated_r_mips32_code_pointer
sub_0892012C,0x0892012C,127,45,1,0,0,false,relocated_r_mips32_code_pointer
sub_089202DC,0x089202DC,127,45,1,0,0,false,relocated_r_mips32_code_pointer
sub_089202EC,0x089202EC,138,53,2,0,0,false,relocated_r_mips32_code_pointer
sub_08920330,0x08920330,127,45,1,0,0,false,relocated_r_mips32_code_pointer
sub_08920340,0x08920340,127,45,1,0,0,false,relocated_r_mips32_code_pointer
sub_08920350,0x08920350,139,52,2,0,0,false,relocated_r_mips32_code_pointer
sub_0892059C,0x0892059C,49,15,2,0,0,false,direct_jal_target
sub_08920694,0x08920694,57,10,1,0,0,false,direct_jal_target
sub_08920798,0x08920798,30,5,0,0,0,false,direct_jal_target
sub_08920820,0x08920820,7,2,0,0,0,false,relocated_r_mips32_code_pointer
sub_08920830,0x08920830,7,2,0,0,0,false,relocated_r_mips32_code_pointer
sub_08920840,0x08920840,19,8,1,0,0,false,relocated_r_mips32_code_pointer
sub_08920888,0x08920888,7,2,0,0,0,false,relocated_r_mips32_code_pointer
sub_08920898,0x08920898,19,9,1,0,0,false,relocated_r_mips32_code_pointer
sub_089208DC,0x089208DC,7,2,0,0,0,false,relocated_r_mips32_code_pointer
sub_0892090C,0x0892090C,28,7,3,0,0,false,direct_jal_target
sub_08920994,0x08920994,13,3,2,0,0,false,relocated_r_mips32_code_pointer
sub_089209D4,0x089209D4,14,4,3,0,0,false,relocated_r_mips32_code_pointer
sub_08920A1C,0x08920A1C,14,4,3,0,0,false,relocated_r_mips32_code_pointer
sub_08920A64,0x08920A64,14,4,3,0,0,false,relocated_r_mips32_code_pointer
sub_08920AAC,0x08920AAC,14,4,3,0,0,false,relocated_r_mips32_code_pointer
sub_08920AF4,0x08920AF4,14,4,3,0,0,false,relocated_r_mips32_code_pointer
sub_08920B3C,0x08920B3C,14,4,3,0,0,false,relocated_r_mips32_code_pointer
sub_08920B84,0x08920B84,14,4,3,0,0,false,relocated_r_mips32_code_pointer
sub_08920BCC,0x08920BCC,14,4,3,0,0,false,relocated_r_mips32_code_pointer
sub_08920C14,0x08920C14,14,4,3,0,0,false,relocated_r_mips32_code_pointer
sub_08920C5C,0x08920C5C,24,5,3,0,0,false,relocated_r_mips32_code_pointer
sub_08920CD0,0x08920CD0,14,4,3,0,0,false,relocated_r_mips32_code_pointer
sub_08920D18,0x08920D18,14,4,3,0,0,false,relocated_r_mips32_code_pointer
sub_08920D60,0x08920D60,24,5,3,0,0,false,relocated_r_mips32_code_pointer
sub_08920DD4,0x08920DD4,24,5,3,0,0,false,relocated_r_mips32_code_pointer
sub_08920E48,0x08920E48,14,4,3,0,0,false,relocated_r_mips32_code_pointer
sub_08920E90,0x08920E90,24,5,3,0,0,false,relocated_r_mips32_code_pointer
sub_08920F04,0x08920F04,14,4,3,0,0,false,relocated_r_mips32_code_pointer
sub_08920F4C,0x08920F4C,14,4,3,0,0,false,relocated_r_mips32_code_pointer
sub_08920F94,0x08920F94,14,4,3,0,0,false,relocated_r_mips32_code_pointer
sub_08920FDC,0x08920FDC,17,4,3,0,0,false,relocated_r_mips32_code_pointer
sub_08921030,0x08921030,17,4,3,0,0,false,relocated_r_mips32_code_pointer
sub_08921084,0x08921084,17,5,4,0,0,false,relocated_r_mips32_code_pointer
sub_089210DC,0x089210DC,23,5,4,0,0,false,relocated_r_mips32_code_pointer
sub_0892114C,0x0892114C,56,13,4,0,0,false,relocated_r_mips32_code_pointer
sub_08921258,0x08921258,56,13,4,0,0,false,relocated_r_mips32_code_pointer
sub_08921364,0x08921364,109,32,11,0,0,false,relocated_r_mips32_code_pointer
sub_08921590,0x08921590,7,3,2,0,0,false,relocated_r_mips32_code_pointer
sub_089215B8,0x089215B8,28,6,4,0,0,false,relocated_r_mips32_code_pointer
sub_08921640,0x08921640,7,2,1,0,0,false,direct_jal_target
sub_08921664,0x08921664,30,7,1,1,0,false,direct_jal_target
sub_089216F4,0x089216F4,87,21,2,1,2,false,direct_jal_target
sub_08921894,0x08921894,55,13,10,0,0,false,direct_jal_target
sub_089219A4,0x089219A4,9,2,1,0,0,false,materialized_code_pointer
sub_089219D0,0x089219D0,43,14,6,0,0,false,relocated_r_mips32_code_pointer
sub_08921AAC,0x08921AAC,80,32,11,0,0,false,direct_jal_target
sub_08921C58,0x08921C58,34,10,5,0,0,false,materialized_code_pointer
sub_08921D08,0x08921D08,141,58,18,0,0,false,relocated_r_mips32_code_pointer
sub_08922018,0x08922018,120,51,17,0,0,false,relocated_r_mips32_code_pointer
sub_089222B0,0x089222B0,26,9,6,0,0,false,relocated_r_mips32_code_pointer
sub_0892233C,0x0892233C,40,8,5,0,0,false,direct_jal_target
sub_089223FC,0x089223FC,97,24,12,0,0,false,relocated_r_mips32_code_pointer
sub_089225DC,0x089225DC,42,10,5,0,0,false,relocated_r_mips32_code_pointer
sub_089226AC,0x089226AC,63,16,10,0,0,false,relocated_r_mips32_code_pointer
sub_089227E8,0x089227E8,83,23,10,0,0,false,relocated_r_mips32_code_pointer
sub_08922988,0x08922988,13,5,0,0,0,false,direct_jal_target
sub_089229CC,0x089229CC,7,3,0,0,0,false,direct_jal_target
sub_089229F0,0x089229F0,10,3,0,0,0,false,direct_jal_target
sub_08922A24,0x08922A24,32,13,1,0,0,false,direct_jal_target
sub_08922AD0,0x08922AD0,60,18,4,0,0,false,direct_jal_target
sub_08922C00,0x08922C00,88,18,5,0,0,false,direct_jal_target
sub_08922DA0,0x08922DA0,201,57,7,0,0,false,direct_jal_target
sub_0892318C,0x0892318C,13,2,1,0,0,false,direct_jal_target
sub_089231C8,0x089231C8,142,33,5,0,0,false,direct_jal_target
sub_089232A8,0x089232A8,69,9,3,0,0,false,direct_jal_target
sub_089233DC,0x089233DC,206,38,4,0,0,false,direct_jal_target
sub_08923790,0x08923790,53,10,4,0,0,false,direct_jal_target
sub_0892388C,0x0892388C,203,49,5,0,0,false,direct_jal_target
sub_08923C54,0x08923C54,112,21,4,0,0,false,direct_jal_target
sub_08923E54,0x08923E54,279,91,17,0,0,false,direct_jal_target
sub_089243F4,0x089243F4,66,7,2,0,0,false,direct_jal_target
sub_08924454,0x08924454,44,5,2,0,0,false,relocated_r_mips32_code_pointer
sub_08924518,0x08924518,37,14,5,0,0,false,relocated_r_mips32_code_pointer
sub_08924594,0x08924594,210,50,14,0,0,false,relocated_r_mips32_code_pointer
sub_089247C4,0x089247C4,77,31,6,0,0,false,relocated_r_mips32_code_pointer
sub_08924850,0x08924850,15,3,1,0,0,false,relocated_r_mips32_code_pointer
sub_08924864,0x08924864,151,42,11,0,0,false,relocated_r_mips32_code_pointer
sub_08924988,0x08924988,354,108,13,0,0,false,relocated_r_mips32_code_pointer
sub_08924B50,0x08924B50,112,40,11,0,0,false,relocated_r_mips32_code_pointer
sub_08924C18,0x08924C18,15,3,1,0,0,false,relocated_r_mips32_code_pointer
sub_08924C2C,0x08924C2C,116,27,6,0,0,false,relocated_r_mips32_code_pointer
sub_08925884,0x08925884,76,24,11,0,0,false,materialized_code_pointer
sub_08925A0C,0x08925A0C,257,62,13,0,0,false,direct_jal_target
sub_08925ED0,0x08925ED0,283,74,16,0,0,false,direct_jal_target
sub_08926438,0x08926438,231,91,12,0,0,false,direct_jal_target
sub_08926928,0x08926928,115,34,10,0,0,false,direct_jal_target
sub_08926B74,0x08926B74,189,49,14,0,0,false,direct_jal_target
sub_08926F1C,0x08926F1C,98,37,10,0,0,false,direct_jal_target
sub_08927124,0x08927124,274,71,13,0,0,false,direct_jal_target
sub_08927650,0x08927650,144,59,15,0,0,false,direct_jal_target
sub_0892796C,0x0892796C,151,53,14,0,0,false,direct_jal_target
sub_08927C88,0x08927C88,74,9,6,0,0,false,materialized_code_pointer
sub_08927DD4,0x08927DD4,42,7,3,0,0,false,direct_jal_target
sub_08927E98,0x08927E98,93,9,2,1,0,false,direct_jal_target
sub_08928034,0x08928034,28,6,4,0,0,false,direct_jal_target
sub_08928138,0x08928138,85,5,2,0,0,false,direct_jal_target
sub_089282A0,0x089282A0,65,20,2,0,0,false,direct_jal_target
sub_089283E0,0x089283E0,35,4,2,0,0,false,direct_jal_target
sub_0892847C,0x0892847C,163,40,4,0,0,false,direct_jal_target
sub_08928780,0x08928780,12,3,2,0,0,false,relocated_r_mips32_code_pointer
sub_089287BC,0x089287BC,52,11,4,0,0,false,relocated_r_mips32_code_pointer
sub_089288B4,0x089288B4,60,11,4,0,0,false,relocated_r_mips32_code_pointer
sub_089289CC,0x089289CC,60,11,4,0,0,false,relocated_r_mips32_code_pointer
sub_08928AE4,0x08928AE4,31,9,5,0,0,false,relocated_r_mips32_code_pointer
sub_08928B80,0x08928B80,42,13,6,0,0,false,relocated_r_mips32_code_pointer
sub_08928C5C,0x08928C5C,6,2,1,0,0,false,materialized_code_pointer
sub_08928C7C,0x08928C7C,23,8,6,0,0,false,relocated_r_mips32_code_pointer
sub_08928CF8,0x08928CF8,53,10,3,0,0,false,direct_jal_target
sub_08928DF4,0x08928DF4,21,6,4,0,0,false,relocated_r_mips32_code_pointer
sub_08928E60,0x08928E60,2,1,1,0,0,false,relocated_r_mips32_code_pointer
sub_08928E6C,0x08928E6C,41,12,8,0,0,false,relocated_r_mips32_code_pointer
sub_08928F40,0x08928F40,69,21,5,0,0,false,relocated_r_mips32_code_pointer
sub_089290A0,0x089290A0,61,13,4,0,0,false,relocated_r_mips32_code_pointer
sub_089291C8,0x089291C8,157,41,7,0,0,false,relocated_r_mips32_code_pointer
sub_0892936C,0x0892936C,14,2,1,0,0,false,relocated_r_mips32_code_pointer
sub_089294CC,0x089294CC,156,50,11,0,0,false,relocated_r_mips32_code_pointer
sub_08929528,0x08929528,217,73,7,0,0,false,relocated_r_mips32_code_pointer
sub_089295FC,0x089295FC,157,46,10,0,0,false,relocated_r_mips32_code_pointer
sub_08929658,0x08929658,147,44,9,0,0,false,relocated_r_mips32_code_pointer
sub_08929684,0x08929684,149,46,10,0,0,false,relocated_r_mips32_code_pointer
sub_089296A0,0x089296A0,156,46,10,0,0,false,relocated_r_mips32_code_pointer
sub_08929810,0x08929810,449,166,2,0,0,false,direct_jal_target
sub_08929868,0x08929868,439,166,2,0,0,false,relocated_r_mips32_code_pointer
sub_08929914,0x08929914,9,1,0,0,0,false,relocated_r_mips32_code_pointer
sub_08929A34,0x08929A34,443,169,2,0,0,false,relocated_r_mips32_code_pointer
sub_08929A54,0x08929A54,41,12,3,0,0,false,relocated_r_mips32_code_pointer
sub_08929AE0,0x08929AE0,46,15,3,0,0,false,relocated_r_mips32_code_pointer
sub_08929B44,0x08929B44,643,254,3,0,0,false,relocated_r_mips32_code_pointer
sub_08929D2C,0x08929D2C,105,35,1,0,0,false,relocated_r_mips32_code_pointer
sub_08929D44,0x08929D44,111,36,1,0,0,false,relocated_r_mips32_code_pointer
sub_08929D64,0x08929D64,111,36,1,0,0,false,relocated_r_mips32_code_pointer
sub_08929D84,0x08929D84,111,36,1,0,0,false,relocated_r_mips32_code_pointer
sub_08929DA4,0x08929DA4,111,36,1,0,0,false,relocated_r_mips32_code_pointer
sub_08929DC4,0x08929DC4,111,36,1,0,0,false,relocated_r_mips32_code_pointer
sub_08929DE4,0x08929DE4,111,36,1,0,0,false,relocated_r_mips32_code_pointer
sub_08929E04,0x08929E04,111,36,1,0,0,false,relocated_r_mips32_code_pointer
sub_08929E24,0x08929E24,111,36,1,0,0,false,relocated_r_mips32_code_pointer
sub_08929E44,0x08929E44,111,36,1,0,0,false,relocated_r_mips32_code_pointer
sub_08929E64,0x08929E64,108,36,1,0,0,false,relocated_r_mips32_code_pointer
sub_08929EF4,0x08929EF4,105,35,1,0,0,false,relocated_r_mips32_code_pointer
sub_0892A014,0x0892A014,109,36,1,0,0,false,relocated_r_mips32_code_pointer
sub_0892A11C,0x0892A11C,439,166,2,0,0,false,relocated_r_mips32_code_pointer
sub_0892A194,0x0892A194,438,165,2,0,0,false,relocated_r_mips32_code_pointer
sub_0892A214,0x0892A214,108,35,1,0,0,false,relocated_r_mips32_code_pointer
sub_0892A300,0x0892A300,445,167,2,0,0,false,relocated_r_mips32_code_pointer
sub_0892A320,0x0892A320,445,167,2,0,0,false,relocated_r_mips32_code_pointer
sub_0892A340,0x0892A340,445,167,2,0,0,false,relocated_r_mips32_code_pointer
sub_0892A360,0x0892A360,445,167,2,0,0,false,relocated_r_mips32_code_pointer
sub_0892A380,0x0892A380,445,167,2,0,0,false,relocated_r_mips32_code_pointer
sub_0892A3A0,0x0892A3A0,445,167,2,0,0,false,relocated_r_mips32_code_pointer
sub_0892A3C0,0x0892A3C0,445,167,2,0,0,false,relocated_r_mips32_code_pointer
sub_0892A3E0,0x0892A3E0,445,167,2,0,0,false,relocated_r_mips32_code_pointer
sub_0892A400,0x0892A400,445,167,2,0,0,false,relocated_r_mips32_code_pointer
sub_0892A420,0x0892A420,442,167,2,0,0,false,relocated_r_mips32_code_pointer
sub_0892A44C,0x0892A44C,115,37,1,0,0,false,relocated_r_mips32_code_pointer
sub_0892A46C,0x0892A46C,115,37,1,0,0,false,relocated_r_mips32_code_pointer
sub_0892A48C,0x0892A48C,115,37,1,0,0,false,relocated_r_mips32_code_pointer
sub_0892A4AC,0x0892A4AC,115,37,1,0,0,false,relocated_r_mips32_code_pointer
sub_0892A4CC,0x0892A4CC,115,37,1,0,0,false,relocated_r_mips32_code_pointer
sub_0892A4EC,0x0892A4EC,112,37,1,0,0,false,relocated_r_mips32_code_pointer
sub_0892A500,0x0892A500,115,37,1,0,0,false,relocated_r_mips32_code_pointer
sub_0892A520,0x0892A520,115,37,1,0,0,false,relocated_r_mips32_code_pointer
sub_0892A540,0x0892A540,115,37,1,0,0,false,relocated_r_mips32_code_pointer
sub_0892A560,0x0892A560,115,37,1,0,0,false,relocated_r_mips32_code_pointer
sub_0892A580,0x0892A580,111,36,1,0,0,false,relocated_r_mips32_code_pointer
sub_0892A5A4,0x0892A5A4,111,37,1,0,0,false,relocated_r_mips32_code_pointer
sub_0892A5B8,0x0892A5B8,111,37,1,0,0,false,relocated_r_mips32_code_pointer
sub_0892A5CC,0x0892A5CC,111,37,1,0,0,false,relocated_r_mips32_code_pointer
sub_0892A5E0,0x0892A5E0,111,37,1,0,0,false,relocated_r_mips32_code_pointer
sub_0892A5F4,0x0892A5F4,111,37,1,0,0,false,relocated_r_mips32_code_pointer
sub_0892A608,0x0892A608,111,37,1,0,0,false,relocated_r_mips32_code_pointer
sub_0892A61C,0x0892A61C,111,37,1,0,0,false,relocated_r_mips32_code_pointer
sub_0892A630,0x0892A630,111,37,1,0,0,false,relocated_r_mips32_code_pointer
sub_0892A644,0x0892A644,108,37,1,0,0,false,relocated_r_mips32_code_pointer
sub_0892A64C,0x0892A64C,445,167,2,0,0,false,relocated_r_mips32_code_pointer
sub_0892A670,0x0892A670,445,168,2,0,0,false,relocated_r_mips32_code_pointer
sub_0892A684,0x0892A684,445,168,2,0,0,false,relocated_r_mips32_code_pointer
sub_0892A698,0x0892A698,445,168,2,0,0,false,relocated_r_mips32_code_pointer
sub_0892A6AC,0x0892A6AC,445,168,2,0,0,false,relocated_r_mips32_code_pointer
sub_0892A6C0,0x0892A6C0,445,168,2,0,0,false,relocated_r_mips32_code_pointer
sub_0892A6D4,0x0892A6D4,442,168,2,0,0,false,relocated_r_mips32_code_pointer
sub_0892A6DC,0x0892A6DC,445,168,2,0,0,false,relocated_r_mips32_code_pointer
sub_0892A6F0,0x0892A6F0,445,168,2,0,0,false,relocated_r_mips32_code_pointer
sub_0892A704,0x0892A704,445,168,2,0,0,false,relocated_r_mips32_code_pointer
sub_0892A718,0x0892A718,115,37,1,0,0,false,relocated_r_mips32_code_pointer
sub_0892A73C,0x0892A73C,115,38,1,0,0,false,relocated_r_mips32_code_pointer
sub_0892A750,0x0892A750,115,38,1,0,0,false,relocated_r_mips32_code_pointer
sub_0892A764,0x0892A764,115,38,1,0,0,false,relocated_r_mips32_code_pointer
sub_0892A778,0x0892A778,115,38,1,0,0,false,relocated_r_mips32_code_pointer
sub_0892A78C,0x0892A78C,115,38,1,0,0,false,relocated_r_mips32_code_pointer
sub_0892A7A0,0x0892A7A0,115,38,1,0,0,false,relocated_r_mips32_code_pointer
sub_0892A7B4,0x0892A7B4,115,38,1,0,0,false,relocated_r_mips32_code_pointer
sub_0892A7C8,0x0892A7C8,115,38,1,0,0,false,relocated_r_mips32_code_pointer
sub_0892A7DC,0x0892A7DC,112,38,1,0,0,false,relocated_r_mips32_code_pointer
sub_0892A834,0x0892A834,109,36,1,0,0,false,relocated_r_mips32_code_pointer
sub_0892A84C,0x0892A84C,115,37,1,0,0,false,relocated_r_mips32_code_pointer
sub_0892A86C,0x0892A86C,115,37,1,0,0,false,relocated_r_mips32_code_pointer
sub_0892A88C,0x0892A88C,115,37,1,0,0,false,relocated_r_mips32_code_pointer
sub_0892A8AC,0x0892A8AC,115,37,1,0,0,false,relocated_r_mips32_code_pointer
sub_0892A8CC,0x0892A8CC,115,37,1,0,0,false,relocated_r_mips32_code_pointer
sub_0892A8EC,0x0892A8EC,115,37,1,0,0,false,relocated_r_mips32_code_pointer
sub_0892A90C,0x0892A90C,115,37,1,0,0,false,relocated_r_mips32_code_pointer
sub_0892A92C,0x0892A92C,115,37,1,0,0,false,relocated_r_mips32_code_pointer
sub_0892A94C,0x0892A94C,115,37,1,0,0,false,relocated_r_mips32_code_pointer
sub_0892A96C,0x0892A96C,112,37,1,0,0,false,relocated_r_mips32_code_pointer
sub_0892AC24,0x0892AC24,533,204,2,0,0,false,relocated_r_mips32_code_pointer
sub_0892AC3C,0x0892AC3C,539,205,2,0,0,false,relocated_r_mips32_code_pointer
sub_0892AC5C,0x0892AC5C,539,205,2,0,0,false,relocated_r_mips32_code_pointer
sub_0892AC7C,0x0892AC7C,539,205,2,0,0,false,relocated_r_mips32_code_pointer
sub_0892AC9C,0x0892AC9C,539,205,2,0,0,false,relocated_r_mips32_code_pointer
sub_0892ACBC,0x0892ACBC,539,205,2,0,0,false,relocated_r_mips32_code_pointer
sub_0892ACDC,0x0892ACDC,539,205,2,0,0,false,relocated_r_mips32_code_pointer
sub_0892ACFC,0x0892ACFC,539,205,2,0,0,false,relocated_r_mips32_code_pointer
sub_0892AD1C,0x0892AD1C,539,205,2,0,0,false,relocated_r_mips32_code_pointer
sub_0892AD3C,0x0892AD3C,539,205,2,0,0,false,relocated_r_mips32_code_pointer
sub_0892AD5C,0x0892AD5C,536,205,2,0,0,false,relocated_r_mips32_code_pointer
sub_0892ADC0,0x0892ADC0,484,184,2,0,0,false,relocated_r_mips32_code_pointer
sub_0892ADD8,0x0892ADD8,490,185,2,0,0,false,relocated_r_mips32_code_pointer
sub_0892ADF8,0x0892ADF8,490,185,2,0,0,false,relocated_r_mips32_code_pointer
sub_0892AE18,0x0892AE18,490,185,2,0,0,false,relocated_r_mips32_code_pointer
sub_0892AE38,0x0892AE38,490,185,2,0,0,false,relocated_r_mips32_code_pointer
sub_0892AE58,0x0892AE58,490,185,2,0,0,false,relocated_r_mips32_code_pointer
sub_0892AE78,0x0892AE78,490,185,2,0,0,false,relocated_r_mips32_code_pointer
sub_0892AE98,0x0892AE98,490,185,2,0,0,false,relocated_r_mips32_code_pointer
sub_0892AEB8,0x0892AEB8,490,185,2,0,0,false,relocated_r_mips32_code_pointer
sub_0892AED8,0x0892AED8,490,185,2,0,0,false,relocated_r_mips32_code_pointer
sub_0892AEF8,0x0892AEF8,487,185,2,0,0,false,relocated_r_mips32_code_pointer
sub_0892AFFC,0x0892AFFC,109,36,1,0,0,false,relocated_r_mips32_code_pointer
sub_0892B008,0x0892B008,115,37,1,0,0,false,relocated_r_mips32_code_pointer
sub_0892B02C,0x0892B02C,115,38,1,0,0,false,relocated_r_mips32_code_pointer
sub_0892B040,0x0892B040,115,38,1,0,0,false,relocated_r_mips32_code_pointer
sub_0892B054,0x0892B054,115,38,1,0,0,false,relocated_r_mips32_code_pointer
sub_0892B068,0x0892B068,115,38,1,0,0,false,relocated_r_mips32_code_pointer
sub_0892B07C,0x0892B07C,115,38,1,0,0,false,relocated_r_mips32_code_pointer
sub_0892B090,0x0892B090,115,38,1,0,0,false,relocated_r_mips32_code_pointer
sub_0892B0A4,0x0892B0A4,115,38,1,0,0,false,relocated_r_mips32_code_pointer
sub_0892B0B8,0x0892B0B8,115,38,1,0,0,false,relocated_r_mips32_code_pointer
sub_0892B0CC,0x0892B0CC,112,38,1,0,0,false,relocated_r_mips32_code_pointer
sub_0892B1A4,0x0892B1A4,73,19,7,0,0,false,materialized_code_pointer
sub_0892B30C,0x0892B30C,243,88,23,0,0,false,relocated_r_mips32_code_pointer
sub_0892BB2C,0x0892BB2C,150,59,11,0,0,false,relocated_r_mips32_code_pointer
sub_0892BB34,0x0892BB34,150,59,11,0,0,false,relocated_r_mips32_code_pointer
sub_0892BB3C,0x0892BB3C,66,17,4,0,0,false,direct_jal_target
sub_0892BCF4,0x0892BCF4,18,6,0,0,0,false,direct_jal_target
sub_0892BD54,0x0892BD54,61,17,2,0,1,false,direct_jal_target
sub_0892BE80,0x0892BE80,58,13,4,0,0,false,direct_jal_target
sub_0892BF90,0x0892BF90,218,72,2,0,3,false,direct_jal_target
sub_0892C3D4,0x0892C3D4,201,55,5,0,2,false,direct_jal_target
sub_0892C7AC,0x0892C7AC,174,52,4,0,3,false,direct_jal_target
sub_0892CB08,0x0892CB08,356,100,7,0,4,false,direct_jal_target
sub_0892D1C8,0x0892D1C8,34,9,1,0,0,false,direct_jal_target
sub_0892D270,0x0892D270,86,21,3,0,1,false,direct_jal_target
sub_0892D40C,0x0892D40C,209,68,6,0,3,false,direct_jal_target
sub_0892D82C,0x0892D82C,177,51,7,0,1,false,direct_jal_target
sub_0892DB98,0x0892DB98,9,3,1,0,0,false,direct_jal_target
sub_0892DBC4,0x0892DBC4,41,16,8,0,0,false,relocated_r_mips32_code_pointer
sub_0892DCA4,0x0892DCA4,35,16,7,0,0,false,relocated_r_mips32_code_pointer
sub_0892DD6C,0x0892DD6C,46,15,8,0,0,false,relocated_r_mips32_code_pointer
sub_0892DE5C,0x0892DE5C,14,4,3,0,0,false,relocated_r_mips32_code_pointer
sub_0892DEA4,0x0892DEA4,15,4,3,0,0,false,relocated_r_mips32_code_pointer
sub_0892DEF0,0x0892DEF0,54,17,7,0,0,false,relocated_r_mips32_code_pointer
sub_0892E004,0x0892E004,55,17,6,0,0,false,relocated_r_mips32_code_pointer
sub_0892E11C,0x0892E11C,27,7,6,0,0,false,direct_jal_target
sub_0892E1A4,0x0892E1A4,66,22,10,0,0,false,relocated_r_mips32_code_pointer
sub_0892E2FC,0x0892E2FC,121,42,6,0,0,false,direct_jal_target
sub_0892E3B8,0x0892E3B8,9,2,1,0,0,false,relocated_r_mips32_code_pointer
sub_0892E3E4,0x0892E3E4,186,73,7,0,0,false,direct_jal_target
sub_0892E7D8,0x0892E7D8,30,10,6,0,0,false,relocated_r_mips32_code_pointer
sub_0892E874,0x0892E874,38,5,2,0,0,false,direct_jal_target
sub_0892E91C,0x0892E91C,25,4,1,0,0,false,direct_jal_target
sub_0892E990,0x0892E990,19,6,1,0,0,false,direct_jal_target
sub_0892E9F4,0x0892E9F4,22,1,0,0,0,false,direct_jal_target
sub_0892EA50,0x0892EA50,50,17,5,0,0,false,direct_jal_target
sub_0892EB54,0x0892EB54,638,255,10,0,0,false,direct_jal_target
sub_0892F888,0x0892F888,98,22,6,0,0,false,materialized_code_pointer
sub_0892FA58,0x0892FA58,28,7,1,0,0,false,direct_jal_target
sub_0892FAE4,0x0892FAE4,32,6,3,0,0,false,direct_jal_target
sub_0892FB7C,0x0892FB7C,143,26,8,0,0,false,direct_jal_target
sub_0892FE18,0x0892FE18,128,33,8,0,0,false,direct_jal_target
sub_08930000,0x08930000,8,1,1,0,0,false,materialized_code_pointer
sub_08930094,0x08930094,122,27,5,0,0,false,direct_jal_target
sub_089302D0,0x089302D0,17,3,1,0,0,false,relocated_r_mips32_code_pointer
sub_089302F8,0x089302F8,18,3,1,0,0,false,relocated_r_mips32_code_pointer
sub_08930324,0x08930324,17,3,1,0,0,false,relocated_r_mips32_code_pointer
sub_0893034C,0x0893034C,17,3,1,0,0,false,relocated_r_mips32_code_pointer
sub_08930374,0x08930374,28,7,4,0,0,false,relocated_r_mips32_code_pointer
sub_089303BC,0x089303BC,17,3,1,0,0,false,relocated_r_mips32_code_pointer
sub_089303E4,0x089303E4,15,2,0,0,0,false,relocated_r_mips32_code_pointer
sub_08930400,0x08930400,237,59,10,0,0,false,direct_jal_target
sub_08930874,0x08930874,118,24,7,0,0,false,direct_jal_target
sub_08930AA4,0x08930AA4,32,3,0,0,0,false,direct_jal_target
sub_08930AF8,0x08930AF8,13,1,0,0,0,false,relocated_r_mips32_code_pointer
sub_08930B30,0x08930B30,96,24,4,0,0,false,relocated_r_mips32_code_pointer
sub_08930CC8,0x08930CC8,10,1,0,0,0,false,relocated_r_mips32_code_pointer
sub_08930CF4,0x08930CF4,24,5,1,0,0,false,relocated_r_mips32_code_pointer
sub_08930D2C,0x08930D2C,90,25,1,0,0,false,direct_jal_target
sub_08930E8C,0x08930E8C,77,25,1,0,0,false,relocated_r_mips32_code_pointer
sub_08930EB8,0x08930EB8,81,25,1,0,0,false,relocated_r_mips32_code_pointer
sub_08930EF0,0x08930EF0,83,26,2,0,0,false,relocated_r_mips32_code_pointer
sub_08930F34,0x08930F34,88,30,2,0,0,false,relocated_r_mips32_code_pointer
sub_08930F74,0x08930F74,83,26,2,0,0,false,relocated_r_mips32_code_pointer
sub_08930FB8,0x08930FB8,75,26,1,0,0,false,relocated_r_mips32_code_pointer
sub_08930FDC,0x08930FDC,76,27,1,0,0,false,relocated_r_mips32_code_pointer
sub_08931004,0x08931004,78,26,1,0,0,false,relocated_r_mips32_code_pointer
sub_08931018,0x08931018,91,29,2,0,0,false,relocated_r_mips32_code_pointer
sub_08931088,0x08931088,96,34,2,0,0,false,relocated_r_mips32_code_pointer
sub_089310D0,0x089310D0,9,4,2,0,0,false,relocated_r_mips32_code_pointer
sub_08931100,0x08931100,77,28,2,0,0,false,direct_jal_target
sub_0893112C,0x0893112C,93,30,2,0,0,false,relocated_r_mips32_code_pointer
sub_08931184,0x08931184,106,39,3,0,0,false,relocated_r_mips32_code_pointer
sub_089311EC,0x089311EC,106,38,3,0,0,false,relocated_r_mips32_code_pointer
sub_08931254,0x08931254,106,38,3,0,0,false,relocated_r_mips32_code_pointer
sub_089312C0,0x089312C0,106,38,3,0,0,false,relocated_r_mips32_code_pointer
sub_08931328,0x08931328,120,41,6,0,0,false,relocated_r_mips32_code_pointer
sub_08931394,0x08931394,164,48,8,0,0,false,relocated_r_mips32_code_pointer
sub_08931494,0x08931494,88,28,2,0,0,false,relocated_r_mips32_code_pointer
sub_089314D0,0x089314D0,85,33,1,0,0,false,relocated_r_mips32_code_pointer
sub_08931500,0x08931500,106,38,3,0,0,false,relocated_r_mips32_code_pointer
sub_08931568,0x08931568,75,25,1,0,0,false,relocated_r_mips32_code_pointer
sub_08931588,0x08931588,92,30,3,0,0,false,relocated_r_mips32_code_pointer
sub_089315EC,0x089315EC,111,38,2,0,0,false,relocated_r_mips32_code_pointer
sub_08931648,0x08931648,102,36,2,0,0,false,relocated_r_mips32_code_pointer
sub_089316B4,0x089316B4,140,51,4,0,0,false,relocated_r_mips32_code_pointer
sub_0893172C,0x0893172C,39,8,3,0,0,false,relocated_r_mips32_code_pointer
sub_089317E8,0x089317E8,116,35,2,0,0,false,relocated_r_mips32_code_pointer
sub_08931878,0x08931878,127,46,4,0,0,false,relocated_r_mips32_code_pointer
sub_0893194C,0x0893194C,71,26,2,0,0,false,relocated_r_mips32_code_pointer
sub_08931960,0x08931960,114,30,2,0,0,false,relocated_r_mips32_code_pointer
sub_089319F4,0x089319F4,104,38,2,0,0,false,relocated_r_mips32_code_pointer
sub_08931A34,0x08931A34,87,35,1,0,0,false,relocated_r_mips32_code_pointer
sub_08931A70,0x08931A70,96,36,3,0,0,false,relocated_r_mips32_code_pointer
sub_08931AC8,0x08931AC8,112,35,5,0,0,false,relocated_r_mips32_code_pointer
sub_08931B7C,0x08931B7C,272,84,9,0,0,false,relocated_r_mips32_code_pointer
sub_08931CF8,0x08931CF8,95,34,1,0,0,false,relocated_r_mips32_code_pointer
sub_08931D58,0x08931D58,147,42,3,0,0,false,relocated_r_mips32_code_pointer
sub_089328AC,0x089328AC,23,5,0,1,0,false,direct_jal_target
sub_0893291C,0x0893291C,5,1,0,0,0,false,direct_jal_target
sub_08932934,0x08932934,31,10,2,0,0,false,direct_jal_target
sub_089329D0,0x089329D0,51,14,1,1,0,false,direct_jal_target
sub_08932ACC,0x08932ACC,31,9,0,1,0,false,direct_jal_target
sub_08932B68,0x08932B68,14,3,0,2,0,false,direct_jal_target
sub_08932BAC,0x08932BAC,12,2,0,1,0,false,direct_jal_target
sub_08932BE4,0x08932BE4,15,2,0,1,0,false,direct_jal_target
sub_08932C28,0x08932C28,1,1,0,0,0,false,direct_jal_target
sub_08932C30,0x08932C30,13,3,2,0,0,false,direct_jal_target
sub_08932C70,0x08932C70,24,6,0,1,1,false,direct_jal_target
sub_08932D98,0x08932D98,26,3,2,0,0,false,direct_jal_target
sub_08932E0C,0x08932E0C,40,12,4,2,0,false,direct_jal_target
sub_08932ED8,0x08932ED8,45,17,6,1,0,false,direct_jal_target
sub_08932FCC,0x08932FCC,16,4,1,1,0,false,direct_jal_target
sub_0893301C,0x0893301C,56,20,10,0,0,false,relocated_r_mips32_code_pointer
sub_08933148,0x08933148,78,30,11,0,0,false,relocated_r_mips32_code_pointer
sub_089332E8,0x089332E8,24,9,7,0,0,false,relocated_r_mips32_code_pointer
sub_0893336C,0x0893336C,21,7,4,0,0,false,relocated_r_mips32_code_pointer
sub_089333DC,0x089333DC,34,12,7,0,0,false,relocated_r_mips32_code_pointer
sub_08933490,0x08933490,47,24,8,0,0,false,direct_jal_target
sub_0893359C,0x0893359C,19,7,4,0,0,false,relocated_r_mips32_code_pointer
sub_08933604,0x08933604,48,20,11,0,0,false,relocated_r_mips32_code_pointer
sub_08933710,0x08933710,16,5,3,0,0,false,relocated_r_mips32_code_pointer
sub_08933764,0x08933764,16,5,4,0,0,false,relocated_r_mips32_code_pointer
sub_089337B8,0x089337B8,18,6,4,0,0,false,relocated_r_mips32_code_pointer
sub_08933818,0x08933818,12,3,2,0,0,false,relocated_r_mips32_code_pointer
sub_08933854,0x08933854,76,17,8,0,0,false,relocated_r_mips32_code_pointer
sub_089339C8,0x089339C8,15,5,4,0,0,false,relocated_r_mips32_code_pointer
sub_08933A18,0x08933A18,18,7,4,0,0,false,materialized_code_pointer
sub_08933A78,0x08933A78,15,5,3,0,0,false,materialized_code_pointer
sub_08933AC8,0x08933AC8,24,6,5,0,0,false,materialized_code_pointer
sub_08933B40,0x08933B40,16,5,3,0,0,false,materialized_code_pointer
sub_08933B94,0x08933B94,27,8,5,0,0,false,relocated_r_mips32_code_pointer
sub_08933C1C,0x08933C1C,38,13,8,0,0,false,materialized_code_pointer
sub_08933CE4,0x08933CE4,26,8,5,0,0,false,relocated_r_mips32_code_pointer
sub_08933D6C,0x08933D6C,23,6,5,0,0,false,relocated_r_mips32_code_pointer
sub_08933DE0,0x08933DE0,61,23,8,0,0,false,relocated_r_mips32_code_pointer
sub_08933F24,0x08933F24,40,18,6,0,0,false,relocated_r_mips32_code_pointer
sub_08934004,0x08934004,18,6,5,0,0,false,relocated_r_mips32_code_pointer
sub_08934064,0x08934064,21,7,7,0,0,false,relocated_r_mips32_code_pointer
sub_089340D4,0x089340D4,66,29,11,0,0,false,relocated_r_mips32_code_pointer
sub_0893424C,0x0893424C,59,28,12,0,0,false,materialized_code_pointer
sub_0893439C,0x0893439C,78,36,9,0,0,false,direct_jal_target
sub_08934550,0x08934550,36,13,6,0,0,false,relocated_r_mips32_code_pointer
sub_08934614,0x08934614,35,15,8,0,0,false,materialized_code_pointer
sub_089346D8,0x089346D8,28,12,6,0,0,false,direct_jal_target
sub_08934770,0x08934770,12,3,2,0,0,false,relocated_r_mips32_code_pointer
sub_089347AC,0x089347AC,9,2,2,0,0,false,relocated_r_mips32_code_pointer
sub_089347D8,0x089347D8,10,4,2,0,0,false,relocated_r_mips32_code_pointer
sub_08934810,0x08934810,79,20,7,0,0,false,relocated_r_mips32_code_pointer
sub_0893499C,0x0893499C,19,7,4,0,0,false,relocated_r_mips32_code_pointer
sub_08934A00,0x08934A00,31,9,6,0,0,false,relocated_r_mips32_code_pointer
sub_08934A9C,0x08934A9C,58,20,6,0,0,false,relocated_r_mips32_code_pointer
sub_08934BCC,0x08934BCC,2,1,0,0,0,false,direct_jal_target
sub_08934BD8,0x08934BD8,20,6,1,0,0,false,direct_jal_target
sub_08934C3C,0x08934C3C,100,20,5,0,0,false,direct_jal_target
sub_08934E10,0x08934E10,9,2,1,0,0,false,direct_jal_target
sub_08934E3C,0x08934E3C,10,2,1,0,0,false,direct_jal_target
sub_08934E6C,0x08934E6C,27,5,0,0,0,false,direct_jal_target
sub_08934EEC,0x08934EEC,6,1,0,0,0,false,direct_jal_target
sub_08934F08,0x08934F08,50,11,1,0,0,false,direct_jal_target
sub_08934FF4,0x08934FF4,113,22,1,0,0,false,direct_jal_target
sub_089351FC,0x089351FC,26,6,1,0,0,false,direct_jal_target
sub_08935278,0x08935278,75,12,1,0,0,false,direct_jal_target
sub_089353CC,0x089353CC,249,33,2,0,0,false,direct_jal_target
sub_08935814,0x08935814,80,9,2,0,0,false,direct_jal_target
sub_08935B38,0x08935B38,25,3,0,0,0,false,direct_jal_target
sub_08935B88,0x08935B88,57,10,2,0,0,false,relocated_r_mips32_code_pointer
sub_08935C28,0x08935C28,7,1,0,0,0,false,relocated_r_mips32_code_pointer
sub_08935C48,0x08935C48,2,1,1,0,0,false,relocated_r_mips32_code_pointer
sub_08935C54,0x08935C54,31,5,1,0,0,false,relocated_r_mips32_code_pointer
sub_08935C9C,0x08935C9C,77,17,3,0,0,false,relocated_r_mips32_code_pointer
sub_08935D84,0x08935D84,57,11,2,0,0,false,relocated_r_mips32_code_pointer
sub_08935EBC,0x08935EBC,27,4,1,0,0,false,direct_jal_target
sub_08935F18,0x08935F18,66,11,3,0,0,false,relocated_r_mips32_code_pointer
sub_08935FE4,0x08935FE4,8,1,0,0,0,false,relocated_r_mips32_code_pointer
sub_08936008,0x08936008,90,23,3,0,0,false,relocated_r_mips32_code_pointer
sub_08936060,0x08936060,60,12,3,0,0,false,relocated_r_mips32_code_pointer
sub_0893610C,0x0893610C,14,1,1,0,0,false,relocated_r_mips32_code_pointer
sub_08936148,0x08936148,58,11,2,0,0,false,relocated_r_mips32_code_pointer
sub_08936168,0x08936168,59,11,2,0,0,false,relocated_r_mips32_code_pointer
sub_089362B8,0x089362B8,82,9,2,0,0,false,direct_jal_target
sub_08936420,0x08936420,79,9,2,0,0,false,direct_jal_target
sub_0893657C,0x0893657C,59,13,2,0,0,false,direct_jal_target
sub_08936694,0x08936694,108,20,3,0,0,false,direct_jal_target
sub_08936884,0x08936884,174,36,5,0,0,false,direct_jal_target
sub_08936BB0,0x08936BB0,52,11,1,0,0,false,direct_jal_target
sub_08936CA4,0x08936CA4,291,67,5,0,0,false,direct_jal_target
sub_089371FC,0x089371FC,38,12,3,0,0,false,direct_jal_target
sub_089372BC,0x089372BC,109,26,3,0,0,false,direct_jal_target
sub_08937310,0x08937310,92,23,2,0,0,false,relocated_r_mips32_code_pointer
sub_089374C8,0x089374C8,90,24,2,0,0,false,relocated_r_mips32_code_pointer
sub_089374D8,0x089374D8,110,25,1,0,0,false,relocated_r_mips32_code_pointer
sub_08937538,0x08937538,89,23,1,0,0,false,relocated_r_mips32_code_pointer
sub_08937540,0x08937540,64,23,3,0,0,false,direct_jal_target
sub_0893768C,0x0893768C,5,3,2,0,0,false,direct_jal_target
sub_089376AC,0x089376AC,81,25,3,0,0,false,direct_jal_target
sub_08937844,0x08937844,170,49,4,0,0,false,direct_jal_target
sub_08937888,0x08937888,120,36,3,0,0,false,relocated_r_mips32_code_pointer
sub_08937B5C,0x08937B5C,128,40,4,0,0,false,relocated_r_mips32_code_pointer
sub_08937B8C,0x08937B8C,132,42,5,0,0,false,relocated_r_mips32_code_pointer
sub_08937BAC,0x08937BAC,132,42,5,0,0,false,relocated_r_mips32_code_pointer
sub_08937BCC,0x08937BCC,132,42,5,0,0,false,relocated_r_mips32_code_pointer
sub_08937BEC,0x08937BEC,137,44,5,0,0,false,relocated_r_mips32_code_pointer
sub_08937C28,0x08937C28,147,47,8,0,0,false,relocated_r_mips32_code_pointer
sub_08937C98,0x08937C98,132,42,5,0,0,false,relocated_r_mips32_code_pointer
sub_08937CB8,0x08937CB8,131,41,4,0,0,false,relocated_r_mips32_code_pointer
sub_08937CD0,0x08937CD0,148,38,3,0,0,false,direct_jal_target
sub_08937DAC,0x08937DAC,89,20,0,0,0,false,relocated_r_mips32_code_pointer
sub_08937F98,0x08937F98,2,1,1,0,0,false,relocated_r_mips32_code_pointer
sub_08937FA4,0x08937FA4,2,1,1,0,0,false,relocated_r_mips32_code_pointer
sub_08937FB0,0x08937FB0,21,3,1,0,0,false,relocated_r_mips32_code_pointer
sub_0893800C,0x0893800C,88,22,5,0,0,false,relocated_r_mips32_code_pointer
sub_089384A0,0x089384A0,11,2,1,0,0,false,direct_jal_target
sub_089384D4,0x089384D4,141,27,5,0,0,false,direct_jal_target
sub_08938760,0x08938760,187,44,5,0,0,false,direct_jal_target
sub_08938AD8,0x08938AD8,25,3,1,0,0,false,direct_jal_target
sub_08938B20,0x08938B20,23,7,1,0,0,false,relocated_r_mips32_code_pointer
sub_08938B4C,0x08938B4C,9,1,1,0,0,false,relocated_r_mips32_code_pointer
sub_08938B74,0x08938B74,97,35,4,0,0,false,relocated_r_mips32_code_pointer
sub_08938D00,0x08938D00,9,1,1,0,0,false,relocated_r_mips32_code_pointer
sub_08938D28,0x08938D28,36,12,3,0,0,false,relocated_r_mips32_code_pointer
sub_08938E48,0x08938E48,26,3,0,0,0,false,direct_jal_target
sub_08938EFC,0x08938EFC,10,1,1,0,0,false,relocated_r_mips32_code_pointer
sub_08938F28,0x08938F28,10,2,1,0,0,false,relocated_r_mips32_code_pointer
sub_08938F34,0x08938F34,10,2,1,0,0,false,relocated_r_mips32_code_pointer
sub_08938F40,0x08938F40,10,2,1,0,0,false,relocated_r_mips32_code_pointer
sub_08938F4C,0x08938F4C,10,2,1,0,0,false,relocated_r_mips32_code_pointer
sub_08938F58,0x08938F58,10,2,1,0,0,false,relocated_r_mips32_code_pointer
sub_08938F64,0x08938F64,91,27,5,0,0,false,relocated_r_mips32_code_pointer
sub_08939024,0x08939024,176,30,4,0,0,false,relocated_r_mips32_code_pointer
sub_0893905C,0x0893905C,176,31,4,0,0,false,relocated_r_mips32_code_pointer
sub_08939074,0x08939074,176,31,4,0,0,false,relocated_r_mips32_code_pointer
sub_0893908C,0x0893908C,176,31,4,0,0,false,relocated_r_mips32_code_pointer
sub_089390A4,0x089390A4,58,13,2,0,0,false,relocated_r_mips32_code_pointer
sub_08939174,0x08939174,67,14,2,0,0,false,relocated_r_mips32_code_pointer
sub_08939230,0x08939230,176,31,4,0,0,false,relocated_r_mips32_code_pointer
sub_08939248,0x08939248,176,31,4,0,0,false,relocated_r_mips32_code_pointer
sub_08939344,0x08939344,6,2,1,0,0,false,relocated_r_mips32_code_pointer
sub_08939364,0x08939364,13,5,3,0,0,false,relocated_r_mips32_code_pointer
sub_089393AC,0x089393AC,22,9,5,0,0,false,relocated_r_mips32_code_pointer
sub_08939424,0x08939424,6,2,1,0,0,false,relocated_r_mips32_code_pointer
sub_08939444,0x08939444,18,6,4,0,0,false,relocated_r_mips32_code_pointer
sub_08939574,0x08939574,40,15,7,0,0,false,relocated_r_mips32_code_pointer
sub_0893957C,0x0893957C,49,16,8,0,0,false,relocated_r_mips32_code_pointer
sub_089395AC,0x089395AC,41,14,7,0,0,false,materialized_code_pointer
sub_08939684,0x08939684,32,10,7,0,0,false,direct_jal_target
sub_0893972C,0x0893972C,63,26,11,0,0,false,relocated_r_mips32_code_pointer
sub_08939888,0x08939888,151,60,12,0,0,false,relocated_r_mips32_code_pointer
sub_08939BB4,0x08939BB4,9,2,1,0,0,false,relocated_r_mips32_code_pointer
sub_08939BE0,0x08939BE0,62,25,12,0,0,false,relocated_r_mips32_code_pointer
sub_08939D2C,0x08939D2C,191,74,19,0,0,false,relocated_r_mips32_code_pointer
sub_0893A13C,0x0893A13C,55,18,10,0,0,false,relocated_r_mips32_code_pointer
sub_0893A260,0x0893A260,100,29,12,0,0,false,relocated_r_mips32_code_pointer
sub_0893A460,0x0893A460,57,16,10,0,0,false,relocated_r_mips32_code_pointer
sub_0893A584,0x0893A584,30,5,2,0,0,false,direct_jal_target
sub_0893A60C,0x0893A60C,20,5,1,0,0,false,direct_jal_target
sub_0893A670,0x0893A670,24,5,2,0,0,false,direct_jal_target
sub_0893A6E0,0x0893A6E0,46,5,2,0,0,false,direct_jal_target
sub_0893A7AC,0x0893A7AC,93,24,6,0,0,false,direct_jal_target
sub_0893A97C,0x0893A97C,1,1,1,0,0,false,direct_jal_target
sub_0893A984,0x0893A984,298,90,6,0,0,false,direct_jal_target
sub_0893AF48,0x0893AF48,695,198,6,0,0,false,direct_jal_target
sub_0893BCC8,0x0893BCC8,1182,399,9,0,0,false,direct_jal_target
sub_0893D488,0x0893D488,9,2,1,0,0,false,direct_jal_target
sub_0893D4B4,0x0893D4B4,25,4,1,0,0,false,direct_jal_target
sub_0893D548,0x0893D548,20,6,4,0,0,false,relocated_r_mips32_code_pointer
sub_0893D5B0,0x0893D5B0,19,5,4,0,0,false,relocated_r_mips32_code_pointer
sub_0893D670,0x0893D670,9,1,0,0,0,false,direct_jal_target
sub_0893D734,0x0893D734,31,11,2,0,0,false,relocated_r_mips32_code_pointer
sub_0893D740,0x0893D740,31,11,2,0,0,false,relocated_r_mips32_code_pointer
sub_0893D774,0x0893D774,35,5,2,0,0,false,direct_jal_target
sub_0893D7CC,0x0893D7CC,88,29,7,0,0,false,relocated_r_mips32_code_pointer
sub_0893D85C,0x0893D85C,84,27,7,0,0,false,relocated_r_mips32_code_pointer
sub_0893D928,0x0893D928,88,29,7,0,0,false,relocated_r_mips32_code_pointer
sub_0893D9B0,0x0893D9B0,88,29,7,0,0,false,relocated_r_mips32_code_pointer
sub_0893DA38,0x0893DA38,88,29,7,0,0,false,relocated_r_mips32_code_pointer
sub_0893DAC0,0x0893DAC0,88,29,7,0,0,false,relocated_r_mips32_code_pointer
sub_0893DB48,0x0893DB48,88,29,7,0,0,false,relocated_r_mips32_code_pointer
sub_0893DBD0,0x0893DBD0,88,29,7,0,0,false,relocated_r_mips32_code_pointer
sub_0893DC58,0x0893DC58,88,29,7,0,0,false,relocated_r_mips32_code_pointer
sub_0893DCE0,0x0893DCE0,88,29,7,0,0,false,relocated_r_mips32_code_pointer
sub_0893DD68,0x0893DD68,88,29,7,0,0,false,relocated_r_mips32_code_pointer
sub_0893DDF0,0x0893DDF0,88,29,7,0,0,false,relocated_r_mips32_code_pointer
sub_0893E478,0x0893E478,19,3,3,0,0,false,direct_jal_target
sub_0893E708,0x0893E708,64,21,2,0,0,false,relocated_r_mips32_code_pointer
sub_0893E714,0x0893E714,64,21,2,0,0,false,relocated_r_mips32_code_pointer
sub_0893E720,0x0893E720,41,11,2,1,0,false,direct_jal_target
sub_0893EDF4,0x0893EDF4,33,10,3,0,0,false,direct_jal_target
sub_0893EF44,0x0893EF44,58,12,2,0,0,false,direct_jal_target
sub_0893F15C,0x0893F15C,94,29,5,0,0,false,direct_jal_target
sub_0893F334,0x0893F334,380,137,19,0,0,false,direct_jal_target
sub_0893FAD8,0x0893FAD8,412,164,8,1,0,false,direct_jal_target
sub_08940000,0x08940000,282,119,7,1,0,false,materialized_code_pointer
sub_08940370,0x08940370,426,171,8,1,0,false,direct_jal_target
sub_08940C90,0x08940C90,43,20,0,1,0,false,direct_jal_target
sub_08940D7C,0x08940D7C,86,20,6,2,0,false,direct_jal_target
sub_08940F1C,0x08940F1C,83,31,5,4,0,false,direct_jal_target
sub_08941238,0x08941238,6,1,0,0,0,false,direct_jal_target
sub_089412CC,0x089412CC,24,8,1,1,0,false,direct_jal_target
sub_08941344,0x08941344,2,1,0,0,0,false,direct_jal_target
sub_089413D4,0x089413D4,29,1,0,0,0,false,direct_jal_target
sub_0894145C,0x0894145C,3,1,0,0,0,false,relocated_r_mips32_code_pointer
sub_0894146C,0x0894146C,3,1,1,0,0,false,relocated_r_mips32_code_pointer
sub_0894147C,0x0894147C,1,1,0,0,0,false,direct_jal_target
sub_08941484,0x08941484,1,1,0,0,0,false,direct_jal_target
sub_089414B4,0x089414B4,1,1,0,0,0,false,direct_jal_target
sub_089414BC,0x089414BC,1,1,0,0,0,false,direct_jal_target
sub_08941518,0x08941518,17,4,1,0,0,false,direct_jal_target
sub_08941568,0x08941568,23,5,1,0,0,false,direct_jal_target
sub_089415D4,0x089415D4,9,2,1,0,0,false,direct_jal_target
sub_0894168C,0x0894168C,15,3,0,0,0,false,direct_jal_target
sub_089416D4,0x089416D4,8,2,1,0,0,false,relocated_r_mips32_code_pointer
sub_089416FC,0x089416FC,8,2,1,0,0,false,relocated_r_mips32_code_pointer
sub_08941724,0x08941724,1,1,0,0,0,false,direct_jal_target
sub_0894174C,0x0894174C,1,1,0,0,0,false,direct_jal_target
sub_08941754,0x08941754,2,1,0,0,0,false,direct_jal_target
sub_089417BC,0x089417BC,77,24,6,1,0,false,direct_jal_target
sub_0894199C,0x0894199C,20,2,1,0,0,false,direct_jal_target
sub_089419F4,0x089419F4,54,15,0,0,0,false,direct_jal_target
sub_08941B00,0x08941B00,48,2,1,0,0,false,relocated_r_mips32_code_pointer
sub_08941C04,0x08941C04,2,1,0,0,0,false,direct_jal_target
sub_08941C10,0x08941C10,20,9,0,0,0,false,direct_jal_target
sub_08941C80,0x08941C80,30,10,1,0,0,false,direct_jal_target
sub_08941D18,0x08941D18,7,1,0,0,0,false,direct_jal_target
sub_08941D38,0x08941D38,12,4,0,0,0,false,direct_jal_target
sub_08941E10,0x08941E10,31,11,2,0,0,false,relocated_r_mips32_code_pointer
sub_08941E1C,0x08941E1C,31,11,2,0,0,false,relocated_r_mips32_code_pointer
sub_08941E28,0x08941E28,17,1,0,0,0,false,direct_jal_target
sub_08941E70,0x08941E70,17,1,0,0,0,false,direct_jal_target
sub_08941EB8,0x08941EB8,28,7,0,0,0,false,direct_jal_target
sub_08941F40,0x08941F40,176,29,6,1,0,false,direct_jal_target
sub_0894225C,0x0894225C,58,20,10,0,0,false,relocated_r_mips32_code_pointer
sub_08942628,0x08942628,66,27,6,1,0,false,relocated_r_mips32_code_pointer
sub_08942788,0x08942788,67,27,7,1,0,false,relocated_r_mips32_code_pointer
sub_089428F0,0x089428F0,273,48,7,2,0,false,relocated_r_mips32_code_pointer
sub_08942DD0,0x08942DD0,3,1,0,0,0,false,relocated_r_mips32_code_pointer
sub_08942DE0,0x08942DE0,18,3,2,0,0,false,direct_jal_target
sub_08942E34,0x08942E34,18,3,2,0,0,false,direct_jal_target
sub_08942E88,0x08942E88,3,1,0,0,0,false,direct_jal_target
sub_08942E98,0x08942E98,80,13,2,0,0,false,relocated_r_mips32_code_pointer
sub_08942F78,0x08942F78,81,14,2,0,0,false,direct_jal_target
sub_08943060,0x08943060,166,40,4,1,0,false,direct_jal_target
sub_089430B8,0x089430B8,1,1,0,0,0,false,relocated_r_mips32_code_pointer
sub_089430C0,0x089430C0,8,3,0,0,0,false,direct_jal_target
sub_089430E8,0x089430E8,53,20,5,1,0,false,direct_jal_target
sub_0894329C,0x0894329C,31,11,2,0,0,false,relocated_r_mips32_code_pointer
sub_089432A8,0x089432A8,31,11,2,0,0,false,relocated_r_mips32_code_pointer
sub_089432B4,0x089432B4,75,17,4,0,0,false,direct_jal_target
sub_08943414,0x08943414,122,42,8,3,0,false,relocated_r_mips32_code_pointer
sub_08943694,0x08943694,139,30,4,4,0,false,relocated_r_mips32_code_pointer
sub_0894391C,0x0894391C,146,43,7,8,0,false,direct_jal_target
sub_08943BF4,0x08943BF4,47,15,4,1,0,false,relocated_r_mips32_code_pointer
sub_08943CE4,0x08943CE4,21,4,3,0,0,false,materialized_code_pointer
sub_08943D48,0x08943D48,50,23,9,0,0,false,direct_jal_target
sub_08943E64,0x08943E64,50,23,9,0,0,false,relocated_r_mips32_code_pointer
sub_08943F80,0x08943F80,51,24,10,0,0,false,relocated_r_mips32_code_pointer
sub_089440A4,0x089440A4,308,94,10,0,0,false,relocated_r_mips32_code_pointer
sub_089446AC,0x089446AC,132,36,11,2,0,false,direct_jal_target
sub_08944940,0x08944940,144,42,13,1,0,false,direct_jal_target
sub_08944C20,0x08944C20,33,15,2,1,0,false,direct_jal_target
sub_08944CD0,0x08944CD0,33,15,2,1,0,false,relocated_r_mips32_code_pointer
sub_08944D80,0x08944D80,34,16,3,1,0,false,relocated_r_mips32_code_pointer
sub_08944E38,0x08944E38,5,2,1,0,0,false,relocated_r_mips32_code_pointer
sub_08944F34,0x08944F34,10,2,1,0,0,false,direct_jal_target
sub_08944F64,0x08944F64,149,37,5,1,0,false,direct_jal_target
sub_089452C4,0x089452C4,31,11,2,0,0,false,relocated_r_mips32_code_pointer
sub_089452D0,0x089452D0,31,11,2,0,0,false,relocated_r_mips32_code_pointer
sub_089452FC,0x089452FC,53,2,1,0,0,false,direct_jal_target
sub_089453D8,0x089453D8,53,2,1,0,0,false,direct_jal_target
sub_089454B4,0x089454B4,10,3,2,0,0,false,materialized_code_pointer
sub_089454E8,0x089454E8,7,1,0,0,0,false,direct_jal_target
sub_08945508,0x08945508,23,5,2,0,0,false,direct_jal_target
sub_089455B4,0x089455B4,43,13,5,1,0,false,relocated_r_mips32_code_pointer
sub_08945690,0x08945690,449,78,3,2,0,false,relocated_r_mips32_code_pointer
sub_08945E80,0x08945E80,948,170,9,2,0,false,relocated_r_mips32_code_pointer
sub_08946F4C,0x08946F4C,832,372,10,0,0,false,relocated_r_mips32_code_pointer
sub_08948188,0x08948188,176,35,7,6,0,false,direct_jal_target
sub_089484C0,0x089484C0,43,2,1,0,0,false,relocated_r_mips32_code_pointer
sub_08948574,0x08948574,1704,688,19,4,0,false,relocated_r_mips32_code_pointer
sub_0894A998,0x0894A998,11,2,2,0,0,false,direct_jal_target
sub_0894A9CC,0x0894A9CC,11,2,2,0,0,false,relocated_r_mips32_code_pointer
sub_0894AA00,0x0894AA00,12,3,3,0,0,false,relocated_r_mips32_code_pointer
sub_0894AA3C,0x0894AA3C,1,1,0,0,0,false,relocated_r_mips32_code_pointer
sub_0894AA44,0x0894AA44,17,5,1,1,0,false,relocated_r_mips32_code_pointer
sub_0894AB38,0x0894AB38,31,11,2,0,0,false,relocated_r_mips32_code_pointer
sub_0894AB44,0x0894AB44,31,11,2,0,0,false,relocated_r_mips32_code_pointer
sub_0894AB50,0x0894AB50,35,5,0,1,0,false,direct_jal_target
sub_0894ABF0,0x0894ABF0,52,9,0,0,0,false,direct_jal_target
sub_0894ACDC,0x0894ACDC,10,4,0,0,0,false,direct_jal_target
sub_0894AD14,0x0894AD14,51,4,1,0,0,false,relocated_r_mips32_code_pointer
sub_0894ADF0,0x0894ADF0,64,1,0,0,0,false,relocated_r_mips32_code_pointer
sub_0894AEF4,0x0894AEF4,32,2,2,0,0,false,direct_jal_target
sub_0894AF7C,0x0894AF7C,10,3,2,0,0,false,materialized_code_pointer
sub_0894AFB0,0x0894AFB0,32,2,2,0,0,false,direct_jal_target
sub_0894B038,0x0894B038,14,3,0,0,0,false,relocated_r_mips32_code_pointer
sub_0894B078,0x0894B078,169,71,7,0,0,false,direct_jal_target
sub_0894B420,0x0894B420,456,172,16,9,0,false,direct_jal_target
sub_0894BD94,0x0894BD94,124,11,2,0,0,false,direct_jal_target
sub_0894BFA4,0x0894BFA4,43,18,3,4,0,false,direct_jal_target
sub_0894C094,0x0894C094,10,2,1,0,0,false,direct_jal_target
sub_0894C0C4,0x0894C0C4,10,2,1,0,0,false,direct_jal_target
sub_0894C0F4,0x0894C0F4,1,1,1,0,0,false,relocated_r_mips32_code_pointer
sub_0894C0FC,0x0894C0FC,40,11,4,0,0,false,relocated_r_mips32_code_pointer
sub_0894C1C4,0x0894C1C4,5,2,1,0,0,false,relocated_r_mips32_code_pointer
sub_0894C1E0,0x0894C1E0,40,15,7,1,0,false,relocated_r_mips32_code_pointer
sub_0894C350,0x0894C350,31,11,2,0,0,false,relocated_r_mips32_code_pointer
sub_0894C35C,0x0894C35C,31,11,2,0,0,false,relocated_r_mips32_code_pointer
sub_0894C368,0x0894C368,123,20,1,1,0,false,direct_jal_target
sub_0894C590,0x0894C590,94,35,8,2,0,false,relocated_r_mips32_code_pointer
sub_0894C788,0x0894C788,13,3,2,0,0,false,materialized_code_pointer
sub_0894C7C8,0x0894C7C8,39,14,6,1,0,false,direct_jal_target
sub_0894C894,0x0894C894,39,14,6,1,0,false,relocated_r_mips32_code_pointer
sub_0894C960,0x0894C960,3,1,0,0,0,false,relocated_r_mips32_code_pointer
sub_0894C970,0x0894C970,1,1,0,0,0,false,relocated_r_mips32_code_pointer
sub_0894C978,0x0894C978,37,11,0,1,0,false,relocated_r_mips32_code_pointer
sub_0894CAC8,0x0894CAC8,31,11,2,0,0,false,relocated_r_mips32_code_pointer
sub_0894CAD4,0x0894CAD4,31,11,2,0,0,false,relocated_r_mips32_code_pointer
sub_0894CAE0,0x0894CAE0,34,3,1,1,0,false,direct_jal_target
sub_0894CB74,0x0894CB74,12,4,1,0,0,false,relocated_r_mips32_code_pointer
sub_0894CBB4,0x0894CBB4,40,3,0,0,0,false,relocated_r_mips32_code_pointer
sub_0894CC60,0x0894CC60,45,10,0,1,0,false,relocated_r_mips32_code_pointer
sub_0894CD30,0x0894CD30,34,7,0,1,0,false,relocated_r_mips32_code_pointer
sub_0894CDD4,0x0894CDD4,255,94,8,0,0,false,relocated_r_mips32_code_pointer
sub_0894D304,0x0894D304,250,66,6,0,0,false,direct_jal_target
sub_0894D7BC,0x0894D7BC,65,15,1,1,0,false,direct_jal_target
sub_0894D8E8,0x0894D8E8,10,3,2,0,0,false,materialized_code_pointer
sub_0894D91C,0x0894D91C,65,15,1,1,0,false,direct_jal_target
sub_0894DA48,0x0894DA48,123,44,3,2,0,false,direct_jal_target
sub_0894DCC0,0x0894DCC0,123,44,3,2,0,false,relocated_r_mips32_code_pointer
sub_0894DF38,0x0894DF38,124,45,4,2,0,false,relocated_r_mips32_code_pointer
sub_0894E280,0x0894E280,31,11,2,0,0,false,relocated_r_mips32_code_pointer
sub_0894E28C,0x0894E28C,31,11,2,0,0,false,relocated_r_mips32_code_pointer
sub_0894E298,0x0894E298,27,5,0,1,0,false,relocated_r_mips32_code_pointer
sub_0894E318,0x0894E318,26,5,1,1,0,false,direct_jal_target
sub_0894E390,0x0894E390,40,3,0,0,0,false,relocated_r_mips32_code_pointer
sub_0894E4E4,0x0894E4E4,73,11,1,1,0,false,direct_jal_target
sub_0894E628,0x0894E628,54,14,0,1,0,false,relocated_r_mips32_code_pointer
sub_0894E868,0x0894E868,37,9,0,1,0,false,direct_jal_target
sub_0894E918,0x0894E918,200,28,1,0,0,false,direct_jal_target
sub_0894EC88,0x0894EC88,57,7,3,0,0,false,direct_jal_target
sub_0894ED84,0x0894ED84,106,42,7,4,0,false,direct_jal_target
sub_0894EFC0,0x0894EFC0,106,42,7,4,0,false,relocated_r_mips32_code_pointer
sub_0894F1FC,0x0894F1FC,107,43,8,4,0,false,relocated_r_mips32_code_pointer
sub_0894F440,0x0894F440,222,77,11,5,0,false,direct_jal_target
sub_0894F8BC,0x0894F8BC,63,17,2,0,0,false,direct_jal_target
sub_0894F9F8,0x0894F9F8,145,36,5,2,0,false,direct_jal_target
sub_0894FCC0,0x0894FCC0,76,32,5,2,0,false,direct_jal_target
sub_0894FE5C,0x0894FE5C,66,23,7,2,0,false,direct_jal_target
sub_08950000,0x08950000,7,1,0,0,0,false,materialized_code_pointer
sub_0895005C,0x0895005C,13,2,2,0,0,false,relocated_r_mips32_code_pointer
sub_08950098,0x08950098,14,3,3,0,0,false,relocated_r_mips32_code_pointer
sub_089500EC,0x089500EC,3,1,1,0,0,false,direct_jal_target
sub_089500FC,0x089500FC,11,2,2,0,0,false,relocated_r_mips32_code_pointer
sub_08950130,0x08950130,15,5,1,0,0,false,direct_jal_target
sub_08950180,0x08950180,44,17,1,0,0,false,direct_jal_target
sub_0895018C,0x0895018C,51,18,11,0,0,false,relocated_r_mips32_code_pointer
sub_0895029C,0x0895029C,41,10,5,0,0,false,direct_jal_target
sub_08950478,0x08950478,15,2,1,0,0,false,direct_jal_target
sub_089504BC,0x089504BC,11,1,1,0,0,false,direct_jal_target
sub_08950838,0x08950838,62,19,1,2,0,false,direct_jal_target
sub_0895096C,0x0895096C,12,3,3,0,0,false,relocated_r_mips32_code_pointer
sub_089509A8,0x089509A8,11,2,2,0,0,false,direct_jal_target
sub_08950A10,0x08950A10,113,36,0,2,0,false,direct_jal_target
sub_08950D70,0x08950D70,203,60,2,2,0,false,direct_jal_target
sub_0895129C,0x0895129C,132,62,2,1,0,false,direct_jal_target
sub_0895157C,0x0895157C,327,117,0,1,0,false,direct_jal_target
sub_08951BF0,0x08951BF0,79,27,2,1,0,false,direct_jal_target
sub_08951CEC,0x08951CEC,31,11,2,0,0,false,relocated_r_mips32_code_pointer
sub_08951CF8,0x08951CF8,31,11,2,0,0,false,relocated_r_mips32_code_pointer
sub_08951D18,0x08951D18,4,1,0,0,0,false,relocated_r_mips32_code_pointer
sub_08951D2C,0x08951D2C,4,1,1,0,0,false,relocated_r_mips32_code_pointer
sub_08951E9C,0x08951E9C,76,6,2,0,0,false,direct_jal_target
sub_089520AC,0x089520AC,40,10,6,0,0,false,relocated_r_mips32_code_pointer
sub_08952174,0x08952174,41,10,7,0,0,false,relocated_r_mips32_code_pointer
sub_08952240,0x08952240,218,72,6,5,0,false,direct_jal_target
sub_08952690,0x08952690,96,29,4,4,0,false,direct_jal_target
sub_08952944,0x08952944,299,108,5,4,0,false,direct_jal_target
sub_08952F40,0x08952F40,669,231,6,5,0,false,direct_jal_target
sub_08953C80,0x08953C80,138,45,5,0,0,false,direct_jal_target
sub_08953F38,0x08953F38,469,97,2,0,0,false,direct_jal_target
sub_08954810,0x08954810,131,43,10,0,0,false,relocated_r_mips32_code_pointer
sub_08954AB0,0x08954AB0,342,106,7,0,0,false,direct_jal_target
sub_089553CC,0x089553CC,346,128,13,7,0,false,direct_jal_target
sub_08955AE8,0x08955AE8,82,35,2,2,0,false,relocated_r_mips32_code_pointer
sub_08955CB0,0x08955CB0,1,1,0,0,0,false,relocated_r_mips32_code_pointer
sub_08955CB8,0x08955CB8,1,1,0,0,0,false,relocated_r_mips32_code_pointer
sub_08955CC0,0x08955CC0,10,1,0,0,0,false,relocated_r_mips32_code_pointer
sub_08955CEC,0x08955CEC,3,1,0,0,0,false,relocated_r_mips32_code_pointer
sub_08955CFC,0x08955CFC,8,3,1,0,0,false,relocated_r_mips32_code_pointer
sub_08955D28,0x08955D28,4,4,1,0,0,false,relocated_r_mips32_code_pointer
sub_08955D48,0x08955D48,155,64,0,2,0,false,direct_jal_target
sub_08956094,0x08956094,6,3,0,0,0,false,direct_jal_target
sub_08956344,0x08956344,31,11,2,0,0,false,relocated_r_mips32_code_pointer
sub_08956350,0x08956350,31,11,2,0,0,false,relocated_r_mips32_code_pointer
sub_0895635C,0x0895635C,40,3,0,0,0,false,relocated_r_mips32_code_pointer
sub_08956408,0x08956408,103,36,1,0,0,false,direct_jal_target
sub_08956630,0x08956630,10,3,0,0,0,false,direct_jal_target
sub_08956658,0x08956658,2,1,0,0,0,false,relocated_r_mips32_code_pointer
sub_08956664,0x08956664,5,1,0,0,0,false,relocated_r_mips32_code_pointer
sub_0895667C,0x0895667C,82,40,0,0,0,false,relocated_r_mips32_code_pointer
sub_0895677C,0x0895677C,9,3,0,0,0,false,relocated_r_mips32_code_pointer
sub_0895679C,0x0895679C,32,19,0,0,0,false,relocated_r_mips32_code_pointer
sub_0895681C,0x0895681C,5,1,0,0,0,false,relocated_r_mips32_code_pointer
sub_08956928,0x08956928,45,2,1,0,0,false,direct_jal_target
sub_08956AA0,0x08956AA0,220,49,7,2,0,false,direct_jal_target
sub_08956C3C,0x08956C3C,213,90,9,0,0,false,direct_jal_target
sub_089570D8,0x089570D8,63,21,8,0,0,false,direct_jal_target
sub_08957220,0x08957220,63,21,8,0,0,false,relocated_r_mips32_code_pointer
sub_08957368,0x08957368,55,22,8,0,0,false,relocated_r_mips32_code_pointer
sub_08957494,0x08957494,805,298,15,2,0,false,direct_jal_target
sub_08958564,0x08958564,7,1,1,0,0,false,direct_jal_target
sub_089585C0,0x089585C0,12,4,2,0,0,false,direct_jal_target
sub_089586E8,0x089586E8,12,4,0,0,0,false,direct_jal_target
sub_08958724,0x08958724,11,3,0,0,0,false,direct_jal_target
sub_0895875C,0x0895875C,51,29,0,0,0,false,direct_jal_target
sub_08958884,0x08958884,43,11,7,0,0,false,direct_jal_target
sub_0895895C,0x0895895C,75,17,1,1,1,false,direct_jal_target
sub_08958AB8,0x08958AB8,117,24,3,1,1,false,direct_jal_target
sub_08958CD4,0x08958CD4,180,65,3,4,1,false,direct_jal_target
sub_08959060,0x08959060,76,22,3,2,0,false,direct_jal_target
sub_089591D4,0x089591D4,80,25,0,3,0,false,direct_jal_target
sub_089593AC,0x089593AC,5,1,0,0,0,false,relocated_r_mips32_code_pointer
sub_089593C0,0x089593C0,14,5,0,0,0,false,relocated_r_mips32_code_pointer
sub_089593DC,0x089593DC,20,7,0,0,0,false,relocated_r_mips32_code_pointer
sub_089593FC,0x089593FC,20,7,0,0,0,false,relocated_r_mips32_code_pointer
sub_0895941C,0x0895941C,20,7,0,0,0,false,relocated_r_mips32_code_pointer
sub_0895943C,0x0895943C,23,6,0,0,0,false,relocated_r_mips32_code_pointer
sub_0895946C,0x0895946C,20,7,0,0,0,false,relocated_r_mips32_code_pointer
sub_0895948C,0x0895948C,4,1,0,0,0,false,direct_jal_target
sub_089594A0,0x089594A0,1,1,0,0,0,false,direct_jal_target
sub_089594A8,0x089594A8,49,19,9,1,0,false,relocated_r_mips32_code_pointer
sub_08959650,0x08959650,31,11,2,0,0,false,relocated_r_mips32_code_pointer
sub_0895965C,0x0895965C,31,11,2,0,0,false,relocated_r_mips32_code_pointer
sub_08959668,0x08959668,71,6,1,0,0,false,relocated_r_mips32_code_pointer
sub_08959798,0x08959798,39,11,4,0,0,false,relocated_r_mips32_code_pointer
sub_08959844,0x08959844,149,32,5,0,0,false,direct_jal_target
sub_08959B00,0x08959B00,165,34,6,0,0,false,direct_jal_target
sub_08959E08,0x08959E08,150,37,5,0,0,false,direct_jal_target
sub_0895A0D4,0x0895A0D4,141,31,5,0,0,false,direct_jal_target
sub_0895A36C,0x0895A36C,160,41,10,0,0,false,direct_jal_target
sub_0895A678,0x0895A678,138,32,5,0,0,false,direct_jal_target
sub_0895A908,0x0895A908,101,29,3,0,0,false,relocated_r_mips32_code_pointer
sub_0895A988,0x0895A988,5,1,0,0,0,false,relocated_r_mips32_code_pointer
sub_0895A99C,0x0895A99C,83,27,3,0,0,false,relocated_r_mips32_code_pointer
sub_0895AA60,0x0895AA60,6,2,1,0,0,false,relocated_r_mips32_code_pointer
sub_0895AA7C,0x0895AA7C,19,5,0,0,0,false,relocated_r_mips32_code_pointer
sub_0895AAAC,0x0895AAAC,28,8,1,0,0,false,relocated_r_mips32_code_pointer
sub_0895AAE0,0x0895AAE0,28,8,1,0,0,false,relocated_r_mips32_code_pointer
sub_0895AB14,0x0895AB14,28,8,1,0,0,false,relocated_r_mips32_code_pointer
sub_0895AB48,0x0895AB48,28,8,1,0,0,false,relocated_r_mips32_code_pointer
sub_0895AB7C,0x0895AB7C,28,8,1,0,0,false,relocated_r_mips32_code_pointer
sub_0895ABB0,0x0895ABB0,89,30,3,0,0,false,relocated_r_mips32_code_pointer
sub_0895ABD0,0x0895ABD0,89,30,3,0,0,false,relocated_r_mips32_code_pointer
sub_0895ABF0,0x0895ABF0,89,30,3,0,0,false,relocated_r_mips32_code_pointer
sub_0895AC10,0x0895AC10,92,29,3,0,0,false,relocated_r_mips32_code_pointer
sub_0895AC40,0x0895AC40,89,30,3,0,0,false,relocated_r_mips32_code_pointer
sub_0895AD58,0x0895AD58,27,3,2,0,0,false,direct_jal_target
sub_0895ADD0,0x0895ADD0,10,3,2,0,0,false,materialized_code_pointer
sub_0895AEB0,0x0895AEB0,33,12,4,0,0,false,relocated_r_mips32_code_pointer
sub_0895AF5C,0x0895AF5C,34,13,5,0,0,false,relocated_r_mips32_code_pointer
sub_0895B024,0x0895B024,11,5,1,0,0,false,direct_jal_target
sub_0895B06C,0x0895B06C,1,1,0,0,0,false,direct_jal_target
sub_0895B07C,0x0895B07C,20,5,0,1,0,false,direct_jal_target
sub_0895B17C,0x0895B17C,31,11,2,0,0,false,relocated_r_mips32_code_pointer
sub_0895B188,0x0895B188,31,11,2,0,0,false,relocated_r_mips32_code_pointer
sub_0895B1A8,0x0895B1A8,4,1,0,0,0,false,relocated_r_mips32_code_pointer
sub_0895B1BC,0x0895B1BC,4,1,1,0,0,false,relocated_r_mips32_code_pointer
sub_0895B1E4,0x0895B1E4,114,52,4,2,0,false,direct_jal_target
sub_0895B71C,0x0895B71C,143,47,4,1,0,false,direct_jal_target
sub_0895B9FC,0x0895B9FC,185,63,4,0,0,false,direct_jal_target
sub_0895C280,0x0895C280,287,104,7,5,0,false,direct_jal_target
sub_0895C890,0x0895C890,22,5,2,0,0,false,relocated_r_mips32_code_pointer
sub_0895C9A4,0x0895C9A4,40,5,0,0,0,false,direct_jal_target
sub_0895CC40,0x0895CC40,96,34,2,0,0,false,relocated_r_mips32_code_pointer
sub_0895CE30,0x0895CE30,97,34,3,0,0,false,relocated_r_mips32_code_pointer
sub_0895D064,0x0895D064,14,2,1,0,0,false,direct_jal_target
sub_0895D0A4,0x0895D0A4,10,4,0,0,0,false,direct_jal_target
sub_0895D0DC,0x0895D0DC,6,2,1,0,0,false,direct_jal_target
sub_0895D0FC,0x0895D0FC,12,2,1,0,0,false,relocated_r_mips32_code_pointer
sub_0895D134,0x0895D134,29,4,1,0,0,false,direct_jal_target
sub_0895D1B4,0x0895D1B4,48,18,1,0,0,false,relocated_r_mips32_code_pointer
sub_0895D348,0x0895D348,31,11,2,0,0,false,relocated_r_mips32_code_pointer
sub_0895D354,0x0895D354,31,11,2,0,0,false,relocated_r_mips32_code_pointer
sub_0895D360,0x0895D360,152,41,0,5,0,false,direct_jal_target
sub_0895D63C,0x0895D63C,167,46,9,6,0,false,relocated_r_mips32_code_pointer
sub_0895D974,0x0895D974,171,57,16,1,0,false,relocated_r_mips32_code_pointer
sub_0895DCF4,0x0895DCF4,245,98,11,1,0,false,relocated_r_mips32_code_pointer
sub_0895E45C,0x0895E45C,17,3,2,0,0,false,materialized_code_pointer
sub_0895E4AC,0x0895E4AC,51,17,5,1,0,false,direct_jal_target
sub_0895E5B4,0x0895E5B4,61,23,6,2,0,false,direct_jal_target
sub_0895E6F8,0x0895E6F8,13,4,4,0,0,false,relocated_r_mips32_code_pointer
sub_0895E73C,0x0895E73C,12,3,3,0,0,false,relocated_r_mips32_code_pointer
sub_0895E778,0x0895E778,12,3,3,0,0,false,direct_jal_target
sub_0895E7B4,0x0895E7B4,346,60,12,3,0,false,relocated_r_mips32_code_pointer
sub_0895EDF4,0x0895EDF4,403,48,7,3,0,false,relocated_r_mips32_code_pointer
sub_0895F4D0,0x0895F4D0,1,1,0,0,0,false,direct_jal_target
sub_0895F4D8,0x0895F4D8,36,20,2,0,0,false,relocated_r_mips32_code_pointer
sub_0895F5B0,0x0895F5B0,53,28,3,0,0,false,direct_jal_target
sub_0895F6E4,0x0895F6E4,27,7,3,0,0,false,direct_jal_target
sub_0895F76C,0x0895F76C,19,7,4,0,0,false,relocated_r_mips32_code_pointer
sub_0895F7D4,0x0895F7D4,27,7,1,1,0,false,direct_jal_target
sub_0895F8F4,0x0895F8F4,31,11,2,0,0,false,relocated_r_mips32_code_pointer
sub_0895F900,0x0895F900,31,11,2,0,0,false,relocated_r_mips32_code_pointer
sub_0895F90C,0x0895F90C,44,20,1,0,0,false,relocated_r_mips32_code_pointer
sub_0895FA00,0x0895FA00,75,5,1,0,0,false,direct_jal_target
sub_0895FB40,0x0895FB40,19,2,0,1,0,false,relocated_r_mips32_code_pointer
sub_0895FB94,0x0895FB94,21,3,0,0,0,false,direct_jal_target
sub_0895FBF0,0x0895FBF0,14,3,0,0,0,false,direct_jal_target
sub_0895FC30,0x0895FC30,42,10,0,3,0,false,relocated_r_mips32_code_pointer
sub_08960000,0x08960000,56,27,0,3,0,false,materialized_code_pointer
sub_08960054,0x08960054,60,14,6,0,0,false,direct_jal_target
sub_0896017C,0x0896017C,10,3,2,0,0,false,materialized_code_pointer
sub_089601B0,0x089601B0,18,7,3,0,0,false,direct_jal_target
sub_08960214,0x08960214,18,7,3,0,0,false,relocated_r_mips32_code_pointer
sub_08960278,0x08960278,60,14,6,0,0,false,direct_jal_target
sub_089603A0,0x089603A0,171,57,16,1,0,false,direct_jal_target
sub_08960720,0x08960720,169,70,8,0,0,false,direct_jal_target
sub_08960AC4,0x08960AC4,193,76,1,14,0,false,direct_jal_target
sub_08960EAC,0x08960EAC,124,40,4,4,0,false,relocated_r_mips32_code_pointer
sub_0896111C,0x0896111C,238,73,1,7,0,false,direct_jal_target
sub_089615A4,0x089615A4,99,34,1,4,0,false,relocated_r_mips32_code_pointer
sub_08961794,0x08961794,48,16,0,2,0,false,direct_jal_target
sub_08961884,0x08961884,110,36,10,2,0,false,direct_jal_target
sub_08961ABC,0x08961ABC,49,13,3,1,0,false,direct_jal_target
sub_08961BAC,0x08961BAC,377,159,9,9,0,false,relocated_r_mips32_code_pointer
sub_08962388,0x08962388,10,2,1,0,0,false,direct_jal_target
sub_089623E8,0x089623E8,3,1,1,0,0,false,direct_jal_target
sub_089623F8,0x089623F8,3,1,1,0,0,false,relocated_r_mips32_code_pointer
sub_08962408,0x08962408,11,2,2,0,0,false,relocated_r_mips32_code_pointer
sub_0896243C,0x0896243C,1,1,0,0,0,false,relocated_r_mips32_code_pointer
sub_08962444,0x08962444,1,1,0,0,0,false,relocated_r_mips32_code_pointer
sub_0896244C,0x0896244C,1,1,0,0,0,false,relocated_r_mips32_code_pointer
sub_08962454,0x08962454,1,1,0,0,0,false,relocated_r_mips32_code_pointer
sub_089624F8,0x089624F8,31,11,2,0,0,false,relocated_r_mips32_code_pointer
sub_08962504,0x08962504,31,11,2,0,0,false,relocated_r_mips32_code_pointer
sub_08962510,0x08962510,13,3,2,0,0,false,materialized_code_pointer
sub_0896269C,0x0896269C,31,11,2,0,0,false,relocated_r_mips32_code_pointer
sub_089626A8,0x089626A8,31,11,2,0,0,false,relocated_r_mips32_code_pointer
sub_08962784,0x08962784,40,3,0,0,0,false,relocated_r_mips32_code_pointer
sub_08962830,0x08962830,189,21,0,0,0,false,direct_jal_target
sub_08962B5C,0x08962B5C,115,33,6,7,0,false,relocated_r_mips32_code_pointer
sub_08962D9C,0x08962D9C,27,3,2,0,0,false,materialized_code_pointer
sub_08962F04,0x08962F04,45,18,6,1,0,false,relocated_r_mips32_code_pointer
sub_08962FF4,0x08962FF4,46,19,6,1,0,false,relocated_r_mips32_code_pointer
sub_089630EC,0x089630EC,50,4,2,0,0,false,relocated_r_mips32_code_pointer
sub_089631C4,0x089631C4,417,65,8,3,0,false,relocated_r_mips32_code_pointer
sub_0896391C,0x0896391C,239,13,3,0,0,false,relocated_r_mips32_code_pointer
sub_08963D88,0x08963D88,1,1,0,0,0,false,relocated_r_mips32_code_pointer
sub_08963E2C,0x08963E2C,31,11,2,0,0,false,relocated_r_mips32_code_pointer
sub_08963E38,0x08963E38,31,11,2,0,0,false,relocated_r_mips32_code_pointer
sub_08963E44,0x08963E44,64,2,1,0,0,false,direct_jal_target
sub_08964054,0x08964054,46,17,4,2,0,false,direct_jal_target
sub_089642C0,0x089642C0,55,17,4,2,0,false,relocated_r_mips32_code_pointer
sub_089643D4,0x089643D4,17,3,2,0,0,false,materialized_code_pointer
sub_08964424,0x08964424,60,20,3,1,0,false,direct_jal_target
sub_08964554,0x08964554,390,118,14,1,0,false,relocated_r_mips32_code_pointer
sub_08964CF4,0x08964CF4,12,3,3,0,0,false,relocated_r_mips32_code_pointer
sub_08964D30,0x08964D30,11,2,2,0,0,false,relocated_r_mips32_code_pointer
sub_08964D98,0x08964D98,209,14,3,0,0,false,direct_jal_target
sub_08965110,0x08965110,18,4,2,0,0,false,relocated_r_mips32_code_pointer
sub_089651F8,0x089651F8,1,1,0,0,0,false,relocated_r_mips32_code_pointer
sub_0896529C,0x0896529C,31,11,2,0,0,false,relocated_r_mips32_code_pointer
sub_089652A8,0x089652A8,31,11,2,0,0,false,relocated_r_mips32_code_pointer
sub_089656A8,0x089656A8,73,26,0,2,0,false,direct_jal_target
sub_089659B0,0x089659B0,56,23,2,3,0,false,direct_jal_target
sub_08965AD0,0x08965AD0,12,3,3,0,0,false,relocated_r_mips32_code_pointer
sub_08965B0C,0x08965B0C,11,2,2,0,0,false,relocated_r_mips32_code_pointer
sub_08965B74,0x08965B74,86,19,3,0,0,false,direct_jal_target
sub_08965D0C,0x08965D0C,99,18,3,2,0,false,relocated_r_mips32_code_pointer
sub_08965ED4,0x08965ED4,79,22,1,1,0,false,relocated_r_mips32_code_pointer
sub_0896605C,0x0896605C,19,3,2,0,0,false,materialized_code_pointer
sub_08966114,0x08966114,1,1,1,0,0,false,relocated_r_mips32_code_pointer
sub_0896611C,0x0896611C,1,1,1,0,0,false,relocated_r_mips32_code_pointer
sub_08966124,0x08966124,5,2,1,0,0,false,relocated_r_mips32_code_pointer
sub_08966140,0x08966140,43,16,5,2,0,false,relocated_r_mips32_code_pointer
sub_089662C0,0x089662C0,31,11,2,0,0,false,relocated_r_mips32_code_pointer
sub_089662CC,0x089662CC,31,11,2,0,0,false,relocated_r_mips32_code_pointer
sub_089662D8,0x089662D8,13,3,2,0,0,false,materialized_code_pointer
sub_089663DC,0x089663DC,38,13,5,1,0,false,relocated_r_mips32_code_pointer
sub_089664A0,0x089664A0,39,14,6,1,0,false,relocated_r_mips32_code_pointer
sub_0896656C,0x0896656C,54,9,0,0,0,false,relocated_r_mips32_code_pointer
sub_08966660,0x08966660,37,9,1,0,0,false,relocated_r_mips32_code_pointer
sub_089667B0,0x089667B0,31,11,2,0,0,false,relocated_r_mips32_code_pointer
sub_089667BC,0x089667BC,31,11,2,0,0,false,relocated_r_mips32_code_pointer
sub_089667C8,0x089667C8,39,13,3,1,0,false,relocated_r_mips32_code_pointer
sub_08966950,0x08966950,54,2,1,0,0,false,direct_jal_target
sub_08966A30,0x08966A30,10,3,2,0,0,false,materialized_code_pointer
sub_08966B44,0x08966B44,40,13,4,1,0,false,relocated_r_mips32_code_pointer
sub_08966C10,0x08966C10,355,47,10,1,0,false,relocated_r_mips32_code_pointer
sub_08967240,0x08967240,555,208,7,0,0,false,relocated_r_mips32_code_pointer
sub_08967DDC,0x08967DDC,3,1,1,0,0,false,relocated_r_mips32_code_pointer
sub_08967DEC,0x08967DEC,11,2,2,0,0,false,relocated_r_mips32_code_pointer
sub_08967E20,0x08967E20,76,9,0,0,0,false,relocated_r_mips32_code_pointer
sub_08967F6C,0x08967F6C,5,2,1,0,0,false,relocated_r_mips32_code_pointer
sub_08967F88,0x08967F88,1,1,0,0,0,false,relocated_r_mips32_code_pointer
sub_0896802C,0x0896802C,31,11,2,0,0,false,relocated_r_mips32_code_pointer
sub_08968038,0x08968038,31,11,2,0,0,false,relocated_r_mips32_code_pointer
sub_08968094,0x08968094,18,2,1,0,0,false,direct_jal_target
sub_089680E4,0x089680E4,10,3,2,0,0,false,materialized_code_pointer
sub_08968118,0x08968118,40,3,0,0,0,false,relocated_r_mips32_code_pointer
sub_089681C4,0x089681C4,49,2,1,0,0,false,relocated_r_mips32_code_pointer
sub_08968290,0x08968290,1,1,0,0,0,false,relocated_r_mips32_code_pointer
sub_08968334,0x08968334,31,11,2,0,0,false,relocated_r_mips32_code_pointer
sub_08968340,0x08968340,31,11,2,0,0,false,relocated_r_mips32_code_pointer
sub_089683BC,0x089683BC,108,19,6,3,0,false,relocated_r_mips32_code_pointer
sub_089685B0,0x089685B0,15,3,2,0,0,false,materialized_code_pointer
sub_089685F8,0x089685F8,71,8,2,0,0,false,relocated_r_mips32_code_pointer
sub_08968888,0x08968888,63,25,6,3,0,false,relocated_r_mips32_code_pointer
sub_089689E0,0x089689E0,64,26,7,3,0,false,relocated_r_mips32_code_pointer
sub_08968B40,0x08968B40,181,52,8,3,0,false,relocated_r_mips32_code_pointer
sub_08968FD4,0x08968FD4,1000,368,18,6,0,false,relocated_r_mips32_code_pointer
sub_0896A4D0,0x0896A4D0,3,1,1,0,0,false,relocated_r_mips32_code_pointer
sub_0896A4E0,0x0896A4E0,11,2,2,0,0,false,relocated_r_mips32_code_pointer
sub_0896A514,0x0896A514,1,1,0,0,0,false,relocated_r_mips32_code_pointer
sub_0896A51C,0x0896A51C,1,1,0,0,0,false,relocated_r_mips32_code_pointer
sub_0896A524,0x0896A524,1,1,0,0,0,false,relocated_r_mips32_code_pointer
sub_0896A52C,0x0896A52C,13,3,2,0,0,false,materialized_code_pointer
sub_0896A56C,0x0896A56C,1,1,0,0,0,false,relocated_r_mips32_code_pointer
sub_0896A574,0x0896A574,5,2,1,0,0,false,relocated_r_mips32_code_pointer
sub_0896A62C,0x0896A62C,31,11,2,0,0,false,relocated_r_mips32_code_pointer
sub_0896A638,0x0896A638,31,11,2,0,0,false,relocated_r_mips32_code_pointer
sub_0896A644,0x0896A644,51,14,4,0,0,false,relocated_r_mips32_code_pointer
sub_0896A744,0x0896A744,49,12,3,0,0,false,relocated_r_mips32_code_pointer
sub_0896A924,0x0896A924,32,2,1,0,0,false,direct_jal_target
sub_0896A9AC,0x0896A9AC,10,3,2,0,0,false,materialized_code_pointer
sub_0896AA68,0x0896AA68,211,62,4,0,0,false,relocated_r_mips32_code_pointer
sub_0896AE78,0x0896AE78,667,268,17,6,0,false,relocated_r_mips32_code_pointer
sub_0896BC48,0x0896BC48,624,227,13,2,0,false,relocated_r_mips32_code_pointer
sub_0896C964,0x0896C964,21,5,2,0,0,false,relocated_r_mips32_code_pointer
sub_0896C9CC,0x0896C9CC,22,6,2,0,0,false,relocated_r_mips32_code_pointer
sub_0896CAF0,0x0896CAF0,21,4,0,0,0,false,relocated_r_mips32_code_pointer
sub_0896CB50,0x0896CB50,74,17,4,4,0,false,relocated_r_mips32_code_pointer
sub_0896CD54,0x0896CD54,31,11,2,0,0,false,relocated_r_mips32_code_pointer
sub_0896CD60,0x0896CD60,31,11,2,0,0,false,relocated_r_mips32_code_pointer
sub_0896CDEC,0x0896CDEC,17,3,2,0,0,false,materialized_code_pointer
sub_0896CE3C,0x0896CE3C,205,2,1,0,0,false,direct_jal_target
sub_0896D178,0x0896D178,169,24,3,0,0,false,relocated_r_mips32_code_pointer
sub_0896D504,0x0896D504,31,11,2,0,0,false,relocated_r_mips32_code_pointer
sub_0896D510,0x0896D510,31,11,2,0,0,false,relocated_r_mips32_code_pointer
sub_0896D51C,0x0896D51C,14,1,0,0,0,false,relocated_r_mips32_code_pointer
sub_0896D648,0x0896D648,58,13,1,2,0,false,relocated_r_mips32_code_pointer
sub_0896D760,0x0896D760,159,41,5,1,0,false,relocated_r_mips32_code_pointer
sub_0896DA64,0x0896DA64,51,19,3,1,0,false,relocated_r_mips32_code_pointer
sub_0896DB70,0x0896DB70,50,19,2,1,0,false,relocated_r_mips32_code_pointer
sub_0896DD78,0x0896DD78,31,3,2,0,0,false,materialized_code_pointer
sub_0896DE00,0x0896DE00,26,1,0,0,0,false,direct_jal_target
sub_0896DED8,0x0896DED8,35,12,2,0,0,false,direct_jal_target
sub_0896DF88,0x0896DF88,35,12,2,0,0,false,relocated_r_mips32_code_pointer
sub_0896E038,0x0896E038,34,13,2,0,0,false,relocated_r_mips32_code_pointer
sub_0896E0E4,0x0896E0E4,19,4,0,1,0,false,relocated_r_mips32_code_pointer
sub_0896E140,0x0896E140,19,4,0,1,0,false,relocated_r_mips32_code_pointer
sub_0896E1A8,0x0896E1A8,1,1,0,0,0,false,relocated_r_mips32_code_pointer
sub_0896E1B0,0x0896E1B0,1,1,0,0,0,false,relocated_r_mips32_code_pointer
sub_0896E1B8,0x0896E1B8,1,1,0,0,0,false,relocated_r_mips32_code_pointer
sub_0896E1C0,0x0896E1C0,1,1,0,0,0,false,relocated_r_mips32_code_pointer
sub_0896E1C8,0x0896E1C8,1,1,0,0,0,false,relocated_r_mips32_code_pointer
sub_0896E1D0,0x0896E1D0,125,28,2,1,0,false,direct_jal_target
sub_0896E468,0x0896E468,20,7,1,0,0,false,relocated_r_mips32_code_pointer
sub_0896E4D0,0x0896E4D0,8,1,0,0,0,false,relocated_r_mips32_code_pointer
sub_0896E4FC,0x0896E4FC,31,7,0,0,0,false,relocated_r_mips32_code_pointer
sub_0896E598,0x0896E598,38,8,1,0,0,false,direct_jal_target
sub_0896E710,0x0896E710,22,9,0,1,0,false,relocated_r_mips32_code_pointer
sub_0896E784,0x0896E784,1,1,0,0,0,false,relocated_r_mips32_code_pointer
sub_0896E78C,0x0896E78C,35,13,1,2,0,false,direct_jal_target
sub_0896E840,0x0896E840,76,21,2,2,0,false,relocated_r_mips32_code_pointer
sub_0896E9B8,0x0896E9B8,7,4,0,0,0,false,direct_jal_target
sub_0896EA0C,0x0896EA0C,17,9,0,0,0,false,direct_jal_target
sub_0896EA70,0x0896EA70,9,5,0,0,0,false,direct_jal_target
sub_0896EB1C,0x0896EB1C,1,1,0,0,0,false,relocated_r_mips32_code_pointer
sub_0896EB24,0x0896EB24,1,1,0,0,0,false,relocated_r_mips32_code_pointer
sub_0896EB2C,0x0896EB2C,11,5,0,0,0,false,relocated_r_mips32_code_pointer
sub_0896EE60,0x0896EE60,38,11,2,0,0,false,relocated_r_mips32_code_pointer
sub_0896EE6C,0x0896EE6C,38,11,2,0,0,false,relocated_r_mips32_code_pointer
sub_0896EEC0,0x0896EEC0,39,14,1,0,0,false,relocated_r_mips32_code_pointer
sub_0896EF84,0x0896EF84,22,11,0,0,0,false,direct_jal_target
sub_0896F004,0x0896F004,102,29,2,0,0,false,relocated_r_mips32_code_pointer
sub_0896F1F4,0x0896F1F4,4,1,0,0,0,false,relocated_r_mips32_code_pointer
sub_0896F208,0x0896F208,53,13,0,1,0,false,relocated_r_mips32_code_pointer
sub_0896F300,0x0896F300,34,11,0,0,0,false,relocated_r_mips32_code_pointer
sub_0896F3A8,0x0896F3A8,57,16,0,0,0,false,relocated_r_mips32_code_pointer
sub_0896F4BC,0x0896F4BC,83,10,0,0,0,false,relocated_r_mips32_code_pointer
sub_0896F62C,0x0896F62C,32,12,0,0,0,false,relocated_r_mips32_code_pointer
sub_0896F6D0,0x0896F6D0,31,12,0,0,0,false,relocated_r_mips32_code_pointer
sub_0896F770,0x0896F770,14,5,0,0,0,false,relocated_r_mips32_code_pointer
sub_0896F7B8,0x0896F7B8,116,22,2,0,0,false,direct_jal_target
sub_0896F9C8,0x0896F9C8,78,16,4,0,0,false,direct_jal_target
sub_0896FB34,0x0896FB34,29,11,0,0,0,false,relocated_r_mips32_code_pointer
sub_0896FBCC,0x0896FBCC,26,11,0,0,0,false,relocated_r_mips32_code_pointer
sub_0896FC58,0x0896FC58,217,84,8,0,0,false,relocated_r_mips32_code_pointer
sub_08970000,0x08970000,45,15,7,1,0,false,materialized_code_pointer
sub_0897095C,0x0897095C,531,148,11,0,0,false,relocated_r_mips32_code_pointer
sub_08970A44,0x08970A44,3,1,0,0,0,false,relocated_r_mips32_code_pointer
sub_08970A54,0x08970A54,3,1,1,0,0,false,relocated_r_mips32_code_pointer
sub_08970A64,0x08970A64,11,4,0,0,0,false,direct_jal_target
sub_08970A9C,0x08970A9C,27,1,0,0,0,false,direct_jal_target
sub_08970BA8,0x08970BA8,31,11,2,0,0,false,relocated_r_mips32_code_pointer
sub_08970BB4,0x08970BB4,31,11,2,0,0,false,relocated_r_mips32_code_pointer
sub_08970BC0,0x08970BC0,213,90,7,0,0,false,relocated_r_mips32_code_pointer
sub_0897105C,0x0897105C,32,9,7,0,0,false,relocated_r_mips32_code_pointer
sub_08971100,0x08971100,31,10,7,0,0,false,relocated_r_mips32_code_pointer
sub_089711A4,0x089711A4,52,11,7,1,0,false,relocated_r_mips32_code_pointer
sub_08971400,0x08971400,73,20,3,0,0,false,relocated_r_mips32_code_pointer
sub_08971568,0x08971568,32,6,1,0,0,false,relocated_r_mips32_code_pointer
sub_08971600,0x08971600,29,11,2,0,0,false,relocated_r_mips32_code_pointer
sub_08971698,0x08971698,29,11,2,0,0,false,relocated_r_mips32_code_pointer
sub_08971730,0x08971730,3,1,0,0,0,false,relocated_r_mips32_code_pointer
sub_08971740,0x08971740,1,1,0,0,0,false,relocated_r_mips32_code_pointer
sub_08971748,0x08971748,31,9,0,1,0,false,relocated_r_mips32_code_pointer
sub_089717E0,0x089717E0,31,9,0,1,0,false,relocated_r_mips32_code_pointer
sub_08971878,0x08971878,46,12,5,0,0,false,materialized_code_pointer
sub_0897195C,0x0897195C,132,39,12,4,0,false,materialized_code_pointer
sub_08971BF8,0x08971BF8,145,37,14,1,0,false,relocated_r_mips32_code_pointer
sub_08971F68,0x08971F68,31,11,2,0,0,false,relocated_r_mips32_code_pointer
sub_08971F74,0x08971F74,31,11,2,0,0,false,relocated_r_mips32_code_pointer
sub_08971F80,0x08971F80,60,18,1,1,0,false,relocated_r_mips32_code_pointer
sub_089720E8,0x089720E8,13,2,1,0,0,false,direct_jal_target
sub_089721C0,0x089721C0,31,8,6,0,0,false,relocated_r_mips32_code_pointer
sub_0897225C,0x0897225C,116,26,11,1,0,false,relocated_r_mips32_code_pointer
sub_08972490,0x08972490,247,62,9,0,0,false,relocated_r_mips32_code_pointer
sub_08972924,0x08972924,263,45,2,0,0,false,relocated_r_mips32_code_pointer
sub_08972DC4,0x08972DC4,259,45,2,0,0,false,relocated_r_mips32_code_pointer
sub_08973254,0x08973254,248,43,2,0,0,false,relocated_r_mips32_code_pointer
sub_089736BC,0x089736BC,242,43,2,0,0,false,relocated_r_mips32_code_pointer
sub_08973B50,0x08973B50,15,2,1,0,0,false,direct_jal_target
sub_08973CA8,0x08973CA8,56,15,2,2,0,false,relocated_r_mips32_code_pointer
sub_08973DBC,0x08973DBC,57,15,3,2,0,false,relocated_r_mips32_code_pointer
sub_08973ED8,0x08973ED8,12,3,0,0,0,false,direct_jal_target
sub_08973F70,0x08973F70,29,14,0,0,0,false,direct_jal_target
sub_0897400C,0x0897400C,142,37,13,0,0,false,relocated_r_mips32_code_pointer
sub_08974364,0x08974364,31,11,2,0,0,false,relocated_r_mips32_code_pointer
sub_08974370,0x08974370,31,11,2,0,0,false,relocated_r_mips32_code_pointer
sub_0897437C,0x0897437C,36,15,0,0,0,false,direct_jal_target
sub_08974438,0x08974438,248,90,8,0,0,false,relocated_r_mips32_code_pointer
sub_089749F8,0x089749F8,3,1,1,0,0,false,relocated_r_mips32_code_pointer
sub_08974A08,0x08974A08,11,2,2,0,0,false,relocated_r_mips32_code_pointer
sub_08974ADC,0x08974ADC,3,1,1,0,0,false,relocated_r_mips32_code_pointer
sub_08974AEC,0x08974AEC,11,2,2,0,0,false,relocated_r_mips32_code_pointer
sub_08974BC0,0x08974BC0,3,1,1,0,0,false,relocated_r_mips32_code_pointer
sub_08974BD0,0x08974BD0,11,2,2,0,0,false,relocated_r_mips32_code_pointer
sub_08974CA4,0x08974CA4,3,1,1,0,0,false,relocated_r_mips32_code_pointer
sub_08974CB4,0x08974CB4,11,2,2,0,0,false,relocated_r_mips32_code_pointer
sub_08974D88,0x08974D88,3,1,1,0,0,false,relocated_r_mips32_code_pointer
sub_08974D98,0x08974D98,11,2,2,0,0,false,relocated_r_mips32_code_pointer
sub_08974DCC,0x08974DCC,40,15,1,5,0,false,relocated_r_mips32_code_pointer
sub_08974E98,0x08974E98,23,6,1,1,0,false,direct_jal_target
sub_08974F0C,0x08974F0C,5,1,0,0,0,false,direct_jal_target
sub_08974FB0,0x08974FB0,23,6,1,1,0,false,direct_jal_target
sub_08975024,0x08975024,5,1,0,0,0,false,direct_jal_target
sub_0897503C,0x0897503C,23,6,1,1,0,false,direct_jal_target
sub_089750C8,0x089750C8,23,6,1,1,0,false,direct_jal_target
sub_0897513C,0x0897513C,5,3,0,0,0,false,direct_jal_target
sub_08975158,0x08975158,5,1,0,0,0,false,direct_jal_target
sub_08975238,0x08975238,39,15,0,5,0,false,relocated_r_mips32_code_pointer
sub_08975624,0x08975624,148,53,5,0,0,false,direct_jal_target
sub_0897598C,0x0897598C,15,2,1,0,0,false,direct_jal_target
sub_089759F8,0x089759F8,9,1,1,0,0,false,relocated_r_mips32_code_pointer
sub_08975A20,0x08975A20,17,2,2,0,0,false,relocated_r_mips32_code_pointer
sub_08975A74,0x08975A74,56,8,1,0,0,false,direct_jal_target
sub_08975BC0,0x08975BC0,17,3,1,0,0,false,direct_jal_target
sub_08975C10,0x08975C10,18,3,2,0,0,false,relocated_r_mips32_code_pointer
sub_08975C64,0x08975C64,15,6,0,0,0,false,direct_jal_target
sub_08975EF0,0x08975EF0,31,11,2,0,0,false,relocated_r_mips32_code_pointer
sub_08975EFC,0x08975EFC,31,11,2,0,0,false,relocated_r_mips32_code_pointer
sub_08975F84,0x08975F84,16,1,0,0,0,false,direct_jal_target
sub_0897614C,0x0897614C,75,10,2,0,0,false,direct_jal_target
sub_08976324,0x08976324,53,4,1,0,0,false,direct_jal_target
sub_08976404,0x08976404,462,35,2,0,0,false,direct_jal_target
sub_08976D28,0x08976D28,83,6,0,0,0,false,direct_jal_target
sub_08976F80,0x08976F80,183,13,1,0,0,false,direct_jal_target
sub_08977290,0x08977290,125,48,8,0,0,false,direct_jal_target
sub_08977530,0x08977530,100,28,0,0,0,false,direct_jal_target
sub_0897770C,0x0897770C,156,42,2,0,0,false,direct_jal_target
sub_08977C04,0x08977C04,542,48,0,0,0,false,direct_jal_target
sub_08978504,0x08978504,87,25,3,0,0,false,direct_jal_target
sub_08978F88,0x08978F88,79,16,0,1,0,false,direct_jal_target
sub_089790F4,0x089790F4,29,8,0,0,0,false,direct_jal_target
sub_08979180,0x08979180,41,8,1,0,0,false,direct_jal_target
sub_089792B8,0x089792B8,28,3,1,0,0,false,direct_jal_target
sub_089793B0,0x089793B0,28,3,1,0,0,false,direct_jal_target
sub_0897942C,0x0897942C,29,4,2,0,0,false,relocated_r_mips32_code_pointer
sub_089794B0,0x089794B0,10,1,1,0,0,false,relocated_r_mips32_code_pointer
sub_08979640,0x08979640,32,8,0,0,0,false,relocated_r_mips32_code_pointer
sub_08979AA8,0x08979AA8,14,2,1,0,0,false,direct_jal_target
sub_08979BD4,0x08979BD4,47,14,2,2,0,false,relocated_r_mips32_code_pointer
sub_08979CC0,0x08979CC0,48,15,3,2,0,false,relocated_r_mips32_code_pointer
sub_08979DF0,0x08979DF0,13,2,1,0,0,false,direct_jal_target
sub_08979E2C,0x08979E2C,51,15,1,2,0,false,direct_jal_target
sub_08979F60,0x08979F60,11,2,2,0,0,false,relocated_r_mips32_code_pointer
sub_08979F94,0x08979F94,12,3,3,0,0,false,relocated_r_mips32_code_pointer
sub_0897A078,0x0897A078,10,1,0,0,0,false,relocated_r_mips32_code_pointer
sub_0897A29C,0x0897A29C,131,35,10,1,0,false,relocated_r_mips32_code_pointer
sub_0897A528,0x0897A528,108,27,1,1,0,false,relocated_r_mips32_code_pointer
sub_0897A730,0x0897A730,156,42,11,1,0,false,relocated_r_mips32_code_pointer
sub_0897AA30,0x0897AA30,302,65,0,0,1,false,relocated_r_mips32_code_pointer
sub_0897AD74,0x0897AD74,16,2,1,0,0,false,direct_jal_target
sub_0897AE14,0x0897AE14,19,3,2,0,0,false,relocated_r_mips32_code_pointer
sub_0897AE6C,0x0897AE6C,20,4,3,0,0,false,relocated_r_mips32_code_pointer
sub_0897AECC,0x0897AECC,169,19,0,0,0,false,direct_jal_target
sub_0897B1A0,0x0897B1A0,51,16,9,0,0,false,relocated_r_mips32_code_pointer
sub_0897B2E4,0x0897B2E4,13,2,1,0,0,false,direct_jal_target
sub_0897B370,0x0897B370,17,3,2,0,0,false,relocated_r_mips32_code_pointer
sub_0897B3C0,0x0897B3C0,18,4,3,0,0,false,relocated_r_mips32_code_pointer
sub_0897B4BC,0x0897B4BC,174,38,10,0,0,false,relocated_r_mips32_code_pointer
sub_0897B7F8,0x0897B7F8,1,1,0,0,0,false,relocated_r_mips32_code_pointer
sub_0897B800,0x0897B800,1,1,0,0,0,false,relocated_r_mips32_code_pointer
sub_0897B808,0x0897B808,1,1,0,0,0,false,relocated_r_mips32_code_pointer
sub_0897B810,0x0897B810,1,1,0,0,0,false,relocated_r_mips32_code_pointer
sub_0897B818,0x0897B818,1,1,0,0,0,false,relocated_r_mips32_code_pointer
sub_0897B820,0x0897B820,1,1,0,0,0,false,relocated_r_mips32_code_pointer
sub_0897B828,0x0897B828,3,1,0,0,0,false,direct_jal_target
sub_0897B838,0x0897B838,28,10,1,1,0,false,relocated_r_mips32_code_pointer
sub_0897B8C4,0x0897B8C4,17,8,0,1,0,false,relocated_r_mips32_code_pointer
sub_0897B9DC,0x0897B9DC,10,5,0,0,0,false,relocated_r_mips32_code_pointer
sub_0897BA14,0x0897BA14,133,29,11,4,0,false,relocated_r_mips32_code_pointer
sub_0897BCFC,0x0897BCFC,18,1,0,0,0,false,direct_jal_target
sub_0897BD94,0x0897BD94,25,4,0,1,0,false,direct_jal_target
sub_0897BE08,0x0897BE08,25,4,0,1,0,false,relocated_r_mips32_code_pointer
sub_0897BE7C,0x0897BE7C,29,4,1,1,0,false,relocated_r_mips32_code_pointer
sub_0897BF00,0x0897BF00,31,2,1,0,0,false,direct_jal_target
sub_0897BFE0,0x0897BFE0,19,4,3,0,0,false,relocated_r_mips32_code_pointer
sub_0897C03C,0x0897C03C,20,5,3,0,0,false,relocated_r_mips32_code_pointer
sub_0897C0A0,0x0897C0A0,16,4,2,0,0,false,relocated_r_mips32_code_pointer
sub_0897C0F0,0x0897C0F0,1,1,0,0,0,false,relocated_r_mips32_code_pointer
sub_0897C0F8,0x0897C0F8,49,13,3,3,0,false,relocated_r_mips32_code_pointer
sub_0897C23C,0x0897C23C,14,7,1,0,0,false,relocated_r_mips32_code_pointer
sub_0897C290,0x0897C290,21,17,0,0,0,false,relocated_r_mips32_code_pointer
sub_0897C318,0x0897C318,22,11,1,1,0,false,relocated_r_mips32_code_pointer
sub_0897C394,0x0897C394,58,12,3,0,0,false,materialized_code_pointer
sub_0897C72C,0x0897C72C,58,18,2,0,0,false,relocated_r_mips32_code_pointer
sub_0897C738,0x0897C738,58,18,2,0,0,false,relocated_r_mips32_code_pointer
sub_0897C7D8,0x0897C7D8,223,74,11,0,0,false,relocated_r_mips32_code_pointer
sub_0897CC48,0x0897CC48,1662,40,4,1,0,false,relocated_r_mips32_code_pointer
sub_0897E6C0,0x0897E6C0,846,55,1,0,0,false,direct_jal_target
sub_0897F49C,0x0897F49C,157,24,3,0,0,false,relocated_r_mips32_code_pointer
sub_0897F758,0x0897F758,190,22,5,0,0,false,relocated_r_mips32_code_pointer
sub_0897FA94,0x0897FA94,1,1,0,0,0,false,relocated_r_mips32_code_pointer
sub_0897FA9C,0x0897FA9C,1,1,0,0,0,false,relocated_r_mips32_code_pointer
sub_0897FB40,0x0897FB40,31,11,2,0,0,false,relocated_r_mips32_code_pointer
sub_0897FB4C,0x0897FB4C,31,11,2,0,0,false,relocated_r_mips32_code_pointer
sub_0897FB58,0x0897FB58,7,1,0,0,0,false,relocated_r_mips32_code_pointer
sub_0897FB78,0x0897FB78,378,40,8,1,0,false,relocated_r_mips32_code_pointer
sub_08980000,0x08980000,4,1,0,0,0,false,materialized_code_pointer
sub_08980258,0x08980258,103,19,0,2,0,false,direct_jal_target
sub_0898042C,0x0898042C,285,71,5,0,0,false,direct_jal_target
sub_08980980,0x08980980,58,18,3,0,0,false,relocated_r_mips32_code_pointer
sub_08980CD8,0x08980CD8,66,2,1,0,0,false,direct_jal_target
sub_08980DE8,0x08980DE8,404,56,10,0,0,false,relocated_r_mips32_code_pointer
sub_089814E8,0x089814E8,60,20,3,0,0,false,relocated_r_mips32_code_pointer
sub_0898161C,0x0898161C,315,42,4,3,0,false,direct_jal_target
sub_08981B94,0x08981B94,562,13,0,0,0,false,relocated_r_mips32_code_pointer
sub_089824E4,0x089824E4,3,1,1,0,0,false,direct_jal_target
sub_089824F4,0x089824F4,3,1,1,0,0,false,relocated_r_mips32_code_pointer
sub_08982504,0x08982504,11,2,2,0,0,false,relocated_r_mips32_code_pointer
sub_08982538,0x08982538,1,1,0,0,0,false,relocated_r_mips32_code_pointer
sub_08982540,0x08982540,1,1,0,0,0,false,relocated_r_mips32_code_pointer
sub_08982548,0x08982548,22,2,1,0,0,false,direct_jal_target
sub_089825A8,0x089825A8,6,3,0,0,0,false,relocated_r_mips32_code_pointer
sub_089825CC,0x089825CC,6,3,0,0,0,false,relocated_r_mips32_code_pointer
sub_089825F0,0x089825F0,6,3,0,0,0,false,relocated_r_mips32_code_pointer
sub_08982614,0x08982614,6,3,0,0,0,false,relocated_r_mips32_code_pointer
sub_08982638,0x08982638,3,1,0,0,0,false,direct_jal_target
sub_08982648,0x08982648,3,1,0,0,0,false,relocated_r_mips32_code_pointer
sub_08982658,0x08982658,3,1,1,0,0,false,relocated_r_mips32_code_pointer
sub_089826E8,0x089826E8,29,4,1,0,0,false,direct_jal_target
sub_08982A28,0x08982A28,100,11,3,0,0,false,direct_jal_target
sub_08982BE0,0x08982BE0,583,79,2,0,0,false,direct_jal_target
sub_089835F4,0x089835F4,1990,312,5,2,0,false,direct_jal_target
sub_089858F4,0x089858F4,1543,272,4,6,0,false,direct_jal_target
sub_089878EC,0x089878EC,4,3,1,0,0,false,direct_jal_target
sub_08987910,0x08987910,63,15,5,1,0,false,direct_jal_target
sub_08987AE0,0x08987AE0,31,11,2,0,0,false,relocated_r_mips32_code_pointer
sub_08987AEC,0x08987AEC,31,11,2,0,0,false,relocated_r_mips32_code_pointer
sub_08987B34,0x08987B34,14,1,0,0,0,false,direct_jal_target
sub_08987C4C,0x08987C4C,44,17,2,0,0,false,direct_jal_target
sub_08987C5C,0x08987C5C,375,64,14,0,0,false,direct_jal_target
sub_08988344,0x08988344,4,3,1,0,0,false,direct_jal_target
sub_08988360,0x08988360,72,21,1,1,0,false,direct_jal_target
sub_089884D0,0x089884D0,59,11,2,0,0,false,direct_jal_target
sub_0898867C,0x0898867C,31,11,2,0,0,false,relocated_r_mips32_code_pointer
sub_08988688,0x08988688,31,11,2,0,0,false,relocated_r_mips32_code_pointer
sub_0898869C,0x0898869C,1,1,0,0,0,false,direct_jal_target
sub_089886A4,0x089886A4,14,1,0,0,0,false,direct_jal_target
sub_089886E0,0x089886E0,14,1,0,0,0,false,direct_jal_target
sub_0898871C,0x0898871C,276,47,3,0,0,false,direct_jal_target
sub_08988BEC,0x08988BEC,22,4,2,0,0,false,relocated_r_mips32_code_pointer
sub_08988C54,0x08988C54,109,13,5,0,0,false,relocated_r_mips32_code_pointer
sub_08988E18,0x08988E18,9,1,0,0,0,false,direct_jal_target
sub_08988EFC,0x08988EFC,31,11,2,0,0,false,relocated_r_mips32_code_pointer
sub_08988F08,0x08988F08,31,11,2,0,0,false,relocated_r_mips32_code_pointer
sub_08988F14,0x08988F14,15,5,1,0,0,false,relocated_r_mips32_code_pointer
sub_08989128,0x08989128,144,25,4,2,0,false,relocated_r_mips32_code_pointer
sub_08989200,0x08989200,296,20,4,0,0,false,direct_jal_target
sub_089896DC,0x089896DC,55,10,3,0,0,false,relocated_r_mips32_code_pointer
sub_089897DC,0x089897DC,199,37,5,4,0,false,relocated_r_mips32_code_pointer
sub_089899B4,0x089899B4,324,33,3,3,0,false,relocated_r_mips32_code_pointer
sub_08989D70,0x08989D70,187,33,3,3,0,false,relocated_r_mips32_code_pointer
sub_08989F60,0x08989F60,20,2,1,0,0,false,direct_jal_target
sub_0898A018,0x0898A018,21,3,2,0,0,false,relocated_r_mips32_code_pointer
sub_0898A078,0x0898A078,10,2,1,0,0,false,direct_jal_target
sub_0898A0B8,0x0898A0B8,3,1,1,0,0,false,relocated_r_mips32_code_pointer
sub_0898A0C8,0x0898A0C8,11,2,2,0,0,false,relocated_r_mips32_code_pointer
sub_0898A0FC,0x0898A0FC,1,1,1,0,0,false,relocated_r_mips32_code_pointer
sub_0898A104,0x0898A104,1,1,0,0,0,false,relocated_r_mips32_code_pointer
sub_0898A1A8,0x0898A1A8,31,11,2,0,0,false,relocated_r_mips32_code_pointer
sub_0898A1B4,0x0898A1B4,31,11,2,0,0,false,relocated_r_mips32_code_pointer
sub_0898A1C0,0x0898A1C0,74,13,4,0,0,false,relocated_r_mips32_code_pointer
sub_0898A318,0x0898A318,167,37,7,0,0,false,relocated_r_mips32_code_pointer
sub_0898A664,0x0898A664,454,98,14,4,0,false,relocated_r_mips32_code_pointer
sub_0898B1BC,0x0898B1BC,25,4,2,1,0,false,relocated_r_mips32_code_pointer
sub_0898B230,0x0898B230,22,4,4,0,0,false,direct_jal_target
sub_0898B298,0x0898B298,27,8,5,0,0,false,relocated_r_mips32_code_pointer
sub_0898B320,0x0898B320,14,3,0,0,0,false,direct_jal_target
sub_0898B360,0x0898B360,15,4,1,0,0,false,direct_jal_target
sub_0898B3AC,0x0898B3AC,8,1,0,0,0,false,relocated_r_mips32_code_pointer
sub_0898B3D0,0x0898B3D0,78,49,6,0,0,false,relocated_r_mips32_code_pointer
sub_0898B64C,0x0898B64C,31,11,2,0,0,false,relocated_r_mips32_code_pointer
sub_0898B658,0x0898B658,31,11,2,0,0,false,relocated_r_mips32_code_pointer
sub_0898B6B0,0x0898B6B0,17,2,1,0,0,false,direct_jal_target
sub_0898B768,0x0898B768,24,3,1,1,0,false,relocated_r_mips32_code_pointer
sub_0898B7D4,0x0898B7D4,68,42,17,0,0,false,direct_jal_target
sub_0898BA88,0x0898BA88,56,11,8,0,0,false,direct_jal_target
sub_0898BB90,0x0898BB90,96,30,13,0,0,false,relocated_r_mips32_code_pointer
sub_0898BD88,0x0898BD88,46,12,10,0,0,false,relocated_r_mips32_code_pointer
sub_0898BE6C,0x0898BE6C,18,2,1,0,0,false,direct_jal_target
sub_0898BF0C,0x0898BF0C,4,3,0,0,0,false,relocated_r_mips32_code_pointer
sub_0898BF28,0x0898BF28,4,3,0,0,0,false,relocated_r_mips32_code_pointer
sub_0898BF68,0x0898BF68,36,11,0,0,0,false,relocated_r_mips32_code_pointer
sub_0898C014,0x0898C014,35,12,0,0,0,false,relocated_r_mips32_code_pointer
sub_0898C01C,0x0898C01C,35,12,0,0,0,false,relocated_r_mips32_code_pointer
sub_0898C024,0x0898C024,35,12,0,0,0,false,relocated_r_mips32_code_pointer
sub_0898C0C8,0x0898C0C8,31,11,2,0,0,false,relocated_r_mips32_code_pointer
sub_0898C0D4,0x0898C0D4,31,11,2,0,0,false,relocated_r_mips32_code_pointer
sub_0898C1DC,0x0898C1DC,48,17,7,0,0,false,relocated_r_mips32_code_pointer
sub_0898C2D8,0x0898C2D8,49,18,8,0,0,false,relocated_r_mips32_code_pointer
sub_0898C3DC,0x0898C3DC,25,7,2,0,0,false,relocated_r_mips32_code_pointer
sub_0898C414,0x0898C414,8,2,1,0,0,false,relocated_r_mips32_code_pointer
sub_0898C458,0x0898C458,100,41,9,0,0,false,relocated_r_mips32_code_pointer
sub_0898C4A0,0x0898C4A0,102,42,9,0,0,false,relocated_r_mips32_code_pointer
sub_0898C4B8,0x0898C4B8,102,42,9,0,0,false,relocated_r_mips32_code_pointer
sub_0898C4D0,0x0898C4D0,100,42,9,0,0,false,relocated_r_mips32_code_pointer
sub_0898C4E0,0x0898C4E0,100,42,9,0,0,false,relocated_r_mips32_code_pointer
sub_0898C4F0,0x0898C4F0,99,42,9,0,0,false,relocated_r_mips32_code_pointer
sub_0898C6B8,0x0898C6B8,61,8,2,0,0,false,relocated_r_mips32_code_pointer
sub_0898C78C,0x0898C78C,11,2,1,0,0,false,relocated_r_mips32_code_pointer
sub_0898C7CC,0x0898C7CC,105,36,7,1,0,false,relocated_r_mips32_code_pointer
sub_0898C824,0x0898C824,106,37,7,1,0,false,relocated_r_mips32_code_pointer
sub_0898C840,0x0898C840,106,37,7,1,0,false,relocated_r_mips32_code_pointer
sub_0898C85C,0x0898C85C,105,37,7,1,0,false,relocated_r_mips32_code_pointer
sub_0898C874,0x0898C874,105,37,7,1,0,false,relocated_r_mips32_code_pointer
sub_0898C88C,0x0898C88C,104,37,7,1,0,false,relocated_r_mips32_code_pointer
sub_0898CA4C,0x0898CA4C,12,2,1,0,0,false,direct_jal_target
sub_0898CABC,0x0898CABC,3,1,1,0,0,false,direct_jal_target
sub_0898CACC,0x0898CACC,3,1,1,0,0,false,relocated_r_mips32_code_pointer
sub_0898CADC,0x0898CADC,11,2,2,0,0,false,relocated_r_mips32_code_pointer
sub_0898CBAC,0x0898CBAC,31,11,2,0,0,false,relocated_r_mips32_code_pointer
sub_0898CBB8,0x0898CBB8,31,11,2,0,0,false,relocated_r_mips32_code_pointer
sub_0898CBC4,0x0898CBC4,121,40,15,5,0,false,direct_jal_target
sub_0898CE3C,0x0898CE3C,56,14,2,1,0,false,direct_jal_target
sub_0898CF4C,0x0898CF4C,15,3,2,0,0,false,materialized_code_pointer
sub_0898CF94,0x0898CF94,20,4,3,0,0,false,relocated_r_mips32_code_pointer
sub_0898CFF4,0x0898CFF4,17,2,2,0,0,false,relocated_r_mips32_code_pointer
sub_0898D040,0x0898D040,43,11,1,0,0,false,relocated_r_mips32_code_pointer
sub_0898D108,0x0898D108,15,3,2,0,0,false,relocated_r_mips32_code_pointer
sub_0898D150,0x0898D150,113,24,9,2,0,false,relocated_r_mips32_code_pointer
sub_0898D40C,0x0898D40C,31,11,2,0,0,false,relocated_r_mips32_code_pointer
sub_0898D418,0x0898D418,31,11,2,0,0,false,relocated_r_mips32_code_pointer
sub_0898D4EC,0x0898D4EC,9,1,1,0,0,false,relocated_r_mips32_code_pointer
sub_0898D514,0x0898D514,20,4,3,0,0,false,materialized_code_pointer
sub_0898D574,0x0898D574,32,7,6,0,0,false,relocated_r_mips32_code_pointer
sub_0898D610,0x0898D610,14,3,2,0,0,false,direct_jal_target
sub_0898D698,0x0898D698,15,2,2,0,0,false,direct_jal_target
sub_0898D6DC,0x0898D6DC,15,2,2,0,0,false,relocated_r_mips32_code_pointer
sub_0898D720,0x0898D720,16,3,3,0,0,false,relocated_r_mips32_code_pointer
sub_0898D76C,0x0898D76C,1,1,0,0,0,false,relocated_r_mips32_code_pointer
sub_0898D810,0x0898D810,31,11,2,0,0,false,relocated_r_mips32_code_pointer
sub_0898D81C,0x0898D81C,31,11,2,0,0,false,relocated_r_mips32_code_pointer
sub_0898D828,0x0898D828,508,171,3,0,0,false,relocated_r_mips32_code_pointer
sub_0898E24C,0x0898E24C,27,6,5,0,0,false,relocated_r_mips32_code_pointer
sub_0898E2FC,0x0898E2FC,10,1,1,0,0,false,direct_jal_target
sub_0898E344,0x0898E344,6,1,1,0,0,false,relocated_r_mips32_code_pointer
sub_0898E360,0x0898E360,13,2,2,0,0,false,relocated_r_mips32_code_pointer
sub_0898E39C,0x0898E39C,38,7,5,0,0,false,direct_jal_target
sub_0898E4C4,0x0898E4C4,30,8,2,0,0,false,direct_jal_target
sub_0898E5F0,0x0898E5F0,31,11,2,0,0,false,relocated_r_mips32_code_pointer
sub_0898E5FC,0x0898E5FC,31,11,2,0,0,false,relocated_r_mips32_code_pointer
sub_0898E608,0x0898E608,89,28,2,0,0,false,direct_jal_target
sub_0898E7C0,0x0898E7C0,4,1,0,0,0,false,direct_jal_target
sub_0898E7E0,0x0898E7E0,3,1,0,0,0,false,direct_jal_target
sub_0898E7F0,0x0898E7F0,15,3,0,0,0,false,direct_jal_target
sub_0898E848,0x0898E848,16,4,1,0,0,false,direct_jal_target
sub_0898EB48,0x0898EB48,32,11,2,0,0,false,relocated_r_mips32_code_pointer
sub_0898EB54,0x0898EB54,32,11,2,0,0,false,relocated_r_mips32_code_pointer
sub_0898EB60,0x0898EB60,348,73,16,1,0,false,direct_jal_target
sub_0898F1E8,0x0898F1E8,153,42,6,0,0,false,direct_jal_target
sub_0898F4C0,0x0898F4C0,200,38,6,0,0,false,direct_jal_target
sub_0898FB30,0x0898FB30,104,25,9,2,0,false,direct_jal_target
sub_0898FFEC,0x0898FFEC,5,1,0,0,0,false,direct_jal_target
sub_08990000,0x08990000,435,176,30,0,0,false,materialized_code_pointer
sub_08990974,0x08990974,10,2,1,0,0,false,direct_jal_target
sub_089909B4,0x089909B4,3,1,1,0,0,false,relocated_r_mips32_code_pointer
sub_089909C4,0x089909C4,11,2,2,0,0,false,relocated_r_mips32_code_pointer
sub_08990A00,0x08990A00,64,17,3,2,0,false,relocated_r_mips32_code_pointer
sub_08990B38,0x08990B38,4,3,1,0,0,false,relocated_r_mips32_code_pointer
sub_08990B54,0x08990B54,56,14,5,1,0,false,relocated_r_mips32_code_pointer
sub_08990D04,0x08990D04,31,11,2,0,0,false,relocated_r_mips32_code_pointer
sub_08990D10,0x08990D10,31,11,2,0,0,false,relocated_r_mips32_code_pointer
sub_08990D1C,0x08990D1C,116,36,6,5,0,false,relocated_r_mips32_code_pointer
sub_08990F64,0x08990F64,13,3,3,0,0,false,relocated_r_mips32_code_pointer
sub_08991040,0x08991040,31,11,2,0,0,false,relocated_r_mips32_code_pointer
sub_0899104C,0x0899104C,31,11,2,0,0,false,relocated_r_mips32_code_pointer
sub_08991058,0x08991058,105,43,15,5,0,false,relocated_r_mips32_code_pointer
sub_08991298,0x08991298,89,25,3,1,0,false,relocated_r_mips32_code_pointer
sub_08991508,0x08991508,12,2,2,0,0,false,relocated_r_mips32_code_pointer
sub_08991540,0x08991540,17,3,2,0,0,false,materialized_code_pointer
sub_08991590,0x08991590,33,5,4,0,0,false,relocated_r_mips32_code_pointer
sub_089916E4,0x089916E4,3,1,0,0,0,false,relocated_r_mips32_code_pointer
sub_089916F4,0x089916F4,40,15,7,0,0,false,direct_jal_target
sub_0899186C,0x0899186C,31,11,2,0,0,false,relocated_r_mips32_code_pointer
sub_08991878,0x08991878,31,11,2,0,0,false,relocated_r_mips32_code_pointer
sub_08991884,0x08991884,41,9,5,1,0,false,direct_jal_target
sub_0899194C,0x0899194C,35,20,0,0,0,false,relocated_r_mips32_code_pointer
sub_08991A18,0x08991A18,37,22,0,0,0,false,relocated_r_mips32_code_pointer
sub_08991B54,0x08991B54,23,5,0,0,0,false,direct_jal_target
sub_08991D40,0x08991D40,76,23,6,1,0,false,relocated_r_mips32_code_pointer
sub_08991EC4,0x08991EC4,77,23,7,1,0,false,relocated_r_mips32_code_pointer
sub_0899204C,0x0899204C,162,48,9,2,0,false,relocated_r_mips32_code_pointer
sub_0899237C,0x0899237C,83,36,6,1,0,false,relocated_r_mips32_code_pointer
sub_089925A8,0x089925A8,24,2,1,0,0,false,direct_jal_target
sub_089926CC,0x089926CC,36,16,2,1,0,false,relocated_r_mips32_code_pointer
sub_08992788,0x08992788,37,16,3,1,0,false,relocated_r_mips32_code_pointer
sub_0899289C,0x0899289C,1,1,0,0,0,false,relocated_r_mips32_code_pointer
sub_089928A4,0x089928A4,1,1,0,0,0,false,relocated_r_mips32_code_pointer
sub_089928AC,0x089928AC,16,1,0,0,0,false,direct_jal_target
sub_089928F0,0x089928F0,16,1,0,0,0,false,direct_jal_target
sub_08992AA4,0x08992AA4,18,5,0,0,0,false,direct_jal_target
sub_08992B00,0x08992B00,8,3,0,0,0,false,direct_jal_target
sub_08992B70,0x08992B70,61,20,9,1,0,false,relocated_r_mips32_code_pointer
sub_08992D4C,0x08992D4C,31,11,2,0,0,false,relocated_r_mips32_code_pointer
sub_08992D58,0x08992D58,31,11,2,0,0,false,relocated_r_mips32_code_pointer
sub_08992E44,0x08992E44,232,51,5,2,0,false,relocated_r_mips32_code_pointer
sub_08993294,0x08993294,70,8,0,2,0,false,relocated_r_mips32_code_pointer
sub_089933C8,0x089933C8,70,8,0,2,0,false,relocated_r_mips32_code_pointer
sub_089934FC,0x089934FC,44,6,1,1,0,false,relocated_r_mips32_code_pointer
sub_089935C0,0x089935C0,23,5,0,2,0,false,relocated_r_mips32_code_pointer
sub_08993630,0x08993630,48,7,1,1,0,false,relocated_r_mips32_code_pointer
sub_08993704,0x08993704,54,8,3,1,0,false,relocated_r_mips32_code_pointer
sub_08993868,0x08993868,16,5,0,0,0,false,direct_jal_target
sub_089938B8,0x089938B8,47,17,8,1,0,false,relocated_r_mips32_code_pointer
sub_08993A4C,0x08993A4C,31,11,2,0,0,false,relocated_r_mips32_code_pointer
sub_08993A58,0x08993A58,31,11,2,0,0,false,relocated_r_mips32_code_pointer
sub_08993A64,0x08993A64,93,22,1,0,0,false,relocated_r_mips32_code_pointer
sub_08993D14,0x08993D14,93,22,1,0,0,false,relocated_r_mips32_code_pointer
sub_089943BC,0x089943BC,37,4,1,0,0,false,direct_jal_target
sub_089944FC,0x089944FC,39,16,5,1,0,false,direct_jal_target
sub_089945CC,0x089945CC,39,13,5,0,0,false,relocated_r_mips32_code_pointer
sub_08994698,0x08994698,37,11,4,0,0,false,relocated_r_mips32_code_pointer
sub_08994810,0x08994810,50,20,4,1,0,false,relocated_r_mips32_code_pointer
sub_08994924,0x08994924,473,157,10,0,0,false,relocated_r_mips32_code_pointer
sub_0899526C,0x0899526C,285,108,10,3,0,false,relocated_r_mips32_code_pointer
sub_08995840,0x08995840,332,40,4,1,0,false,relocated_r_mips32_code_pointer
sub_08995DF4,0x08995DF4,1,1,0,0,0,false,relocated_r_mips32_code_pointer
sub_08995DFC,0x08995DFC,27,5,0,1,0,false,relocated_r_mips32_code_pointer
sub_08995E7C,0x08995E7C,32,8,0,1,0,false,relocated_r_mips32_code_pointer
sub_08995F18,0x08995F18,6,3,0,0,0,false,relocated_r_mips32_code_pointer
sub_08995F38,0x08995F38,2,1,0,0,0,false,relocated_r_mips32_code_pointer
sub_08995F44,0x08995F44,32,10,2,1,0,false,relocated_r_mips32_code_pointer
sub_08995FE4,0x08995FE4,5,1,0,0,0,false,relocated_r_mips32_code_pointer
sub_08995FFC,0x08995FFC,40,13,4,1,0,false,relocated_r_mips32_code_pointer
sub_08996168,0x08996168,31,11,2,0,0,false,relocated_r_mips32_code_pointer
sub_08996174,0x08996174,31,11,2,0,0,false,relocated_r_mips32_code_pointer
sub_08996180,0x08996180,27,1,0,0,0,false,direct_jal_target
sub_08996260,0x08996260,40,11,2,4,0,false,relocated_r_mips32_code_pointer
sub_08996328,0x08996328,39,10,1,4,0,false,direct_jal_target
sub_089963E8,0x089963E8,39,10,1,4,0,false,relocated_r_mips32_code_pointer
sub_089964A8,0x089964A8,6,3,0,0,0,false,direct_jal_target
sub_089964EC,0x089964EC,24,1,0,0,0,false,direct_jal_target
sub_08996550,0x08996550,1,1,0,0,0,false,relocated_r_mips32_code_pointer
sub_08996558,0x08996558,1,1,0,0,0,false,relocated_r_mips32_code_pointer
sub_08996560,0x08996560,1,1,0,0,0,false,relocated_r_mips32_code_pointer
sub_08996624,0x08996624,34,13,4,1,0,false,direct_jal_target
sub_08996B20,0x08996B20,129,44,4,3,0,false,direct_jal_target
sub_08996DB4,0x08996DB4,82,15,2,1,0,false,direct_jal_target
sub_08996F2C,0x08996F2C,47,16,5,1,0,false,relocated_r_mips32_code_pointer
sub_08997020,0x08997020,41,2,0,0,0,false,direct_jal_target
sub_089970A0,0x089970A0,44,16,5,1,0,false,direct_jal_target
sub_08997188,0x08997188,44,16,5,1,0,false,relocated_r_mips32_code_pointer
sub_08997270,0x08997270,50,15,4,1,0,false,direct_jal_target
sub_08997370,0x08997370,117,16,2,0,0,false,direct_jal_target
sub_08997584,0x08997584,63,23,4,2,0,false,direct_jal_target
sub_089976DC,0x089976DC,38,3,2,0,0,false,direct_jal_target
sub_089978C0,0x089978C0,68,17,5,0,0,false,relocated_r_mips32_code_pointer
sub_089978CC,0x089978CC,68,17,5,0,0,false,relocated_r_mips32_code_pointer
sub_089978D8,0x089978D8,134,38,7,0,0,false,direct_jal_target
sub_08997B68,0x08997B68,20,4,0,0,0,false,direct_jal_target
sub_08997B9C,0x08997B9C,4,1,0,0,0,false,relocated_r_mips32_code_pointer
sub_08997BC8,0x08997BC8,77,21,1,0,0,false,relocated_r_mips32_code_pointer
sub_08997CC4,0x08997CC4,615,211,2,0,0,false,relocated_r_mips32_code_pointer
sub_08997D48,0x08997D48,84,25,5,0,0,false,relocated_r_mips32_code_pointer
sub_089989C4,0x089989C4,23,7,1,2,0,false,relocated_r_mips32_code_pointer
sub_08998A34,0x08998A34,23,6,1,1,0,false,relocated_r_mips32_code_pointer
sub_08998AA8,0x08998AA8,8,3,0,0,0,false,relocated_r_mips32_code_pointer
sub_08998AD4,0x08998AD4,23,6,1,1,0,false,relocated_r_mips32_code_pointer
sub_08998B48,0x08998B48,5,1,0,0,0,false,relocated_r_mips32_code_pointer
sub_08998BFC,0x08998BFC,31,11,2,0,0,false,relocated_r_mips32_code_pointer
sub_08998C08,0x08998C08,31,11,2,0,0,false,relocated_r_mips32_code_pointer
sub_08998C14,0x08998C14,22,7,0,2,0,false,direct_jal_target
sub_08998C80,0x08998C80,22,7,0,2,0,false,relocated_r_mips32_code_pointer
sub_08998CEC,0x08998CEC,81,23,6,0,0,false,direct_jal_target
sub_08999064,0x08999064,12,2,1,0,0,false,direct_jal_target
sub_089990AC,0x089990AC,3,1,1,0,0,false,relocated_r_mips32_code_pointer
sub_089990BC,0x089990BC,11,2,2,0,0,false,relocated_r_mips32_code_pointer
sub_0899918C,0x0899918C,31,11,2,0,0,false,relocated_r_mips32_code_pointer
sub_08999198,0x08999198,31,11,2,0,0,false,relocated_r_mips32_code_pointer
sub_089991A4,0x089991A4,33,2,1,0,0,false,direct_jal_target
sub_089992BC,0x089992BC,25,7,3,0,0,false,direct_jal_target
sub_0899933C,0x0899933C,25,7,3,0,0,false,relocated_r_mips32_code_pointer
sub_089993BC,0x089993BC,26,8,3,0,0,false,relocated_r_mips32_code_pointer
sub_08999444,0x08999444,1,1,0,0,0,false,relocated_r_mips32_code_pointer
sub_0899944C,0x0899944C,1,1,0,0,0,false,relocated_r_mips32_code_pointer
sub_08999454,0x08999454,19,11,0,0,0,false,direct_jal_target
sub_089994C8,0x089994C8,1,1,0,0,0,false,relocated_r_mips32_code_pointer
sub_0899956C,0x0899956C,31,11,2,0,0,false,relocated_r_mips32_code_pointer
sub_08999578,0x08999578,31,11,2,0,0,false,relocated_r_mips32_code_pointer
sub_0899959C,0x0899959C,167,58,9,0,0,false,direct_jal_target
sub_0899990C,0x0899990C,169,70,7,0,0,false,relocated_r_mips32_code_pointer
sub_08999CB0,0x08999CB0,10,1,0,0,0,false,relocated_r_mips32_code_pointer
sub_08999CDC,0x08999CDC,1,1,0,0,0,false,relocated_r_mips32_code_pointer
sub_08999CE4,0x08999CE4,2,1,0,0,0,false,relocated_r_mips32_code_pointer
sub_08999CF0,0x08999CF0,22,2,0,1,0,false,relocated_r_mips32_code_pointer
sub_08999D50,0x08999D50,22,2,0,1,0,false,relocated_r_mips32_code_pointer
sub_0899A13C,0x0899A13C,31,11,2,0,0,false,relocated_r_mips32_code_pointer
sub_0899A148,0x0899A148,31,11,2,0,0,false,relocated_r_mips32_code_pointer
sub_0899A154,0x0899A154,14,3,0,0,0,false,relocated_r_mips32_code_pointer
sub_0899A198,0x0899A198,5,1,0,0,0,false,relocated_r_mips32_code_pointer
sub_0899A1B0,0x0899A1B0,5,1,0,0,0,false,relocated_r_mips32_code_pointer
sub_0899A1C8,0x0899A1C8,49,11,0,0,0,false,relocated_r_mips32_code_pointer
sub_0899A2B0,0x0899A2B0,103,24,0,0,0,false,relocated_r_mips32_code_pointer
sub_0899A498,0x0899A498,39,5,0,0,0,false,relocated_r_mips32_code_pointer
sub_0899AA00,0x0899AA00,195,46,5,0,0,false,direct_jal_target
sub_0899AD9C,0x0899AD9C,18,5,1,1,0,false,relocated_r_mips32_code_pointer
sub_0899B440,0x0899B440,137,13,5,0,0,false,direct_jal_target
sub_0899B8F0,0x0899B8F0,6,1,0,0,0,false,direct_jal_target
sub_0899B90C,0x0899B90C,6,1,0,0,0,false,relocated_r_mips32_code_pointer
sub_0899B928,0x0899B928,6,1,1,0,0,false,relocated_r_mips32_code_pointer
sub_0899B944,0x0899B944,7,3,0,0,0,false,direct_jal_target
sub_0899B96C,0x0899B96C,47,20,2,1,0,false,direct_jal_target
sub_0899BA68,0x0899BA68,14,2,2,0,0,false,relocated_r_mips32_code_pointer
sub_0899BAA8,0x0899BAA8,10,3,0,0,0,false,relocated_r_mips32_code_pointer
sub_0899BAD8,0x0899BAD8,38,8,0,0,0,false,direct_jal_target
sub_0899BB88,0x0899BB88,12,3,0,1,0,false,relocated_r_mips32_code_pointer
sub_0899BBC4,0x0899BBC4,1,1,0,0,0,false,relocated_r_mips32_code_pointer
sub_0899BBCC,0x0899BBCC,93,27,5,4,0,false,relocated_r_mips32_code_pointer
sub_0899BE30,0x0899BE30,31,11,2,0,0,false,relocated_r_mips32_code_pointer
sub_0899BE3C,0x0899BE3C,31,11,2,0,0,false,relocated_r_mips32_code_pointer
sub_0899BE48,0x0899BE48,13,2,1,0,0,false,direct_jal_target
sub_0899BE84,0x0899BE84,13,2,1,0,0,false,relocated_r_mips32_code_pointer
sub_0899BEC0,0x0899BEC0,47,1,0,0,0,false,direct_jal_target
sub_0899C040,0x0899C040,32,3,0,0,0,false,relocated_r_mips32_code_pointer
sub_0899C0C8,0x0899C0C8,212,19,0,0,0,false,relocated_r_mips32_code_pointer
sub_0899C454,0x0899C454,110,26,2,3,0,false,relocated_r_mips32_code_pointer
sub_0899C65C,0x0899C65C,124,37,4,3,0,false,relocated_r_mips32_code_pointer
sub_0899C960,0x0899C960,31,11,2,0,0,false,relocated_r_mips32_code_pointer
sub_0899C96C,0x0899C96C,31,11,2,0,0,false,relocated_r_mips32_code_pointer
sub_0899C978,0x0899C978,16,1,0,0,0,false,direct_jal_target
sub_0899CA00,0x0899CA00,13,3,1,0,0,false,direct_jal_target
sub_0899CA40,0x0899CA40,13,3,1,0,0,false,relocated_r_mips32_code_pointer
sub_0899CA80,0x0899CA80,14,4,2,0,0,false,relocated_r_mips32_code_pointer
sub_0899CAC8,0x0899CAC8,44,4,1,0,0,false,direct_jal_target
sub_0899CB88,0x0899CB88,7,1,0,0,0,false,direct_jal_target
sub_0899CBC8,0x0899CBC8,9,1,0,0,0,false,direct_jal_target
sub_0899CBF0,0x0899CBF0,13,3,0,0,0,false,relocated_r_mips32_code_pointer
sub_0899CCA8,0x0899CCA8,16,1,1,0,0,false,direct_jal_target
sub_0899D294,0x0899D294,11,3,0,0,0,false,direct_jal_target
sub_0899D2EC,0x0899D2EC,1,1,0,0,0,false,relocated_r_mips32_code_pointer
sub_0899D2F4,0x0899D2F4,31,11,0,0,0,false,relocated_r_mips32_code_pointer
sub_0899D36C,0x0899D36C,252,77,1,0,0,false,relocated_r_mips32_code_pointer
sub_0899D3EC,0x0899D3EC,268,66,0,0,0,false,relocated_r_mips32_code_pointer
sub_0899D500,0x0899D500,58,12,0,0,0,false,relocated_r_mips32_code_pointer
sub_0899DA54,0x0899DA54,57,1,0,0,0,false,relocated_r_mips32_code_pointer
sub_0899DB3C,0x0899DB3C,60,1,0,0,0,false,relocated_r_mips32_code_pointer
sub_0899DC30,0x0899DC30,54,9,0,0,0,false,direct_jal_target
sub_0899DCD8,0x0899DCD8,85,20,6,1,0,false,relocated_r_mips32_code_pointer
sub_0899DD6C,0x0899DD6C,30,5,0,0,0,false,relocated_r_mips32_code_pointer
sub_0899DDBC,0x0899DDBC,147,13,2,0,0,false,relocated_r_mips32_code_pointer
sub_0899DE08,0x0899DE08,50,8,0,1,0,false,relocated_r_mips32_code_pointer
sub_0899DE68,0x0899DE68,64,11,0,0,0,false,relocated_r_mips32_code_pointer
sub_0899E1B8,0x0899E1B8,10,1,0,0,0,false,direct_jal_target
sub_0899E200,0x0899E200,38,10,4,0,0,false,direct_jal_target
sub_0899E358,0x0899E358,31,11,2,0,0,false,relocated_r_mips32_code_pointer
sub_0899E364,0x0899E364,31,11,2,0,0,false,relocated_r_mips32_code_pointer
sub_0899E39C,0x0899E39C,61,14,2,0,0,false,direct_jal_target
sub_0899E4C0,0x0899E4C0,22,4,2,0,0,false,direct_jal_target
sub_0899E528,0x0899E528,46,16,6,1,0,false,relocated_r_mips32_code_pointer
sub_0899E618,0x0899E618,49,16,5,1,0,false,direct_jal_target
sub_0899E810,0x0899E810,40,14,4,1,0,false,direct_jal_target
sub_0899E8E0,0x0899E8E0,75,30,4,0,0,false,direct_jal_target
sub_0899EB20,0x0899EB20,24,6,1,0,0,false,direct_jal_target
sub_0899EB90,0x0899EB90,17,1,0,0,0,false,relocated_r_mips32_code_pointer
sub_0899EBD8,0x0899EBD8,4,1,0,0,0,false,relocated_r_mips32_code_pointer
sub_0899EBEC,0x0899EBEC,6,1,0,0,0,false,relocated_r_mips32_code_pointer
sub_0899EC08,0x0899EC08,19,11,7,0,0,false,direct_jal_target
sub_0899ED1C,0x0899ED1C,31,11,2,0,0,false,relocated_r_mips32_code_pointer
sub_0899ED28,0x0899ED28,31,11,2,0,0,false,relocated_r_mips32_code_pointer
sub_0899ED34,0x0899ED34,16,2,2,0,0,false,relocated_r_mips32_code_pointer
sub_0899ED7C,0x0899ED7C,65,18,13,2,0,false,direct_jal_target
sub_0899EEC8,0x0899EEC8,99,13,4,2,0,false,relocated_r_mips32_code_pointer
sub_0899F07C,0x0899F07C,119,18,3,0,0,false,relocated_r_mips32_code_pointer
sub_0899F294,0x0899F294,20,4,3,0,0,false,relocated_r_mips32_code_pointer
sub_0899F2F4,0x0899F2F4,229,46,8,0,0,false,direct_jal_target
sub_0899F738,0x0899F738,311,39,11,0,0,false,direct_jal_target
sub_0899FC9C,0x0899FC9C,119,30,2,0,0,false,relocated_r_mips32_code_pointer
sub_089A0064,0x089A0064,99,2,2,0,0,false,direct_jal_target
sub_089A021C,0x089A021C,8,1,1,0,0,false,relocated_r_mips32_code_pointer
sub_089A0240,0x089A0240,224,11,2,1,0,false,relocated_r_mips32_code_pointer
sub_089A05E8,0x089A05E8,107,23,9,1,0,false,relocated_r_mips32_code_pointer
sub_089A0F68,0x089A0F68,514,57,12,4,0,false,direct_jal_target
sub_089A26E0,0x089A26E0,871,137,18,7,4,false,relocated_r_mips32_code_pointer
sub_089A2CD0,0x089A2CD0,233,26,5,0,1,false,direct_jal_target
sub_089A30C0,0x089A30C0,88,16,5,0,0,false,relocated_r_mips32_code_pointer
sub_089A3254,0x089A3254,19,2,2,0,0,false,relocated_r_mips32_code_pointer
sub_089A334C,0x089A334C,31,11,2,0,0,false,relocated_r_mips32_code_pointer
sub_089A3358,0x089A3358,31,11,2,0,0,false,relocated_r_mips32_code_pointer
sub_089A3364,0x089A3364,324,40,3,0,0,false,direct_jal_target
sub_089A38F4,0x089A38F4,57,18,4,0,0,false,relocated_r_mips32_code_pointer
sub_089A3A70,0x089A3A70,20,2,1,0,0,false,direct_jal_target
sub_089A3B18,0x089A3B18,18,2,1,0,0,false,relocated_r_mips32_code_pointer
sub_089A3BB4,0x089A3BB4,17,2,1,0,0,false,direct_jal_target
sub_089A3C40,0x089A3C40,13,3,2,0,0,false,relocated_r_mips32_code_pointer
sub_089A3C80,0x089A3C80,14,4,2,0,0,false,relocated_r_mips32_code_pointer
sub_089A3CC8,0x089A3CC8,14,3,0,0,0,false,relocated_r_mips32_code_pointer
sub_089A3D08,0x089A3D08,1,1,0,0,0,false,relocated_r_mips32_code_pointer
sub_089A3DAC,0x089A3DAC,31,11,2,0,0,false,relocated_r_mips32_code_pointer
sub_089A3DB8,0x089A3DB8,31,11,2,0,0,false,relocated_r_mips32_code_pointer
sub_089A3DC4,0x089A3DC4,78,14,5,1,0,false,relocated_r_mips32_code_pointer
sub_089A3F30,0x089A3F30,174,10,0,0,0,false,relocated_r_mips32_code_pointer
sub_089A420C,0x089A420C,79,17,7,0,0,false,relocated_r_mips32_code_pointer
sub_089A438C,0x089A438C,196,12,0,0,0,false,relocated_r_mips32_code_pointer
sub_089A46C8,0x089A46C8,12,1,0,0,0,false,relocated_r_mips32_code_pointer
sub_089A46FC,0x089A46FC,183,2,1,0,0,false,direct_jal_target
sub_089A49E0,0x089A49E0,207,14,1,0,0,false,relocated_r_mips32_code_pointer
sub_089A4D60,0x089A4D60,3,1,0,0,0,false,direct_jal_target
sub_089A4D80,0x089A4D80,3,1,0,0,0,false,relocated_r_mips32_code_pointer
sub_089A4D90,0x089A4D90,3,1,1,0,0,false,relocated_r_mips32_code_pointer
sub_089A4E18,0x089A4E18,39,1,0,0,0,false,direct_jal_target
sub_089A4EB8,0x089A4EB8,90,9,0,0,0,false,relocated_data_code_pointer
sub_089A503C,0x089A503C,91,9,0,0,0,false,relocated_data_code_pointer
sub_089A51C4,0x089A51C4,88,9,0,0,0,false,relocated_data_code_pointer
sub_089A5340,0x089A5340,90,9,0,0,0,false,relocated_data_code_pointer
sub_089A54C4,0x089A54C4,91,9,0,0,0,false,relocated_data_code_pointer
sub_089A564C,0x089A564C,786,80,1,2,2,false,direct_jal_target
sub_089A6384,0x089A6384,910,126,1,2,2,false,direct_jal_target
sub_089A733C,0x089A733C,48,18,0,5,0,false,direct_jal_target
sub_089A73F0,0x089A73F0,13,4,0,1,0,false,direct_jal_target
sub_089A7430,0x089A7430,48,18,0,5,0,false,relocated_r_mips32_code_pointer
sub_089A7524,0x089A7524,51,18,1,5,0,false,relocated_r_mips32_code_pointer
sub_089A7624,0x089A7624,20,5,2,0,0,false,relocated_r_mips32_code_pointer
sub_089A7688,0x089A7688,1,1,0,0,0,false,relocated_r_mips32_code_pointer
sub_089A7690,0x089A7690,43,10,4,2,0,false,relocated_r_mips32_code_pointer
sub_089A7764,0x089A7764,19,3,0,1,0,false,relocated_r_mips32_code_pointer
sub_089A77C4,0x089A77C4,9,3,0,0,0,false,relocated_r_mips32_code_pointer
sub_089A77EC,0x089A77EC,1,1,0,0,0,false,relocated_r_mips32_code_pointer
sub_089A77F4,0x089A77F4,1,1,0,0,0,false,relocated_r_mips32_code_pointer
sub_089A77FC,0x089A77FC,1,1,0,0,0,false,relocated_r_mips32_code_pointer
sub_089A7804,0x089A7804,1,1,0,0,0,false,relocated_r_mips32_code_pointer
sub_089A780C,0x089A780C,1,1,0,0,0,false,relocated_r_mips32_code_pointer
sub_089A7814,0x089A7814,1,1,0,0,0,false,relocated_r_mips32_code_pointer
sub_089A781C,0x089A781C,9,3,0,0,0,false,relocated_r_mips32_code_pointer
sub_089A78E8,0x089A78E8,31,11,2,0,0,false,relocated_r_mips32_code_pointer
sub_089A78F4,0x089A78F4,31,11,2,0,0,false,relocated_r_mips32_code_pointer
sub_089A7900,0x089A7900,83,9,1,0,0,false,direct_jal_target
sub_089A7A68,0x089A7A68,53,15,1,0,0,false,relocated_r_mips32_code_pointer
sub_089A7B6C,0x089A7B6C,273,25,6,0,0,false,direct_jal_target
sub_089A8598,0x089A8598,49,11,2,0,0,false,relocated_r_mips32_code_pointer
sub_089A85A4,0x089A85A4,49,11,2,0,0,false,relocated_r_mips32_code_pointer
sub_089A8794,0x089A8794,158,35,6,4,0,false,direct_jal_target
sub_089A8B60,0x089A8B60,246,15,4,2,0,false,direct_jal_target
sub_089A8F6C,0x089A8F6C,24,2,1,0,0,false,direct_jal_target
sub_089A8FD4,0x089A8FD4,73,15,4,2,0,false,direct_jal_target
sub_089A912C,0x089A912C,1,1,1,0,0,false,direct_jal_target
sub_089A9134,0x089A9134,55,13,4,2,0,false,direct_jal_target
sub_089A93D0,0x089A93D0,57,11,4,2,0,false,direct_jal_target
sub_089AA910,0x089AA910,9,3,0,0,0,false,direct_jal_target
sub_089AA944,0x089AA944,7,1,0,0,0,false,direct_jal_target
sub_089AA964,0x089AA964,7,1,0,0,0,false,direct_jal_target
sub_089AA984,0x089AA984,1,1,0,0,0,false,relocated_r_mips32_code_pointer
sub_089AA98C,0x089AA98C,1,1,0,0,0,false,relocated_r_mips32_code_pointer
sub_089AA994,0x089AA994,11,3,0,0,0,false,relocated_r_mips32_code_pointer
sub_089AA9CC,0x089AA9CC,15,2,0,0,0,false,relocated_r_mips32_code_pointer
sub_089AA9D4,0x089AA9D4,2,1,0,0,0,false,relocated_r_mips32_code_pointer
sub_089AA9E0,0x089AA9E0,2,1,0,0,0,false,direct_jal_target
sub_089AA9EC,0x089AA9EC,1,1,0,0,0,false,relocated_r_mips32_code_pointer
sub_089AAA90,0x089AAA90,31,11,2,0,0,false,relocated_r_mips32_code_pointer
sub_089AAA9C,0x089AAA9C,31,11,2,0,0,false,relocated_r_mips32_code_pointer
sub_089AAAA8,0x089AAAA8,39,1,0,0,0,false,direct_jal_target
sub_089AABE8,0x089AABE8,6,1,0,0,0,false,relocated_r_mips32_code_pointer
sub_089AAC04,0x089AAC04,52,22,2,1,0,false,direct_jal_target
sub_089AAD14,0x089AAD14,52,22,2,1,0,false,relocated_r_mips32_code_pointer
sub_089AAE24,0x089AAE24,52,21,3,1,0,false,relocated_r_mips32_code_pointer
sub_089AAF34,0x089AAF34,48,3,0,0,0,false,direct_jal_target
sub_089AAFFC,0x089AAFFC,48,2,1,0,0,false,relocated_r_mips32_code_pointer
sub_089AB378,0x089AB378,235,100,9,0,0,false,relocated_r_mips32_code_pointer
sub_089AB890,0x089AB890,3,1,1,0,0,false,direct_jal_target
sub_089AB8A0,0x089AB8A0,3,1,1,0,0,false,relocated_r_mips32_code_pointer
sub_089AB8B0,0x089AB8B0,11,2,2,0,0,false,relocated_r_mips32_code_pointer
sub_089AB8E4,0x089AB8E4,7,1,0,0,0,false,direct_jal_target
sub_089AB924,0x089AB924,3,1,0,0,0,false,direct_jal_target
sub_089AB934,0x089AB934,1,1,0,0,0,false,relocated_r_mips32_code_pointer
sub_089AB9D8,0x089AB9D8,31,11,2,0,0,false,relocated_r_mips32_code_pointer
sub_089AB9E4,0x089AB9E4,31,11,2,0,0,false,relocated_r_mips32_code_pointer
sub_089ABB18,0x089ABB18,57,2,1,0,0,false,direct_jal_target
sub_089ABC04,0x089ABC04,3,1,0,0,0,false,direct_jal_target
sub_089ABC14,0x089ABC14,3,1,0,0,0,false,relocated_r_mips32_code_pointer
sub_089ABC24,0x089ABC24,3,1,1,0,0,false,relocated_r_mips32_code_pointer
sub_089ABC34,0x089ABC34,1,1,0,0,0,false,relocated_r_mips32_code_pointer
sub_089ABC3C,0x089ABC3C,79,16,0,6,0,false,relocated_r_mips32_code_pointer
sub_089ABDAC,0x089ABDAC,77,16,0,6,0,false,relocated_r_mips32_code_pointer
sub_089ABFB0,0x089ABFB0,31,11,2,0,0,false,relocated_r_mips32_code_pointer
sub_089ABFBC,0x089ABFBC,31,11,2,0,0,false,relocated_r_mips32_code_pointer
sub_089ABFD8,0x089ABFD8,376,71,5,10,0,false,relocated_r_mips32_code_pointer
sub_089AC6AC,0x089AC6AC,3,1,0,0,0,false,direct_jal_target
sub_089AC704,0x089AC704,16,2,1,0,0,false,direct_jal_target
sub_089AC75C,0x089AC75C,3,1,1,0,0,false,relocated_r_mips32_code_pointer
sub_089AC76C,0x089AC76C,11,2,2,0,0,false,relocated_r_mips32_code_pointer
sub_089AC7E8,0x089AC7E8,16,2,1,0,0,false,direct_jal_target
sub_089AC840,0x089AC840,3,1,1,0,0,false,relocated_r_mips32_code_pointer
sub_089AC850,0x089AC850,11,2,2,0,0,false,relocated_r_mips32_code_pointer
sub_089AC920,0x089AC920,31,11,2,0,0,false,relocated_r_mips32_code_pointer
sub_089AC92C,0x089AC92C,31,11,2,0,0,false,relocated_r_mips32_code_pointer
sub_089AC980,0x089AC980,16,2,1,0,0,false,direct_jal_target
sub_089AC9D8,0x089AC9D8,3,1,1,0,0,false,relocated_r_mips32_code_pointer
sub_089AC9E8,0x089AC9E8,11,2,2,0,0,false,relocated_r_mips32_code_pointer
sub_089ACAB8,0x089ACAB8,31,11,2,0,0,false,relocated_r_mips32_code_pointer
sub_089ACAC4,0x089ACAC4,31,11,2,0,0,false,relocated_r_mips32_code_pointer
sub_089ACB18,0x089ACB18,16,2,1,0,0,false,direct_jal_target
sub_089ACB70,0x089ACB70,3,1,1,0,0,false,relocated_r_mips32_code_pointer
sub_089ACB80,0x089ACB80,11,2,2,0,0,false,relocated_r_mips32_code_pointer
sub_089ACBB4,0x089ACBB4,10,3,2,0,0,false,relocated_r_mips32_code_pointer
sub_089ACC84,0x089ACC84,31,11,2,0,0,false,relocated_r_mips32_code_pointer
sub_089ACC90,0x089ACC90,31,11,2,0,0,false,relocated_r_mips32_code_pointer
sub_089ACCDC,0x089ACCDC,14,2,1,0,0,false,direct_jal_target
sub_089ACD2C,0x089ACD2C,3,1,1,0,0,false,relocated_r_mips32_code_pointer
sub_089ACD3C,0x089ACD3C,11,2,2,0,0,false,relocated_r_mips32_code_pointer
sub_089ACD70,0x089ACD70,21,4,1,0,0,false,relocated_r_mips32_code_pointer
sub_089ACDD0,0x089ACDD0,144,40,5,1,0,false,direct_jal_target
sub_089ACDD8,0x089ACDD8,1,1,0,0,0,false,relocated_r_mips32_code_pointer
sub_089ACE8C,0x089ACE8C,31,11,2,0,0,false,relocated_r_mips32_code_pointer
sub_089ACE98,0x089ACE98,31,11,2,0,0,false,relocated_r_mips32_code_pointer
sub_089ACEF8,0x089ACEF8,19,2,1,0,0,false,direct_jal_target
sub_089AD060,0x089AD060,53,21,3,2,0,false,relocated_r_mips32_code_pointer
sub_089AD174,0x089AD174,54,21,3,2,0,false,relocated_r_mips32_code_pointer
sub_089AD378,0x089AD378,147,27,4,1,0,false,direct_jal_target
sub_089AD618,0x089AD618,55,15,3,1,0,false,direct_jal_target
sub_089AD7C0,0x089AD7C0,31,11,2,0,0,false,relocated_r_mips32_code_pointer
sub_089AD7CC,0x089AD7CC,31,11,2,0,0,false,relocated_r_mips32_code_pointer
sub_089AD7D8,0x089AD7D8,214,64,13,0,0,false,relocated_r_mips32_code_pointer
sub_089ADC1C,0x089ADC1C,18,3,1,0,0,false,relocated_r_mips32_code_pointer
sub_089ADD68,0x089ADD68,31,11,2,0,0,false,relocated_r_mips32_code_pointer
sub_089ADD74,0x089ADD74,31,11,2,0,0,false,relocated_r_mips32_code_pointer
sub_089ADDA4,0x089ADDA4,8,1,0,0,0,false,direct_jal_target
sub_089ADE18,0x089ADE18,17,3,1,0,0,false,relocated_r_mips32_code_pointer
sub_089ADE68,0x089ADE68,40,6,4,0,1,false,direct_jal_target
sub_089ADF58,0x089ADF58,3,1,0,0,0,false,relocated_r_mips32_code_pointer
sub_089ADF68,0x089ADF68,3,1,1,0,0,false,relocated_r_mips32_code_pointer
sub_089ADFF8,0x089ADFF8,16,2,1,0,0,false,direct_jal_target
sub_089AE0F4,0x089AE0F4,37,9,2,1,0,false,relocated_r_mips32_code_pointer
sub_089AE1A8,0x089AE1A8,38,10,3,1,0,false,relocated_r_mips32_code_pointer
sub_089AE264,0x089AE264,114,35,10,0,0,false,relocated_r_mips32_code_pointer
sub_089AE4AC,0x089AE4AC,16,2,2,0,0,false,relocated_r_mips32_code_pointer
sub_089AE4F4,0x089AE4F4,2,1,1,0,0,false,relocated_r_mips32_code_pointer
sub_089AE500,0x089AE500,2,2,0,0,0,false,relocated_r_mips32_code_pointer
sub_089AE508,0x089AE508,1,1,0,0,0,false,relocated_r_mips32_code_pointer
sub_089AE510,0x089AE510,8,2,1,0,0,false,relocated_r_mips32_code_pointer
sub_089AE538,0x089AE538,21,7,1,0,0,false,relocated_r_mips32_code_pointer
sub_089AE668,0x089AE668,35,13,5,0,0,false,direct_jal_target
sub_089AE74C,0x089AE74C,8,1,1,0,0,false,relocated_r_mips32_code_pointer
sub_089AE7A8,0x089AE7A8,12,2,1,0,0,false,direct_jal_target
sub_089AE7E0,0x089AE7E0,50,19,3,2,0,false,relocated_r_mips32_code_pointer
sub_089AE8F0,0x089AE8F0,3,1,0,0,0,false,relocated_r_mips32_code_pointer
sub_089AE900,0x089AE900,31,12,2,1,0,false,relocated_r_mips32_code_pointer
sub_089AE9A4,0x089AE9A4,60,15,2,1,0,false,direct_jal_target
sub_089AEA40,0x089AEA40,6,5,1,0,0,false,relocated_r_mips32_code_pointer
sub_089AEA6C,0x089AEA6C,18,5,2,1,0,false,direct_jal_target
sub_089AEAC4,0x089AEAC4,18,6,2,0,0,false,relocated_r_mips32_code_pointer
sub_089AEB24,0x089AEB24,65,28,1,0,0,false,direct_jal_target
sub_089AEC58,0x089AEC58,26,7,3,1,0,false,direct_jal_target
sub_089AECDC,0x089AECDC,28,9,4,1,0,false,relocated_r_mips32_code_pointer
sub_089AED70,0x089AED70,6,2,1,0,0,false,relocated_r_mips32_code_pointer
sub_089AED90,0x089AED90,1,1,0,0,0,false,relocated_r_mips32_code_pointer
sub_089AED98,0x089AED98,94,27,1,0,0,false,direct_jal_target
sub_089AEF5C,0x089AEF5C,52,7,2,0,0,false,relocated_r_mips32_code_pointer
sub_089AF044,0x089AF044,28,6,3,0,0,false,relocated_r_mips32_code_pointer
sub_089AF1D0,0x089AF1D0,59,6,2,0,0,false,direct_jal_target
sub_089AF354,0x089AF354,27,5,2,0,0,false,relocated_r_mips32_code_pointer
sub_089AF3D4,0x089AF3D4,1,1,1,0,0,false,relocated_r_mips32_code_pointer
sub_089AF3DC,0x089AF3DC,33,9,2,0,0,false,relocated_r_mips32_code_pointer
sub_089AF47C,0x089AF47C,37,9,3,0,0,false,relocated_r_mips32_code_pointer
sub_089AF530,0x089AF530,2,1,0,0,0,false,relocated_r_mips32_code_pointer
sub_089AF53C,0x089AF53C,38,8,1,1,0,false,direct_jal_target
sub_089AF854,0x089AF854,31,11,2,0,0,false,relocated_r_mips32_code_pointer
sub_089AF860,0x089AF860,31,11,2,0,0,false,relocated_r_mips32_code_pointer
sub_089AF918,0x089AF918,58,30,0,1,0,false,direct_jal_target
sub_089AFEC0,0x089AFEC0,61,12,4,0,0,false,direct_jal_target
sub_089AFFE0,0x089AFFE0,81,21,3,0,0,false,relocated_r_mips32_code_pointer
sub_089B0454,0x089B0454,17,1,0,0,0,false,direct_jal_target
sub_089B04E4,0x089B04E4,127,37,2,3,0,false,direct_jal_target
sub_089B075C,0x089B075C,127,37,2,3,0,false,relocated_r_mips32_code_pointer
sub_089B09D4,0x089B09D4,128,37,3,3,0,false,relocated_r_mips32_code_pointer
sub_089B0C50,0x089B0C50,123,40,1,4,0,false,direct_jal_target
sub_089B0EAC,0x089B0EAC,167,52,5,7,0,false,direct_jal_target
sub_089B1200,0x089B1200,112,41,1,2,0,false,relocated_r_mips32_code_pointer
sub_089B1434,0x089B1434,339,118,4,3,0,false,direct_jal_target
sub_089B1AE4,0x089B1AE4,179,66,11,4,0,false,direct_jal_target
sub_089B1E98,0x089B1E98,346,131,6,0,0,false,direct_jal_target
sub_089B25A0,0x089B25A0,233,92,6,0,0,false,direct_jal_target
sub_089B2A60,0x089B2A60,229,94,7,0,0,false,direct_jal_target
sub_089B2F28,0x089B2F28,319,126,6,0,0,false,direct_jal_target
sub_089B35C0,0x089B35C0,7,1,0,0,0,false,direct_jal_target
sub_089B3600,0x089B3600,16,4,1,0,0,false,direct_jal_target
sub_089B364C,0x089B364C,16,4,1,0,0,false,relocated_r_mips32_code_pointer
sub_089B3698,0x089B3698,17,4,2,0,0,false,relocated_r_mips32_code_pointer
sub_089B36E8,0x089B36E8,1,1,0,0,0,false,relocated_r_mips32_code_pointer
sub_089B36F0,0x089B36F0,1,1,0,0,0,false,relocated_r_mips32_code_pointer
sub_089B38EC,0x089B38EC,1,1,0,0,0,false,relocated_r_mips32_code_pointer
sub_089B38F4,0x089B38F4,22,5,1,0,0,false,direct_jal_target
sub_089B3960,0x089B3960,1,1,0,0,0,false,relocated_r_mips32_code_pointer
sub_089B3968,0x089B3968,1,1,0,0,0,false,direct_jal_target
sub_089B3970,0x089B3970,12,2,0,1,0,false,direct_jal_target
sub_089B39A8,0x089B39A8,23,7,2,0,0,false,direct_jal_target
sub_089B3A20,0x089B3A20,18,7,0,0,0,false,direct_jal_target
sub_089B3A80,0x089B3A80,1,1,0,0,0,false,direct_jal_target
sub_089B3B08,0x089B3B08,2,1,0,0,0,false,direct_jal_target
sub_089B3BB0,0x089B3BB0,31,11,2,0,0,false,relocated_r_mips32_code_pointer
sub_089B3BBC,0x089B3BBC,31,11,2,0,0,false,relocated_r_mips32_code_pointer
sub_089B3E8C,0x089B3E8C,1,1,0,0,0,false,direct_jal_target
sub_089B4008,0x089B4008,31,11,2,0,0,false,relocated_r_mips32_code_pointer
sub_089B4014,0x089B4014,31,11,2,0,0,false,relocated_r_mips32_code_pointer
sub_089B41A8,0x089B41A8,177,40,4,0,0,false,direct_jal_target
sub_089B44E0,0x089B44E0,129,52,4,0,0,false,direct_jal_target
sub_089B4790,0x089B4790,77,26,3,0,0,false,relocated_r_mips32_code_pointer
sub_089B49A0,0x089B49A0,29,7,0,0,0,false,direct_jal_target
sub_089B4BAC,0x089B4BAC,76,26,2,0,0,false,relocated_r_mips32_code_pointer
sub_089B4D34,0x089B4D34,201,85,7,1,0,false,direct_jal_target
sub_089B5158,0x089B5158,141,50,6,0,0,false,direct_jal_target
sub_089B55DC,0x089B55DC,9,1,0,0,0,false,direct_jal_target
sub_089B562C,0x089B562C,3,1,0,0,0,false,direct_jal_target
sub_089B563C,0x089B563C,3,1,0,0,0,false,relocated_r_mips32_code_pointer
sub_089B564C,0x089B564C,3,1,1,0,0,false,relocated_r_mips32_code_pointer
sub_089B565C,0x089B565C,1,1,0,0,0,false,relocated_r_mips32_code_pointer
sub_089B5664,0x089B5664,1,1,0,0,0,false,relocated_r_mips32_code_pointer
sub_089B566C,0x089B566C,1,1,0,0,0,false,relocated_r_mips32_code_pointer
sub_089B5674,0x089B5674,1,1,0,0,0,false,relocated_r_mips32_code_pointer
sub_089B567C,0x089B567C,6,1,1,0,0,false,direct_jal_target
sub_089B5698,0x089B5698,6,1,0,0,0,false,direct_jal_target
sub_089B56D0,0x089B56D0,6,1,0,0,0,false,direct_jal_target
sub_089B5708,0x089B5708,60,19,1,0,0,false,direct_jal_target
sub_089B5AB4,0x089B5AB4,6,1,0,0,0,false,direct_jal_target
sub_089B5AD0,0x089B5AD0,86,30,4,0,0,false,direct_jal_target
sub_089B5C54,0x089B5C54,21,7,1,0,0,false,direct_jal_target
sub_089B5E68,0x089B5E68,151,35,0,3,0,false,direct_jal_target
sub_089B6138,0x089B6138,120,31,0,0,0,false,relocated_r_mips32_code_pointer
sub_089B637C,0x089B637C,37,12,2,0,0,false,direct_jal_target
sub_089B6434,0x089B6434,37,12,2,0,0,false,relocated_r_mips32_code_pointer
sub_089B64EC,0x089B64EC,38,12,3,0,0,false,relocated_r_mips32_code_pointer
sub_089B65A8,0x089B65A8,17,4,2,0,0,false,direct_jal_target
sub_089B6634,0x089B6634,34,18,1,1,0,false,direct_jal_target
sub_089B6788,0x089B6788,18,7,0,0,0,false,direct_jal_target
sub_089B6928,0x089B6928,31,11,2,0,0,false,relocated_r_mips32_code_pointer
sub_089B6934,0x089B6934,31,11,2,0,0,false,relocated_r_mips32_code_pointer
sub_089B6940,0x089B6940,38,10,0,0,0,false,direct_jal_target
sub_089B6A38,0x089B6A38,12,5,2,0,0,false,direct_jal_target
sub_089B6A78,0x089B6A78,69,24,0,0,1,false,direct_jal_target
sub_089B6BD0,0x089B6BD0,97,33,3,0,1,false,direct_jal_target
sub_089B6DBC,0x089B6DBC,97,24,6,0,0,false,direct_jal_target
sub_089B718C,0x089B718C,125,43,6,4,0,false,direct_jal_target
sub_089B7888,0x089B7888,18,1,1,0,0,false,direct_jal_target
sub_089B7920,0x089B7920,137,47,10,9,0,false,direct_jal_target
sub_089B825C,0x089B825C,37,11,3,0,0,false,direct_jal_target
sub_089B83F0,0x089B83F0,31,11,2,0,0,false,relocated_r_mips32_code_pointer
sub_089B83FC,0x089B83FC,31,11,2,0,0,false,relocated_r_mips32_code_pointer
sub_089B88F4,0x089B88F4,29,8,4,0,0,false,relocated_r_mips32_code_pointer
sub_089B8984,0x089B8984,28,8,3,0,0,false,relocated_r_mips32_code_pointer
sub_089B8AEC,0x089B8AEC,18,2,1,0,0,false,direct_jal_target
sub_089BA3E0,0x089BA3E0,96,27,5,0,0,false,direct_jal_target
sub_089BABF0,0x089BABF0,194,64,7,0,0,false,direct_jal_target
sub_089BB2D8,0x089BB2D8,13,3,0,0,0,false,materialized_code_pointer
sub_089BB314,0x089BB314,1,1,0,0,0,false,materialized_code_pointer
sub_089BB31C,0x089BB31C,11,3,1,0,0,false,materialized_code_pointer
sub_089BB330,0x089BB330,93,14,0,0,0,false,direct_jal_target
sub_089BB4CC,0x089BB4CC,93,24,1,2,0,false,direct_jal_target
sub_089BB68C,0x089BB68C,260,51,0,0,0,false,direct_jal_target
sub_089BBB94,0x089BBB94,56,6,1,0,0,false,direct_jal_target
sub_089BBC88,0x089BBC88,34,7,1,0,0,false,relocated_r_mips32_code_pointer
sub_089BBCC8,0x089BBCC8,23,2,1,0,0,false,relocated_r_mips32_code_pointer
sub_089BBCE0,0x089BBCE0,74,24,1,0,0,false,relocated_r_mips32_code_pointer
sub_089BBD08,0x089BBD08,142,27,1,0,0,false,relocated_r_mips32_code_pointer
sub_089BBD88,0x089BBD88,130,41,1,0,0,false,relocated_r_mips32_code_pointer
sub_089BBE04,0x089BBE04,97,18,1,0,0,false,relocated_r_mips32_code_pointer
sub_089BBE7C,0x089BBE7C,89,31,1,0,0,false,relocated_r_mips32_code_pointer
sub_089BBF4C,0x089BBF4C,149,31,2,0,0,false,relocated_r_mips32_code_pointer
sub_089BC000,0x089BC000,106,23,1,0,0,false,relocated_r_mips32_code_pointer
sub_089BC054,0x089BC054,23,2,1,0,0,false,relocated_r_mips32_code_pointer
sub_089BC454,0x089BC454,357,72,0,0,0,false,direct_jal_target
sub_089BCAB4,0x089BCAB4,125,33,1,7,0,false,direct_jal_target
sub_089BD010,0x089BD010,78,9,1,0,0,false,direct_jal_target
sub_089BD178,0x089BD178,32,6,1,0,0,false,relocated_r_mips32_code_pointer
sub_089BD1A8,0x089BD1A8,24,3,1,0,0,false,relocated_r_mips32_code_pointer
sub_089BD1C0,0x089BD1C0,76,15,2,1,0,false,relocated_r_mips32_code_pointer
sub_089BD268,0x089BD268,302,66,3,5,0,false,relocated_r_mips32_code_pointer
sub_089BD304,0x089BD304,414,93,4,8,0,false,relocated_r_mips32_code_pointer
sub_089BD3E4,0x089BD3E4,460,107,4,9,0,false,relocated_r_mips32_code_pointer
sub_089BD458,0x089BD458,117,33,2,0,0,false,relocated_r_mips32_code_pointer
sub_089BD528,0x089BD528,103,22,1,0,0,false,relocated_r_mips32_code_pointer
sub_089BD574,0x089BD574,150,31,1,1,0,false,relocated_r_mips32_code_pointer
sub_089BD5F4,0x089BD5F4,24,3,1,0,0,false,relocated_r_mips32_code_pointer
sub_089BDDC8,0x089BDDC8,53,23,0,7,0,false,direct_jal_target
sub_089BE0D4,0x089BE0D4,58,16,0,7,0,false,direct_jal_target
sub_089BE1F4,0x089BE1F4,96,36,2,4,0,false,direct_jal_target
sub_089BE5F0,0x089BE5F0,30,8,0,0,0,false,direct_jal_target
sub_089BE688,0x089BE688,23,3,0,0,0,false,relocated_r_mips32_code_pointer
sub_089BE6D0,0x089BE6D0,25,3,0,0,0,false,relocated_r_mips32_code_pointer
sub_089BE720,0x089BE720,25,3,0,0,0,false,relocated_r_mips32_code_pointer
sub_089BE770,0x089BE770,44,7,0,0,0,false,relocated_r_mips32_code_pointer
sub_089BE7F4,0x089BE7F4,23,3,0,0,0,false,relocated_r_mips32_code_pointer
sub_089BE83C,0x089BE83C,25,3,0,0,0,false,relocated_r_mips32_code_pointer
sub_089BE88C,0x089BE88C,25,3,0,0,0,false,relocated_r_mips32_code_pointer
sub_089BE8DC,0x089BE8DC,26,3,0,0,0,false,relocated_r_mips32_code_pointer
sub_089BE934,0x089BE934,14,2,0,0,0,false,relocated_r_mips32_code_pointer
sub_089BE958,0x089BE958,7,2,0,0,0,false,relocated_r_mips32_code_pointer
sub_089BE960,0x089BE960,58,9,0,0,0,false,relocated_r_mips32_code_pointer
sub_089BE9D4,0x089BE9D4,57,9,0,0,0,false,relocated_r_mips32_code_pointer
sub_089BEA74,0x089BEA74,7,2,0,0,0,false,relocated_r_mips32_code_pointer
sub_089BEA7C,0x089BEA7C,67,23,1,3,0,false,relocated_r_mips32_code_pointer
sub_089BEBE4,0x089BEBE4,458,160,2,0,0,false,direct_jal_target
sub_089BF4F0,0x089BF4F0,57,5,2,0,0,false,direct_jal_target
sub_089BF5E4,0x089BF5E4,379,139,4,3,0,false,direct_jal_target
sub_089BFE4C,0x089BFE4C,23,2,0,1,0,false,direct_jal_target
sub_089BFEB0,0x089BFEB0,129,18,6,4,0,false,direct_jal_target
sub_089C0000,0x089C0000,27,2,0,1,0,false,materialized_code_pointer
sub_089C00F8,0x089C00F8,17,2,0,1,0,false,direct_jal_target
sub_089C0144,0x089C0144,17,2,0,1,0,false,direct_jal_target
sub_089C0238,0x089C0238,21,2,0,1,0,false,direct_jal_target
sub_089C044C,0x089C044C,83,16,1,1,0,false,direct_jal_target
sub_089C05CC,0x089C05CC,31,8,1,1,0,false,direct_jal_target
sub_089C0664,0x089C0664,46,3,0,0,0,false,direct_jal_target
sub_089C0724,0x089C0724,5,1,1,0,0,false,relocated_r_mips32_code_pointer
sub_089C073C,0x089C073C,21,5,0,1,0,false,direct_jal_target
sub_089C0894,0x089C0894,15,1,0,0,0,false,direct_jal_target
sub_089C08EC,0x089C08EC,5,1,0,0,0,false,relocated_r_mips32_code_pointer
sub_089C0AE4,0x089C0AE4,102,20,5,3,0,false,direct_jal_target
sub_089C0AF8,0x089C0AF8,38,10,1,2,0,false,direct_jal_target
sub_089C0BB0,0x089C0BB0,66,19,7,1,0,false,direct_jal_target
sub_089C0CF8,0x089C0CF8,24,8,5,0,0,false,relocated_r_mips32_code_pointer
sub_089C0D74,0x089C0D74,23,7,4,0,0,false,relocated_r_mips32_code_pointer
sub_089C0DE8,0x089C0DE8,23,7,4,0,0,false,direct_jal_target
sub_089C0FE4,0x089C0FE4,25,3,3,0,0,false,direct_jal_target
sub_089C1054,0x089C1054,5,1,0,0,0,false,direct_jal_target
sub_089C106C,0x089C106C,3,1,0,0,0,false,direct_jal_target
sub_089C1094,0x089C1094,3,1,0,0,0,false,relocated_r_mips32_code_pointer
sub_089C10A4,0x089C10A4,3,1,1,0,0,false,relocated_r_mips32_code_pointer
sub_089C117C,0x089C117C,76,35,1,0,0,false,direct_jal_target
sub_089C1670,0x089C1670,31,11,2,0,0,false,relocated_r_mips32_code_pointer
sub_089C167C,0x089C167C,31,11,2,0,0,false,relocated_r_mips32_code_pointer
sub_089C1688,0x089C1688,163,76,2,0,0,false,direct_jal_target
sub_089C2128,0x089C2128,10,2,1,0,0,false,direct_jal_target
sub_089C2158,0x089C2158,18,2,1,0,0,false,relocated_r_mips32_code_pointer
sub_089C21B8,0x089C21B8,3,1,1,0,0,false,relocated_r_mips32_code_pointer
sub_089C21C8,0x089C21C8,11,2,2,0,0,false,relocated_r_mips32_code_pointer
sub_089C2324,0x089C2324,45,7,1,3,0,false,relocated_r_mips32_code_pointer
sub_089C23F4,0x089C23F4,9,8,0,0,0,false,relocated_r_mips32_code_pointer
sub_089C251C,0x089C251C,15,4,0,1,0,false,relocated_r_mips32_code_pointer
sub_089C2564,0x089C2564,10,5,0,0,0,false,direct_jal_target
sub_089C259C,0x089C259C,2,1,0,0,0,false,relocated_r_mips32_code_pointer
sub_089C25A8,0x089C25A8,17,7,0,0,0,false,relocated_r_mips32_code_pointer
sub_089C2600,0x089C2600,129,39,3,0,0,false,relocated_r_mips32_code_pointer
sub_089C2978,0x089C2978,93,28,0,3,0,false,relocated_r_mips32_code_pointer
sub_089C2B48,0x089C2B48,90,36,1,0,0,false,relocated_r_mips32_code_pointer
sub_089C2D78,0x089C2D78,11,3,0,0,0,false,direct_jal_target
sub_089C2DBC,0x089C2DBC,3,1,0,0,0,false,relocated_r_mips32_code_pointer
sub_089C2DCC,0x089C2DCC,3,1,1,0,0,false,relocated_r_mips32_code_pointer
sub_089C2E64,0x089C2E64,43,14,0,4,0,false,direct_jal_target
sub_089C2FFC,0x089C2FFC,72,24,2,0,0,false,direct_jal_target
sub_089C3164,0x089C3164,28,12,0,0,0,false,direct_jal_target
sub_089C3200,0x089C3200,10,4,2,0,0,false,direct_jal_target
sub_089C339C,0x089C339C,57,18,2,0,0,false,direct_jal_target
sub_089C34C0,0x089C34C0,8,4,2,0,0,false,direct_jal_target
sub_089C34F0,0x089C34F0,23,10,0,0,0,false,direct_jal_target
sub_089C3648,0x089C3648,16,11,0,0,0,false,direct_jal_target
sub_089C36A4,0x089C36A4,31,12,0,0,0,false,direct_jal_target
sub_089C3750,0x089C3750,26,7,1,0,0,false,direct_jal_target
sub_089C3894,0x089C3894,2,1,0,0,0,false,direct_jal_target
sub_089C38AC,0x089C38AC,2,1,0,0,0,false,direct_jal_target
sub_089C3970,0x089C3970,16,1,1,0,0,false,direct_jal_target
sub_089C3AE8,0x089C3AE8,50,9,1,0,1,false,direct_jal_target
sub_089C3BC8,0x089C3BC8,71,20,2,0,1,false,direct_jal_target
sub_089C3D1C,0x089C3D1C,159,28,2,0,1,false,direct_jal_target
sub_089C3FE4,0x089C3FE4,49,13,1,0,0,false,direct_jal_target
sub_089C40CC,0x089C40CC,51,15,1,0,0,false,direct_jal_target
sub_089C41C4,0x089C41C4,66,19,1,0,1,false,direct_jal_target
sub_089C438C,0x089C438C,29,7,1,0,0,false,direct_jal_target
sub_089C4414,0x089C4414,30,7,2,0,0,false,relocated_r_mips32_code_pointer
sub_089C44A0,0x089C44A0,36,9,1,0,0,false,direct_jal_target
sub_089C4620,0x089C4620,89,25,2,0,1,false,direct_jal_target
sub_089C47D8,0x089C47D8,90,26,2,0,1,false,direct_jal_target
sub_089C4998,0x089C4998,21,8,1,0,0,false,direct_jal_target
sub_089C49C4,0x089C49C4,21,8,1,0,0,false,direct_jal_target
sub_089C49F0,0x089C49F0,19,9,2,0,0,false,direct_jal_target
sub_089C4A58,0x089C4A58,19,9,2,0,0,false,direct_jal_target
sub_089C4AC0,0x089C4AC0,1,1,0,0,0,false,direct_jal_target
sub_089C4AD0,0x089C4AD0,9,3,0,0,0,false,direct_jal_target
sub_089C4B00,0x089C4B00,9,3,0,0,0,false,direct_jal_target
sub_089C4B30,0x089C4B30,9,3,0,0,0,false,direct_jal_target
sub_089C4B60,0x089C4B60,10,3,0,0,0,false,direct_jal_target
sub_089C4DA4,0x089C4DA4,64,21,2,0,0,false,relocated_r_mips32_code_pointer
sub_089C4DB0,0x089C4DB0,64,21,2,0,0,false,relocated_r_mips32_code_pointer
sub_089C4DBC,0x089C4DBC,9,3,0,0,0,false,direct_jal_target
sub_089C4E60,0x089C4E60,19,3,0,0,0,false,direct_jal_target
sub_089C4EB8,0x089C4EB8,165,97,0,0,0,false,direct_jal_target
sub_089C5280,0x089C5280,117,41,2,0,0,false,direct_jal_target
sub_089C54D0,0x089C54D0,16,5,0,0,0,false,direct_jal_target
sub_089C5520,0x089C5520,6,1,0,0,0,false,relocated_r_mips32_code_pointer
sub_089C5548,0x089C5548,3,1,0,0,0,false,relocated_r_mips32_code_pointer
sub_089C5558,0x089C5558,13,8,1,0,0,false,relocated_r_mips32_code_pointer
sub_089C5580,0x089C5580,25,13,0,0,0,false,relocated_r_mips32_code_pointer
sub_089C55EC,0x089C55EC,26,14,0,0,0,false,relocated_r_mips32_code_pointer
sub_089C565C,0x089C565C,26,8,0,0,0,false,relocated_r_mips32_code_pointer
sub_089C56D0,0x089C56D0,21,7,0,0,0,false,relocated_r_mips32_code_pointer
sub_089C5728,0x089C5728,16,5,0,0,0,false,relocated_r_mips32_code_pointer
sub_089C5764,0x089C5764,6,1,0,0,0,false,relocated_r_mips32_code_pointer
sub_089C5780,0x089C5780,44,23,1,0,0,false,direct_jal_target
sub_089C5874,0x089C5874,29,3,0,0,0,false,direct_jal_target
sub_089C58CC,0x089C58CC,16,7,1,0,0,false,relocated_r_mips32_code_pointer
sub_089C58E8,0x089C58E8,9,1,0,0,0,false,relocated_r_mips32_code_pointer
sub_089C5910,0x089C5910,16,2,2,0,0,false,relocated_r_mips32_code_pointer
sub_089C5958,0x089C5958,21,8,1,0,0,false,relocated_r_mips32_code_pointer
sub_089C59A8,0x089C59A8,30,7,2,0,0,false,relocated_r_mips32_code_pointer
sub_089C5A18,0x089C5A18,27,6,2,0,0,false,relocated_r_mips32_code_pointer
sub_089C5A78,0x089C5A78,22,3,2,0,0,false,relocated_r_mips32_code_pointer
sub_089C5ADC,0x089C5ADC,25,12,1,0,0,false,relocated_r_mips32_code_pointer
sub_089C5B34,0x089C5B34,14,1,1,0,0,false,relocated_r_mips32_code_pointer
sub_089C5B70,0x089C5B70,14,2,1,0,0,false,relocated_r_mips32_code_pointer
sub_089C5D1C,0x089C5D1C,77,17,2,1,0,false,direct_jal_target
sub_089C5F94,0x089C5F94,19,2,1,0,0,false,direct_jal_target
sub_089C60D4,0x089C60D4,13,2,1,0,0,false,direct_jal_target
sub_089C6110,0x089C6110,13,2,1,0,0,false,direct_jal_target
sub_089C614C,0x089C614C,13,2,1,0,0,false,direct_jal_target
sub_089C6188,0x089C6188,13,2,1,0,0,false,direct_jal_target
sub_089C61C4,0x089C61C4,1,1,1,0,0,false,direct_jal_target
sub_089C61CC,0x089C61CC,1,1,1,0,0,false,direct_jal_target
sub_089C62C0,0x089C62C0,14,2,1,0,0,false,direct_jal_target
sub_089C6300,0x089C6300,31,6,1,0,0,false,direct_jal_target
sub_089C63D4,0x089C63D4,14,2,1,0,0,false,direct_jal_target
sub_089C6414,0x089C6414,31,6,1,0,0,false,direct_jal_target
sub_089C64E8,0x089C64E8,14,2,1,0,0,false,direct_jal_target
sub_089C6528,0x089C6528,31,6,1,0,0,false,direct_jal_target
sub_089C65FC,0x089C65FC,14,2,1,0,0,false,direct_jal_target
sub_089C663C,0x089C663C,31,6,1,0,0,false,direct_jal_target
sub_089C66D0,0x089C66D0,43,6,1,0,0,false,direct_jal_target
sub_089C695C,0x089C695C,20,4,1,0,0,false,direct_jal_target
sub_089C6BC4,0x089C6BC4,26,3,0,0,0,false,direct_jal_target
sub_089C6C14,0x089C6C14,72,29,5,0,0,false,relocated_r_mips32_code_pointer
sub_089C6C6C,0x089C6C6C,8,1,0,0,0,false,relocated_r_mips32_code_pointer
sub_089C6C90,0x089C6C90,10,2,1,0,0,false,relocated_r_mips32_code_pointer
sub_089C6CC0,0x089C6CC0,4,3,3,0,0,false,relocated_r_mips32_code_pointer
sub_089C6CDC,0x089C6CDC,78,29,5,0,0,false,relocated_r_mips32_code_pointer
sub_089C6D38,0x089C6D38,26,11,3,0,0,false,relocated_r_mips32_code_pointer
sub_089C6DAC,0x089C6DAC,22,9,3,0,0,false,relocated_r_mips32_code_pointer
sub_089C6E08,0x089C6E08,18,7,3,0,0,false,relocated_r_mips32_code_pointer
sub_089C6E4C,0x089C6E4C,8,1,1,0,0,false,relocated_r_mips32_code_pointer
sub_089C71F4,0x089C71F4,75,20,3,0,0,false,direct_jal_target
sub_089C7378,0x089C7378,115,33,5,0,0,false,direct_jal_target
sub_089C75B4,0x089C75B4,2,1,1,0,0,false,direct_jal_target
sub_089C75CC,0x089C75CC,1,1,1,0,0,false,direct_jal_target
sub_089C7E6C,0x089C7E6C,80,20,3,0,0,false,direct_jal_target
sub_089C8280,0x089C8280,23,3,1,0,0,false,direct_jal_target
sub_089C82C8,0x089C82C8,7,1,1,0,0,false,relocated_r_mips32_code_pointer
sub_089C82E8,0x089C82E8,11,2,1,0,0,false,relocated_r_mips32_code_pointer
sub_089C831C,0x089C831C,11,3,1,0,0,false,relocated_r_mips32_code_pointer
sub_089C8338,0x089C8338,11,3,1,0,0,false,relocated_r_mips32_code_pointer
sub_089C8354,0x089C8354,11,3,1,0,0,false,relocated_r_mips32_code_pointer
sub_089C8370,0x089C8370,14,3,1,0,0,false,relocated_r_mips32_code_pointer
sub_089C8398,0x089C8398,17,3,1,0,0,false,relocated_r_mips32_code_pointer
sub_089C83CC,0x089C83CC,17,3,1,0,0,false,relocated_r_mips32_code_pointer
sub_089C8400,0x089C8400,8,1,1,0,0,false,relocated_r_mips32_code_pointer
sub_089C8424,0x089C8424,8,1,1,0,0,false,relocated_r_mips32_code_pointer
sub_089C8448,0x089C8448,128,41,6,1,0,false,relocated_r_mips32_code_pointer
sub_089C846C,0x089C846C,13,3,1,0,0,false,relocated_r_mips32_code_pointer
sub_089C87D0,0x089C87D0,77,16,3,0,0,false,direct_jal_target
sub_089C898C,0x089C898C,15,3,1,0,0,false,direct_jal_target
sub_089C89C0,0x089C89C0,4,1,1,0,0,false,relocated_r_mips32_code_pointer
sub_089C89D4,0x089C89D4,7,2,1,0,0,false,relocated_r_mips32_code_pointer
sub_089C89F8,0x089C89F8,7,2,1,0,0,false,relocated_r_mips32_code_pointer
sub_089C8A1C,0x089C8A1C,7,2,1,0,0,false,relocated_r_mips32_code_pointer
sub_089C8A40,0x089C8A40,7,2,1,0,0,false,relocated_r_mips32_code_pointer
sub_089C8A64,0x089C8A64,6,2,1,0,0,false,relocated_r_mips32_code_pointer
sub_089C8A84,0x089C8A84,6,2,1,0,0,false,relocated_r_mips32_code_pointer
sub_089C8AA4,0x089C8AA4,6,2,1,0,0,false,relocated_r_mips32_code_pointer
sub_089C8AC4,0x089C8AC4,5,1,1,0,0,false,relocated_r_mips32_code_pointer
sub_089C8ADC,0x089C8ADC,5,1,1,0,0,false,relocated_r_mips32_code_pointer
sub_089C8AF4,0x089C8AF4,23,3,1,0,0,false,relocated_r_mips32_code_pointer
sub_089C8B0C,0x089C8B0C,10,2,1,0,0,false,relocated_r_mips32_code_pointer
sub_089C8B3C,0x089C8B3C,1,1,1,0,0,false,direct_jal_target
sub_089C8CB0,0x089C8CB0,75,19,3,0,0,false,direct_jal_target
sub_089C95DC,0x089C95DC,116,43,7,1,0,false,direct_jal_target
sub_089C9D14,0x089C9D14,37,12,3,0,0,false,direct_jal_target
sub_089C9DD4,0x089C9DD4,21,3,2,0,0,false,direct_jal_target
sub_089C9E34,0x089C9E34,21,3,2,0,0,false,direct_jal_target
sub_089C9EF4,0x089C9EF4,21,3,2,0,0,false,direct_jal_target
sub_089C9F54,0x089C9F54,21,3,2,0,0,false,direct_jal_target
sub_089C9FB4,0x089C9FB4,1,1,0,0,0,false,direct_jal_target
sub_089CA580,0x089CA580,177,25,1,0,0,false,direct_jal_target
sub_089CAA8C,0x089CAA8C,65,4,1,0,0,false,direct_jal_target
sub_089CAB9C,0x089CAB9C,320,35,2,0,0,false,direct_jal_target
sub_089CB10C,0x089CB10C,234,44,1,0,0,false,direct_jal_target
sub_089CB870,0x089CB870,393,38,3,0,0,false,direct_jal_target
sub_089CBEFC,0x089CBEFC,8,1,0,0,0,false,direct_jal_target
sub_089CBF20,0x089CBF20,6,3,0,0,0,false,direct_jal_target
sub_089CBF40,0x089CBF40,17,6,0,0,0,false,direct_jal_target
sub_089CBF98,0x089CBF98,9,1,0,0,0,false,direct_jal_target
sub_089CBFC0,0x089CBFC0,19,1,0,0,0,false,direct_jal_target
sub_089CC010,0x089CC010,17,1,0,0,0,false,direct_jal_target
sub_089CC058,0x089CC058,23,1,0,0,0,false,direct_jal_target
sub_089CC0B8,0x089CC0B8,27,3,0,0,0,false,direct_jal_target
sub_089CC12C,0x089CC12C,67,20,0,0,0,false,direct_jal_target
sub_089CC278,0x089CC278,1,1,1,0,0,false,direct_jal_target
sub_089CC280,0x089CC280,1,1,1,0,0,false,direct_jal_target
sub_089CC288,0x089CC288,27,8,2,0,0,false,direct_jal_target
sub_089CC290,0x089CC290,15,5,0,0,0,false,direct_jal_target
sub_089CC324,0x089CC324,116,11,0,0,0,false,direct_jal_target
sub_089CC514,0x089CC514,14,2,1,0,0,false,direct_jal_target
sub_089CC554,0x089CC554,1,1,1,0,0,false,direct_jal_target
sub_089CC55C,0x089CC55C,28,1,0,0,0,false,direct_jal_target
sub_089CC694,0x089CC694,44,3,0,0,0,false,direct_jal_target
sub_089CC74C,0x089CC74C,32,3,0,0,0,false,direct_jal_target
sub_089CC7D4,0x089CC7D4,74,23,0,0,0,false,direct_jal_target
sub_089CC940,0x089CC940,12,1,0,0,0,false,direct_jal_target
sub_089CC9A8,0x089CC9A8,3,1,0,0,0,false,direct_jal_target
sub_089CC9B8,0x089CC9B8,3,1,0,0,0,false,relocated_r_mips32_code_pointer
sub_089CC9C8,0x089CC9C8,3,1,1,0,0,false,relocated_r_mips32_code_pointer
sub_089CC9D8,0x089CC9D8,9,1,0,0,0,false,direct_jal_target
sub_089CCA00,0x089CCA00,15,9,0,0,0,false,direct_jal_target
sub_089CCA60,0x089CCA60,3,1,0,0,0,false,relocated_r_mips32_code_pointer
sub_089CCA70,0x089CCA70,2,1,0,0,0,false,relocated_r_mips32_code_pointer
sub_089CCABC,0x089CCABC,3,1,0,0,0,false,direct_jal_target
sub_089CCACC,0x089CCACC,1,1,0,0,0,false,direct_jal_target
sub_089CCAD4,0x089CCAD4,1,1,0,0,0,false,relocated_r_mips32_code_pointer
sub_089CCADC,0x089CCADC,1,1,0,0,0,false,direct_jal_target
sub_089CCAE4,0x089CCAE4,341,75,7,0,0,false,materialized_code_pointer
sub_089CD108,0x089CD108,52,12,6,0,0,false,direct_jal_target
sub_089CD208,0x089CD208,25,6,4,0,0,false,direct_jal_target
sub_089CD284,0x089CD284,1,1,0,0,0,false,materialized_code_pointer
sub_089CD28C,0x089CD28C,1,1,0,0,0,false,materialized_code_pointer
sub_089CD294,0x089CD294,42,5,0,0,0,false,materialized_code_pointer
sub_089CD34C,0x089CD34C,129,20,9,0,0,false,materialized_code_pointer
sub_089CD59C,0x089CD59C,18,5,1,0,0,false,materialized_code_pointer
sub_089CD5F4,0x089CD5F4,57,6,1,0,0,false,materialized_code_pointer
sub_089CD6EC,0x089CD6EC,42,14,3,0,0,false,materialized_code_pointer
sub_089CD7C4,0x089CD7C4,39,18,8,0,0,false,direct_jal_target
sub_089CD8A4,0x089CD8A4,14,4,1,0,0,false,materialized_code_pointer
sub_089CD8EC,0x089CD8EC,18,4,1,0,0,false,materialized_code_pointer
sub_089CD944,0x089CD944,66,33,9,1,0,false,materialized_code_pointer
sub_089CDC2C,0x089CDC2C,2,1,0,0,0,false,direct_jal_target
sub_089CDC38,0x089CDC38,22,12,0,1,0,false,direct_jal_target
sub_089CDCB8,0x089CDCB8,59,9,1,0,0,false,direct_jal_target
sub_089CDF68,0x089CDF68,38,9,0,1,0,false,materialized_code_pointer
sub_089CE020,0x089CE020,13,2,0,1,0,false,materialized_code_pointer
sub_089CE05C,0x089CE05C,3,1,1,0,0,false,materialized_code_pointer
sub_089CE06C,0x089CE06C,3,1,1,0,0,false,materialized_code_pointer
sub_089CE07C,0x089CE07C,3,1,1,0,0,false,materialized_code_pointer
sub_089CE08C,0x089CE08C,1,1,1,0,0,false,materialized_code_pointer
sub_089CE094,0x089CE094,4,1,0,0,0,false,materialized_code_pointer
sub_089CE0A8,0x089CE0A8,71,6,0,0,0,false,direct_jal_target
sub_089CE1D8,0x089CE1D8,3,3,0,0,0,false,direct_jal_target
sub_089CE1F0,0x089CE1F0,74,26,3,1,0,false,direct_jal_target
sub_089CEA6C,0x089CEA6C,300,130,0,0,3,false,direct_jal_target
sub_089CFBFC,0x089CFBFC,57,27,2,0,0,false,direct_jal_target
sub_089CFF00,0x089CFF00,138,32,0,0,0,false,direct_jal_target
sub_089D0000,0x089D0000,89,16,0,0,0,false,materialized_code_pointer
sub_089D06F8,0x089D06F8,380,101,3,4,0,false,direct_jal_target
sub_089D0E2C,0x089D0E2C,85,28,4,1,0,false,direct_jal_target
sub_089D0FE0,0x089D0FE0,99,48,5,2,0,false,direct_jal_target
sub_089D1200,0x089D1200,105,44,6,1,0,false,direct_jal_target
sub_089D143C,0x089D143C,64,21,2,1,0,false,direct_jal_target
sub_089D157C,0x089D157C,14,3,1,0,0,false,materialized_code_pointer
sub_089D15C0,0x089D15C0,123,23,3,0,0,false,direct_jal_target
sub_089D17F4,0x089D17F4,279,105,9,1,0,false,direct_jal_target
sub_089D1DAC,0x089D1DAC,1,1,1,0,0,false,direct_jal_target
sub_089D1DB4,0x089D1DB4,70,19,3,0,0,false,direct_jal_target
sub_089D1F10,0x089D1F10,110,38,7,1,0,false,direct_jal_target
sub_089D2144,0x089D2144,16,9,1,0,0,false,direct_jal_target
sub_089D21A4,0x089D21A4,197,77,6,0,0,false,direct_jal_target
sub_089D25C0,0x089D25C0,1198,326,15,16,0,false,direct_jal_target
sub_089D3CE0,0x089D3CE0,210,49,8,0,1,false,direct_jal_target
sub_089D4364,0x089D4364,52,14,2,2,0,false,materialized_code_pointer
sub_089D4460,0x089D4460,8,1,0,0,0,false,materialized_code_pointer
sub_089D4484,0x089D4484,44,5,0,1,0,false,materialized_code_pointer
sub_089D4548,0x089D4548,21,8,1,1,0,false,materialized_code_pointer
sub_089D45BC,0x089D45BC,57,9,3,0,0,false,materialized_code_pointer
sub_089D46BC,0x089D46BC,249,60,8,3,0,false,materialized_code_pointer
sub_089D4B7C,0x089D4B7C,157,47,5,3,0,false,direct_jal_target
sub_089D4E94,0x089D4E94,34,18,1,2,0,false,materialized_code_pointer
sub_089D4F5C,0x089D4F5C,48,11,2,0,0,false,direct_jal_target
sub_089D505C,0x089D505C,35,13,1,1,0,false,direct_jal_target
sub_089D5114,0x089D5114,8,5,1,0,0,false,direct_jal_target
sub_089D5148,0x089D5148,332,59,2,0,0,false,direct_jal_target
sub_089D5728,0x089D5728,1,1,1,0,0,false,direct_jal_target
sub_089D5730,0x089D5730,2,1,0,0,0,false,direct_jal_target
sub_089D573C,0x089D573C,1272,213,3,0,64,false,direct_jal_target
sub_089D6D98,0x089D6D98,286,68,1,0,0,false,direct_jal_target
sub_089D72D0,0x089D72D0,185,33,1,0,0,false,materialized_code_pointer
sub_089D7614,0x089D7614,179,30,1,0,0,false,materialized_code_pointer
sub_089D793C,0x089D793C,289,73,1,0,0,false,direct_jal_target
sub_089D7E98,0x089D7E98,406,103,1,0,0,false,direct_jal_target
sub_089D8614,0x089D8614,2648,734,0,0,0,false,direct_jal_target
sub_089DB704,0x089DB704,31,1,0,0,0,false,direct_jal_target
sub_089DB784,0x089DB784,1220,252,5,2,1,false,direct_jal_target
sub_089DBFF8,0x089DBFF8,862,169,4,1,0,false,relocated_r_mips32_code_pointer
sub_089DC364,0x089DC364,839,173,4,1,0,false,relocated_r_mips32_code_pointer
sub_089DC3AC,0x089DC3AC,820,167,4,1,0,false,relocated_r_mips32_code_pointer
sub_089DC3E8,0x089DC3E8,903,170,4,1,1,false,relocated_r_mips32_code_pointer
sub_089DC57C,0x089DC57C,1075,210,4,1,0,false,relocated_r_mips32_code_pointer
sub_089DC8BC,0x089DC8BC,864,174,5,1,1,false,relocated_r_mips32_code_pointer
sub_089DC9A8,0x089DC9A8,851,173,6,1,0,false,relocated_r_mips32_code_pointer
sub_089DCA5C,0x089DCA5C,876,168,4,1,0,false,relocated_r_mips32_code_pointer
sub_089DCB7C,0x089DCB7C,879,177,6,1,1,false,relocated_r_mips32_code_pointer
sub_089DCCAC,0x089DCCAC,1022,170,4,1,0,false,relocated_r_mips32_code_pointer
sub_089DD018,0x089DD018,851,168,4,1,0,false,relocated_r_mips32_code_pointer
sub_089DD208,0x089DD208,1042,204,4,1,0,false,direct_jal_target
sub_089DDB70,0x089DDB70,1543,215,5,1,0,false,relocated_r_mips32_code_pointer
sub_089DDE0C,0x089DDE0C,862,176,6,1,0,false,relocated_r_mips32_code_pointer
sub_089DDEBC,0x089DDEBC,1254,171,5,1,0,false,relocated_r_mips32_code_pointer
sub_089DE5CC,0x089DE5CC,905,169,5,1,0,false,relocated_r_mips32_code_pointer
sub_089DE764,0x089DE764,1631,171,5,1,0,false,relocated_r_mips32_code_pointer
sub_089E0000,0x089E0000,50,1,1,0,0,false,materialized_code_pointer
sub_089E0100,0x089E0100,280,28,1,0,0,false,direct_jal_target
sub_089E05C8,0x089E05C8,274,97,4,2,0,false,materialized_code_pointer
sub_089E0B58,0x089E0B58,24,2,1,0,0,false,direct_jal_target
sub_089E0C00,0x089E0C00,10,2,1,0,0,false,direct_jal_target
sub_089E0C7C,0x089E0C7C,12,7,1,0,0,false,direct_jal_target
sub_089E0CC4,0x089E0CC4,6,4,1,0,0,false,direct_jal_target
sub_089E0CEC,0x089E0CEC,13,2,1,0,0,false,direct_jal_target
sub_089E0D28,0x089E0D28,6,4,1,0,0,false,direct_jal_target
sub_089E0D50,0x089E0D50,1,1,1,0,0,false,direct_jal_target
sub_089E0D58,0x089E0D58,116,28,5,0,0,false,direct_jal_target
sub_089E1064,0x089E1064,66,20,4,0,0,false,direct_jal_target
sub_089E12C4,0x089E12C4,159,68,4,0,0,false,direct_jal_target
sub_089E1634,0x089E1634,201,70,6,0,0,false,direct_jal_target
sub_089E1B04,0x089E1B04,31,3,0,2,0,false,materialized_code_pointer
sub_089E1B8C,0x089E1B8C,31,3,0,2,0,false,materialized_code_pointer
sub_089E1DF0,0x089E1DF0,270,35,2,0,10,false,direct_jal_target
sub_089E229C,0x089E229C,171,28,1,4,0,false,direct_jal_target
sub_089E259C,0x089E259C,413,63,1,4,1,false,direct_jal_target
sub_089E2CC8,0x089E2CC8,10,5,0,1,0,false,direct_jal_target
sub_089E2F88,0x089E2F88,106,8,3,0,0,false,direct_jal_target
sub_089E3150,0x089E3150,2,1,0,0,0,false,direct_jal_target
sub_089E315C,0x089E315C,125,21,1,0,0,false,direct_jal_target
sub_089E3388,0x089E3388,255,49,2,0,0,false,direct_jal_target
sub_089E3828,0x089E3828,145,30,2,0,0,false,direct_jal_target
sub_089E3B80,0x089E3B80,437,1,0,0,0,false,direct_jal_target
sub_089E4258,0x089E4258,103,1,0,0,0,false,direct_jal_target
sub_089E43F8,0x089E43F8,213,4,0,0,0,false,direct_jal_target
sub_089E4758,0x089E4758,281,4,0,0,0,false,direct_jal_target
sub_089E4BC8,0x089E4BC8,604,1,0,0,0,false,direct_jal_target
sub_089E553C,0x089E553C,133,1,0,0,0,false,direct_jal_target
sub_089E5754,0x089E5754,43,9,4,0,0,false,direct_jal_target
sub_089E5824,0x089E5824,41,9,4,0,0,false,direct_jal_target
sub_089E58EC,0x089E58EC,156,30,4,0,0,false,direct_jal_target
sub_089E5BC4,0x089E5BC4,50,8,4,0,0,false,direct_jal_target
sub_089E5CA8,0x089E5CA8,185,45,6,0,0,false,direct_jal_target
sub_089E6028,0x089E6028,1058,93,6,0,0,false,direct_jal_target
sub_089E71D8,0x089E71D8,396,39,3,0,0,false,direct_jal_target
sub_089E7C5C,0x089E7C5C,238,8,0,0,0,false,direct_jal_target
sub_089E7C70,0x089E7C70,254,7,0,0,0,false,direct_jal_target
sub_089E8080,0x089E8080,257,7,0,0,0,false,direct_jal_target
sub_089E849C,0x089E849C,581,129,0,0,0,false,direct_jal_target
sub_089E8F40,0x089E8F40,407,141,0,0,0,false,direct_jal_target
sub_089E98D0,0x089E98D0,317,2,1,0,0,false,direct_jal_target
sub_089E9DCC,0x089E9DCC,54,22,0,0,0,false,direct_jal_target
sub_089E9EDC,0x089E9EDC,11,2,1,0,0,false,direct_jal_target
sub_089E9F10,0x089E9F10,1,1,1,0,0,false,direct_jal_target
sub_089E9F18,0x089E9F18,7,2,1,0,0,false,direct_jal_target
sub_089E9F3C,0x089E9F3C,7,2,1,0,0,false,direct_jal_target
sub_089E9F84,0x089E9F84,17,7,1,0,0,false,direct_jal_target
sub_089EA0A8,0x089EA0A8,8,2,1,0,0,false,direct_jal_target
sub_089EA0D0,0x089EA0D0,11,1,0,0,0,false,direct_jal_target
sub_089EA100,0x089EA100,44,8,2,0,0,false,direct_jal_target
sub_089EA1C8,0x089EA1C8,28,16,4,0,0,false,materialized_code_pointer
sub_089EA270,0x089EA270,5,3,0,0,0,false,materialized_code_pointer
sub_089EA290,0x089EA290,153,15,6,0,0,false,direct_jal_target
sub_089EA524,0x089EA524,12,4,1,0,0,false,relocated_r_mips32_code_pointer
sub_089EA574,0x089EA574,2,1,0,0,0,false,direct_jal_target
sub_089EA580,0x089EA580,12,2,1,0,0,false,direct_jal_target
sub_089EA63C,0x089EA63C,6,1,0,0,0,false,direct_jal_target
sub_089EA658,0x089EA658,2,1,0,0,0,false,direct_jal_target
sub_089EA664,0x089EA664,2,1,0,0,0,false,direct_jal_target
sub_089EA670,0x089EA670,2,1,0,0,0,false,direct_jal_target
sub_089EA67C,0x089EA67C,16,1,1,0,0,false,relocated_r_mips32_code_pointer
sub_089EA6C0,0x089EA6C0,1,1,0,0,0,false,direct_jal_target
sub_089EA720,0x089EA720,45,8,2,0,0,false,direct_jal_target
sub_089EA808,0x089EA808,22,8,2,0,0,false,direct_jal_target
sub_089EA8C4,0x089EA8C4,39,11,0,0,0,false,direct_jal_target
sub_089EA980,0x089EA980,40,9,0,0,0,false,direct_jal_target
sub_089EABD0,0x089EABD0,14,1,0,0,0,false,direct_jal_target
sub_089EAC0C,0x089EAC0C,11,1,0,0,0,false,direct_jal_target
sub_089EAC3C,0x089EAC3C,23,7,0,0,0,false,direct_jal_target
sub_089EACB4,0x089EACB4,2,1,1,0,0,false,direct_jal_target
sub_089EACC0,0x089EACC0,11,1,0,0,0,false,direct_jal_target
sub_089EAD44,0x089EAD44,95,20,0,0,0,false,direct_jal_target
sub_089EAF08,0x089EAF08,12,1,0,0,0,false,direct_jal_target
sub_089EAF3C,0x089EAF3C,12,1,0,0,0,false,direct_jal_target
sub_089EAF70,0x089EAF70,30,3,0,0,0,false,direct_jal_target
sub_089EB028,0x089EB028,15,1,0,0,0,false,direct_jal_target
sub_089EB068,0x089EB068,72,1,0,0,0,false,direct_jal_target
sub_089EB1BC,0x089EB1BC,39,1,0,0,0,false,direct_jal_target
sub_089EB25C,0x089EB25C,77,3,0,0,0,false,direct_jal_target
sub_089EB3D4,0x089EB3D4,8,1,0,0,0,false,direct_jal_target
sub_089EB464,0x089EB464,8,1,0,0,0,false,direct_jal_target
sub_089EB488,0x089EB488,7,1,0,0,0,false,direct_jal_target
sub_089EB4A8,0x089EB4A8,7,1,0,0,0,false,direct_jal_target
sub_089EB4C8,0x089EB4C8,7,1,0,0,0,false,direct_jal_target
sub_089EB4E8,0x089EB4E8,7,1,0,0,0,false,direct_jal_target
sub_089EB550,0x089EB550,8,1,0,0,0,false,direct_jal_target
sub_089EB574,0x089EB574,13,1,0,0,0,false,direct_jal_target
sub_089EB5CC,0x089EB5CC,8,1,0,0,0,false,direct_jal_target
sub_089EB5F0,0x089EB5F0,6,1,0,0,0,false,direct_jal_target
sub_089EB60C,0x089EB60C,6,1,0,0,0,false,direct_jal_target
sub_089EB628,0x089EB628,14,1,0,0,0,false,direct_jal_target
sub_089EB664,0x089EB664,12,1,0,0,0,false,direct_jal_target
sub_089EB6F4,0x089EB6F4,7,1,0,0,0,false,direct_jal_target
sub_089EB714,0x089EB714,8,1,0,0,0,false,direct_jal_target
sub_089EB780,0x089EB780,42,1,0,0,0,false,direct_jal_target
sub_089EB82C,0x089EB82C,9,1,0,0,0,false,direct_jal_target
sub_089EB854,0x089EB854,24,1,0,0,0,false,direct_jal_target
sub_089EB8B8,0x089EB8B8,39,1,0,0,0,false,direct_jal_target
sub_089EB980,0x089EB980,14,1,0,0,0,false,direct_jal_target
sub_089EB9BC,0x089EB9BC,14,1,0,0,0,false,direct_jal_target
sub_089EB9F8,0x089EB9F8,30,4,0,0,0,false,direct_jal_target
sub_089EBA7C,0x089EBA7C,28,3,0,0,0,false,direct_jal_target
sub_089EBBE8,0x089EBBE8,44,5,1,0,0,false,relocated_r_mips32_code_pointer
sub_089EBCA8,0x089EBCA8,289,58,1,0,0,false,direct_jal_target
sub_089EC314,0x089EC314,17,1,0,0,0,false,direct_jal_target
sub_089EC35C,0x089EC35C,49,3,0,0,0,false,direct_jal_target
sub_089EC42C,0x089EC42C,18,3,2,0,0,false,relocated_r_mips32_code_pointer
sub_089EC480,0x089EC480,28,2,2,0,0,false,direct_jal_target
sub_089EC4F8,0x089EC4F8,25,2,2,0,0,false,direct_jal_target
sub_089EC564,0x089EC564,13,1,1,0,0,false,direct_jal_target
sub_089EC59C,0x089EC59C,15,1,0,0,0,false,direct_jal_target
sub_089EC610,0x089EC610,47,12,2,0,0,false,direct_jal_target
sub_089EC728,0x089EC728,16,1,1,0,0,false,direct_jal_target
sub_089EC76C,0x089EC76C,29,1,0,0,0,false,direct_jal_target
sub_089EC7E4,0x089EC7E4,70,3,0,0,0,false,direct_jal_target
sub_089EC904,0x089EC904,80,3,0,0,0,false,direct_jal_target
sub_089ECBA4,0x089ECBA4,46,14,1,0,0,false,relocated_r_mips32_code_pointer
sub_089ECC88,0x089ECC88,1,1,1,0,0,false,direct_jal_target
sub_089ECC90,0x089ECC90,28,6,1,0,0,false,relocated_r_mips32_code_pointer
sub_089ECD18,0x089ECD18,13,7,1,0,0,false,relocated_r_mips32_code_pointer
sub_089ECD60,0x089ECD60,39,10,1,0,0,false,relocated_r_mips32_code_pointer
sub_089ECE20,0x089ECE20,36,5,1,0,0,false,direct_jal_target
sub_089ECEC0,0x089ECEC0,42,8,1,0,0,false,relocated_r_mips32_code_pointer
sub_089ECF80,0x089ECF80,37,5,1,0,0,false,relocated_r_mips32_code_pointer
sub_089ED024,0x089ED024,40,10,1,0,0,false,direct_jal_target
sub_089ED0E4,0x089ED0E4,133,13,0,0,0,false,direct_jal_target
sub_089ED320,0x089ED320,93,11,0,0,0,false,direct_jal_target
sub_089ED590,0x089ED590,81,13,1,0,0,false,direct_jal_target
sub_089ED6FC,0x089ED6FC,13,3,0,0,0,false,direct_jal_target
sub_089ED738,0x089ED738,22,3,0,0,0,false,direct_jal_target
sub_089ED780,0x089ED780,19,8,1,0,0,false,relocated_r_mips32_code_pointer
sub_089ED788,0x089ED788,6,1,0,0,0,false,relocated_r_mips32_code_pointer
sub_089ED7A4,0x089ED7A4,16,6,1,0,0,false,relocated_r_mips32_code_pointer
sub_089ED7AC,0x089ED7AC,14,4,1,0,0,false,relocated_r_mips32_code_pointer
sub_089ED7E0,0x089ED7E0,16,6,1,0,0,false,relocated_r_mips32_code_pointer
sub_089ED7F0,0x089ED7F0,20,7,1,0,0,false,direct_jal_target
sub_089ED858,0x089ED858,14,4,1,0,0,false,direct_jal_target
sub_089ED89C,0x089ED89C,10,4,0,0,0,false,direct_jal_target
sub_089ED8B4,0x089ED8B4,1,1,0,0,0,false,relocated_r_mips32_code_pointer
sub_089ED8D4,0x089ED8D4,11,5,0,0,0,false,relocated_r_mips32_code_pointer
sub_089ED8E8,0x089ED8E8,1,1,0,0,0,false,relocated_r_mips32_code_pointer
sub_089ED8F0,0x089ED8F0,22,11,1,0,0,false,direct_jal_target
sub_089ED96C,0x089ED96C,99,32,1,0,0,false,direct_jal_target
sub_089EDB54,0x089EDB54,13,4,0,0,0,false,direct_jal_target
sub_089EDB98,0x089EDB98,55,13,1,0,0,false,direct_jal_target
sub_089EDCA0,0x089EDCA0,32,9,0,0,0,false,direct_jal_target
sub_089EDD3C,0x089EDD3C,40,11,2,0,0,false,direct_jal_target
sub_089EDE00,0x089EDE00,55,21,3,0,0,false,direct_jal_target
sub_089EDF24,0x089EDF24,31,11,1,0,0,false,direct_jal_target
sub_089EDFC4,0x089EDFC4,13,6,1,0,0,false,direct_jal_target
sub_089EE00C,0x089EE00C,174,71,11,0,0,false,direct_jal_target
sub_089EE3C0,0x089EE3C0,1,1,1,0,0,false,direct_jal_target
sub_089EE3C8,0x089EE3C8,42,13,3,0,0,false,direct_jal_target
sub_089EE420,0x089EE420,6,1,0,0,0,false,relocated_r_mips32_code_pointer
sub_089EE4A0,0x089EE4A0,49,19,5,0,0,false,relocated_r_mips32_code_pointer
sub_089EE528,0x089EE528,21,7,3,0,0,false,relocated_r_mips32_code_pointer
sub_089EE56C,0x089EE56C,21,8,3,0,0,false,relocated_r_mips32_code_pointer
sub_089EE598,0x089EE598,30,12,4,0,0,false,relocated_r_mips32_code_pointer
sub_089EE5F0,0x089EE5F0,28,9,2,0,0,false,relocated_r_mips32_code_pointer
sub_089EE634,0x089EE634,21,8,3,0,0,false,relocated_r_mips32_code_pointer
sub_089EE660,0x089EE660,23,9,4,0,0,false,relocated_r_mips32_code_pointer
sub_089EE698,0x089EE698,15,7,2,0,0,false,relocated_r_mips32_code_pointer
sub_089EE6A8,0x089EE6A8,21,8,3,0,0,false,relocated_r_mips32_code_pointer
sub_089EE6D4,0x089EE6D4,29,7,1,0,0,false,relocated_r_mips32_code_pointer
sub_089EE740,0x089EE740,43,19,5,0,0,false,relocated_r_mips32_code_pointer
sub_089EE7BC,0x089EE7BC,21,8,3,0,0,false,relocated_r_mips32_code_pointer
sub_089EE7E8,0x089EE7E8,29,14,4,0,0,false,relocated_r_mips32_code_pointer
sub_089EE898,0x089EE898,79,27,4,0,0,false,direct_jal_target
sub_089EEA2C,0x089EEA2C,94,39,3,0,0,false,direct_jal_target
sub_089EEC28,0x089EEC28,66,20,2,0,0,false,direct_jal_target
sub_089EED70,0x089EED70,100,35,4,0,0,false,direct_jal_target
sub_089EEE90,0x089EEE90,7,1,0,0,0,false,relocated_r_mips32_code_pointer
sub_089EEF54,0x089EEF54,10,3,2,0,0,false,relocated_r_mips32_code_pointer
sub_089EEF70,0x089EEF70,10,3,2,0,0,false,relocated_r_mips32_code_pointer
sub_089EEF8C,0x089EEF8C,29,9,3,0,0,false,relocated_r_mips32_code_pointer
sub_089EEFE8,0x089EEFE8,20,6,3,0,0,false,relocated_r_mips32_code_pointer
sub_089EF01C,0x089EF01C,23,8,3,0,0,false,relocated_r_mips32_code_pointer
sub_089EF064,0x089EF064,20,6,3,0,0,false,relocated_r_mips32_code_pointer
sub_089EF098,0x089EF098,10,3,2,0,0,false,relocated_r_mips32_code_pointer
sub_089EF0B4,0x089EF0B4,10,3,2,0,0,false,relocated_r_mips32_code_pointer
sub_089EF0D0,0x089EF0D0,12,3,2,0,0,false,relocated_r_mips32_code_pointer
sub_089EF0F4,0x089EF0F4,12,3,2,0,0,false,relocated_r_mips32_code_pointer
sub_089EF134,0x089EF134,11,4,1,0,0,false,direct_jal_target
sub_089EF170,0x089EF170,68,22,4,0,0,false,direct_jal_target
sub_089EF2C8,0x089EF2C8,124,45,9,0,0,false,direct_jal_target
sub_089EF55C,0x089EF55C,66,18,4,0,0,false,direct_jal_target
sub_089EF6A4,0x089EF6A4,28,10,2,0,0,false,direct_jal_target
sub_089EF734,0x089EF734,24,8,1,0,0,false,direct_jal_target
sub_089EF7AC,0x089EF7AC,29,9,2,0,0,false,direct_jal_target
sub_089EF83C,0x089EF83C,9,2,1,0,0,false,direct_jal_target
sub_089EF868,0x089EF868,97,37,6,0,0,false,direct_jal_target
sub_089EFA6C,0x089EFA6C,117,42,4,0,0,false,direct_jal_target
sub_089EFCC0,0x089EFCC0,29,6,1,0,0,false,direct_jal_target
sub_089EFD10,0x089EFD10,8,1,0,0,0,false,relocated_r_mips32_code_pointer
sub_089EFD4C,0x089EFD4C,48,6,2,0,0,false,relocated_r_mips32_code_pointer
sub_089EFDDC,0x089EFDDC,10,2,1,0,0,false,relocated_r_mips32_code_pointer
sub_089EFE0C,0x089EFE0C,73,13,2,0,0,false,relocated_r_mips32_code_pointer
sub_089EFEDC,0x089EFEDC,10,3,1,0,0,false,relocated_r_mips32_code_pointer
sub_089EFFD8,0x089EFFD8,9,3,1,0,0,false,relocated_r_mips32_code_pointer
sub_089EFFE8,0x089EFFE8,20,6,3,0,0,false,relocated_r_mips32_code_pointer
sub_089F0000,0x089F0000,6,2,2,0,0,false,materialized_code_pointer
sub_089F0020,0x089F0020,49,7,2,0,0,false,relocated_r_mips32_code_pointer
sub_089F00BC,0x089F00BC,86,37,4,0,0,false,relocated_r_mips32_code_pointer
sub_089F014C,0x089F014C,35,7,2,0,0,false,relocated_r_mips32_code_pointer
sub_089F01B0,0x089F01B0,41,7,2,0,0,false,relocated_r_mips32_code_pointer
sub_089F022C,0x089F022C,67,22,4,0,0,false,relocated_r_mips32_code_pointer
sub_089F0340,0x089F0340,49,7,2,0,0,false,relocated_r_mips32_code_pointer
sub_089F03DC,0x089F03DC,37,7,2,0,0,false,relocated_r_mips32_code_pointer
sub_089F0448,0x089F0448,65,30,3,0,0,false,relocated_r_mips32_code_pointer
sub_089F0510,0x089F0510,17,5,3,0,0,false,relocated_r_mips32_code_pointer
sub_089F0554,0x089F0554,55,7,2,0,0,false,relocated_r_mips32_code_pointer
sub_089F0608,0x089F0608,45,7,2,0,0,false,relocated_r_mips32_code_pointer
sub_089F0694,0x089F0694,45,7,2,0,0,false,relocated_r_mips32_code_pointer
sub_089F0720,0x089F0720,47,7,2,0,0,false,relocated_r_mips32_code_pointer
sub_089F07B4,0x089F07B4,43,7,2,0,0,false,relocated_r_mips32_code_pointer
sub_089F0838,0x089F0838,41,7,2,0,0,false,relocated_r_mips32_code_pointer
sub_089F08B4,0x089F08B4,31,16,3,0,0,false,relocated_r_mips32_code_pointer
sub_089F0934,0x089F0934,65,25,5,0,0,false,relocated_r_mips32_code_pointer
sub_089F09C8,0x089F09C8,37,7,2,0,0,false,relocated_r_mips32_code_pointer
sub_089F0A34,0x089F0A34,55,18,3,0,0,false,relocated_r_mips32_code_pointer
sub_089F0A9C,0x089F0A9C,115,34,6,0,0,false,relocated_r_mips32_code_pointer
sub_089F0BF0,0x089F0BF0,165,60,4,0,0,false,relocated_r_mips32_code_pointer
sub_089F0CD4,0x089F0CD4,39,12,3,0,0,false,relocated_r_mips32_code_pointer
sub_089F0D24,0x089F0D24,42,13,3,0,0,false,relocated_r_mips32_code_pointer
sub_089F0DB4,0x089F0DB4,36,10,2,0,0,false,relocated_r_mips32_code_pointer
sub_089F0E14,0x089F0E14,54,15,4,0,0,false,relocated_r_mips32_code_pointer
sub_089F0ED0,0x089F0ED0,23,7,2,0,0,false,relocated_r_mips32_code_pointer
sub_089F0F08,0x089F0F08,37,14,3,0,0,false,relocated_r_mips32_code_pointer
sub_089F0F64,0x089F0F64,133,48,6,0,0,false,relocated_r_mips32_code_pointer
sub_089F10C4,0x089F10C4,66,18,4,0,0,false,relocated_r_mips32_code_pointer
sub_089F11A0,0x089F11A0,129,39,5,0,0,false,relocated_r_mips32_code_pointer
sub_089F1C8C,0x089F1C8C,28,7,2,0,0,false,relocated_r_mips32_code_pointer
sub_089F1CCC,0x089F1CCC,28,8,2,0,0,false,relocated_r_mips32_code_pointer
sub_089F1D44,0x089F1D44,20,6,2,0,0,false,relocated_r_mips32_code_pointer
sub_089F1D7C,0x089F1D7C,20,6,2,0,0,false,relocated_r_mips32_code_pointer
sub_089F1DF8,0x089F1DF8,30,7,2,0,0,false,relocated_r_mips32_code_pointer
sub_089F1EF8,0x089F1EF8,149,59,3,0,0,false,direct_jal_target
sub_089F2214,0x089F2214,21,3,1,0,0,false,direct_jal_target
sub_089F2258,0x089F2258,6,1,1,0,0,false,relocated_r_mips32_code_pointer
sub_089F2274,0x089F2274,6,2,1,0,0,false,relocated_r_mips32_code_pointer
sub_089F2280,0x089F2280,33,7,1,0,0,false,relocated_r_mips32_code_pointer
sub_089F22B4,0x089F22B4,33,6,1,0,0,false,relocated_r_mips32_code_pointer
sub_089F22E8,0x089F22E8,31,6,1,0,0,false,relocated_r_mips32_code_pointer
sub_089F231C,0x089F231C,20,4,1,0,0,false,relocated_r_mips32_code_pointer
sub_089F2364,0x089F2364,31,6,1,0,0,false,relocated_r_mips32_code_pointer
sub_089F2398,0x089F2398,20,6,2,0,0,false,relocated_r_mips32_code_pointer
sub_089F23D8,0x089F23D8,23,8,1,0,0,false,relocated_r_mips32_code_pointer
sub_089F2420,0x089F2420,35,6,1,0,0,false,relocated_r_mips32_code_pointer
sub_089F2454,0x089F2454,50,15,3,0,0,false,relocated_r_mips32_code_pointer
sub_089F267C,0x089F267C,90,34,2,0,0,false,direct_jal_target
sub_089F2854,0x089F2854,37,7,3,0,0,false,direct_jal_target
sub_089F2904,0x089F2904,213,46,8,0,0,false,direct_jal_target
sub_089F2CF0,0x089F2CF0,51,24,4,0,0,false,direct_jal_target
sub_089F2E18,0x089F2E18,8,6,0,0,0,false,direct_jal_target
sub_089F2E4C,0x089F2E4C,49,9,3,0,0,false,direct_jal_target
sub_089F2F34,0x089F2F34,87,19,4,0,0,false,direct_jal_target
sub_089F30DC,0x089F30DC,35,7,3,0,0,false,direct_jal_target
sub_089F3184,0x089F3184,69,13,4,0,0,false,direct_jal_target
sub_089F32CC,0x089F32CC,71,14,5,0,0,false,direct_jal_target
sub_089F3420,0x089F3420,311,110,0,0,17,false,direct_jal_target
sub_089F3A30,0x089F3A30,15,3,2,0,0,false,direct_jal_target
sub_089F3A78,0x089F3A78,173,46,0,0,0,false,direct_jal_target
sub_089F3DB8,0x089F3DB8,25,5,3,0,0,false,direct_jal_target
sub_089F3E30,0x089F3E30,22,5,3,0,0,false,direct_jal_target
sub_089F3E9C,0x089F3E9C,190,49,2,0,0,false,direct_jal_target
sub_089F4228,0x089F4228,122,38,2,0,0,false,direct_jal_target
sub_089F4488,0x089F4488,28,7,2,0,0,false,direct_jal_target
sub_089F4510,0x089F4510,28,7,2,0,0,false,direct_jal_target
sub_089F4598,0x089F4598,33,7,2,0,0,false,direct_jal_target
sub_089F4638,0x089F4638,33,7,2,0,0,false,direct_jal_target
sub_089F46D8,0x089F46D8,28,7,2,0,0,false,direct_jal_target
sub_089F4760,0x089F4760,28,7,2,0,0,false,direct_jal_target
sub_089F47E8,0x089F47E8,47,15,1,0,0,false,direct_jal_target
sub_089F48D0,0x089F48D0,40,14,1,0,0,false,direct_jal_target
sub_089F49A0,0x089F49A0,10,2,1,0,0,false,direct_jal_target
sub_089F49D0,0x089F49D0,22,3,2,0,0,false,direct_jal_target
sub_089F4A34,0x089F4A34,41,15,0,0,0,false,direct_jal_target
sub_089F4B0C,0x089F4B0C,9,2,1,0,0,false,direct_jal_target
sub_089F4B38,0x089F4B38,162,29,0,0,0,false,direct_jal_target
sub_089F4E1C,0x089F4E1C,62,15,0,0,0,false,direct_jal_target
sub_089F4F48,0x089F4F48,45,30,0,0,0,false,direct_jal_target
sub_089F506C,0x089F506C,78,26,0,0,0,false,direct_jal_target
sub_089F5204,0x089F5204,1,1,0,0,0,false,direct_jal_target
sub_089F520C,0x089F520C,28,17,2,0,0,false,direct_jal_target
sub_089F52AC,0x089F52AC,11,3,0,0,0,false,direct_jal_target
sub_089F52E0,0x089F52E0,18,6,0,0,0,false,direct_jal_target
sub_089F5338,0x089F5338,32,5,1,0,0,false,direct_jal_target
sub_089F5378,0x089F5378,6,2,1,0,0,false,relocated_r_mips32_code_pointer
sub_089F53CC,0x089F53CC,17,4,0,0,0,false,relocated_r_mips32_code_pointer
sub_089F53FC,0x089F53FC,18,5,0,0,0,false,relocated_r_mips32_code_pointer
sub_089F5410,0x089F5410,19,5,0,0,0,false,relocated_r_mips32_code_pointer
sub_089F5428,0x089F5428,20,5,0,0,0,false,relocated_r_mips32_code_pointer
sub_089F5444,0x089F5444,18,6,1,0,0,false,relocated_r_mips32_code_pointer
sub_089F545C,0x089F545C,18,6,1,0,0,false,relocated_r_mips32_code_pointer
sub_089F54CC,0x089F54CC,17,5,1,0,0,false,direct_jal_target
sub_089F551C,0x089F551C,1,1,0,0,0,false,direct_jal_target
sub_089F5524,0x089F5524,1,1,0,0,0,false,direct_jal_target
sub_089F552C,0x089F552C,1,1,0,0,0,false,direct_jal_target
sub_089F5534,0x089F5534,9,2,1,0,0,false,relocated_r_mips32_code_pointer
sub_089F5560,0x089F5560,613,1,0,0,0,false,direct_jal_target
sub_089F5EF8,0x089F5EF8,5,3,0,0,0,false,direct_jal_target
sub_089F5F18,0x089F5F18,71,14,3,0,1,false,direct_jal_target
sub_089F5FA0,0x089F5FA0,11,2,1,0,0,false,relocated_r_mips32_code_pointer
sub_089F5FEC,0x089F5FEC,16,3,1,0,0,false,relocated_r_mips32_code_pointer
sub_089F6034,0x089F6034,57,15,2,0,1,false,relocated_r_mips32_code_pointer
sub_089F60B0,0x089F60B0,7,2,2,0,0,false,relocated_r_mips32_code_pointer
sub_089F60D4,0x089F60D4,8,1,1,0,1,false,relocated_r_mips32_code_pointer
sub_089F60F8,0x089F60F8,10,1,1,0,1,false,relocated_r_mips32_code_pointer
sub_089F6124,0x089F6124,7,1,1,0,1,false,relocated_r_mips32_code_pointer
sub_089F6144,0x089F6144,8,3,3,0,0,false,relocated_r_mips32_code_pointer
sub_089F6170,0x089F6170,16,3,2,0,0,false,relocated_r_mips32_code_pointer
sub_089F61BC,0x089F61BC,3,2,2,0,0,false,relocated_r_mips32_code_pointer
sub_089F61D0,0x089F61D0,73,18,3,0,1,false,relocated_r_mips32_code_pointer
sub_089F621C,0x089F621C,3,2,2,0,0,false,relocated_r_mips32_code_pointer
sub_089F6230,0x089F6230,7,3,3,0,0,false,relocated_r_mips32_code_pointer
sub_089F6258,0x089F6258,15,4,2,0,0,false,relocated_r_mips32_code_pointer
sub_089F6280,0x089F6280,12,3,2,0,0,false,relocated_r_mips32_code_pointer
sub_089F62BC,0x089F62BC,7,2,2,0,0,false,relocated_r_mips32_code_pointer
sub_089F62E0,0x089F62E0,5,2,2,0,0,false,relocated_r_mips32_code_pointer
sub_089F62FC,0x089F62FC,5,2,2,0,0,false,relocated_r_mips32_code_pointer
sub_089F6318,0x089F6318,9,3,2,0,0,false,relocated_r_mips32_code_pointer
sub_089F6348,0x089F6348,22,3,1,0,0,false,relocated_r_mips32_code_pointer
sub_089F63A8,0x089F63A8,24,6,1,0,0,false,relocated_r_mips32_code_pointer
sub_089F6410,0x089F6410,12,3,2,0,0,false,relocated_r_mips32_code_pointer
sub_089F6454,0x089F6454,170,50,9,0,0,false,direct_jal_target
sub_089F67B8,0x089F67B8,46,14,2,0,0,false,relocated_r_mips32_code_pointer
sub_089F689C,0x089F689C,99,21,2,0,0,false,direct_jal_target
sub_089F69D0,0x089F69D0,35,6,1,0,0,false,direct_jal_target
sub_089F6A1C,0x089F6A1C,12,3,1,0,0,false,relocated_r_mips32_code_pointer
sub_089F6A74,0x089F6A74,22,5,1,0,0,false,relocated_r_mips32_code_pointer
sub_089F6AA0,0x089F6AA0,24,7,1,0,0,false,relocated_r_mips32_code_pointer
sub_089F6AB4,0x089F6AB4,23,6,1,0,0,false,relocated_r_mips32_code_pointer
sub_089F6ACC,0x089F6ACC,21,6,1,0,0,false,relocated_r_mips32_code_pointer
sub_089F6ADC,0x089F6ADC,25,6,1,0,0,false,relocated_r_mips32_code_pointer
sub_089F6AFC,0x089F6AFC,24,6,1,0,0,false,relocated_r_mips32_code_pointer
sub_089F6B18,0x089F6B18,66,28,2,0,0,false,relocated_r_mips32_code_pointer
sub_089F6B6C,0x089F6B6C,37,10,3,0,0,false,relocated_r_mips32_code_pointer
sub_089F6BCC,0x089F6BCC,21,6,1,0,0,false,relocated_r_mips32_code_pointer
sub_089F6BDC,0x089F6BDC,23,7,2,0,0,false,relocated_r_mips32_code_pointer
sub_089F6BF8,0x089F6BF8,21,7,2,0,0,false,relocated_r_mips32_code_pointer
sub_089F6C0C,0x089F6C0C,28,7,1,0,0,false,relocated_r_mips32_code_pointer
sub_089F6C3C,0x089F6C3C,23,7,1,0,0,false,relocated_r_mips32_code_pointer
sub_089F6C58,0x089F6C58,36,13,1,0,0,false,relocated_r_mips32_code_pointer
sub_089F6C6C,0x089F6C6C,22,7,1,0,0,false,relocated_r_mips32_code_pointer
sub_089F6C84,0x089F6C84,33,9,2,0,0,false,relocated_r_mips32_code_pointer
sub_089F6CD0,0x089F6CD0,51,15,2,0,0,false,relocated_r_mips32_code_pointer
sub_089F6CF8,0x089F6CF8,33,10,1,0,0,false,relocated_r_mips32_code_pointer
sub_089F6D10,0x089F6D10,20,6,1,0,0,false,relocated_r_mips32_code_pointer
sub_089F6D1C,0x089F6D1C,8,1,1,0,0,false,relocated_r_mips32_code_pointer
sub_089F6D40,0x089F6D40,27,6,1,0,0,false,relocated_r_mips32_code_pointer
sub_089F6D88,0x089F6D88,36,10,2,0,0,false,relocated_r_mips32_code_pointer
sub_089F6DC4,0x089F6DC4,28,5,2,0,0,false,relocated_r_mips32_code_pointer
sub_089F6E0C,0x089F6E0C,21,6,1,0,0,false,relocated_r_mips32_code_pointer
sub_089F6E1C,0x089F6E1C,23,8,1,0,1,false,relocated_r_mips32_code_pointer
sub_089F6E38,0x089F6E38,21,6,1,0,0,false,relocated_r_mips32_code_pointer
sub_089F6E48,0x089F6E48,23,8,1,0,1,false,relocated_r_mips32_code_pointer
sub_089F6E64,0x089F6E64,22,6,1,0,0,false,relocated_r_mips32_code_pointer
sub_089F6E78,0x089F6E78,21,6,1,0,0,false,relocated_r_mips32_code_pointer
sub_089F6E88,0x089F6E88,21,6,1,0,0,false,relocated_r_mips32_code_pointer
sub_089F6E98,0x089F6E98,21,6,1,0,0,false,relocated_r_mips32_code_pointer
sub_089F6EA8,0x089F6EA8,21,6,1,0,0,false,relocated_r_mips32_code_pointer
sub_089F6EB8,0x089F6EB8,21,6,1,0,0,false,relocated_r_mips32_code_pointer
sub_089F6EC8,0x089F6EC8,21,6,1,0,0,false,relocated_r_mips32_code_pointer
sub_089F6ED8,0x089F6ED8,22,6,1,0,0,false,relocated_r_mips32_code_pointer
sub_089F6EEC,0x089F6EEC,22,6,1,0,0,false,relocated_r_mips32_code_pointer
sub_089F6F00,0x089F6F00,21,6,1,0,0,false,relocated_r_mips32_code_pointer
sub_089F6F10,0x089F6F10,22,6,1,0,0,false,relocated_r_mips32_code_pointer
sub_089F6F24,0x089F6F24,21,6,1,0,0,false,relocated_r_mips32_code_pointer
sub_089F6F34,0x089F6F34,22,6,1,0,0,false,relocated_r_mips32_code_pointer
sub_089F700C,0x089F700C,105,25,3,0,0,false,direct_jal_target
sub_089F720C,0x089F720C,775,42,10,1,0,false,direct_jal_target
sub_089F7D04,0x089F7D04,95,18,5,1,0,false,direct_jal_target
sub_089F7D7C,0x089F7D7C,70,13,3,1,0,false,relocated_r_mips32_code_pointer
sub_089F7EBC,0x089F7EBC,53,16,2,2,0,false,direct_jal_target
sub_089F7FC4,0x089F7FC4,91,8,3,0,0,false,relocated_r_mips32_code_pointer
sub_089F814C,0x089F814C,129,24,7,1,0,false,direct_jal_target
sub_089F8210,0x089F8210,91,12,5,0,0,false,direct_jal_target
sub_089F83A4,0x089F83A4,133,24,5,1,0,false,direct_jal_target
sub_089F8604,0x089F8604,88,12,5,0,0,false,direct_jal_target
sub_089F878C,0x089F878C,23,11,1,0,0,false,direct_jal_target
sub_089F8814,0x089F8814,11,3,0,0,0,false,direct_jal_target
sub_089F8848,0x089F8848,18,6,0,0,0,false,direct_jal_target
sub_089F88A0,0x089F88A0,32,5,1,0,0,false,direct_jal_target
sub_089F88E0,0x089F88E0,6,2,1,0,0,false,relocated_r_mips32_code_pointer
sub_089F8934,0x089F8934,17,4,0,0,0,false,relocated_r_mips32_code_pointer
sub_089F8964,0x089F8964,18,5,0,0,0,false,relocated_r_mips32_code_pointer
sub_089F8978,0x089F8978,19,5,0,0,0,false,relocated_r_mips32_code_pointer
sub_089F8990,0x089F8990,20,5,0,0,0,false,relocated_r_mips32_code_pointer
sub_089F89AC,0x089F89AC,18,6,1,0,0,false,relocated_r_mips32_code_pointer
sub_089F89C4,0x089F89C4,18,6,1,0,0,false,relocated_r_mips32_code_pointer
sub_089F89DC,0x089F89DC,23,13,1,0,0,false,direct_jal_target
sub_089F8A68,0x089F8A68,55,19,4,0,0,false,direct_jal_target
sub_089F8B80,0x089F8B80,8,3,0,0,0,false,materialized_code_pointer
sub_089F8C50,0x089F8C50,62,11,0,3,0,false,direct_jal_target
sub_089F8D74,0x089F8D74,47,9,1,0,0,false,direct_jal_target
sub_089F8E4C,0x089F8E4C,73,20,4,0,0,false,direct_jal_target
sub_089F8FAC,0x089F8FAC,80,25,4,0,0,false,direct_jal_target
sub_089F9138,0x089F9138,82,25,4,0,0,false,direct_jal_target
sub_089F92D0,0x089F92D0,26,5,2,0,0,false,relocated_r_mips32_code_pointer
sub_089F934C,0x089F934C,2,1,1,0,0,false,direct_jal_target
sub_089F9358,0x089F9358,15,4,2,0,0,false,relocated_r_mips32_code_pointer
sub_089F93A4,0x089F93A4,22,2,2,0,0,false,relocated_r_mips32_code_pointer
sub_089F9404,0x089F9404,2,1,1,0,0,false,relocated_r_mips32_code_pointer
sub_089F9410,0x089F9410,10,2,2,0,0,false,relocated_r_mips32_code_pointer
sub_089F9440,0x089F9440,58,28,4,0,0,false,relocated_r_mips32_code_pointer
sub_089F9584,0x089F9584,1,1,1,0,0,false,direct_jal_target
sub_089F958C,0x089F958C,9,4,2,0,0,false,relocated_r_mips32_code_pointer
sub_089F95C0,0x089F95C0,460,145,13,2,0,false,direct_jal_target
sub_089F9D1C,0x089F9D1C,81,30,6,0,0,false,direct_jal_target
sub_089F9EC0,0x089F9EC0,43,9,3,0,0,false,materialized_code_pointer
sub_089FA024,0x089FA024,48,31,4,0,0,false,direct_jal_target
sub_089FA154,0x089FA154,35,15,8,0,0,false,direct_jal_target
sub_089FA21C,0x089FA21C,49,15,2,0,0,false,direct_jal_target
sub_089FA30C,0x089FA30C,28,15,4,0,0,false,direct_jal_target
sub_089FA3B0,0x089FA3B0,28,15,4,0,0,false,direct_jal_target
sub_089FA454,0x089FA454,20,15,4,0,0,false,direct_jal_target
sub_089FA4D8,0x089FA4D8,3,1,0,0,0,false,direct_jal_target
sub_089FA4E8,0x089FA4E8,1,1,0,0,0,false,direct_jal_target
sub_089FA52C,0x089FA52C,1,1,0,0,0,false,direct_jal_target
sub_089FA534,0x089FA534,1,1,0,0,0,false,direct_jal_target
sub_089FA554,0x089FA554,11,4,1,0,0,false,relocated_r_mips32_code_pointer
sub_089FA604,0x089FA604,49,12,5,0,0,false,direct_jal_target
sub_089FA61C,0x089FA61C,45,10,3,0,0,false,direct_jal_target
sub_089FA64C,0x089FA64C,35,8,1,0,0,false,direct_jal_target
sub_089FA6F4,0x089FA6F4,5,2,1,0,0,false,direct_jal_target
sub_089FA710,0x089FA710,6,2,1,0,0,false,direct_jal_target
sub_089FA77C,0x089FA77C,39,11,2,0,0,false,direct_jal_target
sub_089FA83C,0x089FA83C,2,1,0,0,0,false,direct_jal_target
sub_089FA848,0x089FA848,48,15,1,3,0,false,direct_jal_target
sub_089FA938,0x089FA938,64,17,3,0,0,false,direct_jal_target
sub_089FAA70,0x089FAA70,11,2,1,0,0,false,direct_jal_target
sub_089FAAA4,0x089FAAA4,29,8,1,0,0,false,direct_jal_target
sub_089FAB34,0x089FAB34,16,3,2,0,0,false,direct_jal_target
sub_089FAB80,0x089FAB80,189,72,5,3,0,false,direct_jal_target
sub_089FAF60,0x089FAF60,31,5,1,0,0,false,direct_jal_target
sub_089FB018,0x089FB018,8,2,1,0,0,false,direct_jal_target
sub_089FB040,0x089FB040,63,16,3,0,0,false,direct_jal_target
sub_089FB18C,0x089FB18C,5,3,0,0,0,false,direct_jal_target
sub_089FB1AC,0x089FB1AC,7,2,1,0,0,false,direct_jal_target
sub_089FB1D0,0x089FB1D0,8,2,1,0,0,false,direct_jal_target
sub_089FB1F8,0x089FB1F8,119,28,2,0,0,false,direct_jal_target
sub_089FB42C,0x089FB42C,285,83,3,0,0,false,direct_jal_target
sub_089FB998,0x089FB998,46,20,0,0,0,false,direct_jal_target
sub_089FBA80,0x089FBA80,25,11,0,0,0,false,direct_jal_target
sub_089FBB04,0x089FBB04,54,13,0,0,0,false,direct_jal_target
sub_089FBC40,0x089FBC40,158,40,0,0,0,false,direct_jal_target
sub_089FBF40,0x089FBF40,35,14,0,0,0,false,direct_jal_target
sub_089FBFF8,0x089FBFF8,12,4,1,0,0,false,direct_jal_target
sub_089FC034,0x089FC034,11,5,1,0,0,false,direct_jal_target
sub_089FC0B0,0x089FC0B0,16,2,1,0,0,false,direct_jal_target
sub_089FC0F8,0x089FC0F8,30,3,2,0,0,false,direct_jal_target
sub_089FC17C,0x089FC17C,7,2,1,0,0,false,direct_jal_target
sub_089FC1A0,0x089FC1A0,5,1,0,0,0,false,direct_jal_target
sub_089FC1B8,0x089FC1B8,26,1,0,0,0,false,direct_jal_target
sub_089FC224,0x089FC224,9,2,1,0,0,false,direct_jal_target
sub_089FC250,0x089FC250,290,72,5,0,0,false,direct_jal_target
sub_089FC7C0,0x089FC7C0,16,6,2,0,0,false,direct_jal_target
sub_089FC814,0x089FC814,49,29,2,1,0,false,direct_jal_target
sub_089FC9DC,0x089FC9DC,11,4,1,0,0,false,materialized_code_pointer
sub_089FCA18,0x089FCA18,72,34,5,1,0,false,direct_jal_target
sub_089FCBA4,0x089FCBA4,18,6,1,0,0,false,direct_jal_target
sub_089FCC00,0x089FCC00,24,1,0,0,0,false,direct_jal_target
sub_089FCC64,0x089FCC64,25,3,0,0,0,false,direct_jal_target
sub_089FCCD0,0x089FCCD0,18,8,1,0,0,false,direct_jal_target
sub_089FCD30,0x089FCD30,27,8,1,0,0,false,direct_jal_target
sub_089FCDB8,0x089FCDB8,35,15,3,1,0,false,direct_jal_target
sub_089FCE7C,0x089FCE7C,29,11,1,1,0,false,direct_jal_target
sub_089FCF18,0x089FCF18,7,2,1,0,0,false,direct_jal_target
sub_089FCFAC,0x089FCFAC,20,6,1,0,0,false,direct_jal_target
sub_089FD010,0x089FD010,5,2,1,0,0,false,direct_jal_target
sub_089FD094,0x089FD094,28,2,1,0,0,false,direct_jal_target
sub_089FD10C,0x089FD10C,1,1,0,0,0,false,materialized_code_pointer
sub_089FD114,0x089FD114,29,3,2,0,0,false,direct_jal_target
sub_089FD21C,0x089FD21C,35,5,0,0,0,false,direct_jal_target
sub_089FD2B8,0x089FD2B8,36,9,1,0,0,false,direct_jal_target
sub_089FD364,0x089FD364,53,17,0,0,0,false,direct_jal_target
sub_089FD464,0x089FD464,20,10,0,0,0,false,direct_jal_target
sub_089FD4D8,0x089FD4D8,5,2,1,0,0,false,direct_jal_target
sub_089FD4F4,0x089FD4F4,33,7,0,0,0,false,direct_jal_target
sub_089FD58C,0x089FD58C,19,10,0,0,0,false,direct_jal_target
sub_089FD5F8,0x089FD5F8,15,6,1,0,0,false,direct_jal_target
sub_089FD628,0x089FD628,4,1,0,0,0,false,relocated_r_mips32_code_pointer
sub_089FD63C,0x089FD63C,4,2,0,0,0,false,relocated_r_mips32_code_pointer
sub_089FD648,0x089FD648,4,2,0,0,0,false,relocated_r_mips32_code_pointer
sub_089FD654,0x089FD654,4,2,0,0,0,false,relocated_r_mips32_code_pointer
sub_089FD660,0x089FD660,4,2,0,0,0,false,relocated_r_mips32_code_pointer
sub_089FD66C,0x089FD66C,4,2,0,0,0,false,relocated_r_mips32_code_pointer
sub_089FD678,0x089FD678,4,2,0,0,0,false,relocated_r_mips32_code_pointer
sub_089FD684,0x089FD684,4,2,0,0,0,false,relocated_r_mips32_code_pointer
sub_089FD690,0x089FD690,4,2,0,0,0,false,relocated_r_mips32_code_pointer
sub_089FD69C,0x089FD69C,4,2,0,0,0,false,relocated_r_mips32_code_pointer
sub_089FD6A8,0x089FD6A8,4,2,0,0,0,false,relocated_r_mips32_code_pointer
sub_089FD6B4,0x089FD6B4,4,2,0,0,0,false,relocated_r_mips32_code_pointer
sub_089FD6C0,0x089FD6C0,4,2,0,0,0,false,relocated_r_mips32_code_pointer
sub_089FD6CC,0x089FD6CC,4,2,0,0,0,false,relocated_r_mips32_code_pointer
sub_089FD6D8,0x089FD6D8,4,2,0,0,0,false,relocated_r_mips32_code_pointer
sub_089FD6E4,0x089FD6E4,4,2,0,0,0,false,relocated_r_mips32_code_pointer
sub_089FD6F0,0x089FD6F0,4,2,0,0,0,false,relocated_r_mips32_code_pointer
sub_089FD6FC,0x089FD6FC,4,2,0,0,0,false,relocated_r_mips32_code_pointer
sub_089FD708,0x089FD708,4,2,0,0,0,false,relocated_r_mips32_code_pointer
sub_089FD714,0x089FD714,4,2,0,0,0,false,relocated_r_mips32_code_pointer
sub_089FD720,0x089FD720,4,2,0,0,0,false,relocated_r_mips32_code_pointer
sub_089FD72C,0x089FD72C,4,2,0,0,0,false,relocated_r_mips32_code_pointer
sub_089FD738,0x089FD738,4,2,0,0,0,false,relocated_r_mips32_code_pointer
sub_089FD744,0x089FD744,4,2,0,0,0,false,relocated_r_mips32_code_pointer
sub_089FD750,0x089FD750,4,2,0,0,0,false,relocated_r_mips32_code_pointer
sub_089FD75C,0x089FD75C,4,2,0,0,0,false,relocated_r_mips32_code_pointer
sub_089FD768,0x089FD768,4,2,0,0,0,false,relocated_r_mips32_code_pointer
sub_089FD774,0x089FD774,4,2,0,0,0,false,relocated_r_mips32_code_pointer
sub_089FD780,0x089FD780,4,2,0,0,0,false,relocated_r_mips32_code_pointer
sub_089FD78C,0x089FD78C,4,2,0,0,0,false,relocated_r_mips32_code_pointer
sub_089FD798,0x089FD798,4,2,0,0,0,false,relocated_r_mips32_code_pointer
sub_089FD7A4,0x089FD7A4,4,2,0,0,0,false,relocated_r_mips32_code_pointer
sub_089FD7B0,0x089FD7B0,4,2,0,0,0,false,relocated_r_mips32_code_pointer
sub_089FD7BC,0x089FD7BC,4,2,0,0,0,false,relocated_r_mips32_code_pointer
sub_089FD7C8,0x089FD7C8,4,2,0,0,0,false,relocated_r_mips32_code_pointer
sub_089FD7D4,0x089FD7D4,4,2,0,0,0,false,relocated_r_mips32_code_pointer
sub_089FD7E0,0x089FD7E0,4,2,0,0,0,false,relocated_r_mips32_code_pointer
sub_089FD7EC,0x089FD7EC,4,2,0,0,0,false,relocated_r_mips32_code_pointer
sub_089FD7F8,0x089FD7F8,4,2,0,0,0,false,relocated_r_mips32_code_pointer
sub_089FD804,0x089FD804,4,2,0,0,0,false,relocated_r_mips32_code_pointer
sub_089FD810,0x089FD810,4,2,0,0,0,false,relocated_r_mips32_code_pointer
sub_089FD81C,0x089FD81C,4,2,0,0,0,false,relocated_r_mips32_code_pointer
sub_089FD828,0x089FD828,4,2,0,0,0,false,relocated_r_mips32_code_pointer
sub_089FD834,0x089FD834,4,2,0,0,0,false,relocated_r_mips32_code_pointer
sub_089FD840,0x089FD840,4,2,0,0,0,false,relocated_r_mips32_code_pointer
sub_089FD84C,0x089FD84C,4,2,0,0,0,false,relocated_r_mips32_code_pointer
sub_089FD858,0x089FD858,4,2,0,0,0,false,relocated_r_mips32_code_pointer
sub_089FD864,0x089FD864,4,2,0,0,0,false,relocated_r_mips32_code_pointer
sub_089FD870,0x089FD870,4,2,0,0,0,false,relocated_r_mips32_code_pointer
sub_089FD87C,0x089FD87C,4,2,0,0,0,false,relocated_r_mips32_code_pointer
sub_089FD888,0x089FD888,4,2,0,0,0,false,relocated_r_mips32_code_pointer
sub_089FD894,0x089FD894,4,2,0,0,0,false,relocated_r_mips32_code_pointer
sub_089FD8A0,0x089FD8A0,4,2,0,0,0,false,relocated_r_mips32_code_pointer
sub_089FD8AC,0x089FD8AC,4,2,0,0,0,false,relocated_r_mips32_code_pointer
sub_089FD8B8,0x089FD8B8,4,2,0,0,0,false,relocated_r_mips32_code_pointer
sub_089FD8C4,0x089FD8C4,4,2,0,0,0,false,relocated_r_mips32_code_pointer
sub_089FD8D0,0x089FD8D0,4,2,0,0,0,false,relocated_r_mips32_code_pointer
sub_089FD8DC,0x089FD8DC,4,2,0,0,0,false,relocated_r_mips32_code_pointer
sub_089FD8E8,0x089FD8E8,4,2,0,0,0,false,relocated_r_mips32_code_pointer
sub_089FD8F4,0x089FD8F4,4,2,0,0,0,false,relocated_r_mips32_code_pointer
sub_089FD900,0x089FD900,4,2,0,0,0,false,relocated_r_mips32_code_pointer
sub_089FD90C,0x089FD90C,4,2,0,0,0,false,relocated_r_mips32_code_pointer
sub_089FD918,0x089FD918,4,2,0,0,0,false,relocated_r_mips32_code_pointer
sub_089FD924,0x089FD924,4,2,0,0,0,false,relocated_r_mips32_code_pointer
sub_089FD930,0x089FD930,4,2,0,0,0,false,relocated_r_mips32_code_pointer
sub_089FD93C,0x089FD93C,4,2,0,0,0,false,relocated_r_mips32_code_pointer
sub_089FD948,0x089FD948,4,2,0,0,0,false,relocated_r_mips32_code_pointer
sub_089FD954,0x089FD954,4,2,0,0,0,false,relocated_r_mips32_code_pointer
sub_089FD960,0x089FD960,4,2,0,0,0,false,relocated_r_mips32_code_pointer
sub_089FD96C,0x089FD96C,4,2,0,0,0,false,relocated_r_mips32_code_pointer
sub_089FD978,0x089FD978,4,2,0,0,0,false,relocated_r_mips32_code_pointer
sub_089FD984,0x089FD984,4,2,0,0,0,false,relocated_r_mips32_code_pointer
sub_089FD990,0x089FD990,4,2,0,0,0,false,relocated_r_mips32_code_pointer
sub_089FD99C,0x089FD99C,4,2,0,0,0,false,relocated_r_mips32_code_pointer
sub_089FD9A8,0x089FD9A8,4,2,0,0,0,false,relocated_r_mips32_code_pointer
sub_089FD9B4,0x089FD9B4,4,2,0,0,0,false,relocated_r_mips32_code_pointer
sub_089FD9C0,0x089FD9C0,4,2,0,0,0,false,relocated_r_mips32_code_pointer
sub_089FD9CC,0x089FD9CC,4,2,0,0,0,false,relocated_r_mips32_code_pointer
sub_089FD9D8,0x089FD9D8,4,2,0,0,0,false,relocated_r_mips32_code_pointer
sub_089FD9E4,0x089FD9E4,4,2,0,0,0,false,relocated_r_mips32_code_pointer
sub_089FD9F0,0x089FD9F0,4,2,0,0,0,false,relocated_r_mips32_code_pointer
sub_089FD9FC,0x089FD9FC,4,2,0,0,0,false,relocated_r_mips32_code_pointer
sub_089FDA08,0x089FDA08,4,2,0,0,0,false,relocated_r_mips32_code_pointer
sub_089FDA14,0x089FDA14,4,2,0,0,0,false,relocated_r_mips32_code_pointer
sub_089FDA20,0x089FDA20,5,4,1,0,0,false,relocated_r_mips32_code_pointer
sub_089FDA3C,0x089FDA3C,4,2,0,0,0,false,relocated_r_mips32_code_pointer
sub_089FDA48,0x089FDA48,4,3,0,0,0,false,direct_jal_target
sub_089FDA60,0x089FDA60,44,15,0,0,0,false,direct_jal_target
sub_089FDB3C,0x089FDB3C,53,23,0,0,0,false,direct_jal_target
sub_089FDC58,0x089FDC58,71,37,0,0,0,false,direct_jal_target
sub_089FDDE0,0x089FDDE0,22,11,0,0,0,false,direct_jal_target
sub_089FDE58,0x089FDE58,19,8,1,0,0,false,direct_jal_target
sub_089FDEC0,0x089FDEC0,17,8,0,0,0,false,direct_jal_target
sub_089FDF1C,0x089FDF1C,810,283,25,0,0,false,direct_jal_target
sub_089FDF98,0x089FDF98,2,1,0,0,0,false,relocated_r_mips32_code_pointer
sub_089FDFA0,0x089FDFA0,787,283,25,0,0,false,relocated_r_mips32_code_pointer
sub_089FDFB8,0x089FDFB8,20,5,1,0,0,false,relocated_r_mips32_code_pointer
sub_089FE018,0x089FE018,782,281,25,0,0,false,relocated_r_mips32_code_pointer
sub_089FEF70,0x089FEF70,794,284,25,0,0,false,relocated_r_mips32_code_pointer
sub_089FEF80,0x089FEF80,9,2,1,0,0,false,direct_jal_target
sub_089FEFE4,0x089FEFE4,92,27,0,0,0,false,direct_jal_target
sub_089FF1A8,0x089FF1A8,11,2,1,0,0,false,direct_jal_target
sub_089FF1DC,0x089FF1DC,86,27,0,0,0,false,direct_jal_target
sub_089FF388,0x089FF388,11,2,1,0,0,false,direct_jal_target
sub_089FF3BC,0x089FF3BC,5,2,1,0,0,false,direct_jal_target
sub_089FF3D8,0x089FF3D8,1,1,0,0,0,false,direct_jal_target
sub_089FF3E0,0x089FF3E0,15,5,1,0,0,false,direct_jal_target
sub_089FF42C,0x089FF42C,37,7,2,0,0,false,direct_jal_target
sub_089FF4D4,0x089FF4D4,25,6,2,0,0,false,direct_jal_target
sub_089FF54C,0x089FF54C,359,122,4,0,0,false,direct_jal_target
sub_089FF6C8,0x089FF6C8,324,114,2,0,0,false,relocated_r_mips32_code_pointer
sub_089FF6E8,0x089FF6E8,324,113,2,0,0,false,relocated_r_mips32_code_pointer
sub_089FF6FC,0x089FF6FC,329,115,2,0,0,false,relocated_r_mips32_code_pointer
sub_089FF720,0x089FF720,324,113,2,0,0,false,relocated_r_mips32_code_pointer
sub_089FF734,0x089FF734,323,114,2,0,0,false,relocated_r_mips32_code_pointer
sub_089FF740,0x089FF740,344,120,2,0,0,false,relocated_r_mips32_code_pointer
sub_089FF7B4,0x089FF7B4,324,113,2,0,0,false,relocated_r_mips32_code_pointer
sub_089FF7C8,0x089FF7C8,332,115,2,0,0,false,relocated_r_mips32_code_pointer
sub_089FF800,0x089FF800,3,1,0,0,0,false,relocated_r_mips32_code_pointer
sub_089FF80C,0x089FF80C,432,153,5,0,0,false,relocated_r_mips32_code_pointer
sub_089FFF78,0x089FFF78,3,1,0,0,0,false,relocated_r_mips32_code_pointer
sub_089FFF84,0x089FFF84,424,152,5,0,0,false,relocated_r_mips32_code_pointer
sub_08A00000,0x08A00000,1,1,0,0,0,false,materialized_code_pointer
sub_08A00004,0x08A00004,403,145,5,0,0,false,materialized_code_pointer
sub_08A00014,0x08A00014,3,1,0,0,0,false,relocated_r_mips32_code_pointer
sub_08A00020,0x08A00020,424,151,5,0,0,false,relocated_r_mips32_code_pointer
sub_08A0009C,0x08A0009C,436,154,5,0,0,false,relocated_r_mips32_code_pointer
sub_08A00150,0x08A00150,344,117,4,0,0,false,relocated_r_mips32_code_pointer
sub_08A001D0,0x08A001D0,324,114,2,0,0,false,relocated_r_mips32_code_pointer
sub_08A001E0,0x08A001E0,331,117,2,0,0,false,relocated_r_mips32_code_pointer
sub_08A00210,0x08A00210,351,119,2,0,0,false,relocated_r_mips32_code_pointer
sub_08A002A8,0x08A002A8,412,145,5,0,0,false,relocated_r_mips32_code_pointer
sub_08A002E0,0x08A002E0,324,114,2,0,0,false,relocated_r_mips32_code_pointer
sub_08A002F0,0x08A002F0,386,140,8,0,0,false,relocated_r_mips32_code_pointer
sub_08A00458,0x08A00458,320,111,2,0,0,false,relocated_r_mips32_code_pointer
sub_08A00498,0x08A00498,436,155,5,0,0,false,relocated_r_mips32_code_pointer
sub_08A004E0,0x08A004E0,15,5,1,0,0,false,direct_jal_target
sub_08A0052C,0x08A0052C,37,7,2,0,0,false,direct_jal_target
sub_08A005D4,0x08A005D4,25,6,2,0,0,false,direct_jal_target
sub_08A0064C,0x08A0064C,766,247,7,0,0,false,direct_jal_target
sub_08A007F0,0x08A007F0,722,238,4,0,0,false,relocated_r_mips32_code_pointer
sub_08A00810,0x08A00810,722,237,4,0,0,false,relocated_r_mips32_code_pointer
sub_08A00824,0x08A00824,728,239,4,0,0,false,relocated_r_mips32_code_pointer
sub_08A0084C,0x08A0084C,722,237,4,0,0,false,relocated_r_mips32_code_pointer
sub_08A00860,0x08A00860,721,238,4,0,0,false,relocated_r_mips32_code_pointer
sub_08A0086C,0x08A0086C,742,244,4,0,0,false,relocated_r_mips32_code_pointer
sub_08A008E0,0x08A008E0,722,237,4,0,0,false,relocated_r_mips32_code_pointer
sub_08A008F4,0x08A008F4,730,239,4,0,0,false,relocated_r_mips32_code_pointer
sub_08A0092C,0x08A0092C,3,1,0,0,0,false,relocated_r_mips32_code_pointer
sub_08A00938,0x08A00938,827,276,7,0,0,false,relocated_r_mips32_code_pointer
sub_08A0185C,0x08A0185C,722,237,4,0,0,false,relocated_r_mips32_code_pointer
sub_08A01870,0x08A01870,3,1,0,0,0,false,relocated_r_mips32_code_pointer
sub_08A0187C,0x08A0187C,825,276,7,0,0,false,relocated_r_mips32_code_pointer
sub_08A0190C,0x08A0190C,3,1,0,0,0,false,relocated_r_mips32_code_pointer
sub_08A01918,0x08A01918,822,275,7,0,0,false,relocated_r_mips32_code_pointer
sub_08A01994,0x08A01994,834,278,7,0,0,false,relocated_r_mips32_code_pointer
sub_08A01A48,0x08A01A48,742,241,6,0,0,false,relocated_r_mips32_code_pointer
sub_08A01AC8,0x08A01AC8,829,280,9,0,0,false,relocated_r_mips32_code_pointer
sub_08A01D18,0x08A01D18,722,238,4,0,0,false,relocated_r_mips32_code_pointer
sub_08A01D28,0x08A01D28,729,241,4,0,0,false,relocated_r_mips32_code_pointer
sub_08A01D58,0x08A01D58,750,243,4,0,0,false,relocated_r_mips32_code_pointer
sub_08A01DF4,0x08A01DF4,810,269,7,0,0,false,relocated_r_mips32_code_pointer
sub_08A01E2C,0x08A01E2C,722,238,4,0,0,false,relocated_r_mips32_code_pointer
sub_08A01E3C,0x08A01E3C,784,264,10,0,0,false,relocated_r_mips32_code_pointer
sub_08A01FA4,0x08A01FA4,718,235,4,0,0,false,relocated_r_mips32_code_pointer
sub_08A01FE4,0x08A01FE4,834,279,7,0,0,false,relocated_r_mips32_code_pointer
sub_08A0202C,0x08A0202C,97,22,4,0,0,false,direct_jal_target
sub_08A021F4,0x08A021F4,46,10,0,0,0,false,direct_jal_target
sub_08A02394,0x08A02394,138,43,1,0,0,false,direct_jal_target
sub_08A0240C,0x08A0240C,119,42,1,0,0,false,relocated_r_mips32_code_pointer
sub_08A024D0,0x08A024D0,12,2,0,0,0,false,relocated_r_mips32_code_pointer
sub_08A024D8,0x08A024D8,121,44,1,0,0,false,relocated_r_mips32_code_pointer
sub_08A024E4,0x08A024E4,125,44,1,0,0,false,relocated_r_mips32_code_pointer
sub_08A02500,0x08A02500,1,1,0,0,0,false,relocated_r_mips32_code_pointer
sub_08A02504,0x08A02504,121,43,1,0,0,false,relocated_r_mips32_code_pointer
sub_08A025A8,0x08A025A8,197,75,4,0,0,false,relocated_r_mips32_code_pointer
sub_08A02750,0x08A02750,181,68,1,0,0,false,relocated_r_mips32_code_pointer
sub_08A0289C,0x08A0289C,266,95,5,0,0,false,relocated_r_mips32_code_pointer
sub_08A02B7C,0x08A02B7C,202,72,4,1,0,false,relocated_r_mips32_code_pointer
sub_08A02BCC,0x08A02BCC,216,82,4,1,0,false,relocated_r_mips32_code_pointer
sub_08A02C28,0x08A02C28,185,69,4,1,0,false,relocated_r_mips32_code_pointer
sub_08A02DB0,0x08A02DB0,210,80,4,1,0,false,relocated_r_mips32_code_pointer
sub_08A02DC4,0x08A02DC4,216,79,4,1,0,false,relocated_r_mips32_code_pointer
sub_08A02DEC,0x08A02DEC,218,81,4,1,0,false,relocated_r_mips32_code_pointer
sub_08A02E18,0x08A02E18,212,80,4,1,0,false,relocated_r_mips32_code_pointer
sub_08A02E30,0x08A02E30,213,82,4,1,0,false,relocated_r_mips32_code_pointer
sub_08A02E50,0x08A02E50,219,77,6,0,0,false,relocated_r_mips32_code_pointer
sub_08A02EB0,0x08A02EB0,227,84,7,0,0,false,relocated_r_mips32_code_pointer
sub_08A02EBC,0x08A02EBC,223,81,7,0,0,false,relocated_r_mips32_code_pointer
sub_08A02EF8,0x08A02EF8,198,73,6,0,0,false,relocated_r_mips32_code_pointer
sub_08A030BC,0x08A030BC,224,83,7,0,0,false,relocated_r_mips32_code_pointer
sub_08A030D0,0x08A030D0,225,83,7,0,0,false,relocated_r_mips32_code_pointer
sub_08A030E8,0x08A030E8,237,86,7,0,0,false,relocated_r_mips32_code_pointer
sub_08A03168,0x08A03168,1,1,0,0,0,false,relocated_r_mips32_code_pointer
sub_08A0316C,0x08A0316C,125,43,1,0,0,false,relocated_r_mips32_code_pointer
sub_08A03188,0x08A03188,121,44,1,0,0,false,relocated_r_mips32_code_pointer
sub_08A03194,0x08A03194,1,1,0,0,0,false,relocated_r_mips32_code_pointer
sub_08A03198,0x08A03198,125,43,1,0,0,false,relocated_r_mips32_code_pointer
sub_08A031B4,0x08A031B4,1,1,0,0,0,false,relocated_r_mips32_code_pointer
sub_08A031B8,0x08A031B8,120,43,1,0,0,false,relocated_r_mips32_code_pointer
sub_08A031C0,0x08A031C0,124,44,2,0,0,false,relocated_r_mips32_code_pointer
sub_08A031DC,0x08A031DC,120,43,1,0,0,false,relocated_r_mips32_code_pointer
sub_08A031E4,0x08A031E4,126,46,1,0,0,false,relocated_r_mips32_code_pointer
sub_08A0320C,0x08A0320C,124,43,1,0,0,false,relocated_r_mips32_code_pointer
sub_08A03224,0x08A03224,126,46,1,0,0,false,relocated_r_mips32_code_pointer
sub_08A03240,0x08A03240,141,51,1,0,0,false,relocated_r_mips32_code_pointer
sub_08A032BC,0x08A032BC,126,44,1,0,0,false,relocated_r_mips32_code_pointer
sub_08A032D8,0x08A032D8,122,43,1,0,0,false,relocated_r_mips32_code_pointer
sub_08A032F4,0x08A032F4,119,42,1,0,0,false,relocated_r_mips32_code_pointer
sub_08A0331C,0x08A0331C,126,44,1,0,0,false,relocated_r_mips32_code_pointer
sub_08A033A8,0x08A033A8,40,18,0,0,0,false,direct_jal_target
sub_08A03480,0x08A03480,21,4,1,0,0,false,direct_jal_target
sub_08A03540,0x08A03540,22,2,1,0,0,false,direct_jal_target
sub_08A035F0,0x08A035F0,51,19,3,0,0,false,direct_jal_target
sub_08A036FC,0x08A036FC,21,6,1,0,0,false,direct_jal_target
sub_08A0379C,0x08A0379C,72,18,1,0,0,false,direct_jal_target
sub_08A03930,0x08A03930,236,49,2,0,0,false,direct_jal_target
sub_08A03D90,0x08A03D90,53,25,3,0,0,false,direct_jal_target
sub_08A03EA4,0x08A03EA4,127,26,1,0,0,false,direct_jal_target
sub_08A040E8,0x08A040E8,976,314,25,0,0,false,direct_jal_target
sub_08A043D0,0x08A043D0,754,263,23,0,0,false,relocated_r_mips32_code_pointer
sub_08A052C0,0x08A052C0,1,1,0,0,0,false,relocated_r_mips32_code_pointer
sub_08A052C4,0x08A052C4,758,264,23,0,0,false,relocated_r_mips32_code_pointer
sub_08A052E0,0x08A052E0,1,1,0,0,0,false,relocated_r_mips32_code_pointer
sub_08A052E4,0x08A052E4,759,264,23,0,0,false,relocated_r_mips32_code_pointer
sub_08A05474,0x08A05474,1,1,0,0,0,false,direct_jal_target
sub_08A0547C,0x08A0547C,1,1,0,0,0,false,direct_jal_target
sub_08A05484,0x08A05484,46,19,2,1,0,false,direct_jal_target
sub_08A05578,0x08A05578,21,1,0,0,0,false,direct_jal_target
sub_08A055D0,0x08A055D0,25,5,2,0,0,false,direct_jal_target
sub_08A05728,0x08A05728,6,2,1,0,0,false,direct_jal_target
sub_08A0576C,0x08A0576C,29,4,1,0,0,false,direct_jal_target
sub_08A057F0,0x08A057F0,59,15,2,0,0,false,direct_jal_target
sub_08A0590C,0x08A0590C,130,39,3,0,0,false,direct_jal_target
sub_08A05B90,0x08A05B90,67,15,3,0,0,false,direct_jal_target
sub_08A05CD4,0x08A05CD4,50,22,0,2,0,false,direct_jal_target
sub_08A05DDC,0x08A05DDC,8,3,0,0,0,false,direct_jal_target
sub_08A05E04,0x08A05E04,30,9,1,0,0,false,direct_jal_target
sub_08A05EA4,0x08A05EA4,2,1,0,0,0,false,direct_jal_target
sub_08A05EDC,0x08A05EDC,6,2,1,0,0,false,direct_jal_target
sub_08A05EFC,0x08A05EFC,70,21,3,0,0,false,direct_jal_target
sub_08A06054,0x08A06054,23,6,1,0,0,false,direct_jal_target
sub_08A06104,0x08A06104,13,4,0,0,0,false,direct_jal_target
sub_08A06144,0x08A06144,37,11,1,0,0,false,direct_jal_target
sub_08A061FC,0x08A061FC,9,3,0,0,0,false,direct_jal_target
sub_08A06228,0x08A06228,60,10,3,0,0,false,direct_jal_target
sub_08A06338,0x08A06338,61,13,2,0,0,false,direct_jal_target
sub_08A06458,0x08A06458,25,12,0,0,0,false,direct_jal_target
sub_08A064D8,0x08A064D8,34,19,0,0,0,false,direct_jal_target
sub_08A06590,0x08A06590,11,2,1,0,0,false,direct_jal_target
sub_08A065C4,0x08A065C4,119,23,1,0,0,false,direct_jal_target
sub_08A067DC,0x08A067DC,53,18,4,0,0,false,direct_jal_target
sub_08A068F4,0x08A068F4,66,16,2,0,0,false,direct_jal_target
sub_08A06A2C,0x08A06A2C,21,7,0,0,0,false,direct_jal_target
sub_08A06A94,0x08A06A94,82,16,2,0,0,false,direct_jal_target
sub_08A06C10,0x08A06C10,22,8,0,0,0,false,direct_jal_target
sub_08A06C80,0x08A06C80,65,13,1,0,0,false,direct_jal_target
sub_08A06DA4,0x08A06DA4,80,16,3,0,0,false,direct_jal_target
sub_08A06F14,0x08A06F14,34,7,2,0,0,false,direct_jal_target
sub_08A07054,0x08A07054,14,1,0,0,0,false,direct_jal_target
sub_08A07090,0x08A07090,22,5,1,0,0,false,materialized_code_pointer
sub_08A070F8,0x08A070F8,29,5,2,0,0,false,materialized_code_pointer
sub_08A07180,0x08A07180,23,5,1,0,0,false,materialized_code_pointer
sub_08A071EC,0x08A071EC,7,2,1,0,0,false,materialized_code_pointer
sub_08A07210,0x08A07210,147,44,2,0,0,false,direct_jal_target
sub_08A074E0,0x08A074E0,138,40,2,0,0,false,direct_jal_target
sub_08A07784,0x08A07784,49,11,3,0,0,false,direct_jal_target
sub_08A0786C,0x08A0786C,79,26,3,0,0,false,direct_jal_target
sub_08A079FC,0x08A079FC,21,6,1,0,0,false,direct_jal_target
sub_08A07A64,0x08A07A64,18,6,1,0,0,false,direct_jal_target
sub_08A07AC0,0x08A07AC0,20,6,1,0,0,false,direct_jal_target
sub_08A07B24,0x08A07B24,21,6,1,0,0,false,direct_jal_target
sub_08A07B8C,0x08A07B8C,21,6,1,0,0,false,direct_jal_target
sub_08A07BF4,0x08A07BF4,337,105,0,0,17,false,direct_jal_target
sub_08A08258,0x08A08258,15,3,2,0,0,false,direct_jal_target
sub_08A082A0,0x08A082A0,17,5,0,1,0,false,direct_jal_target
sub_08A082F4,0x08A082F4,68,18,2,0,0,false,direct_jal_target
sub_08A089FC,0x08A089FC,9,3,0,0,0,false,direct_jal_target
sub_08A08CA8,0x08A08CA8,28,6,0,0,0,false,direct_jal_target
sub_08A08D28,0x08A08D28,23,6,1,0,0,false,direct_jal_target
sub_08A08D98,0x08A08D98,21,6,1,0,0,false,direct_jal_target
sub_08A08E68,0x08A08E68,21,6,1,0,0,false,direct_jal_target
sub_08A08ED0,0x08A08ED0,27,7,1,0,0,false,direct_jal_target
sub_08A090CC,0x08A090CC,12,3,1,0,0,false,direct_jal_target
sub_08A09108,0x08A09108,475,111,6,0,0,false,materialized_code_pointer
sub_08A099D4,0x08A099D4,6,3,0,0,0,false,direct_jal_target
sub_08A099F8,0x08A099F8,8,3,0,0,0,false,direct_jal_target
sub_08A09A24,0x08A09A24,52,5,0,0,2,false,direct_jal_target
sub_08A09B00,0x08A09B00,17,5,1,0,0,false,direct_jal_target
sub_08A09BBC,0x08A09BBC,52,15,4,0,0,false,direct_jal_target
sub_08A09CBC,0x08A09CBC,12,3,1,0,0,false,direct_jal_target
sub_08A09CF8,0x08A09CF8,12,3,1,0,0,false,direct_jal_target
sub_08A09D34,0x08A09D34,18,4,1,0,0,false,direct_jal_target
sub_08A09E14,0x08A09E14,22,4,1,0,0,false,direct_jal_target
sub_08A09E78,0x08A09E78,16,4,1,0,0,false,direct_jal_target
sub_08A09EC8,0x08A09EC8,20,4,1,0,0,false,direct_jal_target
sub_08A09FCC,0x08A09FCC,24,4,1,0,0,false,direct_jal_target
sub_08A0A144,0x08A0A144,11,5,1,0,0,false,direct_jal_target
sub_08A0A550,0x08A0A550,5,2,1,0,0,false,direct_jal_target
sub_08A0A56C,0x08A0A56C,8,3,0,0,0,false,direct_jal_target
sub_08A0A594,0x08A0A594,172,30,0,0,0,false,direct_jal_target
sub_08A0B0C4,0x08A0B0C4,35,10,0,0,0,false,direct_jal_target
sub_08A0B16C,0x08A0B16C,28,17,2,0,0,false,direct_jal_target
sub_08A0B20C,0x08A0B20C,11,3,0,0,0,false,direct_jal_target
sub_08A0B240,0x08A0B240,18,6,0,0,0,false,direct_jal_target
sub_08A0B298,0x08A0B298,32,5,1,0,0,false,direct_jal_target
sub_08A0B2D8,0x08A0B2D8,6,2,1,0,0,false,relocated_r_mips32_code_pointer
sub_08A0B32C,0x08A0B32C,17,4,0,0,0,false,relocated_r_mips32_code_pointer
sub_08A0B35C,0x08A0B35C,18,5,0,0,0,false,relocated_r_mips32_code_pointer
sub_08A0B370,0x08A0B370,19,5,0,0,0,false,relocated_r_mips32_code_pointer
sub_08A0B388,0x08A0B388,20,5,0,0,0,false,relocated_r_mips32_code_pointer
sub_08A0B3A4,0x08A0B3A4,18,6,1,0,0,false,relocated_r_mips32_code_pointer
sub_08A0B3BC,0x08A0B3BC,18,6,1,0,0,false,relocated_r_mips32_code_pointer
sub_08A0B3D4,0x08A0B3D4,70,13,4,0,0,false,direct_jal_target
sub_08A0B51C,0x08A0B51C,32,13,2,0,0,false,direct_jal_target
sub_08A0B5D0,0x08A0B5D0,33,7,0,2,0,false,direct_jal_target
sub_08A0B668,0x08A0B668,28,8,3,0,0,false,direct_jal_target
sub_08A0B6F0,0x08A0B6F0,228,74,20,2,0,false,direct_jal_target
sub_08A0B7E4,0x08A0B7E4,183,58,15,2,0,false,relocated_r_mips32_code_pointer
sub_08A0B928,0x08A0B928,213,90,18,2,0,false,direct_jal_target
sub_08A0BCEC,0x08A0BCEC,25,11,7,2,0,false,direct_jal_target
sub_08A0BD24,0x08A0BD24,17,5,3,1,0,false,direct_jal_target
sub_08A0BD3C,0x08A0BD3C,12,4,2,1,0,false,direct_jal_target
sub_08A0BD54,0x08A0BD54,8,2,1,0,0,false,direct_jal_target
sub_08A0BD8C,0x08A0BD8C,63,17,7,1,0,false,materialized_code_pointer
sub_08A0BDD4,0x08A0BDD4,50,12,5,0,0,false,direct_jal_target
sub_08A0BE48,0x08A0BE48,24,9,4,0,0,false,direct_jal_target
sub_08A0BEC8,0x08A0BEC8,10,3,2,0,0,false,relocated_r_mips32_code_pointer
sub_08A0BEEC,0x08A0BEEC,3,1,0,0,0,false,direct_jal_target
sub_08A0BEFC,0x08A0BEFC,3,1,1,0,0,false,direct_jal_target
sub_08A0BF0C,0x08A0BF0C,3,1,0,0,0,false,relocated_r_mips32_code_pointer
sub_08A0BF1C,0x08A0BF1C,3,1,1,0,0,false,relocated_r_mips32_code_pointer
sub_08A0BF3C,0x08A0BF3C,3,1,1,0,0,false,relocated_r_mips32_code_pointer
sub_08A0BF4C,0x08A0BF4C,11,2,2,0,0,false,relocated_r_mips32_code_pointer
sub_08A0BF90,0x08A0BF90,3,1,1,0,0,false,relocated_r_mips32_code_pointer
sub_08A0BFA0,0x08A0BFA0,11,2,2,0,0,false,relocated_r_mips32_code_pointer
sub_08A0BFD4,0x08A0BFD4,1,1,0,0,0,false,relocated_r_mips32_code_pointer
sub_08A0BFDC,0x08A0BFDC,1,1,0,0,0,false,relocated_r_mips32_code_pointer
sub_08A0BFE4,0x08A0BFE4,1,1,0,0,0,false,relocated_r_mips32_code_pointer
sub_08A0BFEC,0x08A0BFEC,3,1,1,0,0,false,relocated_r_mips32_code_pointer
sub_08A0BFFC,0x08A0BFFC,11,2,2,0,0,false,relocated_r_mips32_code_pointer
sub_08A0C040,0x08A0C040,3,1,1,0,0,false,relocated_r_mips32_code_pointer
sub_08A0C050,0x08A0C050,11,2,2,0,0,false,relocated_r_mips32_code_pointer
sub_08A0C094,0x08A0C094,3,1,1,0,0,false,relocated_r_mips32_code_pointer
sub_08A0C0A4,0x08A0C0A4,11,2,2,0,0,false,relocated_r_mips32_code_pointer
sub_08A0C0D8,0x08A0C0D8,4,1,0,0,0,false,relocated_r_mips32_code_pointer
sub_08A0C0EC,0x08A0C0EC,4,1,0,0,0,false,relocated_r_mips32_code_pointer
sub_08A0C100,0x08A0C100,20,5,0,1,0,false,relocated_r_mips32_code_pointer
sub_08A0C164,0x08A0C164,10,4,0,0,0,false,relocated_r_mips32_code_pointer
sub_08A0C19C,0x08A0C19C,12,7,0,0,0,false,relocated_r_mips32_code_pointer
sub_08A0C1E4,0x08A0C1E4,11,3,0,0,0,false,direct_jal_target
sub_08A0C21C,0x08A0C21C,26,5,1,1,0,false,relocated_r_mips32_code_pointer
sub_08A0C294,0x08A0C294,42,11,0,1,0,false,relocated_r_mips32_code_pointer
sub_08A0C364,0x08A0C364,147,41,1,1,0,false,relocated_r_mips32_code_pointer
sub_08A0C634,0x08A0C634,73,19,0,2,0,false,direct_jal_target
sub_08A0C794,0x08A0C794,24,4,0,1,0,false,relocated_r_mips32_code_pointer
sub_08A0C800,0x08A0C800,79,15,0,1,0,false,relocated_r_mips32_code_pointer
sub_08A0C96C,0x08A0C96C,270,94,0,3,0,false,relocated_r_mips32_code_pointer
sub_08A0CED4,0x08A0CED4,116,48,14,1,0,false,relocated_data_code_pointer
sub_08A0D0DC,0x08A0D0DC,28,6,3,0,0,false,relocated_r_mips32_code_pointer
sub_08A0D180,0x08A0D180,44,15,6,0,0,false,direct_jal_target
sub_08A0D284,0x08A0D284,72,27,6,0,0,false,direct_jal_target
sub_08A0D34C,0x08A0D34C,33,15,3,0,0,false,direct_jal_target
sub_08A0D430,0x08A0D430,3,1,0,0,0,false,direct_jal_target
sub_08A0D440,0x08A0D440,3,1,0,0,0,false,relocated_r_mips32_code_pointer
sub_08A0D450,0x08A0D450,3,1,1,0,0,false,relocated_r_mips32_code_pointer
sub_08A0D470,0x08A0D470,3,1,1,0,0,false,materialized_code_pointer
sub_08A0D480,0x08A0D480,11,2,2,0,0,false,relocated_r_mips32_code_pointer
sub_08A0D4B4,0x08A0D4B4,3,1,0,0,0,false,relocated_r_mips32_code_pointer
sub_08A0D4C4,0x08A0D4C4,19,7,2,0,0,false,relocated_r_mips32_code_pointer
sub_08A0D528,0x08A0D528,2,1,0,0,0,false,direct_jal_target
sub_08A0D534,0x08A0D534,36,16,4,0,0,false,direct_jal_target
sub_08A0D5FC,0x08A0D5FC,16,8,3,0,0,false,direct_jal_target
sub_08A0D674,0x08A0D674,6,3,0,0,0,false,direct_jal_target
sub_08A0D694,0x08A0D694,9,4,1,0,0,false,direct_jal_target
sub_08A0D6C4,0x08A0D6C4,330,71,6,0,0,false,direct_jal_target
sub_08A0DCF8,0x08A0DCF8,124,33,2,0,0,false,direct_jal_target
sub_08A0DF50,0x08A0DF50,57,19,4,0,0,false,direct_jal_target
sub_08A0E07C,0x08A0E07C,4,1,0,0,0,false,direct_jal_target
sub_08A0E090,0x08A0E090,127,32,2,0,0,false,direct_jal_target
sub_08A0E2FC,0x08A0E2FC,41,7,1,0,0,false,direct_jal_target
sub_08A0E3B4,0x08A0E3B4,44,13,4,0,0,false,direct_jal_target
sub_08A0E494,0x08A0E494,123,13,1,0,0,false,direct_jal_target
sub_08A0E6B0,0x08A0E6B0,97,22,3,0,0,false,direct_jal_target
sub_08A0E884,0x08A0E884,57,19,4,0,0,false,direct_jal_target
sub_08A0E9B0,0x08A0E9B0,30,8,3,0,0,false,direct_jal_target
sub_08A0EA44,0x08A0EA44,147,31,6,0,0,false,direct_jal_target
sub_08A0ED04,0x08A0ED04,39,17,3,0,0,false,direct_jal_target
sub_08A0EDE4,0x08A0EDE4,39,17,3,0,0,false,direct_jal_target
sub_08A0EF44,0x08A0EF44,68,18,6,0,0,false,direct_jal_target
sub_08A0F098,0x08A0F098,68,18,6,0,0,false,direct_jal_target
sub_08A0F1EC,0x08A0F1EC,68,20,5,0,0,false,direct_jal_target
sub_08A0F34C,0x08A0F34C,76,20,6,0,0,false,direct_jal_target
sub_08A0F4C4,0x08A0F4C4,84,22,6,0,0,false,direct_jal_target
sub_08A0F664,0x08A0F664,81,22,6,0,0,false,direct_jal_target
sub_08A0F7F8,0x08A0F7F8,84,25,6,0,0,false,direct_jal_target
sub_08A0F9A4,0x08A0F9A4,84,25,6,0,0,false,direct_jal_target
sub_08A0FB50,0x08A0FB50,236,69,11,0,0,false,direct_jal_target
sub_08A10000,0x08A10000,47,18,5,0,0,false,materialized_code_pointer
sub_08A10068,0x08A10068,88,28,5,0,0,false,direct_jal_target
sub_08A10224,0x08A10224,71,20,6,0,0,false,direct_jal_target
sub_08A10388,0x08A10388,244,83,10,0,0,false,direct_jal_target
sub_08A1088C,0x08A1088C,476,100,5,0,0,false,direct_jal_target
sub_08A11188,0x08A11188,407,88,7,0,0,false,direct_jal_target
sub_08A11934,0x08A11934,148,60,5,0,0,false,direct_jal_target
sub_08A11C60,0x08A11C60,183,37,6,0,0,false,direct_jal_target
sub_08A11FC8,0x08A11FC8,302,65,8,0,0,false,direct_jal_target
sub_08A1256C,0x08A1256C,174,61,2,0,0,false,direct_jal_target
sub_08A128E0,0x08A128E0,376,84,6,0,0,false,direct_jal_target
sub_08A13000,0x08A13000,113,22,6,0,0,false,direct_jal_target
sub_08A13214,0x08A13214,935,216,10,0,0,false,direct_jal_target
sub_08A143C0,0x08A143C0,400,78,8,0,0,false,direct_jal_target
sub_08A14B20,0x08A14B20,179,44,8,0,0,false,direct_jal_target
sub_08A14E88,0x08A14E88,152,48,4,0,0,false,direct_jal_target
sub_08A15178,0x08A15178,488,97,2,0,0,false,direct_jal_target
sub_08A15920,0x08A15920,201,32,2,0,0,false,direct_jal_target
sub_08A15DE8,0x08A15DE8,205,36,4,0,0,false,direct_jal_target
sub_08A161A8,0x08A161A8,726,164,9,0,0,false,direct_jal_target
sub_08A16F14,0x08A16F14,156,29,4,0,0,false,direct_jal_target
sub_08A171F4,0x08A171F4,381,75,7,0,0,false,direct_jal_target
sub_08A1790C,0x08A1790C,76,8,0,0,0,false,direct_jal_target
sub_08A17A5C,0x08A17A5C,445,113,2,0,0,false,direct_jal_target
sub_08A182A0,0x08A182A0,49,7,0,0,0,false,direct_jal_target
sub_08A18378,0x08A18378,150,18,1,0,0,false,direct_jal_target
sub_08A18610,0x08A18610,7,1,0,0,0,false,direct_jal_target
sub_08A18630,0x08A18630,423,103,8,0,0,false,direct_jal_target
sub_08A18E48,0x08A18E48,4,1,0,0,0,false,direct_jal_target
sub_08A18E5C,0x08A18E5C,9,1,0,0,0,false,direct_jal_target
sub_08A18E84,0x08A18E84,1,1,0,0,0,false,direct_jal_target
sub_08A18E8C,0x08A18E8C,116,24,2,0,0,false,direct_jal_target
sub_08A190AC,0x08A190AC,3,1,0,0,0,false,direct_jal_target
sub_08A190BC,0x08A190BC,6,1,0,0,0,false,direct_jal_target
sub_08A190D8,0x08A190D8,45,16,0,0,0,false,direct_jal_target
sub_08A191C4,0x08A191C4,4,1,0,0,0,false,direct_jal_target
sub_08A191D8,0x08A191D8,67,18,1,0,0,false,direct_jal_target
sub_08A19324,0x08A19324,6,1,0,0,0,false,direct_jal_target
sub_08A19340,0x08A19340,3,1,0,0,0,false,relocated_r_mips32_code_pointer
sub_08A19350,0x08A19350,3,1,1,0,0,false,relocated_r_mips32_code_pointer
sub_08A19360,0x08A19360,1,1,0,0,0,false,relocated_r_mips32_code_pointer
sub_08A19368,0x08A19368,10,1,0,0,0,false,relocated_r_mips32_code_pointer
sub_08A19394,0x08A19394,10,1,1,0,0,false,relocated_r_mips32_code_pointer
sub_08A193C0,0x08A193C0,3,1,0,0,0,false,relocated_r_mips32_code_pointer
sub_08A193D0,0x08A193D0,3,1,1,0,0,false,relocated_r_mips32_code_pointer
sub_08A193E0,0x08A193E0,3,1,1,0,0,false,relocated_r_mips32_code_pointer
sub_08A193F0,0x08A193F0,45,7,0,0,0,false,relocated_r_mips32_code_pointer
sub_08A194C0,0x08A194C0,1,1,0,0,0,false,relocated_r_mips32_code_pointer
sub_08A194C8,0x08A194C8,7,1,0,0,0,false,relocated_r_mips32_code_pointer
sub_08A194E8,0x08A194E8,17,4,3,0,0,false,materialized_code_pointer
sub_08A1953C,0x08A1953C,10,3,2,0,0,false,materialized_code_pointer
sub_08A19570,0x08A19570,10,3,2,0,0,false,materialized_code_pointer
sub_08A195A4,0x08A195A4,10,3,2,0,0,false,materialized_code_pointer
sub_08A19640,0x08A19640,3,1,1,0,0,false,relocated_r_mips32_code_pointer
sub_08A19650,0x08A19650,11,2,2,0,0,false,relocated_r_mips32_code_pointer
sub_08A19684,0x08A19684,13,3,2,0,0,false,materialized_code_pointer
sub_08A196C4,0x08A196C4,27,2,1,0,0,false,relocated_r_mips32_code_pointer
sub_08A19738,0x08A19738,4,1,0,0,0,false,relocated_r_mips32_code_pointer
sub_08A1974C,0x08A1974C,1,1,0,0,0,false,relocated_r_mips32_code_pointer
sub_08A19754,0x08A19754,1,1,0,0,0,false,relocated_r_mips32_code_pointer
sub_08A1975C,0x08A1975C,10,3,2,0,0,false,materialized_code_pointer
sub_08A19790,0x08A19790,19,3,2,0,0,false,materialized_code_pointer
sub_08A197E8,0x08A197E8,19,3,2,0,0,false,materialized_code_pointer
sub_08A19840,0x08A19840,19,3,2,0,0,false,materialized_code_pointer
sub_08A19898,0x08A19898,10,3,2,0,0,false,materialized_code_pointer
sub_08A198CC,0x08A198CC,10,3,2,0,0,false,materialized_code_pointer
sub_08A19900,0x08A19900,10,3,2,0,0,false,materialized_code_pointer
sub_08A19934,0x08A19934,19,3,2,0,0,false,materialized_code_pointer
sub_08A1998C,0x08A1998C,13,3,2,0,0,false,materialized_code_pointer
sub_08A199CC,0x08A199CC,10,3,2,0,0,false,materialized_code_pointer
sub_08A19A00,0x08A19A00,10,3,2,0,0,false,materialized_code_pointer
sub_08A19A34,0x08A19A34,10,3,2,0,0,false,materialized_code_pointer
sub_08A19A68,0x08A19A68,10,3,2,0,0,false,materialized_code_pointer
sub_08A19A9C,0x08A19A9C,10,3,2,0,0,false,materialized_code_pointer
sub_08A19AD0,0x08A19AD0,10,3,2,0,0,false,materialized_code_pointer
sub_08A19B04,0x08A19B04,10,3,2,0,0,false,materialized_code_pointer
sub_08A19B38,0x08A19B38,10,3,2,0,0,false,materialized_code_pointer
sub_08A19BA0,0x08A19BA0,20,3,2,0,0,false,materialized_code_pointer
sub_08A19BFC,0x08A19BFC,10,3,2,0,0,false,materialized_code_pointer
sub_08A19C30,0x08A19C30,10,3,2,0,0,false,materialized_code_pointer
sub_08A19CCC,0x08A19CCC,10,3,2,0,0,false,materialized_code_pointer
sub_08A19D00,0x08A19D00,19,4,3,0,0,false,materialized_code_pointer
sub_08A19D5C,0x08A19D5C,10,3,2,0,0,false,materialized_code_pointer
sub_08A19D90,0x08A19D90,10,3,2,0,0,false,materialized_code_pointer
sub_08A19DC4,0x08A19DC4,10,3,2,0,0,false,materialized_code_pointer
sub_08A19DF8,0x08A19DF8,10,3,2,0,0,false,materialized_code_pointer
sub_08A19E2C,0x08A19E2C,10,3,2,0,0,false,materialized_code_pointer
sub_08A19E60,0x08A19E60,10,3,2,0,0,false,materialized_code_pointer
sub_08A19E94,0x08A19E94,10,3,2,0,0,false,materialized_code_pointer
sub_08A19EC8,0x08A19EC8,19,3,2,0,0,false,materialized_code_pointer
sub_08A19F20,0x08A19F20,10,3,2,0,0,false,materialized_code_pointer
sub_08A19F54,0x08A19F54,10,3,2,0,0,false,materialized_code_pointer
sub_08A19F88,0x08A19F88,15,3,2,0,0,false,materialized_code_pointer
sub_08A19FD0,0x08A19FD0,10,3,2,0,0,false,materialized_code_pointer
sub_08A1A004,0x08A1A004,10,3,2,0,0,false,materialized_code_pointer
sub_08A1A038,0x08A1A038,10,3,2,0,0,false,materialized_code_pointer
sub_08A1A06C,0x08A1A06C,10,3,2,0,0,false,materialized_code_pointer
sub_08A1A0A0,0x08A1A0A0,10,3,2,0,0,false,materialized_code_pointer
sub_08A1A0D4,0x08A1A0D4,10,3,2,0,0,false,materialized_code_pointer
sub_08A1A108,0x08A1A108,5,1,0,0,0,false,relocated_r_mips32_code_pointer
sub_08A1A120,0x08A1A120,5,1,1,0,0,false,relocated_r_mips32_code_pointer
sub_08A1A138,0x08A1A138,5,1,0,0,0,false,relocated_r_mips32_code_pointer
sub_08A1A150,0x08A1A150,5,1,1,0,0,false,relocated_r_mips32_code_pointer
sub_08A1A168,0x08A1A168,27,9,4,0,0,false,direct_jal_target
sub_08A1A1F8,0x08A1A1F8,3,1,0,0,0,false,relocated_r_mips32_code_pointer
sub_08A1A208,0x08A1A208,3,1,1,0,0,false,relocated_r_mips32_code_pointer
sub_08A1A218,0x08A1A218,7,1,0,0,0,false,relocated_r_mips32_code_pointer
sub_08A1A238,0x08A1A238,7,1,0,0,0,false,relocated_r_mips32_code_pointer
sub_08A1A258,0x08A1A258,3,1,0,0,0,false,relocated_r_mips32_code_pointer
sub_08A1A268,0x08A1A268,134,10,1,0,0,false,direct_jal_target
sub_08A1A49C,0x08A1A49C,32,4,1,0,0,false,relocated_r_mips32_code_pointer
sub_08A1A52C,0x08A1A52C,15,3,2,0,0,false,materialized_code_pointer
sub_08A1A574,0x08A1A574,22,4,3,0,0,false,materialized_code_pointer
sub_08A1A5DC,0x08A1A5DC,3,1,0,0,0,false,relocated_r_mips32_code_pointer
sub_08A1A5EC,0x08A1A5EC,3,1,1,0,0,false,relocated_r_mips32_code_pointer
sub_08A1A5FC,0x08A1A5FC,3,1,0,0,0,false,relocated_r_mips32_code_pointer
sub_08A1A60C,0x08A1A60C,3,1,1,0,0,false,relocated_r_mips32_code_pointer
sub_08A1A61C,0x08A1A61C,3,1,0,0,0,false,relocated_r_mips32_code_pointer
sub_08A1A62C,0x08A1A62C,3,1,1,0,0,false,relocated_r_mips32_code_pointer
sub_08A1A63C,0x08A1A63C,29,6,0,1,0,false,relocated_r_mips32_code_pointer
sub_08A1A6C4,0x08A1A6C4,30,6,1,1,0,false,relocated_r_mips32_code_pointer
sub_08A1A750,0x08A1A750,64,12,0,2,0,false,relocated_r_mips32_code_pointer
sub_08A1A874,0x08A1A874,65,12,1,2,0,false,relocated_r_mips32_code_pointer
sub_08A1A99C,0x08A1A99C,3,1,0,0,0,false,relocated_r_mips32_code_pointer
sub_08A1A9AC,0x08A1A9AC,3,1,1,0,0,false,relocated_r_mips32_code_pointer
sub_08A1A9BC,0x08A1A9BC,107,5,2,0,0,false,direct_jal_target
sub_08A1AB78,0x08A1AB78,5,1,0,0,0,false,relocated_r_mips32_code_pointer
sub_08A1AB90,0x08A1AB90,4,1,0,0,0,false,relocated_r_mips32_code_pointer
sub_08A1ABA4,0x08A1ABA4,70,19,2,0,0,false,direct_jal_target
sub_08A1ACF0,0x08A1ACF0,74,29,3,2,0,false,relocated_r_mips32_code_pointer
sub_08A1AE78,0x08A1AE78,79,36,3,2,0,false,relocated_r_mips32_code_pointer
sub_08A1B034,0x08A1B034,285,13,2,0,0,false,direct_jal_target
sub_08A1B4D8,0x08A1B4D8,1,1,0,0,0,false,relocated_r_mips32_code_pointer
sub_08A1B4E0,0x08A1B4E0,1,1,0,0,0,false,relocated_r_mips32_code_pointer
sub_08A1B4E8,0x08A1B4E8,1,1,0,0,0,false,relocated_r_mips32_code_pointer
sub_08A1B4F0,0x08A1B4F0,1,1,0,0,0,false,relocated_r_mips32_code_pointer
sub_08A1B4F8,0x08A1B4F8,1,1,1,0,0,false,relocated_r_mips32_code_pointer
sub_08A1B500,0x08A1B500,3,1,0,0,0,false,relocated_r_mips32_code_pointer
sub_08A1B510,0x08A1B510,3,1,1,0,0,false,relocated_r_mips32_code_pointer
sub_08A1B520,0x08A1B520,1,1,0,0,0,false,relocated_r_mips32_code_pointer
sub_08A1B528,0x08A1B528,1,1,0,0,0,false,relocated_r_mips32_code_pointer
sub_08A1B530,0x08A1B530,1,1,0,0,0,false,relocated_r_mips32_code_pointer
sub_08A1B538,0x08A1B538,1,1,0,0,0,false,relocated_r_mips32_code_pointer
sub_08A1B540,0x08A1B540,1,1,0,0,0,false,relocated_r_mips32_code_pointer
sub_08A1B548,0x08A1B548,1,1,0,0,0,false,relocated_r_mips32_code_pointer
sub_08A1B550,0x08A1B550,1,1,0,0,0,false,relocated_r_mips32_code_pointer
sub_08A1B558,0x08A1B558,1,1,0,0,0,false,relocated_r_mips32_code_pointer
sub_08A1B560,0x08A1B560,1,1,0,0,0,false,relocated_r_mips32_code_pointer
sub_08A1B568,0x08A1B568,1,1,0,0,0,false,relocated_r_mips32_code_pointer
sub_08A1B570,0x08A1B570,1,1,0,0,0,false,relocated_r_mips32_code_pointer
sub_08A1B578,0x08A1B578,14,2,1,0,0,false,relocated_r_mips32_code_pointer
sub_08A1B5B8,0x08A1B5B8,11,3,1,0,0,false,relocated_r_mips32_code_pointer
sub_08A1B5C0,0x08A1B5C0,10,1,0,0,0,false,relocated_r_mips32_code_pointer
sub_08A1B5EC,0x08A1B5EC,3,1,1,0,0,false,relocated_r_mips32_code_pointer
sub_08A1B5FC,0x08A1B5FC,17,2,0,1,0,false,relocated_r_mips32_code_pointer
sub_08A1B648,0x08A1B648,8,2,0,1,0,false,relocated_r_mips32_code_pointer
sub_08A1B670,0x08A1B670,3,2,0,0,0,false,relocated_r_mips32_code_pointer
sub_08A1B684,0x08A1B684,1,1,0,0,0,false,relocated_r_mips32_code_pointer
sub_08A1B68C,0x08A1B68C,1,1,0,0,0,false,relocated_r_mips32_code_pointer
sub_08A1B694,0x08A1B694,1,1,0,0,0,false,relocated_r_mips32_code_pointer
sub_08A1B69C,0x08A1B69C,3,1,0,0,0,false,relocated_r_mips32_code_pointer
sub_08A1B6AC,0x08A1B6AC,3,1,0,0,0,false,relocated_r_mips32_code_pointer
sub_08A1B6BC,0x08A1B6BC,14,2,1,0,0,false,relocated_r_mips32_code_pointer
sub_08A1B6FC,0x08A1B6FC,15,2,2,0,0,false,relocated_r_mips32_code_pointer
sub_08A1B740,0x08A1B740,3,1,0,0,0,false,relocated_r_mips32_code_pointer
sub_08A1B750,0x08A1B750,2,1,0,0,0,false,direct_jal_target
sub_08A1B7D8,0x08A1B7D8,1,1,0,0,0,false,direct_jal_target
sub_08A1B7E0,0x08A1B7E0,4,1,0,0,0,false,direct_jal_target
sub_08A1B7F4,0x08A1B7F4,6,3,0,0,0,false,direct_jal_target
sub_08A1B814,0x08A1B814,24,6,2,0,0,false,direct_jal_target
sub_08A1B88C,0x08A1B88C,1,1,1,0,0,false,direct_jal_target
sub_08A1B894,0x08A1B894,23,8,2,0,0,false,direct_jal_target
sub_08A1B910,0x08A1B910,2,2,1,0,0,false,direct_jal_target
sub_08A1B918,0x08A1B918,23,8,2,0,0,false,direct_jal_target
sub_08A1B994,0x08A1B994,2,2,1,0,0,false,direct_jal_target
sub_08A1B99C,0x08A1B99C,21,8,2,0,0,false,direct_jal_target
sub_08A1BA3C,0x08A1BA3C,49,13,4,0,0,false,direct_jal_target
sub_08A1BB2C,0x08A1BB2C,5,1,1,0,0,false,direct_jal_target
sub_08A1BB44,0x08A1BB44,49,13,4,0,0,false,direct_jal_target
sub_08A1BC34,0x08A1BC34,7,1,1,0,0,false,direct_jal_target
sub_08A1BC54,0x08A1BC54,47,13,4,0,0,false,direct_jal_target
sub_08A1BD3C,0x08A1BD3C,4,1,1,0,0,false,direct_jal_target
sub_08A1BD50,0x08A1BD50,2,1,1,0,0,false,relocated_r_mips32_code_pointer
sub_08A1BD5C,0x08A1BD5C,1,1,1,0,0,false,relocated_r_mips32_code_pointer
sub_08A1BD64,0x08A1BD64,1,1,0,0,0,false,relocated_r_mips32_code_pointer
sub_08A1BD6C,0x08A1BD6C,2,1,1,0,0,false,relocated_r_mips32_code_pointer
sub_08A1BD78,0x08A1BD78,2,1,1,0,0,false,relocated_r_mips32_code_pointer
sub_08A1BD84,0x08A1BD84,2,1,1,0,0,false,relocated_r_mips32_code_pointer
sub_08A1BD90,0x08A1BD90,3,1,1,0,0,false,relocated_r_mips32_code_pointer
sub_08A1BDA0,0x08A1BDA0,11,2,2,0,0,false,relocated_r_mips32_code_pointer
sub_08A1BDD4,0x08A1BDD4,7,1,0,0,0,false,relocated_r_mips32_code_pointer
sub_08A1BDF4,0x08A1BDF4,1,1,1,0,0,false,relocated_r_mips32_code_pointer
sub_08A1BDFC,0x08A1BDFC,2,1,1,0,0,false,relocated_r_mips32_code_pointer
sub_08A1BE08,0x08A1BE08,2,1,1,0,0,false,relocated_r_mips32_code_pointer
sub_08A1BE14,0x08A1BE14,22,1,0,0,0,false,relocated_r_mips32_code_pointer
sub_08A1BE70,0x08A1BE70,32,1,0,0,0,false,relocated_r_mips32_code_pointer
sub_08A1BEF4,0x08A1BEF4,33,2,1,0,0,false,relocated_r_mips32_code_pointer
sub_08A1BF80,0x08A1BF80,7,1,0,0,0,false,relocated_r_mips32_code_pointer
sub_08A1BFA0,0x08A1BFA0,2,1,1,0,0,false,relocated_r_mips32_code_pointer
sub_08A1BFAC,0x08A1BFAC,2,1,1,0,0,false,relocated_r_mips32_code_pointer
sub_08A1BFB8,0x08A1BFB8,1,1,0,0,0,false,relocated_r_mips32_code_pointer
sub_08A1BFC0,0x08A1BFC0,1,1,0,0,0,false,relocated_r_mips32_code_pointer
sub_08A1BFC8,0x08A1BFC8,2,1,1,0,0,false,relocated_r_mips32_code_pointer
sub_08A1BFD4,0x08A1BFD4,2,1,1,0,0,false,relocated_r_mips32_code_pointer
sub_08A1BFE0,0x08A1BFE0,2,1,1,0,0,false,relocated_r_mips32_code_pointer
sub_08A1BFEC,0x08A1BFEC,2,1,1,0,0,false,relocated_r_mips32_code_pointer
sub_08A1BFF8,0x08A1BFF8,2,1,1,0,0,false,relocated_r_mips32_code_pointer
sub_08A1C004,0x08A1C004,2,1,1,0,0,false,relocated_r_mips32_code_pointer
sub_08A1C010,0x08A1C010,2,1,1,0,0,false,relocated_r_mips32_code_pointer
sub_08A1C01C,0x08A1C01C,2,1,1,0,0,false,relocated_r_mips32_code_pointer
sub_08A1C028,0x08A1C028,1,1,0,0,0,false,relocated_r_mips32_code_pointer
sub_08A1C030,0x08A1C030,2,1,1,0,0,false,relocated_r_mips32_code_pointer
sub_08A1C03C,0x08A1C03C,2,1,1,0,0,false,relocated_r_mips32_code_pointer
sub_08A1C048,0x08A1C048,2,1,1,0,0,false,relocated_r_mips32_code_pointer
sub_08A1C054,0x08A1C054,2,1,1,0,0,false,relocated_r_mips32_code_pointer
sub_08A1C060,0x08A1C060,2,1,1,0,0,false,relocated_r_mips32_code_pointer
sub_08A1C06C,0x08A1C06C,2,1,1,0,0,false,relocated_r_mips32_code_pointer
sub_08A1C078,0x08A1C078,2,1,1,0,0,false,relocated_r_mips32_code_pointer
sub_08A1C084,0x08A1C084,2,1,1,0,0,false,relocated_r_mips32_code_pointer
sub_08A1C090,0x08A1C090,2,1,1,0,0,false,relocated_r_mips32_code_pointer
sub_08A1C09C,0x08A1C09C,2,1,1,0,0,false,relocated_r_mips32_code_pointer
sub_08A1C0A8,0x08A1C0A8,2,1,1,0,0,false,relocated_r_mips32_code_pointer
sub_08A1C0B4,0x08A1C0B4,2,1,1,0,0,false,relocated_r_mips32_code_pointer
sub_08A1C0C0,0x08A1C0C0,2,1,1,0,0,false,relocated_r_mips32_code_pointer
sub_08A1C0CC,0x08A1C0CC,2,1,1,0,0,false,relocated_r_mips32_code_pointer
sub_08A1C0D8,0x08A1C0D8,2,1,1,0,0,false,relocated_r_mips32_code_pointer
sub_08A1C0E4,0x08A1C0E4,3,1,0,0,0,false,relocated_r_mips32_code_pointer
sub_08A1C0F4,0x08A1C0F4,3,1,1,0,0,false,relocated_r_mips32_code_pointer
sub_08A1C104,0x08A1C104,2,1,1,0,0,false,relocated_r_mips32_code_pointer
sub_08A1C110,0x08A1C110,2,1,1,0,0,false,relocated_r_mips32_code_pointer
sub_08A1C11C,0x08A1C11C,2,1,1,0,0,false,relocated_r_mips32_code_pointer
sub_08A1C128,0x08A1C128,2,1,1,0,0,false,relocated_r_mips32_code_pointer
sub_08A1C134,0x08A1C134,2,1,1,0,0,false,relocated_r_mips32_code_pointer
sub_08A1C140,0x08A1C140,2,1,1,0,0,false,relocated_r_mips32_code_pointer
sub_08A1C14C,0x08A1C14C,2,1,1,0,0,false,relocated_r_mips32_code_pointer
sub_08A1C158,0x08A1C158,2,1,1,0,0,false,relocated_r_mips32_code_pointer
sub_08A1C164,0x08A1C164,2,1,1,0,0,false,relocated_r_mips32_code_pointer
sub_08A1C170,0x08A1C170,1,1,0,0,0,false,relocated_r_mips32_code_pointer
sub_08A1C178,0x08A1C178,2,1,1,0,0,false,relocated_r_mips32_code_pointer
sub_08A1C184,0x08A1C184,2,1,1,0,0,false,relocated_r_mips32_code_pointer
sub_08A1C190,0x08A1C190,2,1,1,0,0,false,relocated_r_mips32_code_pointer
sub_08A1C19C,0x08A1C19C,2,1,1,0,0,false,relocated_r_mips32_code_pointer
sub_08A1C1A8,0x08A1C1A8,2,1,1,0,0,false,relocated_r_mips32_code_pointer
sub_08A1C1B4,0x08A1C1B4,2,1,1,0,0,false,relocated_r_mips32_code_pointer
sub_08A1C1C0,0x08A1C1C0,2,1,1,0,0,false,relocated_r_mips32_code_pointer
sub_08A1C1CC,0x08A1C1CC,2,1,1,0,0,false,relocated_r_mips32_code_pointer
sub_08A1C1D8,0x08A1C1D8,2,1,1,0,0,false,relocated_r_mips32_code_pointer
sub_08A1C1E4,0x08A1C1E4,1,1,0,0,0,false,relocated_r_mips32_code_pointer
sub_08A1C1EC,0x08A1C1EC,1,1,0,0,0,false,relocated_r_mips32_code_pointer
sub_08A1C1F4,0x08A1C1F4,1,1,0,0,0,false,relocated_r_mips32_code_pointer
sub_08A1C1FC,0x08A1C1FC,2,1,1,0,0,false,relocated_r_mips32_code_pointer
sub_08A1C208,0x08A1C208,2,1,1,0,0,false,relocated_r_mips32_code_pointer
sub_08A1C214,0x08A1C214,2,1,1,0,0,false,relocated_r_mips32_code_pointer
sub_08A1C220,0x08A1C220,2,1,1,0,0,false,relocated_r_mips32_code_pointer
sub_08A1C22C,0x08A1C22C,2,1,1,0,0,false,relocated_r_mips32_code_pointer
sub_08A1C238,0x08A1C238,2,1,1,0,0,false,relocated_r_mips32_code_pointer
sub_08A1C244,0x08A1C244,2,1,1,0,0,false,relocated_r_mips32_code_pointer
sub_08A1C250,0x08A1C250,19,3,3,0,0,false,relocated_r_mips32_code_pointer
sub_08A1C2A8,0x08A1C2A8,2,1,1,0,0,false,relocated_r_mips32_code_pointer
sub_08A1C2B4,0x08A1C2B4,2,1,1,0,0,false,relocated_r_mips32_code_pointer
sub_08A1C2C0,0x08A1C2C0,18,2,2,0,0,false,relocated_r_mips32_code_pointer
sub_08A1C310,0x08A1C310,2,1,1,0,0,false,relocated_r_mips32_code_pointer
sub_08A1C31C,0x08A1C31C,2,1,1,0,0,false,relocated_r_mips32_code_pointer
sub_08A1C328,0x08A1C328,17,2,2,0,0,false,relocated_r_mips32_code_pointer
sub_08A1C374,0x08A1C374,2,1,1,0,0,false,relocated_r_mips32_code_pointer
sub_08A1C380,0x08A1C380,2,1,1,0,0,false,relocated_r_mips32_code_pointer
sub_08A1C38C,0x08A1C38C,9,1,1,0,0,false,relocated_r_mips32_code_pointer
sub_08A1C3B4,0x08A1C3B4,2,1,1,0,0,false,relocated_r_mips32_code_pointer
sub_08A1C3C0,0x08A1C3C0,2,1,1,0,0,false,relocated_r_mips32_code_pointer
sub_08A1C3CC,0x08A1C3CC,17,2,2,0,0,false,relocated_r_mips32_code_pointer
sub_08A1C418,0x08A1C418,2,1,1,0,0,false,relocated_r_mips32_code_pointer
sub_08A1C424,0x08A1C424,2,1,1,0,0,false,relocated_r_mips32_code_pointer
sub_08A1C430,0x08A1C430,9,1,1,0,0,false,relocated_r_mips32_code_pointer
sub_08A1C458,0x08A1C458,2,1,1,0,0,false,relocated_r_mips32_code_pointer
sub_08A1C464,0x08A1C464,2,1,1,0,0,false,relocated_r_mips32_code_pointer
sub_08A1C470,0x08A1C470,17,2,2,0,0,false,relocated_r_mips32_code_pointer
sub_08A1C4BC,0x08A1C4BC,2,1,1,0,0,false,relocated_r_mips32_code_pointer
sub_08A1C4C8,0x08A1C4C8,2,1,1,0,0,false,relocated_r_mips32_code_pointer
sub_08A1C4D4,0x08A1C4D4,9,1,1,0,0,false,relocated_r_mips32_code_pointer
sub_08A1C4FC,0x08A1C4FC,2,1,1,0,0,false,relocated_r_mips32_code_pointer
sub_08A1C508,0x08A1C508,2,1,1,0,0,false,relocated_r_mips32_code_pointer
sub_08A1C514,0x08A1C514,2,1,1,0,0,false,relocated_r_mips32_code_pointer
sub_08A1C520,0x08A1C520,2,1,1,0,0,false,relocated_r_mips32_code_pointer
sub_08A1C52C,0x08A1C52C,1,1,0,0,0,false,relocated_r_mips32_code_pointer
sub_08A1C534,0x08A1C534,2,1,1,0,0,false,relocated_r_mips32_code_pointer
sub_08A1C540,0x08A1C540,2,1,1,0,0,false,relocated_r_mips32_code_pointer
sub_08A1C54C,0x08A1C54C,2,1,1,0,0,false,relocated_r_mips32_code_pointer
sub_08A1C558,0x08A1C558,2,1,1,0,0,false,relocated_r_mips32_code_pointer
sub_08A1C564,0x08A1C564,2,1,1,0,0,false,relocated_r_mips32_code_pointer
sub_08A1C570,0x08A1C570,2,1,1,0,0,false,relocated_r_mips32_code_pointer
sub_08A1C57C,0x08A1C57C,2,1,1,0,0,false,relocated_r_mips32_code_pointer
sub_08A1C588,0x08A1C588,2,1,1,0,0,false,relocated_r_mips32_code_pointer
sub_08A1C594,0x08A1C594,2,1,1,0,0,false,relocated_r_mips32_code_pointer
sub_08A1C5A0,0x08A1C5A0,17,2,2,0,0,false,relocated_r_mips32_code_pointer
sub_08A1C5EC,0x08A1C5EC,2,1,1,0,0,false,relocated_r_mips32_code_pointer
sub_08A1C5F8,0x08A1C5F8,2,1,1,0,0,false,relocated_r_mips32_code_pointer
sub_08A1C604,0x08A1C604,9,1,1,0,0,false,relocated_r_mips32_code_pointer
sub_08A1C62C,0x08A1C62C,2,1,1,0,0,false,relocated_r_mips32_code_pointer
sub_08A1C638,0x08A1C638,2,1,1,0,0,false,relocated_r_mips32_code_pointer
sub_08A1C644,0x08A1C644,2,1,1,0,0,false,relocated_r_mips32_code_pointer
sub_08A1C650,0x08A1C650,2,1,1,0,0,false,relocated_r_mips32_code_pointer
sub_08A1C65C,0x08A1C65C,2,1,1,0,0,false,relocated_r_mips32_code_pointer
sub_08A1C668,0x08A1C668,2,1,1,0,0,false,relocated_r_mips32_code_pointer
sub_08A1C674,0x08A1C674,1,1,0,0,0,false,relocated_r_mips32_code_pointer
sub_08A1C67C,0x08A1C67C,1,1,0,0,0,false,relocated_r_mips32_code_pointer
sub_08A1C684,0x08A1C684,2,1,0,0,0,false,relocated_r_mips32_code_pointer
sub_08A1C690,0x08A1C690,2,1,0,0,0,false,relocated_r_mips32_code_pointer
sub_08A1C69C,0x08A1C69C,2,1,1,0,0,false,relocated_r_mips32_code_pointer
sub_08A1C6A8,0x08A1C6A8,2,1,1,0,0,false,relocated_r_mips32_code_pointer
sub_08A1C6B4,0x08A1C6B4,2,1,1,0,0,false,relocated_r_mips32_code_pointer
sub_08A1C6C0,0x08A1C6C0,2,1,1,0,0,false,relocated_r_mips32_code_pointer
sub_08A1C6CC,0x08A1C6CC,2,1,1,0,0,false,relocated_r_mips32_code_pointer
sub_08A1C6D8,0x08A1C6D8,2,1,1,0,0,false,relocated_r_mips32_code_pointer
sub_08A1C6E4,0x08A1C6E4,2,1,1,0,0,false,relocated_r_mips32_code_pointer
sub_08A1C6F0,0x08A1C6F0,2,1,1,0,0,false,relocated_r_mips32_code_pointer
sub_08A1C6FC,0x08A1C6FC,2,1,1,0,0,false,relocated_r_mips32_code_pointer
sub_08A1C708,0x08A1C708,16,3,3,0,0,false,relocated_r_mips32_code_pointer
sub_08A1C754,0x08A1C754,1,1,1,0,0,false,relocated_r_mips32_code_pointer
sub_08A1C75C,0x08A1C75C,2,1,1,0,0,false,relocated_r_mips32_code_pointer
sub_08A1C768,0x08A1C768,2,1,1,0,0,false,relocated_r_mips32_code_pointer
sub_08A1C774,0x08A1C774,2,1,1,0,0,false,relocated_r_mips32_code_pointer
sub_08A1C780,0x08A1C780,15,2,2,0,0,false,relocated_r_mips32_code_pointer
sub_08A1C7C4,0x08A1C7C4,1,1,1,0,0,false,relocated_r_mips32_code_pointer
sub_08A1C7CC,0x08A1C7CC,2,1,1,0,0,false,relocated_r_mips32_code_pointer
sub_08A1C7D8,0x08A1C7D8,1,1,0,0,0,false,relocated_r_mips32_code_pointer
sub_08A1C7E0,0x08A1C7E0,2,1,1,0,0,false,relocated_r_mips32_code_pointer
sub_08A1C7EC,0x08A1C7EC,2,1,1,0,0,false,relocated_r_mips32_code_pointer
sub_08A1C7F8,0x08A1C7F8,2,1,1,0,0,false,relocated_r_mips32_code_pointer
sub_08A1C804,0x08A1C804,2,1,1,0,0,false,relocated_r_mips32_code_pointer
sub_08A1C810,0x08A1C810,2,1,1,0,0,false,relocated_r_mips32_code_pointer
sub_08A1C81C,0x08A1C81C,2,1,1,0,0,false,relocated_r_mips32_code_pointer
sub_08A1C828,0x08A1C828,2,1,1,0,0,false,relocated_r_mips32_code_pointer
sub_08A1C834,0x08A1C834,19,3,3,0,0,false,relocated_r_mips32_code_pointer
sub_08A1C88C,0x08A1C88C,1,1,1,0,0,false,relocated_r_mips32_code_pointer
sub_08A1C894,0x08A1C894,2,1,1,0,0,false,relocated_r_mips32_code_pointer
sub_08A1C8A0,0x08A1C8A0,2,1,1,0,0,false,relocated_r_mips32_code_pointer
sub_08A1C8AC,0x08A1C8AC,2,1,1,0,0,false,relocated_r_mips32_code_pointer
sub_08A1C8B8,0x08A1C8B8,18,2,2,0,0,false,relocated_r_mips32_code_pointer
sub_08A1C908,0x08A1C908,2,1,1,0,0,false,relocated_r_mips32_code_pointer
sub_08A1C914,0x08A1C914,6,1,1,0,0,false,relocated_r_mips32_code_pointer
sub_08A1C930,0x08A1C930,2,1,1,0,0,false,relocated_r_mips32_code_pointer
sub_08A1C93C,0x08A1C93C,14,2,2,0,0,false,relocated_r_mips32_code_pointer
sub_08A1C97C,0x08A1C97C,2,1,1,0,0,false,relocated_r_mips32_code_pointer
sub_08A1C988,0x08A1C988,2,1,1,0,0,false,relocated_r_mips32_code_pointer
sub_08A1C994,0x08A1C994,2,1,1,0,0,false,relocated_r_mips32_code_pointer
sub_08A1C9A0,0x08A1C9A0,2,1,1,0,0,false,relocated_r_mips32_code_pointer
sub_08A1C9AC,0x08A1C9AC,2,1,1,0,0,false,relocated_r_mips32_code_pointer
sub_08A1C9B8,0x08A1C9B8,2,1,1,0,0,false,relocated_r_mips32_code_pointer
sub_08A1C9C4,0x08A1C9C4,2,1,1,0,0,false,relocated_r_mips32_code_pointer
sub_08A1C9D0,0x08A1C9D0,2,1,1,0,0,false,relocated_r_mips32_code_pointer
sub_08A1C9DC,0x08A1C9DC,17,2,2,0,0,false,relocated_r_mips32_code_pointer
sub_08A1CA28,0x08A1CA28,2,1,1,0,0,false,relocated_r_mips32_code_pointer
sub_08A1CA34,0x08A1CA34,2,1,1,0,0,false,relocated_r_mips32_code_pointer
sub_08A1CA40,0x08A1CA40,9,1,1,0,0,false,relocated_r_mips32_code_pointer
sub_08A1CA68,0x08A1CA68,2,1,1,0,0,false,relocated_r_mips32_code_pointer
sub_08A1CA74,0x08A1CA74,2,1,1,0,0,false,relocated_r_mips32_code_pointer
sub_08A1CA80,0x08A1CA80,2,1,1,0,0,false,relocated_r_mips32_code_pointer
sub_08A1CA8C,0x08A1CA8C,2,1,1,0,0,false,relocated_r_mips32_code_pointer
sub_08A1CA98,0x08A1CA98,2,1,1,0,0,false,relocated_r_mips32_code_pointer
sub_08A1CAA4,0x08A1CAA4,26,4,4,0,0,false,relocated_r_mips32_code_pointer
sub_08A1CB1C,0x08A1CB1C,1,1,1,0,0,false,relocated_r_mips32_code_pointer
sub_08A1CB24,0x08A1CB24,2,1,1,0,0,false,relocated_r_mips32_code_pointer
sub_08A1CB30,0x08A1CB30,2,1,1,0,0,false,relocated_r_mips32_code_pointer
sub_08A1CB3C,0x08A1CB3C,2,1,1,0,0,false,relocated_r_mips32_code_pointer
sub_08A1CB48,0x08A1CB48,2,1,1,0,0,false,relocated_r_mips32_code_pointer
sub_08A1CB54,0x08A1CB54,25,3,3,0,0,false,relocated_r_mips32_code_pointer
sub_08A1CBC4,0x08A1CBC4,1,1,1,0,0,false,relocated_r_mips32_code_pointer
sub_08A1CBCC,0x08A1CBCC,2,1,1,0,0,false,relocated_r_mips32_code_pointer
sub_08A1CBD8,0x08A1CBD8,2,1,1,0,0,false,relocated_r_mips32_code_pointer
sub_08A1CBE4,0x08A1CBE4,2,1,1,0,0,false,relocated_r_mips32_code_pointer
sub_08A1CBF0,0x08A1CBF0,2,1,1,0,0,false,relocated_r_mips32_code_pointer
sub_08A1CBFC,0x08A1CBFC,2,1,1,0,0,false,relocated_r_mips32_code_pointer
sub_08A1CC08,0x08A1CC08,14,2,2,0,0,false,relocated_r_mips32_code_pointer
sub_08A1CC48,0x08A1CC48,2,1,1,0,0,false,relocated_r_mips32_code_pointer
sub_08A1CC54,0x08A1CC54,6,1,1,0,0,false,relocated_r_mips32_code_pointer
sub_08A1CC70,0x08A1CC70,2,1,1,0,0,false,relocated_r_mips32_code_pointer
sub_08A1CC7C,0x08A1CC7C,2,1,1,0,0,false,relocated_r_mips32_code_pointer
sub_08A1CC88,0x08A1CC88,2,1,1,0,0,false,relocated_r_mips32_code_pointer
sub_08A1CC94,0x08A1CC94,2,1,1,0,0,false,relocated_r_mips32_code_pointer
sub_08A1CCA0,0x08A1CCA0,2,1,1,0,0,false,relocated_r_mips32_code_pointer
sub_08A1CCAC,0x08A1CCAC,2,1,1,0,0,false,relocated_r_mips32_code_pointer
sub_08A1CCB8,0x08A1CCB8,2,1,1,0,0,false,relocated_r_mips32_code_pointer
sub_08A1CCC4,0x08A1CCC4,2,1,1,0,0,false,relocated_r_mips32_code_pointer
sub_08A1CCD0,0x08A1CCD0,2,1,1,0,0,false,relocated_r_mips32_code_pointer
sub_08A1CCDC,0x08A1CCDC,14,2,2,0,0,false,relocated_r_mips32_code_pointer
sub_08A1CD1C,0x08A1CD1C,2,1,1,0,0,false,relocated_r_mips32_code_pointer
sub_08A1CD28,0x08A1CD28,6,1,1,0,0,false,relocated_r_mips32_code_pointer
sub_08A1CD44,0x08A1CD44,2,1,1,0,0,false,relocated_r_mips32_code_pointer
sub_08A1CD50,0x08A1CD50,2,1,1,0,0,false,relocated_r_mips32_code_pointer
sub_08A1CD5C,0x08A1CD5C,2,1,1,0,0,false,relocated_r_mips32_code_pointer
sub_08A1CD68,0x08A1CD68,19,3,3,0,0,false,relocated_r_mips32_code_pointer
sub_08A1CDC0,0x08A1CDC0,2,1,1,0,0,false,relocated_r_mips32_code_pointer
sub_08A1CDCC,0x08A1CDCC,2,1,1,0,0,false,relocated_r_mips32_code_pointer
sub_08A1CDD8,0x08A1CDD8,18,2,2,0,0,false,relocated_r_mips32_code_pointer
sub_08A1CE28,0x08A1CE28,2,1,1,0,0,false,relocated_r_mips32_code_pointer
sub_08A1CE34,0x08A1CE34,2,1,1,0,0,false,relocated_r_mips32_code_pointer
sub_08A1CE40,0x08A1CE40,15,2,2,0,0,false,relocated_r_mips32_code_pointer
sub_08A1CE84,0x08A1CE84,2,1,1,0,0,false,relocated_r_mips32_code_pointer
sub_08A1CE90,0x08A1CE90,16,3,3,0,0,false,relocated_r_mips32_code_pointer
sub_08A1CEDC,0x08A1CEDC,2,1,1,0,0,false,relocated_r_mips32_code_pointer
sub_08A1CEE8,0x08A1CEE8,2,1,1,0,0,false,relocated_r_mips32_code_pointer
sub_08A1CEF4,0x08A1CEF4,2,1,1,0,0,false,relocated_r_mips32_code_pointer
sub_08A1CF00,0x08A1CF00,15,2,2,0,0,false,relocated_r_mips32_code_pointer
sub_08A1CF44,0x08A1CF44,2,1,1,0,0,false,relocated_r_mips32_code_pointer
sub_08A1CF50,0x08A1CF50,16,3,3,0,0,false,relocated_r_mips32_code_pointer
sub_08A1CF9C,0x08A1CF9C,2,1,1,0,0,false,relocated_r_mips32_code_pointer
sub_08A1CFA8,0x08A1CFA8,17,2,1,0,0,false,relocated_r_mips32_code_pointer
sub_08A1CFF4,0x08A1CFF4,2,1,1,0,0,false,relocated_r_mips32_code_pointer
sub_08A1D000,0x08A1D000,2,1,1,0,0,false,relocated_r_mips32_code_pointer
sub_08A1D00C,0x08A1D00C,3,1,0,0,0,false,relocated_r_mips32_code_pointer
sub_08A1D01C,0x08A1D01C,3,1,1,0,0,false,relocated_r_mips32_code_pointer
sub_08A1D02C,0x08A1D02C,1,1,0,0,0,false,relocated_r_mips32_code_pointer
sub_08A1D034,0x08A1D034,1,1,0,0,0,false,relocated_r_mips32_code_pointer
sub_08A1D03C,0x08A1D03C,1,1,0,0,0,false,relocated_r_mips32_code_pointer
sub_08A1D044,0x08A1D044,3,1,1,0,0,false,relocated_r_mips32_code_pointer
sub_08A1D054,0x08A1D054,1,1,0,0,0,false,relocated_r_mips32_code_pointer
sub_08A1D05C,0x08A1D05C,1,1,0,0,0,false,relocated_r_mips32_code_pointer
sub_08A1D064,0x08A1D064,1,1,0,0,0,false,relocated_r_mips32_code_pointer
sub_08A1D06C,0x08A1D06C,1,1,0,0,0,false,relocated_r_mips32_code_pointer
sub_08A1D074,0x08A1D074,2,1,1,0,0,false,relocated_r_mips32_code_pointer
sub_08A1D080,0x08A1D080,3,1,0,0,0,false,relocated_r_mips32_code_pointer
sub_08A1D090,0x08A1D090,2,1,1,0,0,false,relocated_r_mips32_code_pointer
sub_08A1D09C,0x08A1D09C,2,1,1,0,0,false,relocated_r_mips32_code_pointer
sub_08A1D0A8,0x08A1D0A8,2,1,1,0,0,false,relocated_r_mips32_code_pointer
sub_08A1D0B4,0x08A1D0B4,2,1,1,0,0,false,relocated_r_mips32_code_pointer
sub_08A1D0C0,0x08A1D0C0,2,1,1,0,0,false,relocated_r_mips32_code_pointer
sub_08A1D0CC,0x08A1D0CC,2,1,1,0,0,false,relocated_r_mips32_code_pointer
sub_08A1D0D8,0x08A1D0D8,2,1,1,0,0,false,relocated_r_mips32_code_pointer
sub_08A1D0E4,0x08A1D0E4,1,1,0,0,0,false,relocated_r_mips32_code_pointer
sub_08A1D0EC,0x08A1D0EC,2,1,1,0,0,false,relocated_r_mips32_code_pointer
sub_08A1D0F8,0x08A1D0F8,2,1,1,0,0,false,relocated_r_mips32_code_pointer
sub_08A1D104,0x08A1D104,2,1,1,0,0,false,relocated_r_mips32_code_pointer
sub_08A1D110,0x08A1D110,2,1,1,0,0,false,relocated_r_mips32_code_pointer
sub_08A1D11C,0x08A1D11C,2,1,1,0,0,false,relocated_r_mips32_code_pointer
sub_08A1D128,0x08A1D128,2,1,1,0,0,false,relocated_r_mips32_code_pointer
sub_08A1D134,0x08A1D134,2,1,1,0,0,false,relocated_r_mips32_code_pointer
sub_08A1D140,0x08A1D140,2,1,1,0,0,false,relocated_r_mips32_code_pointer
sub_08A1D14C,0x08A1D14C,15,2,2,0,0,false,relocated_r_mips32_code_pointer
sub_08A1D190,0x08A1D190,1,1,0,0,0,false,relocated_r_mips32_code_pointer
sub_08A1D198,0x08A1D198,1,1,0,0,0,false,relocated_r_mips32_code_pointer
sub_08A1D1A0,0x08A1D1A0,1,1,0,0,0,false,relocated_r_mips32_code_pointer
sub_08A1D1A8,0x08A1D1A8,1,1,0,0,0,false,relocated_r_mips32_code_pointer
sub_08A1D1B0,0x08A1D1B0,2,1,1,0,0,false,relocated_r_mips32_code_pointer
sub_08A1D1BC,0x08A1D1BC,14,2,1,0,0,false,relocated_r_mips32_code_pointer
sub_08A1D1FC,0x08A1D1FC,2,1,1,0,0,false,relocated_r_mips32_code_pointer
sub_08A1D208,0x08A1D208,2,1,1,0,0,false,relocated_r_mips32_code_pointer
sub_08A1D214,0x08A1D214,2,1,1,0,0,false,relocated_r_mips32_code_pointer
sub_08A1D220,0x08A1D220,2,1,1,0,0,false,relocated_r_mips32_code_pointer
sub_08A1D22C,0x08A1D22C,2,1,1,0,0,false,relocated_r_mips32_code_pointer
sub_08A1D238,0x08A1D238,2,1,1,0,0,false,relocated_r_mips32_code_pointer
sub_08A1D244,0x08A1D244,2,1,1,0,0,false,relocated_r_mips32_code_pointer
sub_08A1D250,0x08A1D250,2,1,1,0,0,false,relocated_r_mips32_code_pointer
sub_08A1D25C,0x08A1D25C,2,1,1,0,0,false,relocated_r_mips32_code_pointer
sub_08A1D268,0x08A1D268,9,1,1,0,0,false,relocated_r_mips32_code_pointer
sub_08A1D290,0x08A1D290,2,1,1,0,0,false,relocated_r_mips32_code_pointer
sub_08A1D29C,0x08A1D29C,2,1,1,0,0,false,relocated_r_mips32_code_pointer
sub_08A1D2A8,0x08A1D2A8,17,2,2,0,0,false,relocated_r_mips32_code_pointer
sub_08A1D2F4,0x08A1D2F4,2,1,1,0,0,false,relocated_r_mips32_code_pointer
sub_08A1D300,0x08A1D300,2,1,1,0,0,false,relocated_r_mips32_code_pointer
sub_08A1D30C,0x08A1D30C,19,3,3,0,0,false,relocated_r_mips32_code_pointer
sub_08A1D364,0x08A1D364,2,1,1,0,0,false,relocated_r_mips32_code_pointer
sub_08A1D370,0x08A1D370,18,2,2,0,0,false,relocated_r_mips32_code_pointer
sub_08A1D3C0,0x08A1D3C0,11,2,2,0,0,false,relocated_r_mips32_code_pointer
sub_08A1D3F4,0x08A1D3F4,3,1,1,0,0,false,relocated_r_mips32_code_pointer
sub_08A1D404,0x08A1D404,11,2,2,0,0,false,relocated_r_mips32_code_pointer
sub_08A1D438,0x08A1D438,3,1,1,0,0,false,relocated_r_mips32_code_pointer
sub_08A1D448,0x08A1D448,2,1,1,0,0,false,relocated_r_mips32_code_pointer
sub_08A1D454,0x08A1D454,2,1,1,0,0,false,relocated_r_mips32_code_pointer
sub_08A1D460,0x08A1D460,2,1,1,0,0,false,relocated_r_mips32_code_pointer
sub_08A1D46C,0x08A1D46C,2,1,1,0,0,false,relocated_r_mips32_code_pointer
sub_08A1D478,0x08A1D478,2,1,1,0,0,false,relocated_r_mips32_code_pointer
sub_08A1D484,0x08A1D484,2,1,1,0,0,false,relocated_r_mips32_code_pointer
sub_08A1D490,0x08A1D490,2,1,1,0,0,false,relocated_r_mips32_code_pointer
sub_08A1D49C,0x08A1D49C,2,1,1,0,0,false,relocated_r_mips32_code_pointer
sub_08A1D4A8,0x08A1D4A8,11,2,2,0,0,false,relocated_r_mips32_code_pointer
sub_08A1D4DC,0x08A1D4DC,3,1,1,0,0,false,relocated_r_mips32_code_pointer
sub_08A1D4EC,0x08A1D4EC,3,1,1,0,0,false,relocated_r_mips32_code_pointer
sub_08A1D4FC,0x08A1D4FC,11,2,2,0,0,false,relocated_r_mips32_code_pointer
sub_08A1D530,0x08A1D530,1,1,0,0,0,false,relocated_r_mips32_code_pointer
sub_08A1D538,0x08A1D538,1,1,0,0,0,false,relocated_r_mips32_code_pointer
sub_08A1D540,0x08A1D540,2,1,0,0,0,false,relocated_r_mips32_code_pointer
sub_08A1D54C,0x08A1D54C,1,1,0,0,0,false,relocated_r_mips32_code_pointer
sub_08A1D554,0x08A1D554,3,1,1,0,0,false,relocated_r_mips32_code_pointer
sub_08A1D564,0x08A1D564,11,2,2,0,0,false,relocated_r_mips32_code_pointer
sub_08A1D598,0x08A1D598,1,1,0,0,0,false,relocated_r_mips32_code_pointer
sub_08A1D5A0,0x08A1D5A0,1,1,0,0,0,false,relocated_r_mips32_code_pointer
sub_08A1D5A8,0x08A1D5A8,1,1,0,0,0,false,relocated_r_mips32_code_pointer
sub_08A1D5B0,0x08A1D5B0,1,1,0,0,0,false,relocated_r_mips32_code_pointer
sub_08A1D5B8,0x08A1D5B8,1,1,0,0,0,false,relocated_r_mips32_code_pointer
sub_08A1D5C0,0x08A1D5C0,3,1,0,0,0,false,relocated_r_mips32_code_pointer
sub_08A1D5D0,0x08A1D5D0,1,1,0,0,0,false,relocated_r_mips32_code_pointer
sub_08A1D5D8,0x08A1D5D8,1,1,0,0,0,false,relocated_r_mips32_code_pointer
sub_08A1D5E0,0x08A1D5E0,1,1,0,0,0,false,relocated_r_mips32_code_pointer
sub_08A1D5E8,0x08A1D5E8,1,1,0,0,0,false,relocated_r_mips32_code_pointer
sub_08A1D5F0,0x08A1D5F0,1,1,0,0,0,false,relocated_r_mips32_code_pointer
sub_08A1D5F8,0x08A1D5F8,1,1,0,0,0,false,relocated_r_mips32_code_pointer
sub_08A1D600,0x08A1D600,3,1,1,0,0,false,relocated_r_mips32_code_pointer
sub_08A1D610,0x08A1D610,11,2,2,0,0,false,relocated_r_mips32_code_pointer
sub_08A1D644,0x08A1D644,3,1,0,0,0,false,relocated_r_mips32_code_pointer
sub_08A1D654,0x08A1D654,11,2,2,0,0,false,relocated_r_mips32_code_pointer
sub_08A1D688,0x08A1D688,3,1,1,0,0,false,relocated_r_mips32_code_pointer
sub_08A1D698,0x08A1D698,3,1,1,0,0,false,relocated_r_mips32_code_pointer
sub_08A1D6A8,0x08A1D6A8,11,2,2,0,0,false,relocated_r_mips32_code_pointer
sub_08A1D6DC,0x08A1D6DC,3,1,0,0,0,false,relocated_r_mips32_code_pointer
sub_08A1D6EC,0x08A1D6EC,3,1,0,0,0,false,relocated_r_mips32_code_pointer
sub_08A1D6FC,0x08A1D6FC,3,1,1,0,0,false,relocated_r_mips32_code_pointer
sub_08A1D70C,0x08A1D70C,1,1,0,0,0,false,relocated_r_mips32_code_pointer
sub_08A1D714,0x08A1D714,1,1,0,0,0,false,relocated_r_mips32_code_pointer
sub_08A1D71C,0x08A1D71C,3,1,0,0,0,false,relocated_r_mips32_code_pointer
sub_08A1D72C,0x08A1D72C,107,5,2,0,0,false,direct_jal_target
sub_08A1D8E8,0x08A1D8E8,1,1,0,0,0,false,relocated_r_mips32_code_pointer
sub_08A1D8F0,0x08A1D8F0,3,1,1,0,0,false,relocated_r_mips32_code_pointer
sub_08A1D900,0x08A1D900,11,2,2,0,0,false,relocated_r_mips32_code_pointer
sub_08A1D934,0x08A1D934,3,1,1,0,0,false,relocated_r_mips32_code_pointer
sub_08A1D944,0x08A1D944,11,2,2,0,0,false,relocated_r_mips32_code_pointer
sub_08A1D978,0x08A1D978,1,1,0,0,0,false,relocated_r_mips32_code_pointer
sub_08A1D980,0x08A1D980,1,1,0,0,0,false,relocated_r_mips32_code_pointer
sub_08A1D988,0x08A1D988,3,1,1,0,0,false,relocated_r_mips32_code_pointer
sub_08A1D998,0x08A1D998,11,2,2,0,0,false,relocated_r_mips32_code_pointer
sub_08A1D9CC,0x08A1D9CC,12,2,2,0,0,false,relocated_r_mips32_code_pointer
sub_08A1DA04,0x08A1DA04,13,3,3,0,0,false,relocated_r_mips32_code_pointer
sub_08A1DA44,0x08A1DA44,3,1,1,0,0,false,relocated_r_mips32_code_pointer
sub_08A1DA54,0x08A1DA54,11,2,2,0,0,false,relocated_r_mips32_code_pointer
sub_08A1DA88,0x08A1DA88,3,1,1,0,0,false,relocated_r_mips32_code_pointer
sub_08A1DA98,0x08A1DA98,11,2,2,0,0,false,relocated_r_mips32_code_pointer
sub_08A1DACC,0x08A1DACC,3,1,1,0,0,false,relocated_r_mips32_code_pointer
sub_08A1DADC,0x08A1DADC,11,2,2,0,0,false,relocated_r_mips32_code_pointer
sub_08A1DB10,0x08A1DB10,12,2,2,0,0,false,relocated_r_mips32_code_pointer
sub_08A1DB48,0x08A1DB48,13,3,3,0,0,false,relocated_r_mips32_code_pointer
sub_08A1DB88,0x08A1DB88,3,1,1,0,0,false,relocated_r_mips32_code_pointer
sub_08A1DB98,0x08A1DB98,11,2,2,0,0,false,relocated_r_mips32_code_pointer
sub_08A1DBCC,0x08A1DBCC,1,1,0,0,0,false,relocated_r_mips32_code_pointer
sub_08A1DBD4,0x08A1DBD4,1,1,0,0,0,false,relocated_r_mips32_code_pointer
sub_08A1DBDC,0x08A1DBDC,1,1,0,0,0,false,relocated_r_mips32_code_pointer
sub_08A1DBE4,0x08A1DBE4,23,5,3,0,0,false,relocated_r_mips32_code_pointer
sub_08A1DC50,0x08A1DC50,22,5,2,0,0,false,relocated_r_mips32_code_pointer
sub_08A1DCB8,0x08A1DCB8,2,1,0,0,0,false,relocated_r_mips32_code_pointer
sub_08A1DCC4,0x08A1DCC4,46,10,4,0,0,false,direct_jal_target
sub_08A1DDA0,0x08A1DDA0,75,19,2,0,0,false,direct_jal_target
sub_08A1DF00,0x08A1DF00,1,1,1,0,0,false,relocated_r_mips32_code_pointer
sub_08A1DF08,0x08A1DF08,7,2,1,0,0,false,relocated_r_mips32_code_pointer
sub_08A1DF2C,0x08A1DF2C,25,7,1,1,0,false,relocated_r_mips32_code_pointer
sub_08A1DFA4,0x08A1DFA4,24,7,0,1,0,false,relocated_r_mips32_code_pointer
sub_08A1E018,0x08A1E018,25,7,1,1,0,false,relocated_r_mips32_code_pointer
sub_08A1E090,0x08A1E090,24,7,0,1,0,false,relocated_r_mips32_code_pointer
sub_08A1E104,0x08A1E104,77,26,3,0,0,false,relocated_r_mips32_code_pointer
sub_08A1E294,0x08A1E294,294,103,4,1,0,false,direct_jal_target
sub_08A1E87C,0x08A1E87C,183,48,5,0,0,false,relocated_r_mips32_code_pointer
sub_08A1EBE4,0x08A1EBE4,24,7,0,1,0,false,relocated_r_mips32_code_pointer
sub_08A1EC58,0x08A1EC58,25,7,1,1,0,false,relocated_r_mips32_code_pointer
sub_08A1ECD0,0x08A1ECD0,54,21,3,0,0,false,relocated_r_mips32_code_pointer
sub_08A1EDE8,0x08A1EDE8,182,56,5,0,0,false,relocated_r_mips32_code_pointer
sub_08A1F158,0x08A1F158,183,61,4,1,0,false,direct_jal_target
sub_08A1F4F4,0x08A1F4F4,24,7,0,1,0,false,relocated_r_mips32_code_pointer
sub_08A1F568,0x08A1F568,25,7,1,1,0,false,relocated_r_mips32_code_pointer
sub_08A1F5E0,0x08A1F5E0,69,27,3,0,0,false,relocated_r_mips32_code_pointer
sub_08A1F748,0x08A1F748,262,85,5,0,0,false,relocated_r_mips32_code_pointer
sub_08A1FC50,0x08A1FC50,1,1,0,0,0,false,materialized_code_pointer
sub_08A1FC58,0x08A1FC58,216,70,4,0,0,false,direct_jal_target
sub_08A20000,0x08A20000,190,73,4,0,0,false,materialized_code_pointer
sub_08A200E4,0x08A200E4,32,8,3,1,0,false,relocated_r_mips32_code_pointer
sub_08A20180,0x08A20180,33,9,4,1,0,false,relocated_r_mips32_code_pointer
sub_08A20224,0x08A20224,3,1,0,0,0,false,relocated_r_mips32_code_pointer
sub_08A20234,0x08A20234,3,1,1,0,0,false,relocated_r_mips32_code_pointer
sub_08A20244,0x08A20244,10,1,0,0,0,false,relocated_r_mips32_code_pointer
sub_08A20270,0x08A20270,10,1,1,0,0,false,relocated_r_mips32_code_pointer
sub_08A2029C,0x08A2029C,1,1,0,0,0,false,relocated_r_mips32_code_pointer
sub_08A202A4,0x08A202A4,1,1,0,0,0,false,relocated_r_mips32_code_pointer
sub_08A202AC,0x08A202AC,4,1,1,0,0,false,relocated_r_mips32_code_pointer
sub_08A202C0,0x08A202C0,12,2,2,0,0,false,relocated_r_mips32_code_pointer
sub_08A202F8,0x08A202F8,27,9,4,0,0,false,direct_jal_target
sub_08A20388,0x08A20388,53,18,2,0,0,false,direct_jal_target
sub_08A2049C,0x08A2049C,234,78,4,0,0,false,direct_jal_target
sub_08A20920,0x08A20920,30,8,3,0,0,false,relocated_r_mips32_code_pointer
sub_08A209B8,0x08A209B8,25,7,1,1,0,false,relocated_r_mips32_code_pointer
sub_08A20A30,0x08A20A30,24,7,0,1,0,false,relocated_r_mips32_code_pointer
sub_08A20AA4,0x08A20AA4,68,12,4,0,0,false,relocated_r_mips32_code_pointer
sub_08A20BE4,0x08A20BE4,113,35,4,1,0,false,direct_jal_target
sub_08A20E14,0x08A20E14,36,12,5,0,0,false,direct_jal_target
sub_08A20ED0,0x08A20ED0,212,84,6,1,0,false,direct_jal_target
sub_08A20F04,0x08A20F04,25,6,2,0,0,false,direct_jal_target
sub_08A20F80,0x08A20F80,27,9,4,0,0,false,direct_jal_target
sub_08A21010,0x08A21010,27,9,4,0,0,false,direct_jal_target
sub_08A210A0,0x08A210A0,1,1,0,0,0,false,relocated_r_mips32_code_pointer
sub_08A210A8,0x08A210A8,1,1,0,0,0,false,relocated_r_mips32_code_pointer
sub_08A210B0,0x08A210B0,1,1,0,0,0,false,relocated_r_mips32_code_pointer
sub_08A210B8,0x08A210B8,1,1,0,0,0,false,relocated_r_mips32_code_pointer
sub_08A210C0,0x08A210C0,63,9,1,1,0,false,direct_jal_target
sub_08A211DC,0x08A211DC,1,1,1,0,0,false,relocated_r_mips32_code_pointer
sub_08A211E4,0x08A211E4,1,1,1,0,0,false,relocated_r_mips32_code_pointer
sub_08A211EC,0x08A211EC,35,7,4,0,0,false,direct_jal_target
sub_08A21294,0x08A21294,40,9,5,0,0,false,relocated_r_mips32_code_pointer
sub_08A21358,0x08A21358,31,2,1,0,0,false,direct_jal_target
sub_08A213DC,0x08A213DC,124,26,4,0,0,false,relocated_r_mips32_code_pointer
sub_08A2161C,0x08A2161C,1,1,0,0,0,false,relocated_r_mips32_code_pointer
sub_08A21624,0x08A21624,1,1,0,0,0,false,relocated_r_mips32_code_pointer
sub_08A2162C,0x08A2162C,67,19,5,0,0,false,direct_jal_target
sub_08A21774,0x08A21774,63,19,5,0,0,false,direct_jal_target
sub_08A218AC,0x08A218AC,69,21,3,1,0,false,direct_jal_target
sub_08A21A04,0x08A21A04,3,1,1,0,0,false,relocated_r_mips32_code_pointer
sub_08A21A14,0x08A21A14,11,2,2,0,0,false,relocated_r_mips32_code_pointer
sub_08A21A48,0x08A21A48,4,1,1,0,0,false,relocated_r_mips32_code_pointer
sub_08A21A5C,0x08A21A5C,12,2,2,0,0,false,relocated_r_mips32_code_pointer
sub_08A21A94,0x08A21A94,12,2,2,0,0,false,relocated_r_mips32_code_pointer
sub_08A21ACC,0x08A21ACC,269,1,0,0,0,false,direct_jal_target
sub_08A21F04,0x08A21F04,4,1,1,0,0,false,relocated_r_mips32_code_pointer
sub_08A21F18,0x08A21F18,12,2,2,0,0,false,relocated_r_mips32_code_pointer
sub_08A21F50,0x08A21F50,4,1,1,0,0,false,relocated_r_mips32_code_pointer
sub_08A21F64,0x08A21F64,1,1,0,0,0,false,relocated_r_mips32_code_pointer
sub_08A21F6C,0x08A21F6C,29,9,2,1,0,false,relocated_r_mips32_code_pointer
sub_08A21FFC,0x08A21FFC,28,9,1,1,0,false,relocated_r_mips32_code_pointer
sub_08A22088,0x08A22088,29,9,2,1,0,false,relocated_r_mips32_code_pointer
sub_08A22118,0x08A22118,28,9,1,1,0,false,relocated_r_mips32_code_pointer
sub_08A221A4,0x08A221A4,15,2,2,0,0,false,relocated_r_mips32_code_pointer
sub_08A221E8,0x08A221E8,14,2,1,0,0,false,relocated_r_mips32_code_pointer
sub_08A22228,0x08A22228,49,15,2,2,0,false,relocated_r_mips32_code_pointer
sub_08A22318,0x08A22318,48,15,1,2,0,false,relocated_r_mips32_code_pointer
sub_08A22404,0x08A22404,29,9,2,1,0,false,relocated_r_mips32_code_pointer
sub_08A22494,0x08A22494,28,9,1,1,0,false,relocated_r_mips32_code_pointer
sub_08A22520,0x08A22520,29,9,2,1,0,false,relocated_r_mips32_code_pointer
sub_08A225B0,0x08A225B0,28,9,1,1,0,false,relocated_r_mips32_code_pointer
sub_08A2263C,0x08A2263C,29,9,2,1,0,false,relocated_r_mips32_code_pointer
sub_08A226CC,0x08A226CC,28,9,1,1,0,false,relocated_r_mips32_code_pointer
sub_08A22758,0x08A22758,39,12,1,2,0,false,relocated_r_mips32_code_pointer
sub_08A22818,0x08A22818,38,12,0,2,0,false,relocated_r_mips32_code_pointer
sub_08A228D4,0x08A228D4,15,2,2,0,0,false,relocated_r_mips32_code_pointer
sub_08A22918,0x08A22918,14,2,1,0,0,false,relocated_r_mips32_code_pointer
sub_08A22958,0x08A22958,31,6,1,1,0,false,relocated_r_mips32_code_pointer
sub_08A229E8,0x08A229E8,30,6,0,1,0,false,relocated_r_mips32_code_pointer
sub_08A22A74,0x08A22A74,29,9,2,1,0,false,relocated_r_mips32_code_pointer
sub_08A22B04,0x08A22B04,28,9,1,1,0,false,relocated_r_mips32_code_pointer
sub_08A22B90,0x08A22B90,3,1,1,0,0,false,relocated_r_mips32_code_pointer
sub_08A22BA0,0x08A22BA0,3,1,0,0,0,false,relocated_r_mips32_code_pointer
sub_08A22BB0,0x08A22BB0,3,1,1,0,0,false,relocated_r_mips32_code_pointer
sub_08A22BC0,0x08A22BC0,3,1,0,0,0,false,relocated_r_mips32_code_pointer
sub_08A22BD0,0x08A22BD0,3,1,1,0,0,false,relocated_r_mips32_code_pointer
sub_08A22BE0,0x08A22BE0,3,1,0,0,0,false,relocated_r_mips32_code_pointer
sub_08A22BF0,0x08A22BF0,39,12,1,2,0,false,relocated_r_mips32_code_pointer
sub_08A22CB0,0x08A22CB0,38,12,0,2,0,false,relocated_r_mips32_code_pointer
sub_08A22D6C,0x08A22D6C,29,9,2,1,0,false,relocated_r_mips32_code_pointer
sub_08A22DFC,0x08A22DFC,28,9,1,1,0,false,relocated_r_mips32_code_pointer
sub_08A22E88,0x08A22E88,3,1,0,0,0,false,relocated_r_mips32_code_pointer
sub_08A22E98,0x08A22E98,3,1,1,0,0,false,relocated_r_mips32_code_pointer
sub_08A22EA8,0x08A22EA8,1,1,0,0,0,false,relocated_r_mips32_code_pointer
sub_08A22EB0,0x08A22EB0,1,1,0,0,0,false,relocated_r_mips32_code_pointer
sub_08A22EB8,0x08A22EB8,1,1,0,0,0,false,relocated_r_mips32_code_pointer
sub_08A22EC0,0x08A22EC0,1,1,0,0,0,false,relocated_r_mips32_code_pointer
sub_08A22EC8,0x08A22EC8,1,1,0,0,0,false,relocated_r_mips32_code_pointer
sub_08A22ED0,0x08A22ED0,1,1,0,0,0,false,relocated_r_mips32_code_pointer
sub_08A22ED8,0x08A22ED8,1,1,0,0,0,false,relocated_r_mips32_code_pointer
sub_08A22EE0,0x08A22EE0,1,1,0,0,0,false,relocated_r_mips32_code_pointer
sub_08A22EE8,0x08A22EE8,1,1,0,0,0,false,relocated_r_mips32_code_pointer
sub_08A22EF0,0x08A22EF0,1,1,0,0,0,false,relocated_r_mips32_code_pointer
sub_08A22EF8,0x08A22EF8,1,1,0,0,0,false,relocated_r_mips32_code_pointer
sub_08A22F00,0x08A22F00,1,1,0,0,0,false,relocated_r_mips32_code_pointer
sub_08A22F08,0x08A22F08,1,1,0,0,0,false,relocated_r_mips32_code_pointer
sub_08A22F10,0x08A22F10,2,1,0,0,0,false,relocated_r_mips32_code_pointer
sub_08A22F1C,0x08A22F1C,3,1,0,0,0,false,relocated_r_mips32_code_pointer
sub_08A22F2C,0x08A22F2C,1,1,0,0,0,false,relocated_r_mips32_code_pointer
sub_08A22F34,0x08A22F34,1,1,0,0,0,false,relocated_r_mips32_code_pointer
sub_08A22F3C,0x08A22F3C,47,7,0,2,0,false,relocated_r_mips32_code_pointer
sub_08A23014,0x08A23014,48,7,1,2,0,false,relocated_r_mips32_code_pointer
sub_08A230F0,0x08A230F0,5,1,0,0,0,false,relocated_r_mips32_code_pointer
sub_08A23108,0x08A23108,5,1,1,0,0,false,relocated_r_mips32_code_pointer
sub_08A23120,0x08A23120,2,1,1,0,0,false,relocated_r_mips32_code_pointer
sub_08A2312C,0x08A2312C,2,1,1,0,0,false,relocated_r_mips32_code_pointer
sub_08A23138,0x08A23138,5,1,0,0,0,false,relocated_r_mips32_code_pointer
sub_08A23150,0x08A23150,5,1,1,0,0,false,relocated_r_mips32_code_pointer
sub_08A23168,0x08A23168,5,1,0,0,0,false,relocated_r_mips32_code_pointer
sub_08A23180,0x08A23180,5,1,1,0,0,false,relocated_r_mips32_code_pointer
sub_08A23198,0x08A23198,1,1,1,0,0,false,relocated_r_mips32_code_pointer
sub_08A231A0,0x08A231A0,7,2,1,0,0,false,relocated_r_mips32_code_pointer
sub_08A231C4,0x08A231C4,2,1,1,0,0,false,relocated_r_mips32_code_pointer
sub_08A231D0,0x08A231D0,1,1,1,0,0,false,relocated_r_mips32_code_pointer
sub_08A231D8,0x08A231D8,24,7,0,1,0,false,relocated_r_mips32_code_pointer
sub_08A2324C,0x08A2324C,25,7,1,1,0,false,relocated_r_mips32_code_pointer
sub_08A232C4,0x08A232C4,42,14,1,2,0,false,direct_jal_target
sub_08A23394,0x08A23394,43,14,2,2,0,false,relocated_r_mips32_code_pointer
sub_08A23468,0x08A23468,5,1,0,0,0,false,direct_jal_target
sub_08A23480,0x08A23480,1,1,0,0,0,false,direct_jal_target
sub_08A23488,0x08A23488,5,1,0,0,0,false,relocated_r_mips32_code_pointer
sub_08A234A0,0x08A234A0,5,1,1,0,0,false,relocated_r_mips32_code_pointer
sub_08A234B8,0x08A234B8,48,8,0,0,2,false,relocated_r_mips32_code_pointer
sub_08A23590,0x08A23590,69,29,3,0,0,false,direct_jal_target
sub_08A236F0,0x08A236F0,12,3,3,0,0,false,relocated_r_mips32_code_pointer
sub_08A2372C,0x08A2372C,11,2,2,0,0,false,relocated_r_mips32_code_pointer
sub_08A23760,0x08A23760,96,20,1,1,0,false,direct_jal_target
sub_08A23920,0x08A23920,11,2,2,0,0,false,relocated_r_mips32_code_pointer
sub_08A23954,0x08A23954,12,3,3,0,0,false,relocated_r_mips32_code_pointer
sub_08A23990,0x08A23990,2,1,1,0,0,false,relocated_r_mips32_code_pointer
sub_08A2399C,0x08A2399C,16,2,2,0,0,false,relocated_r_mips32_code_pointer
sub_08A239E4,0x08A239E4,10,3,2,0,0,false,relocated_r_mips32_code_pointer
sub_08A23A18,0x08A23A18,2,1,1,0,0,false,relocated_r_mips32_code_pointer
sub_08A23A24,0x08A23A24,8,1,1,0,0,false,relocated_r_mips32_code_pointer
sub_08A23A48,0x08A23A48,1,1,0,0,0,false,relocated_r_mips32_code_pointer
sub_08A23A50,0x08A23A50,1,1,0,0,0,false,relocated_r_mips32_code_pointer
sub_08A23A58,0x08A23A58,14,3,2,0,0,false,relocated_r_mips32_code_pointer
sub_08A23A9C,0x08A23A9C,3,1,0,0,0,false,relocated_r_mips32_code_pointer
sub_08A23AAC,0x08A23AAC,3,1,1,0,0,false,relocated_r_mips32_code_pointer
sub_08A23ABC,0x08A23ABC,5,1,0,0,0,false,relocated_r_mips32_code_pointer
sub_08A23AD4,0x08A23AD4,5,1,1,0,0,false,relocated_r_mips32_code_pointer
sub_08A23AEC,0x08A23AEC,35,11,0,0,1,false,relocated_r_mips32_code_pointer
sub_08A23B98,0x08A23B98,35,11,0,0,1,false,relocated_r_mips32_code_pointer
sub_08A23C44,0x08A23C44,35,11,0,0,1,false,relocated_r_mips32_code_pointer
sub_08A23CF0,0x08A23CF0,35,11,0,0,1,false,relocated_r_mips32_code_pointer
sub_08A23D9C,0x08A23D9C,113,45,4,0,0,false,direct_jal_target
sub_08A23FEC,0x08A23FEC,11,2,2,0,0,false,relocated_r_mips32_code_pointer
sub_08A24020,0x08A24020,12,3,3,0,0,false,relocated_r_mips32_code_pointer
sub_08A2405C,0x08A2405C,11,2,2,0,0,false,relocated_r_mips32_code_pointer
sub_08A24090,0x08A24090,113,45,4,0,0,false,direct_jal_target
sub_08A242E0,0x08A242E0,11,2,2,0,0,false,relocated_r_mips32_code_pointer
sub_08A24314,0x08A24314,12,3,3,0,0,false,relocated_r_mips32_code_pointer
sub_08A24350,0x08A24350,11,2,2,0,0,false,relocated_r_mips32_code_pointer
sub_08A24384,0x08A24384,140,57,4,0,0,false,direct_jal_target
sub_08A24668,0x08A24668,11,2,2,0,0,false,relocated_r_mips32_code_pointer
sub_08A2469C,0x08A2469C,12,3,3,0,0,false,relocated_r_mips32_code_pointer
sub_08A246D8,0x08A246D8,11,2,2,0,0,false,relocated_r_mips32_code_pointer
sub_08A2470C,0x08A2470C,167,69,4,0,0,false,direct_jal_target
sub_08A24A84,0x08A24A84,11,2,2,0,0,false,relocated_r_mips32_code_pointer
sub_08A24AB8,0x08A24AB8,12,3,3,0,0,false,relocated_r_mips32_code_pointer
sub_08A24AF4,0x08A24AF4,11,2,2,0,0,false,relocated_r_mips32_code_pointer
sub_08A24B28,0x08A24B28,12,3,3,0,0,false,relocated_r_mips32_code_pointer
sub_08A24B64,0x08A24B64,12,3,3,0,0,false,relocated_r_mips32_code_pointer
sub_08A24BA0,0x08A24BA0,12,3,3,0,0,false,relocated_r_mips32_code_pointer
sub_08A24BDC,0x08A24BDC,12,3,3,0,0,false,relocated_r_mips32_code_pointer
sub_08A24C18,0x08A24C18,284,89,5,1,0,false,direct_jal_target
sub_08A251A4,0x08A251A4,91,24,5,0,0,false,direct_jal_target
sub_08A25360,0x08A25360,292,89,5,1,0,false,direct_jal_target
sub_08A2590C,0x08A2590C,658,221,5,1,0,false,direct_jal_target
sub_08A26600,0x08A26600,484,154,5,1,0,false,direct_jal_target
sub_08A26F74,0x08A26F74,187,67,4,1,0,false,direct_jal_target
sub_08A27338,0x08A27338,1,1,0,0,0,false,relocated_r_mips32_code_pointer
sub_08A27340,0x08A27340,25,7,1,1,0,false,relocated_r_mips32_code_pointer
sub_08A273B8,0x08A273B8,24,7,0,1,0,false,relocated_r_mips32_code_pointer
sub_08A2742C,0x08A2742C,24,7,0,1,0,false,relocated_r_mips32_code_pointer
sub_08A274A0,0x08A274A0,25,7,1,1,0,false,relocated_r_mips32_code_pointer
sub_08A27518,0x08A27518,12,3,2,0,0,false,relocated_r_mips32_code_pointer
sub_08A27554,0x08A27554,31,9,4,0,0,false,relocated_r_mips32_code_pointer
sub_08A275F4,0x08A275F4,3,1,0,0,0,false,relocated_r_mips32_code_pointer
sub_08A27604,0x08A27604,3,1,1,0,0,false,relocated_r_mips32_code_pointer
sub_08A27614,0x08A27614,1,1,0,0,0,false,relocated_r_mips32_code_pointer
sub_08A2761C,0x08A2761C,3,1,1,0,0,false,relocated_r_mips32_code_pointer
sub_08A2762C,0x08A2762C,35,11,0,0,1,false,relocated_r_mips32_code_pointer
sub_08A276D8,0x08A276D8,3,1,0,0,0,false,relocated_r_mips32_code_pointer
sub_08A276E8,0x08A276E8,3,1,1,0,0,false,relocated_r_mips32_code_pointer
sub_08A276F8,0x08A276F8,3,1,0,0,0,false,relocated_r_mips32_code_pointer
sub_08A27708,0x08A27708,113,45,4,0,0,false,direct_jal_target
sub_08A27958,0x08A27958,11,2,2,0,0,false,relocated_r_mips32_code_pointer
sub_08A2798C,0x08A2798C,12,3,3,0,0,false,relocated_r_mips32_code_pointer
sub_08A279C8,0x08A279C8,11,2,2,0,0,false,relocated_r_mips32_code_pointer
sub_08A279FC,0x08A279FC,12,3,3,0,0,false,relocated_r_mips32_code_pointer
sub_08A27A38,0x08A27A38,284,89,5,1,0,false,direct_jal_target
sub_08A27FC4,0x08A27FC4,22,14,0,0,0,false,direct_jal_target
sub_08A28050,0x08A28050,5,1,0,0,0,false,relocated_r_mips32_code_pointer
sub_08A28068,0x08A28068,5,1,1,0,0,false,relocated_r_mips32_code_pointer
sub_08A28080,0x08A28080,3,1,0,0,0,false,relocated_r_mips32_code_pointer
sub_08A28090,0x08A28090,3,1,1,0,0,false,relocated_r_mips32_code_pointer
sub_08A280A0,0x08A280A0,1,1,0,0,0,false,relocated_r_mips32_code_pointer
sub_08A280A8,0x08A280A8,18,2,1,0,0,false,relocated_r_mips32_code_pointer
sub_08A280F8,0x08A280F8,1,1,0,0,0,false,relocated_r_mips32_code_pointer
sub_08A28100,0x08A28100,1,1,0,0,0,false,relocated_r_mips32_code_pointer
sub_08A28108,0x08A28108,1,1,0,0,0,false,relocated_r_mips32_code_pointer
sub_08A28110,0x08A28110,1,1,0,0,0,false,relocated_r_mips32_code_pointer
sub_08A28118,0x08A28118,1,1,0,0,0,false,relocated_r_mips32_code_pointer
sub_08A28120,0x08A28120,1,1,0,0,0,false,relocated_r_mips32_code_pointer
sub_08A28128,0x08A28128,1,1,0,0,0,false,relocated_r_mips32_code_pointer
sub_08A28130,0x08A28130,1,1,0,0,0,false,relocated_r_mips32_code_pointer
sub_08A28138,0x08A28138,1,1,0,0,0,false,relocated_r_mips32_code_pointer
sub_08A28140,0x08A28140,1,1,0,0,0,false,relocated_r_mips32_code_pointer
sub_08A28148,0x08A28148,3,1,0,0,0,false,relocated_r_mips32_code_pointer
sub_08A28158,0x08A28158,1,1,0,0,0,false,relocated_r_mips32_code_pointer
sub_08A28160,0x08A28160,1,1,0,0,0,false,relocated_r_mips32_code_pointer
sub_08A28168,0x08A28168,1,1,0,0,0,false,relocated_r_mips32_code_pointer
sub_08A28170,0x08A28170,1,1,0,0,0,false,relocated_r_mips32_code_pointer
sub_08A28178,0x08A28178,1,1,0,0,0,false,relocated_r_mips32_code_pointer
sub_08A28180,0x08A28180,1,1,0,0,0,false,relocated_r_mips32_code_pointer
sub_08A28188,0x08A28188,2,1,1,0,0,false,relocated_r_mips32_code_pointer
sub_08A28194,0x08A28194,5,1,0,0,0,false,relocated_r_mips32_code_pointer
sub_08A281AC,0x08A281AC,5,1,1,0,0,false,relocated_r_mips32_code_pointer
sub_08A281C4,0x08A281C4,2,1,1,0,0,false,relocated_r_mips32_code_pointer
sub_08A281D0,0x08A281D0,10,3,2,0,0,false,relocated_r_mips32_code_pointer
sub_08A28204,0x08A28204,10,3,2,0,0,false,relocated_r_mips32_code_pointer
sub_08A28238,0x08A28238,10,3,2,0,0,false,relocated_r_mips32_code_pointer
sub_08A2826C,0x08A2826C,10,3,2,0,0,false,relocated_r_mips32_code_pointer
sub_08A282A0,0x08A282A0,10,3,2,0,0,false,relocated_r_mips32_code_pointer
sub_08A282D4,0x08A282D4,5,1,0,0,0,false,relocated_r_mips32_code_pointer
sub_08A282EC,0x08A282EC,5,1,1,0,0,false,relocated_r_mips32_code_pointer
sub_08A28304,0x08A28304,1,1,0,0,0,false,relocated_r_mips32_code_pointer
sub_08A2830C,0x08A2830C,116,9,2,0,0,false,direct_jal_target
sub_08A28500,0x08A28500,3,1,0,0,0,false,relocated_r_mips32_code_pointer
sub_08A28510,0x08A28510,3,1,1,0,0,false,relocated_r_mips32_code_pointer
sub_08A28520,0x08A28520,1,1,0,0,0,false,relocated_r_mips32_code_pointer
sub_08A28528,0x08A28528,1,1,0,0,0,false,relocated_r_mips32_code_pointer
sub_08A28530,0x08A28530,7,1,0,0,0,false,relocated_r_mips32_code_pointer
sub_08A28550,0x08A28550,1,1,0,0,0,false,relocated_r_mips32_code_pointer
sub_08A28558,0x08A28558,24,7,0,1,0,false,relocated_r_mips32_code_pointer
sub_08A285CC,0x08A285CC,1,1,1,0,0,false,relocated_r_mips32_code_pointer
sub_08A285D4,0x08A285D4,7,2,1,0,0,false,relocated_r_mips32_code_pointer
sub_08A285F8,0x08A285F8,25,7,1,1,0,false,relocated_r_mips32_code_pointer
sub_08A28670,0x08A28670,1,1,0,0,0,false,relocated_r_mips32_code_pointer
sub_08A28678,0x08A28678,1,1,0,0,0,false,relocated_r_mips32_code_pointer
sub_08A28680,0x08A28680,1,1,0,0,0,false,relocated_r_mips32_code_pointer
sub_08A28688,0x08A28688,1,1,0,0,0,false,relocated_r_mips32_code_pointer
sub_08A28690,0x08A28690,1,1,0,0,0,false,relocated_r_mips32_code_pointer
sub_08A28698,0x08A28698,1,1,0,0,0,false,relocated_r_mips32_code_pointer
sub_08A286A0,0x08A286A0,47,3,0,0,0,false,relocated_r_mips32_code_pointer
sub_08A28764,0x08A28764,1,1,0,0,0,false,relocated_r_mips32_code_pointer
sub_08A2876C,0x08A2876C,7,1,0,0,0,false,relocated_r_mips32_code_pointer
sub_08A2878C,0x08A2878C,1,1,0,0,0,false,relocated_r_mips32_code_pointer
sub_08A28794,0x08A28794,1,1,0,0,0,false,relocated_r_mips32_code_pointer
sub_08A2879C,0x08A2879C,1,1,0,0,0,false,relocated_r_mips32_code_pointer
sub_08A287A4,0x08A287A4,1,1,0,0,0,false,relocated_r_mips32_code_pointer
sub_08A287AC,0x08A287AC,1,1,0,0,0,false,relocated_r_mips32_code_pointer
sub_08A287B4,0x08A287B4,1,1,0,0,0,false,relocated_r_mips32_code_pointer
sub_08A287BC,0x08A287BC,1,1,0,0,0,false,relocated_r_mips32_code_pointer
sub_08A287C4,0x08A287C4,1,1,0,0,0,false,relocated_r_mips32_code_pointer
sub_08A287CC,0x08A287CC,1,1,0,0,0,false,relocated_r_mips32_code_pointer
sub_08A287D4,0x08A287D4,25,7,1,1,0,false,relocated_r_mips32_code_pointer
sub_08A2884C,0x08A2884C,7,1,0,0,0,false,relocated_r_mips32_code_pointer
sub_08A2886C,0x08A2886C,24,7,0,1,0,false,relocated_r_mips32_code_pointer
sub_08A288E0,0x08A288E0,10,2,1,0,0,false,relocated_r_mips32_code_pointer
sub_08A28910,0x08A28910,5,3,1,0,0,false,direct_jal_target
sub_08A28930,0x08A28930,1,1,0,0,0,false,relocated_r_mips32_code_pointer
sub_08A28938,0x08A28938,1,1,0,0,0,false,relocated_r_mips32_code_pointer
sub_08A28940,0x08A28940,2,1,1,0,0,false,relocated_r_mips32_code_pointer
sub_08A2894C,0x08A2894C,5,1,0,0,0,false,relocated_r_mips32_code_pointer
sub_08A28964,0x08A28964,5,1,1,0,0,false,relocated_r_mips32_code_pointer
sub_08A2897C,0x08A2897C,2,1,1,0,0,false,relocated_r_mips32_code_pointer
sub_08A28988,0x08A28988,1,1,0,0,0,false,relocated_r_mips32_code_pointer
sub_08A28990,0x08A28990,2,1,0,0,0,false,relocated_r_mips32_code_pointer
sub_08A2899C,0x08A2899C,1,1,0,0,0,false,relocated_r_mips32_code_pointer
sub_08A289A4,0x08A289A4,2,1,1,0,0,false,relocated_r_mips32_code_pointer
sub_08A289B0,0x08A289B0,5,1,0,0,0,false,relocated_r_mips32_code_pointer
sub_08A289C8,0x08A289C8,5,1,1,0,0,false,relocated_r_mips32_code_pointer
sub_08A289E0,0x08A289E0,2,1,1,0,0,false,relocated_r_mips32_code_pointer
sub_08A289EC,0x08A289EC,2,1,1,0,0,false,relocated_r_mips32_code_pointer
sub_08A289F8,0x08A289F8,2,1,1,0,0,false,relocated_r_mips32_code_pointer
sub_08A28A04,0x08A28A04,2,1,1,0,0,false,relocated_r_mips32_code_pointer
sub_08A28A10,0x08A28A10,2,1,1,0,0,false,relocated_r_mips32_code_pointer
sub_08A28A1C,0x08A28A1C,2,1,1,0,0,false,relocated_r_mips32_code_pointer
sub_08A28A28,0x08A28A28,2,1,1,0,0,false,relocated_r_mips32_code_pointer
sub_08A28A34,0x08A28A34,2,1,1,0,0,false,relocated_r_mips32_code_pointer
sub_08A28A40,0x08A28A40,3,1,0,0,0,false,relocated_r_mips32_code_pointer
sub_08A28A50,0x08A28A50,3,1,1,0,0,false,relocated_r_mips32_code_pointer
sub_08A28A60,0x08A28A60,1,1,0,0,0,false,relocated_r_mips32_code_pointer
sub_08A28A68,0x08A28A68,113,45,4,0,0,false,direct_jal_target
sub_08A28CB8,0x08A28CB8,35,11,0,0,1,false,relocated_r_mips32_code_pointer
sub_08A28D64,0x08A28D64,12,3,3,0,0,false,relocated_r_mips32_code_pointer
sub_08A28DA0,0x08A28DA0,11,2,2,0,0,false,relocated_r_mips32_code_pointer
sub_08A28DD4,0x08A28DD4,11,2,2,0,0,false,relocated_r_mips32_code_pointer
sub_08A28E08,0x08A28E08,12,3,3,0,0,false,relocated_r_mips32_code_pointer
sub_08A28E44,0x08A28E44,284,89,5,1,0,false,direct_jal_target
sub_08A293D0,0x08A293D0,10,3,2,0,0,false,relocated_r_mips32_code_pointer
sub_08A29404,0x08A29404,3,1,0,0,0,false,relocated_r_mips32_code_pointer
sub_08A29414,0x08A29414,3,1,1,0,0,false,relocated_r_mips32_code_pointer
sub_08A29424,0x08A29424,1,1,0,0,0,false,relocated_r_mips32_code_pointer
sub_08A2942C,0x08A2942C,1,1,0,0,0,false,relocated_r_mips32_code_pointer
sub_08A29434,0x08A29434,5,1,0,0,0,false,relocated_r_mips32_code_pointer
sub_08A2944C,0x08A2944C,5,1,1,0,0,false,relocated_r_mips32_code_pointer
sub_08A29464,0x08A29464,2,1,1,0,0,false,relocated_r_mips32_code_pointer
sub_08A29470,0x08A29470,2,1,1,0,0,false,relocated_r_mips32_code_pointer
sub_08A2947C,0x08A2947C,3,1,0,0,0,false,relocated_r_mips32_code_pointer
sub_08A2948C,0x08A2948C,3,1,1,0,0,false,relocated_r_mips32_code_pointer
sub_08A2949C,0x08A2949C,1,1,0,0,0,false,relocated_r_mips32_code_pointer
sub_08A294A4,0x08A294A4,1,1,0,0,0,false,relocated_r_mips32_code_pointer
sub_08A294AC,0x08A294AC,148,3,2,0,0,false,direct_jal_target
sub_08A29708,0x08A29708,401,3,0,0,0,false,direct_jal_target
sub_08A29D58,0x08A29D58,1,1,0,0,0,false,relocated_r_mips32_code_pointer
sub_08A29D60,0x08A29D60,1,1,0,0,0,false,relocated_r_mips32_code_pointer
sub_08A29D68,0x08A29D68,10,3,2,0,0,false,relocated_r_mips32_code_pointer
sub_08A29D9C,0x08A29D9C,10,3,2,0,0,false,relocated_r_mips32_code_pointer
sub_08A29DD0,0x08A29DD0,11,3,2,0,0,false,relocated_r_mips32_code_pointer
sub_08A29E08,0x08A29E08,1,1,0,0,0,false,relocated_r_mips32_code_pointer
sub_08A29E10,0x08A29E10,4,1,0,0,0,false,relocated_r_mips32_code_pointer
sub_08A29E24,0x08A29E24,4,1,1,0,0,false,relocated_r_mips32_code_pointer
sub_08A29E38,0x08A29E38,2,1,1,0,0,false,relocated_r_mips32_code_pointer
sub_08A29E44,0x08A29E44,5,1,0,0,0,false,relocated_r_mips32_code_pointer
sub_08A29E5C,0x08A29E5C,5,1,1,0,0,false,relocated_r_mips32_code_pointer
sub_08A29E74,0x08A29E74,2,1,1,0,0,false,relocated_r_mips32_code_pointer
sub_08A29E80,0x08A29E80,1,1,0,0,0,false,relocated_r_mips32_code_pointer
sub_08A29E88,0x08A29E88,1,1,0,0,0,false,relocated_r_mips32_code_pointer
sub_08A29E90,0x08A29E90,1,1,0,0,0,false,relocated_r_mips32_code_pointer
sub_08A29E98,0x08A29E98,1,1,0,0,0,false,relocated_r_mips32_code_pointer
sub_08A29EA0,0x08A29EA0,1,1,0,0,0,false,relocated_r_mips32_code_pointer
sub_08A29EA8,0x08A29EA8,1,1,0,0,0,false,relocated_r_mips32_code_pointer
sub_08A29EB0,0x08A29EB0,1,1,0,0,0,false,relocated_r_mips32_code_pointer
sub_08A29EB8,0x08A29EB8,1,1,0,0,0,false,relocated_r_mips32_code_pointer
sub_08A29EC0,0x08A29EC0,1,1,0,0,0,false,relocated_r_mips32_code_pointer
sub_08A29EC8,0x08A29EC8,1,1,0,0,0,false,relocated_r_mips32_code_pointer
sub_08A29ED0,0x08A29ED0,1,1,0,0,0,false,relocated_r_mips32_code_pointer
sub_08A29ED8,0x08A29ED8,1,1,0,0,0,false,relocated_r_mips32_code_pointer
sub_08A29EE0,0x08A29EE0,1,1,0,0,0,false,relocated_r_mips32_code_pointer
sub_08A29EE8,0x08A29EE8,1,1,0,0,0,false,relocated_r_mips32_code_pointer
sub_08A29EF0,0x08A29EF0,2,1,0,0,0,false,relocated_r_mips32_code_pointer
sub_08A29EFC,0x08A29EFC,2,1,0,0,0,false,relocated_r_mips32_code_pointer
sub_08A29F08,0x08A29F08,1,1,0,0,0,false,relocated_r_mips32_code_pointer
sub_08A29F10,0x08A29F10,1,1,0,0,0,false,relocated_r_mips32_code_pointer
sub_08A29F18,0x08A29F18,1,1,0,0,0,false,relocated_r_mips32_code_pointer
sub_08A29F20,0x08A29F20,1,1,0,0,0,false,relocated_r_mips32_code_pointer
sub_08A29F28,0x08A29F28,1,1,0,0,0,false,relocated_r_mips32_code_pointer
sub_08A29F30,0x08A29F30,1,1,0,0,0,false,relocated_r_mips32_code_pointer
sub_08A29F38,0x08A29F38,1,1,0,0,0,false,relocated_r_mips32_code_pointer
sub_08A29F40,0x08A29F40,1,1,0,0,0,false,relocated_r_mips32_code_pointer
sub_08A29F48,0x08A29F48,1,1,0,0,0,false,relocated_r_mips32_code_pointer
sub_08A29F50,0x08A29F50,1,1,0,0,0,false,relocated_r_mips32_code_pointer
sub_08A29F58,0x08A29F58,1,1,0,0,0,false,relocated_r_mips32_code_pointer
sub_08A29F60,0x08A29F60,1,1,0,0,0,false,relocated_r_mips32_code_pointer
sub_08A29F68,0x08A29F68,1,1,0,0,0,false,relocated_r_mips32_code_pointer
sub_08A29F70,0x08A29F70,1,1,0,0,0,false,relocated_r_mips32_code_pointer
sub_08A29F78,0x08A29F78,1,1,0,0,0,false,relocated_r_mips32_code_pointer
sub_08A29F80,0x08A29F80,1,1,0,0,0,false,relocated_r_mips32_code_pointer
sub_08A29F88,0x08A29F88,3,1,0,0,0,false,relocated_r_mips32_code_pointer
sub_08A29F98,0x08A29F98,3,1,0,0,0,false,relocated_r_mips32_code_pointer
sub_08A29FA8,0x08A29FA8,1,1,0,0,0,false,relocated_r_mips32_code_pointer
sub_08A29FB0,0x08A29FB0,1,1,0,0,0,false,relocated_r_mips32_code_pointer
sub_08A29FB8,0x08A29FB8,15,5,1,0,0,false,relocated_r_mips32_code_pointer
sub_08A2A004,0x08A2A004,1,1,1,0,0,false,relocated_r_mips32_code_pointer
sub_08A2A00C,0x08A2A00C,2,1,1,0,0,false,relocated_r_mips32_code_pointer
sub_08A2A018,0x08A2A018,1,1,1,0,0,false,relocated_r_mips32_code_pointer
sub_08A2A020,0x08A2A020,7,2,1,0,0,false,relocated_r_mips32_code_pointer
sub_08A2A044,0x08A2A044,15,5,1,0,0,false,relocated_r_mips32_code_pointer
sub_08A2A090,0x08A2A090,15,5,1,0,0,false,relocated_r_mips32_code_pointer
sub_08A2A0DC,0x08A2A0DC,24,7,0,1,0,false,relocated_r_mips32_code_pointer
sub_08A2A150,0x08A2A150,25,7,1,1,0,false,relocated_r_mips32_code_pointer
sub_08A2A1C8,0x08A2A1C8,42,14,1,2,0,false,direct_jal_target
sub_08A2A298,0x08A2A298,4,1,1,0,0,false,relocated_r_mips32_code_pointer
sub_08A2A2AC,0x08A2A2AC,12,2,2,0,0,false,relocated_r_mips32_code_pointer
sub_08A2A2E4,0x08A2A2E4,4,1,1,0,0,false,relocated_r_mips32_code_pointer
sub_08A2A2F8,0x08A2A2F8,12,2,2,0,0,false,relocated_r_mips32_code_pointer
sub_08A2A330,0x08A2A330,4,1,1,0,0,false,relocated_r_mips32_code_pointer
sub_08A2A344,0x08A2A344,12,2,2,0,0,false,relocated_r_mips32_code_pointer
sub_08A2A37C,0x08A2A37C,24,2,2,0,0,false,direct_jal_target
sub_08A2A3E4,0x08A2A3E4,43,14,2,2,0,false,relocated_r_mips32_code_pointer
sub_08A2A4B8,0x08A2A4B8,27,5,2,0,0,false,relocated_r_mips32_code_pointer
sub_08A2A538,0x08A2A538,28,6,3,0,0,false,relocated_r_mips32_code_pointer
sub_08A2A5C0,0x08A2A5C0,2,1,1,0,0,false,relocated_r_mips32_code_pointer
sub_08A2A5CC,0x08A2A5CC,8,1,1,0,0,false,relocated_r_mips32_code_pointer
sub_08A2A5F0,0x08A2A5F0,2,1,1,0,0,false,relocated_r_mips32_code_pointer
sub_08A2A5FC,0x08A2A5FC,8,1,0,0,0,false,relocated_r_mips32_code_pointer
sub_08A2A620,0x08A2A620,13,4,2,0,0,false,relocated_r_mips32_code_pointer
sub_08A2A664,0x08A2A664,12,3,2,0,0,false,relocated_r_mips32_code_pointer
sub_08A2A6A0,0x08A2A6A0,25,7,1,1,0,false,relocated_r_mips32_code_pointer
sub_08A2A718,0x08A2A718,24,7,0,1,0,false,relocated_r_mips32_code_pointer
sub_08A2A78C,0x08A2A78C,5,1,0,0,0,false,relocated_r_mips32_code_pointer
sub_08A2A7A4,0x08A2A7A4,5,1,1,0,0,false,relocated_r_mips32_code_pointer
sub_08A2A7BC,0x08A2A7BC,5,1,0,0,0,false,relocated_r_mips32_code_pointer
sub_08A2A7D4,0x08A2A7D4,5,1,1,0,0,false,relocated_r_mips32_code_pointer
sub_08A2A7EC,0x08A2A7EC,5,1,0,0,0,false,relocated_r_mips32_code_pointer
sub_08A2A804,0x08A2A804,5,1,1,0,0,false,relocated_r_mips32_code_pointer
sub_08A2A81C,0x08A2A81C,50,17,0,1,0,false,direct_jal_target
sub_08A2A91C,0x08A2A91C,5,1,0,0,0,false,relocated_r_mips32_code_pointer
sub_08A2A934,0x08A2A934,5,1,1,0,0,false,relocated_r_mips32_code_pointer
sub_08A2A94C,0x08A2A94C,35,11,0,0,1,false,relocated_r_mips32_code_pointer
sub_08A2A9F8,0x08A2A9F8,113,45,4,0,0,false,direct_jal_target
sub_08A2AC48,0x08A2AC48,11,2,2,0,0,false,direct_jal_target
sub_08A2AC7C,0x08A2AC7C,12,3,3,0,0,false,relocated_r_mips32_code_pointer
sub_08A2ACB8,0x08A2ACB8,11,2,2,0,0,false,relocated_r_mips32_code_pointer
sub_08A2ACEC,0x08A2ACEC,64,16,4,0,0,false,direct_jal_target
sub_08A2AE20,0x08A2AE20,125,49,3,1,0,false,direct_jal_target
sub_08A2B0B4,0x08A2B0B4,12,3,3,0,0,false,relocated_r_mips32_code_pointer
sub_08A2B0F0,0x08A2B0F0,284,89,5,1,0,false,direct_jal_target
sub_08A2B67C,0x08A2B67C,1,1,0,0,0,false,relocated_r_mips32_code_pointer
sub_08A2B684,0x08A2B684,1,1,0,0,0,false,relocated_r_mips32_code_pointer
sub_08A2B68C,0x08A2B68C,1,1,0,0,0,false,relocated_r_mips32_code_pointer
sub_08A2B694,0x08A2B694,1,1,0,0,0,false,relocated_r_mips32_code_pointer
sub_08A2B69C,0x08A2B69C,1,1,0,0,0,false,relocated_r_mips32_code_pointer
sub_08A2B6A4,0x08A2B6A4,1,1,0,0,0,false,relocated_r_mips32_code_pointer
sub_08A2B6AC,0x08A2B6AC,1,1,0,0,0,false,relocated_r_mips32_code_pointer
sub_08A2B6B4,0x08A2B6B4,1,1,0,0,0,false,relocated_r_mips32_code_pointer
sub_08A2B6BC,0x08A2B6BC,1,1,0,0,0,false,relocated_r_mips32_code_pointer
sub_08A2B6C4,0x08A2B6C4,1,1,0,0,0,false,relocated_r_mips32_code_pointer
sub_08A2B6CC,0x08A2B6CC,1,1,0,0,0,false,relocated_r_mips32_code_pointer
sub_08A2B6D4,0x08A2B6D4,1,1,0,0,0,false,relocated_r_mips32_code_pointer
sub_08A2B6DC,0x08A2B6DC,1,1,0,0,0,false,relocated_r_mips32_code_pointer
sub_08A2B6E4,0x08A2B6E4,2,1,0,0,0,false,relocated_r_mips32_code_pointer
sub_08A2B6F0,0x08A2B6F0,1,1,0,0,0,false,relocated_r_mips32_code_pointer
sub_08A2B6F8,0x08A2B6F8,1,1,0,0,0,false,relocated_r_mips32_code_pointer
sub_08A2B700,0x08A2B700,1,1,0,0,0,false,relocated_r_mips32_code_pointer
sub_08A2B708,0x08A2B708,1,1,0,0,0,false,relocated_r_mips32_code_pointer
sub_08A2B710,0x08A2B710,1,1,0,0,0,false,relocated_r_mips32_code_pointer
sub_08A2B718,0x08A2B718,1,1,0,0,0,false,relocated_r_mips32_code_pointer
sub_08A2B720,0x08A2B720,1,1,0,0,0,false,relocated_r_mips32_code_pointer
sub_08A2B728,0x08A2B728,1,1,0,0,0,false,relocated_r_mips32_code_pointer
sub_08A2B730,0x08A2B730,1,1,0,0,0,false,relocated_r_mips32_code_pointer
sub_08A2B738,0x08A2B738,1,1,0,0,0,false,relocated_r_mips32_code_pointer
sub_08A2B740,0x08A2B740,1,1,0,0,0,false,relocated_r_mips32_code_pointer
sub_08A2B748,0x08A2B748,1,1,0,0,0,false,relocated_r_mips32_code_pointer
sub_08A2B750,0x08A2B750,1,1,0,0,0,false,relocated_r_mips32_code_pointer
sub_08A2B758,0x08A2B758,1,1,0,0,0,false,relocated_r_mips32_code_pointer
sub_08A2B760,0x08A2B760,1,1,0,0,0,false,relocated_r_mips32_code_pointer
sub_08A2B768,0x08A2B768,1,1,0,0,0,false,relocated_r_mips32_code_pointer
sub_08A2B770,0x08A2B770,1,1,0,0,0,false,relocated_r_mips32_code_pointer
sub_08A2B778,0x08A2B778,1,1,0,0,0,false,relocated_r_mips32_code_pointer
sub_08A2B780,0x08A2B780,1,1,0,0,0,false,relocated_r_mips32_code_pointer
sub_08A2B788,0x08A2B788,1,1,0,0,0,false,relocated_r_mips32_code_pointer
sub_08A2B790,0x08A2B790,1,1,0,0,0,false,relocated_r_mips32_code_pointer
sub_08A2B798,0x08A2B798,1,1,0,0,0,false,relocated_r_mips32_code_pointer
sub_08A2B7A0,0x08A2B7A0,1,1,0,0,0,false,relocated_r_mips32_code_pointer
sub_08A2B7A8,0x08A2B7A8,15,5,0,0,0,false,relocated_r_mips32_code_pointer
sub_08A2B7F4,0x08A2B7F4,1,1,0,0,0,false,relocated_r_mips32_code_pointer
sub_08A2B7FC,0x08A2B7FC,1,1,0,0,0,false,relocated_r_mips32_code_pointer
sub_08A2B804,0x08A2B804,5,1,0,0,0,false,relocated_r_mips32_code_pointer
sub_08A2B81C,0x08A2B81C,5,1,1,0,0,false,relocated_r_mips32_code_pointer
sub_08A2B834,0x08A2B834,15,5,1,0,0,false,relocated_r_mips32_code_pointer
sub_08A2B880,0x08A2B880,15,5,1,0,0,false,relocated_r_mips32_code_pointer
sub_08A2B8CC,0x08A2B8CC,15,5,1,0,0,false,relocated_r_mips32_code_pointer
sub_08A2B918,0x08A2B918,15,5,1,0,0,false,relocated_r_mips32_code_pointer
sub_08A2B964,0x08A2B964,12,2,2,0,0,false,relocated_r_mips32_code_pointer
sub_08A2B99C,0x08A2B99C,4,1,1,0,0,false,relocated_r_mips32_code_pointer
sub_08A2B9B0,0x08A2B9B0,12,2,2,0,0,false,relocated_r_mips32_code_pointer
sub_08A2B9E8,0x08A2B9E8,12,2,2,0,0,false,relocated_r_mips32_code_pointer
sub_08A2BA20,0x08A2BA20,12,2,2,0,0,false,relocated_r_mips32_code_pointer
sub_08A2BA58,0x08A2BA58,4,1,1,0,0,false,relocated_r_mips32_code_pointer
sub_08A2BA6C,0x08A2BA6C,4,1,1,0,0,false,relocated_r_mips32_code_pointer
sub_08A2BA80,0x08A2BA80,4,1,1,0,0,false,relocated_r_mips32_code_pointer
sub_08A2BA94,0x08A2BA94,27,5,2,0,0,false,relocated_r_mips32_code_pointer
sub_08A2BB14,0x08A2BB14,28,6,3,0,0,false,relocated_r_mips32_code_pointer
sub_08A2BB9C,0x08A2BB9C,19,3,2,0,0,false,relocated_r_mips32_code_pointer
sub_08A2BBF4,0x08A2BBF4,20,4,3,0,0,false,relocated_r_mips32_code_pointer
sub_08A2BC54,0x08A2BC54,1,1,1,0,0,false,relocated_r_mips32_code_pointer
sub_08A2BC5C,0x08A2BC5C,7,2,1,0,0,false,relocated_r_mips32_code_pointer
sub_08A2BC80,0x08A2BC80,2,1,1,0,0,false,relocated_r_mips32_code_pointer
sub_08A2BC8C,0x08A2BC8C,1,1,1,0,0,false,relocated_r_mips32_code_pointer
sub_08A2BC94,0x08A2BC94,24,2,2,0,0,false,direct_jal_target
sub_08A2BCFC,0x08A2BCFC,24,7,0,1,0,false,relocated_r_mips32_code_pointer
sub_08A2BD70,0x08A2BD70,25,7,1,1,0,false,relocated_r_mips32_code_pointer
sub_08A2BDE8,0x08A2BDE8,43,14,2,2,0,false,relocated_r_mips32_code_pointer
sub_08A2BEBC,0x08A2BEBC,42,14,1,2,0,false,direct_jal_target
sub_08A2BF8C,0x08A2BF8C,1,1,0,0,0,false,relocated_r_mips32_code_pointer
sub_08A2BF94,0x08A2BF94,5,2,1,0,0,false,materialized_code_pointer
sub_08A2BFB0,0x08A2BFB0,1,1,0,0,0,false,relocated_r_mips32_code_pointer
sub_08A2BFB8,0x08A2BFB8,1,1,0,0,0,false,direct_jal_target
sub_08A2BFC0,0x08A2BFC0,1,1,0,0,0,false,direct_jal_target
sub_08A2BFC8,0x08A2BFC8,1,1,0,0,0,false,direct_jal_target
sub_08A2BFD0,0x08A2BFD0,1,1,0,0,0,false,direct_jal_target
sub_08A2BFD8,0x08A2BFD8,1,1,0,0,0,false,direct_jal_target
sub_08A2BFE0,0x08A2BFE0,1,1,0,0,0,false,direct_jal_target
sub_08A2BFE8,0x08A2BFE8,1,1,0,0,0,false,direct_jal_target
sub_08A2BFF0,0x08A2BFF0,1,1,0,0,0,false,direct_jal_target
sub_08A2BFF8,0x08A2BFF8,1,1,0,0,0,false,direct_jal_target
sub_08A2C000,0x08A2C000,1,1,0,0,0,false,direct_jal_target
sub_08A2C008,0x08A2C008,1,1,0,0,0,false,direct_jal_target
sub_08A2C010,0x08A2C010,1,1,0,0,0,false,direct_jal_target
sub_08A2C020,0x08A2C020,1,1,0,0,0,false,direct_jal_target
sub_08A2C028,0x08A2C028,1,1,0,0,0,false,direct_jal_target
sub_08A2C030,0x08A2C030,1,1,0,0,0,false,direct_jal_target
sub_08A2C038,0x08A2C038,1,1,0,0,0,false,direct_jal_target
sub_08A2C040,0x08A2C040,1,1,0,0,0,false,direct_jal_target
sub_08A2C048,0x08A2C048,1,1,0,0,0,false,direct_jal_target
sub_08A2C050,0x08A2C050,1,1,0,0,0,false,direct_jal_target
sub_08A2C058,0x08A2C058,1,1,0,0,0,false,direct_jal_target
sub_08A2C060,0x08A2C060,1,1,0,0,0,false,direct_jal_target
sub_08A2C068,0x08A2C068,1,1,0,0,0,false,direct_jal_target
sub_08A2C070,0x08A2C070,1,1,0,0,0,false,direct_jal_target
sub_08A2C078,0x08A2C078,1,1,0,0,0,false,direct_jal_target
sub_08A2C080,0x08A2C080,1,1,0,0,0,false,direct_jal_target
sub_08A2C088,0x08A2C088,1,1,0,0,0,false,direct_jal_target
sub_08A2C090,0x08A2C090,1,1,0,0,0,false,direct_jal_target
sub_08A2C098,0x08A2C098,1,1,0,0,0,false,direct_jal_target
sub_08A2C0A0,0x08A2C0A0,1,1,0,0,0,false,direct_jal_target
sub_08A2C0A8,0x08A2C0A8,1,1,0,0,0,false,direct_jal_target
sub_08A2C0B0,0x08A2C0B0,1,1,0,0,0,false,direct_jal_target
sub_08A2C0B8,0x08A2C0B8,1,1,0,0,0,false,direct_jal_target
sub_08A2C0C0,0x08A2C0C0,1,1,0,0,0,false,direct_jal_target
sub_08A2C0C8,0x08A2C0C8,1,1,0,0,0,false,direct_jal_target
sub_08A2C0D0,0x08A2C0D0,1,1,0,0,0,false,direct_jal_target
sub_08A2C0D8,0x08A2C0D8,1,1,0,0,0,false,direct_jal_target
sub_08A2C0E0,0x08A2C0E0,1,1,0,0,0,false,direct_jal_target
sub_08A2C0E8,0x08A2C0E8,1,1,0,0,0,false,direct_jal_target
sub_08A2C0F0,0x08A2C0F0,1,1,0,0,0,false,direct_jal_target
sub_08A2C0F8,0x08A2C0F8,1,1,0,0,0,false,direct_jal_target
sub_08A2C100,0x08A2C100,1,1,0,0,0,false,direct_jal_target
sub_08A2C108,0x08A2C108,1,1,0,0,0,false,direct_jal_target
sub_08A2C110,0x08A2C110,1,1,0,0,0,false,direct_jal_target
sub_08A2C118,0x08A2C118,1,1,0,0,0,false,direct_jal_target
sub_08A2C120,0x08A2C120,1,1,0,0,0,false,direct_jal_target
sub_08A2C128,0x08A2C128,1,1,0,0,0,false,direct_jal_target
sub_08A2C130,0x08A2C130,1,1,0,0,0,false,direct_jal_target
sub_08A2C138,0x08A2C138,1,1,0,0,0,false,direct_jal_target
sub_08A2C140,0x08A2C140,1,1,0,0,0,false,direct_jal_target
sub_08A2C148,0x08A2C148,1,1,0,0,0,false,direct_jal_target
sub_08A2C150,0x08A2C150,1,1,0,0,0,false,direct_jal_target
sub_08A2C158,0x08A2C158,1,1,0,0,0,false,direct_jal_target
sub_08A2C160,0x08A2C160,1,1,0,0,0,false,direct_jal_target
sub_08A2C168,0x08A2C168,1,1,0,0,0,false,direct_jal_target
sub_08A2C170,0x08A2C170,1,1,0,0,0,false,direct_jal_target
sub_08A2C178,0x08A2C178,1,1,0,0,0,false,direct_jal_target
sub_08A2C180,0x08A2C180,1,1,0,0,0,false,direct_jal_target
sub_08A2C188,0x08A2C188,1,1,0,0,0,false,direct_jal_target
sub_08A2C190,0x08A2C190,1,1,0,0,0,false,direct_jal_target
sub_08A2C198,0x08A2C198,1,1,0,0,0,false,direct_jal_target
sub_08A2C1A0,0x08A2C1A0,1,1,0,0,0,false,direct_jal_target
sub_08A2C1A8,0x08A2C1A8,1,1,0,0,0,false,direct_jal_target
sub_08A2C1B0,0x08A2C1B0,1,1,0,0,0,false,direct_jal_target
sub_08A2C1B8,0x08A2C1B8,1,1,0,0,0,false,direct_jal_target
sub_08A2C1C0,0x08A2C1C0,1,1,0,0,0,false,direct_jal_target
sub_08A2C1C8,0x08A2C1C8,1,1,0,0,0,false,direct_jal_target
sub_08A2C1D0,0x08A2C1D0,1,1,0,0,0,false,direct_jal_target
sub_08A2C1D8,0x08A2C1D8,1,1,0,0,0,false,direct_jal_target
sub_08A2C1E0,0x08A2C1E0,1,1,0,0,0,false,direct_jal_target
sub_08A2C1E8,0x08A2C1E8,1,1,0,0,0,false,direct_jal_target
sub_08A2C1F0,0x08A2C1F0,1,1,0,0,0,false,direct_jal_target
sub_08A2C1F8,0x08A2C1F8,1,1,0,0,0,false,direct_jal_target
sub_08A2C200,0x08A2C200,1,1,0,0,0,false,direct_jal_target
sub_08A2C208,0x08A2C208,1,1,0,0,0,false,direct_jal_target
sub_08A2C210,0x08A2C210,1,1,0,0,0,false,direct_jal_target
sub_08A2C218,0x08A2C218,1,1,0,0,0,false,direct_jal_target
sub_08A2C220,0x08A2C220,1,1,0,0,0,false,direct_jal_target
sub_08A2C228,0x08A2C228,1,1,0,0,0,false,direct_jal_target
sub_08A2C230,0x08A2C230,1,1,0,0,0,false,direct_jal_target
sub_08A2C238,0x08A2C238,1,1,0,0,0,false,direct_jal_target
sub_08A2C240,0x08A2C240,1,1,0,0,0,false,direct_jal_target
sub_08A2C248,0x08A2C248,1,1,0,0,0,false,direct_jal_target
sub_08A2C250,0x08A2C250,1,1,0,0,0,false,direct_jal_target
sub_08A2C258,0x08A2C258,1,1,0,0,0,false,direct_jal_target
sub_08A2C260,0x08A2C260,1,1,0,0,0,false,direct_jal_target
sub_08A2C268,0x08A2C268,1,1,0,0,0,false,direct_jal_target
sub_08A2C270,0x08A2C270,1,1,0,0,0,false,direct_jal_target
sub_08A2C278,0x08A2C278,1,1,0,0,0,false,direct_jal_target
sub_08A2C280,0x08A2C280,1,1,0,0,0,false,relocated_r_mips32_code_pointer
sub_08A2C288,0x08A2C288,1,1,0,0,0,false,direct_jal_target
sub_08A2C290,0x08A2C290,1,1,0,0,0,false,direct_jal_target
sub_08A2C298,0x08A2C298,1,1,0,0,0,false,direct_jal_target
sub_08A2C2A0,0x08A2C2A0,1,1,0,0,0,false,direct_jal_target
sub_08A2C2A8,0x08A2C2A8,1,1,0,0,0,false,direct_jal_target
sub_08A2C2B0,0x08A2C2B0,1,1,0,0,0,false,direct_jal_target
sub_08A2C2B8,0x08A2C2B8,1,1,0,0,0,false,direct_jal_target
sub_08A2C2C0,0x08A2C2C0,1,1,0,0,0,false,direct_jal_target
sub_08A2C2C8,0x08A2C2C8,1,1,0,0,0,false,direct_jal_target
sub_08A2C2D0,0x08A2C2D0,1,1,0,0,0,false,direct_jal_target
sub_08A2C2E0,0x08A2C2E0,1,1,0,0,0,false,direct_jal_target
sub_08A2C2E8,0x08A2C2E8,1,1,0,0,0,false,direct_jal_target
sub_08A2C2F0,0x08A2C2F0,1,1,0,0,0,false,direct_jal_target
sub_08A2C2F8,0x08A2C2F8,1,1,0,0,0,false,direct_jal_target
sub_08A2C300,0x08A2C300,1,1,0,0,0,false,direct_jal_target
sub_08A2C308,0x08A2C308,1,1,0,0,0,false,direct_jal_target
sub_08A2C310,0x08A2C310,1,1,0,0,0,false,direct_jal_target
sub_08A2C318,0x08A2C318,1,1,0,0,0,false,direct_jal_target
sub_08A2C320,0x08A2C320,1,1,0,0,0,false,direct_jal_target
sub_08A2C328,0x08A2C328,1,1,0,0,0,false,direct_jal_target
sub_08A2C330,0x08A2C330,1,1,0,0,0,false,direct_jal_target
sub_08A2C338,0x08A2C338,1,1,0,0,0,false,direct_jal_target
sub_08A2C340,0x08A2C340,1,1,0,0,0,false,direct_jal_target
sub_08A2C348,0x08A2C348,1,1,0,0,0,false,direct_jal_target
sub_08A2C350,0x08A2C350,1,1,0,0,0,false,direct_jal_target
sub_08A2C358,0x08A2C358,1,1,0,0,0,false,direct_jal_target
sub_08A2C360,0x08A2C360,1,1,0,0,0,false,direct_jal_target
sub_08A2C368,0x08A2C368,1,1,0,0,0,false,direct_jal_target
sub_08A2C370,0x08A2C370,1,1,0,0,0,false,direct_jal_target
sub_08A2C378,0x08A2C378,1,1,0,0,0,false,direct_jal_target
sub_08A2C380,0x08A2C380,1,1,0,0,0,false,direct_jal_target
sub_08A2C388,0x08A2C388,1,1,0,0,0,false,direct_jal_target
sub_08A2C390,0x08A2C390,1,1,0,0,0,false,direct_jal_target
sub_08A2C398,0x08A2C398,1,1,0,0,0,false,direct_jal_target
sub_08A2C3A0,0x08A2C3A0,1,1,0,0,0,false,direct_jal_target
sub_08A2C3A8,0x08A2C3A8,1,1,0,0,0,false,direct_jal_target
sub_08A2C3B0,0x08A2C3B0,1,1,0,0,0,false,direct_jal_target
sub_08A2C3B8,0x08A2C3B8,1,1,0,0,0,false,direct_jal_target
sub_08A2C3C0,0x08A2C3C0,1,1,0,0,0,false,direct_jal_target
sub_08A2C3C8,0x08A2C3C8,1,1,0,0,0,false,direct_jal_target
sub_08A2C3D0,0x08A2C3D0,1,1,0,0,0,false,direct_jal_target
sub_08A2C3D8,0x08A2C3D8,1,1,0,0,0,false,direct_jal_target
sub_08A2C3E0,0x08A2C3E0,1,1,0,0,0,false,direct_jal_target
sub_08A2C3E8,0x08A2C3E8,1,1,0,0,0,false,direct_jal_target
sub_08A2C3F0,0x08A2C3F0,1,1,0,0,0,false,direct_jal_target
sub_08A2C3F8,0x08A2C3F8,1,1,0,0,0,false,direct_jal_target
sub_08A2C400,0x08A2C400,1,1,0,0,0,false,direct_jal_target
sub_08A2C408,0x08A2C408,1,1,0,0,0,false,direct_jal_target
sub_08A2C410,0x08A2C410,1,1,0,0,0,false,direct_jal_target
sub_08A2C418,0x08A2C418,1,1,0,0,0,false,direct_jal_target
sub_08A2C420,0x08A2C420,1,1,0,0,0,false,direct_jal_target
sub_08A2C428,0x08A2C428,1,1,0,0,0,false,direct_jal_target
sub_08A2C430,0x08A2C430,1,1,0,0,0,false,direct_jal_target
sub_08A2C438,0x08A2C438,1,1,0,0,0,false,direct_jal_target
sub_08A2C440,0x08A2C440,1,1,0,0,0,false,direct_jal_target
sub_08A2C448,0x08A2C448,1,1,0,0,0,false,direct_jal_target
sub_08A2C450,0x08A2C450,1,1,0,0,0,false,direct_jal_target
sub_08A2C458,0x08A2C458,1,1,0,0,0,false,direct_jal_target
sub_08A2C460,0x08A2C460,1,1,0,0,0,false,direct_jal_target
sub_08A2C468,0x08A2C468,1,1,0,0,0,false,direct_jal_target
sub_08A2C470,0x08A2C470,1,1,0,0,0,false,direct_jal_target
sub_08A2C478,0x08A2C478,1,1,0,0,0,false,direct_jal_target
sub_08A2C480,0x08A2C480,1,1,0,0,0,false,direct_jal_target
sub_08A2C488,0x08A2C488,1,1,0,0,0,false,direct_jal_target
sub_08A2C490,0x08A2C490,1,1,0,0,0,false,direct_jal_target
sub_08A2C498,0x08A2C498,1,1,0,0,0,false,direct_jal_target
sub_08A2C4A0,0x08A2C4A0,1,1,0,0,0,false,direct_jal_target
sub_08A2C4A8,0x08A2C4A8,1,1,0,0,0,false,direct_jal_target
sub_08A2C4B0,0x08A2C4B0,1,1,0,0,0,false,direct_jal_target
sub_08A2C4B8,0x08A2C4B8,1,1,0,0,0,false,direct_jal_target
sub_08A2C4C0,0x08A2C4C0,1,1,0,0,0,false,direct_jal_target
sub_08A2C4C8,0x08A2C4C8,1,1,0,0,0,false,direct_jal_target
sub_08A2C4D0,0x08A2C4D0,1,1,0,0,0,false,direct_jal_target
sub_08A2C4D8,0x08A2C4D8,1,1,0,0,0,false,direct_jal_target
sub_08A2C4E0,0x08A2C4E0,1,1,0,0,0,false,direct_jal_target
sub_08A2C4E8,0x08A2C4E8,1,1,0,0,0,false,direct_jal_target
sub_08A2C4F0,0x08A2C4F0,1,1,0,0,0,false,direct_jal_target
sub_08A2C4F8,0x08A2C4F8,1,1,0,0,0,false,direct_jal_target
sub_08A2C500,0x08A2C500,1,1,0,0,0,false,direct_jal_target
sub_08A2C508,0x08A2C508,1,1,0,0,0,false,direct_jal_target
sub_08A2C510,0x08A2C510,1,1,0,0,0,false,direct_jal_target
sub_08A2C518,0x08A2C518,1,1,0,0,0,false,direct_jal_target
sub_08A2C520,0x08A2C520,1,1,0,0,0,false,direct_jal_target
sub_08A2C528,0x08A2C528,1,1,0,0,0,false,direct_jal_target
sub_08A2C534,0x08A2C534,4,1,0,0,0,false,relocated_r_mips32_code_pointer
sub_08A2C544,0x08A2C544,2,1,0,0,0,false,relocated_r_mips32_code_pointer
sub_08A2C54C,0x08A2C54C,1,1,0,0,0,false,relocated_r_mips32_code_pointer
sub_08A2C718,0x08A2C718,1,1,0,0,0,false,relocated_r_mips32_code_pointer
sub_08A2C71C,0x08A2C71C,9,1,0,0,0,false,relocated_r_mips32_code_pointer
sub_08A2C754,0x08A2C754,4,1,0,0,2,false,relocated_r_mips32_code_pointer
sub_08A2C764,0x08A2C764,44876,9457,87,106,11490,false,relocated_r_mips32_code_pointer
sub_08A2C774,0x08A2C774,5,1,0,0,5,false,relocated_r_mips32_code_pointer
sub_08A2C788,0x08A2C788,3,1,0,0,3,false,relocated_r_mips32_code_pointer
sub_08A2C794,0x08A2C794,4,1,0,0,3,false,relocated_r_mips32_code_pointer
sub_08A2C7A4,0x08A2C7A4,4,1,0,0,2,false,relocated_r_mips32_code_pointer
sub_08A2C7B4,0x08A2C7B4,44876,9458,87,106,11490,false,relocated_r_mips32_code_pointer
sub_08A2C7C4,0x08A2C7C4,44876,9458,87,106,11489,false,relocated_r_mips32_code_pointer
sub_08A2C7D4,0x08A2C7D4,44876,9458,87,106,11489,false,relocated_r_mips32_code_pointer
sub_08A2C7E4,0x08A2C7E4,3,1,0,0,2,false,relocated_r_mips32_code_pointer
sub_08A2C7F0,0x08A2C7F0,4,1,0,0,3,false,relocated_r_mips32_code_pointer
sub_08A2C800,0x08A2C800,5,1,0,0,4,false,relocated_r_mips32_code_pointer
sub_08A2C814,0x08A2C814,4,1,0,0,3,false,relocated_r_mips32_code_pointer
sub_08A2C824,0x08A2C824,160,39,4,0,18,false,relocated_r_mips32_code_pointer
sub_08A2C834,0x08A2C834,6,1,0,0,5,false,relocated_r_mips32_code_pointer
sub_08A2C84C,0x08A2C84C,5,1,0,0,5,false,relocated_r_mips32_code_pointer
sub_08A2C860,0x08A2C860,44877,9458,87,106,11490,false,relocated_r_mips32_code_pointer
sub_08A2C874,0x08A2C874,6,1,0,0,5,false,relocated_r_mips32_code_pointer
sub_08A2C88C,0x08A2C88C,5,1,0,0,4,false,relocated_r_mips32_code_pointer
sub_08A2C8A0,0x08A2C8A0,6,1,0,0,4,false,relocated_r_mips32_code_pointer
sub_08A2C8B8,0x08A2C8B8,6,1,0,0,4,false,relocated_r_mips32_code_pointer
sub_08A2C8D0,0x08A2C8D0,5,1,0,0,3,false,relocated_r_mips32_code_pointer
sub_08A2C8E4,0x08A2C8E4,22,5,0,0,4,false,relocated_r_mips32_code_pointer
sub_08A2C8F8,0x08A2C8F8,44902,9460,87,106,11499,false,relocated_r_mips32_code_pointer
sub_08A2C928,0x08A2C928,128,33,4,0,5,false,relocated_r_mips32_code_pointer
sub_08A2C954,0x08A2C954,44902,9466,87,106,11492,false,direct_jal_target
sub_08A2C968,0x08A2C968,1,1,0,0,0,false,relocated_r_mips32_code_pointer
sub_08A2C974,0x08A2C974,2,1,0,0,2,false,relocated_r_mips32_code_pointer
sub_08A2C97C,0x08A2C97C,5,1,0,0,1,false,relocated_r_mips32_code_pointer
sub_08A2C990,0x08A2C990,44876,9458,87,106,11489,false,relocated_r_mips32_code_pointer
sub_08A2C99C,0x08A2C99C,64,7,0,0,4,false,relocated_r_mips32_code_pointer
sub_08A2C9BC,0x08A2C9BC,237,67,5,0,36,false,relocated_r_mips32_code_pointer
sub_08A2CA1C,0x08A2CA1C,5,1,0,0,2,false,relocated_r_mips32_code_pointer
sub_08A2CA30,0x08A2CA30,12,3,0,0,3,false,relocated_r_mips32_code_pointer
sub_08A2CA50,0x08A2CA50,44895,9465,87,106,11494,false,relocated_r_mips32_code_pointer
sub_08A2CA84,0x08A2CA84,125,25,2,2,19,false,relocated_r_mips32_code_pointer
sub_08A2CA90,0x08A2CA90,4,2,1,0,2,false,relocated_r_mips32_code_pointer
sub_08A2CAA4,0x08A2CAA4,3,1,0,0,2,false,relocated_r_mips32_code_pointer
sub_08A2CADC,0x08A2CADC,1,1,0,0,0,false,relocated_r_mips32_code_pointer
sub_08A2CAE0,0x08A2CAE0,1,1,0,0,0,false,relocated_r_mips32_code_pointer
sub_08A2CAEC,0x08A2CAEC,6,1,0,0,2,false,relocated_r_mips32_code_pointer
sub_08A2CB04,0x08A2CB04,1,1,0,0,0,false,relocated_r_mips32_code_pointer
sub_08A2CB2C,0x08A2CB2C,2,1,0,0,1,false,relocated_r_mips32_code_pointer
sub_08A2CB34,0x08A2CB34,44897,9460,87,106,11499,false,relocated_r_mips32_code_pointer
sub_08A2CBA0,0x08A2CBA0,1,1,0,0,0,false,relocated_r_mips32_code_pointer
sub_08A2CBA4,0x08A2CBA4,4,1,0,0,2,false,relocated_r_mips32_code_pointer
sub_08A2CBB4,0x08A2CBB4,30,8,2,1,1,false,relocated_r_mips32_code_pointer
sub_08A2CBE4,0x08A2CBE4,3,1,0,0,1,false,relocated_r_mips32_code_pointer
sub_08A2D098,0x08A2D098,1,1,0,0,0,false,materialized_code_pointer
sub_08A2D09C,0x08A2D09C,2,1,0,0,0,false,materialized_code_pointer
sub_08A2D0A4,0x08A2D0A4,1,1,0,0,0,false,relocated_data_code_pointer
sub_08A2D55C,0x08A2D55C,6,1,0,0,3,false,materialized_code_pointer
sub_08A2E130,0x08A2E130,8,1,0,0,5,false,relocated_r_mips32_code_pointer
sub_08A2E150,0x08A2E150,4,1,0,0,1,false,relocated_r_mips32_code_pointer
sub_08A2E178,0x08A2E178,44878,9458,87,106,11489,false,relocated_r_mips32_code_pointer
sub_08A2E190,0x08A2E190,3,1,0,0,1,false,relocated_r_mips32_code_pointer
sub_08A2E1C8,0x08A2E1C8,6,1,0,0,3,false,relocated_r_mips32_code_pointer
sub_08A2E1E0,0x08A2E1E0,6,1,0,0,4,false,relocated_r_mips32_code_pointer
sub_08A2E1F8,0x08A2E1F8,2,1,0,0,1,false,relocated_r_mips32_code_pointer
sub_08A2E210,0x08A2E210,44931,9467,87,106,11497,false,relocated_r_mips32_code_pointer
sub_08A2E298,0x08A2E298,4,1,0,0,0,false,relocated_r_mips32_code_pointer
sub_08A2E2A8,0x08A2E2A8,4,1,0,0,0,false,relocated_r_mips32_code_pointer
sub_08A2E2B8,0x08A2E2B8,3,1,0,0,3,false,materialized_code_pointer
sub_08A2E2C4,0x08A2E2C4,1,1,0,0,0,false,materialized_code_pointer
sub_08A2E2C8,0x08A2E2C8,1,1,0,0,0,false,materialized_code_pointer
sub_08A2E2E4,0x08A2E2E4,1,1,0,0,0,false,materialized_code_pointer
sub_08A2E300,0x08A2E300,4,1,0,0,1,false,materialized_code_pointer
sub_08A2E310,0x08A2E310,1,1,0,0,0,false,materialized_code_pointer
sub_08A2E350,0x08A2E350,2,1,0,0,1,false,materialized_code_pointer
sub_08A30000,0x08A30000,44899,9463,87,106,11496,false,materialized_code_pointer
sub_08A41344,0x08A41344,44916,9469,87,107,11500,false,direct_jal_target
sub_08A4AB08,0x08A4AB08,2,1,0,0,1,false,materialized_code_pointer
sub_08A4CE90,0x08A4CE90,44873,9455,87,106,11488,false,direct_jal_target
sub_08A4F718,0x08A4F718,7,3,0,0,4,false,materialized_code_pointer
sub_08A4F72C,0x08A4F72C,130,9,0,0,20,false,materialized_code_pointer
sub_08A4F934,0x08A4F934,5,1,0,0,3,false,materialized_code_pointer
sub_08A4F948,0x08A4F948,5,1,0,0,2,false,materialized_code_pointer
sub_08A4F95C,0x08A4F95C,4,1,0,0,3,false,materialized_code_pointer
sub_08A4F96C,0x08A4F96C,1,1,0,0,0,false,materialized_code_pointer
sub_08A4F998,0x08A4F998,1,1,0,0,0,false,materialized_code_pointer
sub_08A4F9D4,0x08A4F9D4,4,1,0,0,2,false,materialized_code_pointer
sub_08A4F9E4,0x08A4F9E4,1,1,0,0,0,false,materialized_code_pointer
sub_08A4F9F8,0x08A4F9F8,4,1,0,0,3,false,materialized_code_pointer
sub_08A4FA08,0x08A4FA08,4,1,0,0,2,false,materialized_code_pointer
sub_08A4FA18,0x08A4FA18,4,1,0,0,1,false,materialized_code_pointer
sub_08A4FA28,0x08A4FA28,4,1,0,0,1,false,materialized_code_pointer
sub_08A4FA38,0x08A4FA38,8,3,0,0,2,false,materialized_code_pointer
sub_08A4FA50,0x08A4FA50,4,1,0,0,2,false,materialized_code_pointer
sub_08A4FA60,0x08A4FA60,3,1,0,0,2,false,materialized_code_pointer
sub_08A4FA6C,0x08A4FA6C,3,1,0,0,1,false,materialized_code_pointer
sub_08A4FA78,0x08A4FA78,4,1,0,0,1,false,materialized_code_pointer
sub_08A4FA88,0x08A4FA88,4,1,0,0,1,false,materialized_code_pointer
sub_08A4FA98,0x08A4FA98,6,3,0,0,3,false,materialized_code_pointer
sub_08A4FAAC,0x08A4FAAC,8,5,0,0,3,false,materialized_code_pointer
sub_08A4FAC0,0x08A4FAC0,4,1,0,0,2,false,materialized_code_pointer
sub_08A4FAD0,0x08A4FAD0,5,1,0,0,3,false,materialized_code_pointer
sub_08A4FAE4,0x08A4FAE4,7,4,0,0,4,false,materialized_code_pointer
sub_08A4FAF8,0x08A4FAF8,5,1,0,0,3,false,materialized_code_pointer
sub_08A4FB0C,0x08A4FB0C,4,1,0,0,1,false,materialized_code_pointer
sub_08A4FB1C,0x08A4FB1C,1,1,0,0,0,false,materialized_code_pointer
sub_08A4FB64,0x08A4FB64,4,1,0,0,4,false,materialized_code_pointer
sub_08A4FB74,0x08A4FB74,15,5,0,0,7,false,materialized_code_pointer
sub_08A4FBAC,0x08A4FBAC,12,5,0,0,5,false,materialized_code_pointer
sub_08A4FBC8,0x08A4FBC8,11,1,0,0,7,false,materialized_code_pointer
sub_08A4FBF4,0x08A4FBF4,7,1,0,0,4,false,materialized_code_pointer
sub_08A4FC10,0x08A4FC10,5,1,0,0,4,false,materialized_code_pointer
sub_08A4FC24,0x08A4FC24,26,5,0,0,12,false,materialized_code_pointer
sub_08A4FC34,0x08A4FC34,72,38,0,1,25,false,materialized_code_pointer
sub_08A4FC70,0x08A4FC70,32,17,0,1,10,false,materialized_code_pointer
sub_08A4FC94,0x08A4FC94,5,1,0,0,4,false,materialized_code_pointer
sub_08A4FCA8,0x08A4FCA8,5,1,0,0,2,false,materialized_code_pointer
sub_08A4FCBC,0x08A4FCBC,5,1,0,0,5,false,materialized_code_pointer
sub_08A4FCD0,0x08A4FCD0,5,1,0,0,3,false,materialized_code_pointer
sub_08A4FCE4,0x08A4FCE4,5,1,0,0,2,false,materialized_code_pointer
sub_08A4FCF8,0x08A4FCF8,6,1,0,0,5,false,materialized_code_pointer
sub_08A4FD10,0x08A4FD10,5,1,0,0,4,false,materialized_code_pointer
sub_08A4FD24,0x08A4FD24,5,1,0,0,3,false,materialized_code_pointer
sub_08A4FD38,0x08A4FD38,1,1,0,0,0,false,materialized_code_pointer
sub_08A4FD50,0x08A4FD50,1,1,0,0,0,false,materialized_code_pointer
sub_08A4FD64,0x08A4FD64,1,1,0,0,0,false,materialized_code_pointer
sub_08A4FDB0,0x08A4FDB0,9,3,0,0,4,false,materialized_code_pointer
sub_08A4FDC0,0x08A4FDC0,5,1,0,0,4,false,materialized_code_pointer
sub_08A4FDD4,0x08A4FDD4,4,1,0,0,4,false,materialized_code_pointer
sub_08A4FDE4,0x08A4FDE4,5,3,0,0,1,false,materialized_code_pointer
sub_08A4FDF4,0x08A4FDF4,6,1,0,0,3,false,materialized_code_pointer
sub_08A4FE0C,0x08A4FE0C,6,1,0,0,4,false,materialized_code_pointer
sub_08A4FE24,0x08A4FE24,1,1,0,0,0,false,materialized_code_pointer
sub_08A4FE3C,0x08A4FE3C,1,1,0,0,0,false,materialized_code_pointer
sub_08A4FE54,0x08A4FE54,1,1,0,0,0,false,materialized_code_pointer
sub_08A4FE90,0x08A4FE90,3,1,0,0,1,false,materialized_code_pointer
sub_08A4FE9C,0x08A4FE9C,4,1,0,0,1,false,materialized_code_pointer
sub_08A4FEAC,0x08A4FEAC,2,1,0,0,2,false,materialized_code_pointer
sub_08A4FEB4,0x08A4FEB4,2,1,0,0,0,false,materialized_code_pointer
sub_08A4FEBC,0x08A4FEBC,3,1,0,0,2,false,materialized_code_pointer
sub_08A4FEC8,0x08A4FEC8,2,1,0,0,2,false,materialized_code_pointer
sub_08A4FED0,0x08A4FED0,2,1,0,0,2,false,materialized_code_pointer
sub_08A4FED8,0x08A4FED8,2,1,0,0,1,false,materialized_code_pointer
sub_08A4FEE0,0x08A4FEE0,2,1,0,0,2,false,materialized_code_pointer
sub_08A4FEE8,0x08A4FEE8,1,1,0,0,1,false,materialized_code_pointer
sub_08A4FEEC,0x08A4FEEC,5,1,0,0,3,false,materialized_code_pointer
sub_08A4FF00,0x08A4FF00,4,1,0,0,4,false,materialized_code_pointer
sub_08A4FF10,0x08A4FF10,4,1,0,0,3,false,materialized_code_pointer
sub_08A4FF20,0x08A4FF20,4,1,0,0,1,false,materialized_code_pointer
sub_08A4FF30,0x08A4FF30,4,1,0,0,1,false,materialized_code_pointer
sub_08A4FF40,0x08A4FF40,4,1,0,0,1,false,materialized_code_pointer
sub_08A4FF50,0x08A4FF50,2,1,0,0,1,false,materialized_code_pointer
sub_08A4FF58,0x08A4FF58,1,1,0,0,1,false,materialized_code_pointer
sub_08A4FF5C,0x08A4FF5C,2,1,0,0,0,false,materialized_code_pointer
sub_08A4FF64,0x08A4FF64,1,1,0,0,0,false,materialized_code_pointer
sub_08A4FFAC,0x08A4FFAC,3,1,0,0,2,false,materialized_code_pointer
sub_08A4FFB8,0x08A4FFB8,2,1,0,0,2,false,materialized_code_pointer
sub_08A4FFC0,0x08A4FFC0,2,1,0,0,0,false,materialized_code_pointer
sub_08A4FFC8,0x08A4FFC8,4,1,0,0,1,false,materialized_code_pointer
sub_08A4FFD8,0x08A4FFD8,2,1,0,0,0,false,materialized_code_pointer
sub_08A4FFE0,0x08A4FFE0,2,1,0,0,1,false,materialized_code_pointer
sub_08A4FFE8,0x08A4FFE8,2,1,0,0,0,false,materialized_code_pointer
sub_08A4FFF0,0x08A4FFF0,2,1,0,0,1,false,materialized_code_pointer
sub_08A4FFF8,0x08A4FFF8,2,1,0,0,0,false,materialized_code_pointer
sub_08A50000,0x08A50000,2,1,0,0,1,false,materialized_code_pointer
sub_08A50008,0x08A50008,1,1,0,0,0,false,materialized_code_pointer
sub_08A50094,0x08A50094,10,3,0,0,7,false,materialized_code_pointer
sub_08A500A4,0x08A500A4,4,1,0,0,3,false,materialized_code_pointer
sub_08A500B4,0x08A500B4,8,3,0,0,4,false,materialized_code_pointer
sub_08A500C4,0x08A500C4,4,1,0,0,1,false,materialized_code_pointer
sub_08A500D4,0x08A500D4,4,1,0,0,3,false,materialized_code_pointer
sub_08A500E4,0x08A500E4,4,1,0,0,2,false,materialized_code_pointer
sub_08A500F4,0x08A500F4,4,1,0,0,2,false,materialized_code_pointer
sub_08A50104,0x08A50104,4,1,0,0,1,false,materialized_code_pointer
sub_08A50114,0x08A50114,4,1,0,0,2,false,materialized_code_pointer
sub_08A50124,0x08A50124,4,1,0,0,3,false,materialized_code_pointer
sub_08A50134,0x08A50134,3,1,0,0,2,false,materialized_code_pointer
sub_08A50140,0x08A50140,4,1,0,0,2,false,materialized_code_pointer
sub_08A50150,0x08A50150,4,1,0,0,3,false,materialized_code_pointer
sub_08A50160,0x08A50160,4,1,0,0,3,false,materialized_code_pointer
sub_08A50170,0x08A50170,4,1,0,0,3,false,materialized_code_pointer
sub_08A50180,0x08A50180,1,1,0,0,0,false,materialized_code_pointer
sub_08A501E0,0x08A501E0,1,1,0,0,0,false,materialized_code_pointer
sub_08A501F0,0x08A501F0,1,1,0,0,0,false,materialized_code_pointer
sub_08A50210,0x08A50210,1,1,0,0,0,false,materialized_code_pointer
sub_08A50218,0x08A50218,1,1,0,0,0,false,materialized_code_pointer
sub_08A5022C,0x08A5022C,1,1,0,0,0,false,materialized_code_pointer
sub_08A5023C,0x08A5023C,1,1,0,0,0,false,materialized_code_pointer
sub_08A5025C,0x08A5025C,1,1,0,0,0,false,materialized_code_pointer
sub_08A50274,0x08A50274,4,1,0,0,3,false,materialized_code_pointer
sub_08A50284,0x08A50284,7,3,0,0,3,false,materialized_code_pointer
sub_08A50298,0x08A50298,4,1,0,0,3,false,materialized_code_pointer
sub_08A502A8,0x08A502A8,4,1,0,0,1,false,materialized_code_pointer
sub_08A502B8,0x08A502B8,4,1,0,0,2,false,materialized_code_pointer
sub_08A502C8,0x08A502C8,1,1,0,0,0,false,materialized_code_pointer
sub_08A502CC,0x08A502CC,5,1,0,0,3,false,materialized_code_pointer
sub_08A502E0,0x08A502E0,4,1,0,0,4,false,materialized_code_pointer
sub_08A502F0,0x08A502F0,2,1,0,0,2,false,materialized_code_pointer
sub_08A502F8,0x08A502F8,3,1,0,0,2,false,materialized_code_pointer
sub_08A50304,0x08A50304,3,1,0,0,1,false,materialized_code_pointer
sub_08A50310,0x08A50310,5,1,0,0,4,false,materialized_code_pointer
sub_08A50324,0x08A50324,1127,3,0,0,426,false,materialized_code_pointer
sub_08A50338,0x08A50338,4,1,0,0,1,false,materialized_code_pointer
sub_08A50348,0x08A50348,4,1,0,0,2,false,materialized_code_pointer
sub_08A50358,0x08A50358,4,1,0,0,3,false,materialized_code_pointer
sub_08A50368,0x08A50368,4,1,0,0,4,false,materialized_code_pointer
sub_08A50378,0x08A50378,4,1,0,0,1,false,materialized_code_pointer
sub_08A50388,0x08A50388,4,3,0,0,1,false,materialized_code_pointer
sub_08A50398,0x08A50398,1098,3,0,0,413,false,materialized_code_pointer
sub_08A503AC,0x08A503AC,4,1,0,0,1,false,materialized_code_pointer
sub_08A503BC,0x08A503BC,4,1,0,0,2,false,materialized_code_pointer
sub_08A503CC,0x08A503CC,4,1,0,0,3,false,materialized_code_pointer
sub_08A503DC,0x08A503DC,4,1,0,0,4,false,materialized_code_pointer
sub_08A503EC,0x08A503EC,4,1,0,0,1,false,materialized_code_pointer
sub_08A503FC,0x08A503FC,4,1,0,0,1,false,materialized_code_pointer
sub_08A5040C,0x08A5040C,4,1,0,0,2,false,materialized_code_pointer
sub_08A5041C,0x08A5041C,1,1,0,0,0,false,materialized_code_pointer
sub_08A50434,0x08A50434,1,1,0,0,0,false,materialized_code_pointer
sub_08A50474,0x08A50474,4,1,0,0,1,false,materialized_code_pointer
sub_08A50484,0x08A50484,4,1,0,0,0,false,materialized_code_pointer
sub_08A50494,0x08A50494,48,1,0,0,0,false,materialized_code_pointer
sub_08A50554,0x08A50554,1,1,0,0,0,false,materialized_code_pointer
sub_08A5057C,0x08A5057C,1,1,0,0,0,false,materialized_code_pointer
sub_08A50598,0x08A50598,1,1,0,0,0,false,materialized_code_pointer
sub_08A505B0,0x08A505B0,1,1,0,0,1,false,materialized_code_pointer
sub_08A505B4,0x08A505B4,7,1,0,0,6,false,materialized_code_pointer
sub_08A505D0,0x08A505D0,2,1,0,0,1,false,materialized_code_pointer
sub_08A505D8,0x08A505D8,1,1,0,0,0,false,materialized_code_pointer
sub_08A505F4,0x08A505F4,4,3,0,0,1,false,materialized_code_pointer
sub_08A50604,0x08A50604,45,4,0,0,21,false,materialized_code_pointer
sub_08A50618,0x08A50618,107,3,0,0,42,false,materialized_code_pointer
sub_08A507B8,0x08A507B8,107,33,0,0,38,false,materialized_code_pointer
sub_08A508BC,0x08A508BC,53,1,0,0,2,false,materialized_code_pointer
sub_08A50990,0x08A50990,11,3,0,0,7,false,materialized_code_pointer
sub_08A509A0,0x08A509A0,7,3,0,0,5,false,materialized_code_pointer
sub_08A509B0,0x08A509B0,29,9,0,0,12,false,materialized_code_pointer
sub_08A50A00,0x08A50A00,30,9,0,0,13,false,materialized_code_pointer
sub_08A50A50,0x08A50A50,8,3,0,0,6,false,materialized_code_pointer
sub_08A50A60,0x08A50A60,4,3,0,0,1,false,materialized_code_pointer
sub_08A50A70,0x08A50A70,11,3,0,0,7,false,materialized_code_pointer
sub_08A50A80,0x08A50A80,7,3,0,0,3,false,materialized_code_pointer
sub_08A50A90,0x08A50A90,1,1,0,0,0,false,materialized_code_pointer
sub_08A50AA4,0x08A50AA4,4,1,0,0,2,false,materialized_code_pointer
sub_08A50AB4,0x08A50AB4,3,1,0,0,3,false,materialized_code_pointer
sub_08A50AC0,0x08A50AC0,9,3,0,0,6,false,materialized_code_pointer
sub_08A50AD0,0x08A50AD0,5,3,0,0,2,false,materialized_code_pointer
sub_08A50AE0,0x08A50AE0,1,1,0,0,0,false,materialized_code_pointer
sub_08A50AF8,0x08A50AF8,10,4,0,0,7,false,materialized_code_pointer
sub_08A50B08,0x08A50B08,6,4,0,0,2,false,materialized_code_pointer
sub_08A50B18,0x08A50B18,1,1,0,0,0,false,materialized_code_pointer
sub_08A50B34,0x08A50B34,18,6,0,0,11,false,materialized_code_pointer
sub_08A50B44,0x08A50B44,11,4,0,0,6,false,materialized_code_pointer
sub_08A50B54,0x08A50B54,5,1,0,0,3,false,materialized_code_pointer
sub_08A50B68,0x08A50B68,6,4,0,0,2,false,materialized_code_pointer
sub_08A50B7C,0x08A50B7C,1,1,0,0,0,false,materialized_code_pointer
sub_08A50BA0,0x08A50BA0,5,4,0,0,2,false,materialized_code_pointer
sub_08A50BB0,0x08A50BB0,6,4,0,0,3,false,materialized_code_pointer
sub_08A50BC0,0x08A50BC0,1,1,0,0,0,false,materialized_code_pointer
sub_08A50BD8,0x08A50BD8,5,3,0,0,4,false,materialized_code_pointer
sub_08A50BE8,0x08A50BE8,6,3,0,0,3,false,materialized_code_pointer
sub_08A50BF8,0x08A50BF8,1,1,0,0,0,false,materialized_code_pointer
sub_08A50C10,0x08A50C10,5,3,0,0,1,false,materialized_code_pointer
sub_08A50C20,0x08A50C20,7,3,0,0,4,false,materialized_code_pointer
sub_08A50C30,0x08A50C30,35,1,0,0,19,false,materialized_code_pointer
sub_08A50CBC,0x08A50CBC,1,1,0,0,0,false,materialized_code_pointer
sub_08A50CD4,0x08A50CD4,1,1,0,0,0,false,materialized_code_pointer
sub_08A50CD8,0x08A50CD8,2,1,0,0,0,false,materialized_code_pointer
sub_08A50D00,0x08A50D00,1,1,0,0,0,false,materialized_code_pointer
sub_08A50ED4,0x08A50ED4,1,1,0,0,0,false,materialized_code_pointer
sub_08A50F54,0x08A50F54,1,1,0,0,0,false,materialized_code_pointer
sub_08A50FAC,0x08A50FAC,13,3,0,0,11,false,materialized_code_pointer
sub_08A50FD4,0x08A50FD4,1,1,0,0,0,false,materialized_code_pointer
sub_08A51024,0x08A51024,1,1,0,0,0,false,materialized_code_pointer
sub_08A510AC,0x08A510AC,15,3,0,0,9,false,materialized_code_pointer
sub_08A510E0,0x08A510E0,20,5,0,0,13,false,materialized_code_pointer
sub_08A51110,0x08A51110,18,5,0,0,7,false,materialized_code_pointer
sub_08A5113C,0x08A5113C,11,3,0,0,8,false,materialized_code_pointer
sub_08A51164,0x08A51164,1,1,0,0,0,false,materialized_code_pointer
sub_08A511FC,0x08A511FC,16,5,0,0,10,false,materialized_code_pointer
sub_08A51224,0x08A51224,1,1,0,0,0,false,materialized_code_pointer
sub_08A51254,0x08A51254,19,3,0,0,13,false,materialized_code_pointer
sub_08A5127C,0x08A5127C,1,1,0,0,0,false,materialized_code_pointer
sub_08A5129C,0x08A5129C,10,3,0,0,6,false,materialized_code_pointer
sub_08A512C4,0x08A512C4,1,1,0,0,0,false,materialized_code_pointer
sub_08A512EC,0x08A512EC,18,5,0,0,11,false,materialized_code_pointer
sub_08A51314,0x08A51314,1,1,0,0,0,false,materialized_code_pointer
sub_08A5132C,0x08A5132C,1,1,0,0,0,false,materialized_code_pointer
sub_08A51344,0x08A51344,71,5,0,0,21,false,materialized_code_pointer
sub_08A51374,0x08A51374,16,5,0,0,8,false,materialized_code_pointer
sub_08A5139C,0x08A5139C,1,1,0,0,0,false,materialized_code_pointer
sub_08A513CC,0x08A513CC,28,1,0,0,20,false,materialized_code_pointer
sub_08A5143C,0x08A5143C,1,1,0,0,0,false,materialized_code_pointer
sub_08A5144C,0x08A5144C,1,1,0,0,0,false,materialized_code_pointer
sub_08A51464,0x08A51464,1,1,0,0,0,false,materialized_code_pointer
sub_08A51494,0x08A51494,1,1,0,0,0,false,materialized_code_pointer
sub_08A514A4,0x08A514A4,1,1,0,0,0,false,materialized_code_pointer
sub_08A514C4,0x08A514C4,9,1,0,0,8,false,materialized_code_pointer
sub_08A514E8,0x08A514E8,9,1,0,0,7,false,materialized_code_pointer
sub_08A5150C,0x08A5150C,1,1,0,0,0,false,materialized_code_pointer
sub_08A51524,0x08A51524,1,1,0,0,0,false,materialized_code_pointer
sub_08A51534,0x08A51534,24,3,0,0,15,false,materialized_code_pointer
sub_08A51560,0x08A51560,1,1,0,0,0,false,materialized_code_pointer
sub_08A51588,0x08A51588,1,1,0,0,0,false,materialized_code_pointer
sub_08A515A8,0x08A515A8,16,5,0,0,11,false,materialized_code_pointer
sub_08A515D4,0x08A515D4,1,1,0,0,0,false,materialized_code_pointer
sub_08A515EC,0x08A515EC,13,3,0,0,7,false,materialized_code_pointer
sub_08A51618,0x08A51618,1,1,0,0,0,false,materialized_code_pointer
sub_08A51640,0x08A51640,27,3,0,0,16,false,materialized_code_pointer
sub_08A51678,0x08A51678,1,1,0,0,0,false,materialized_code_pointer
sub_08A51688,0x08A51688,22,3,0,0,11,false,materialized_code_pointer
sub_08A516B8,0x08A516B8,1,1,0,0,0,false,materialized_code_pointer
sub_08A51700,0x08A51700,17,3,0,0,8,false,materialized_code_pointer
sub_08A51728,0x08A51728,1,1,0,0,0,false,materialized_code_pointer
sub_08A51750,0x08A51750,12,5,0,0,8,false,materialized_code_pointer
sub_08A51778,0x08A51778,1,1,0,0,0,false,materialized_code_pointer
sub_08A517A0,0x08A517A0,18,3,0,0,10,false,materialized_code_pointer
sub_08A517C8,0x08A517C8,1,1,0,0,0,false,materialized_code_pointer
sub_08A51800,0x08A51800,13,5,0,0,6,false,materialized_code_pointer
sub_08A51828,0x08A51828,1,1,0,0,0,false,materialized_code_pointer
sub_08A51930,0x08A51930,10,3,0,0,7,false,materialized_code_pointer
sub_08A51958,0x08A51958,1,1,0,0,0,false,materialized_code_pointer
sub_08A51978,0x08A51978,30,13,0,0,11,false,materialized_code_pointer
sub_08A519A0,0x08A519A0,1,1,0,0,0,false,materialized_code_pointer
sub_08A519C0,0x08A519C0,10,5,0,0,6,false,materialized_code_pointer
sub_08A519E8,0x08A519E8,1,1,0,0,0,false,materialized_code_pointer
sub_08A51A08,0x08A51A08,13,5,0,0,7,false,materialized_code_pointer
sub_08A51A30,0x08A51A30,1,1,0,0,0,false,materialized_code_pointer
sub_08A51A78,0x08A51A78,10,1,0,0,6,false,materialized_code_pointer
sub_08A51AA0,0x08A51AA0,1,1,0,0,0,false,materialized_code_pointer
sub_08A51AD8,0x08A51AD8,1,1,0,0,0,false,materialized_code_pointer
sub_08A51AF0,0x08A51AF0,1,1,0,0,0,false,materialized_code_pointer
sub_08A51B00,0x08A51B00,1,1,0,0,0,false,materialized_code_pointer
sub_08A51B04,0x08A51B04,11,3,0,0,8,false,materialized_code_pointer
sub_08A51B14,0x08A51B14,7,3,0,0,4,false,materialized_code_pointer
sub_08A51B24,0x08A51B24,1,1,0,0,0,false,materialized_code_pointer
sub_08A51B40,0x08A51B40,1,1,0,0,0,false,materialized_code_pointer
sub_08A51B5C,0x08A51B5C,1,1,0,0,0,false,materialized_code_pointer
sub_08A51B74,0x08A51B74,1,1,0,0,0,false,materialized_code_pointer
sub_08A51B8C,0x08A51B8C,4,3,0,0,2,false,materialized_code_pointer
sub_08A51B9C,0x08A51B9C,6,4,0,0,2,false,materialized_code_pointer
sub_08A51BAC,0x08A51BAC,3,1,0,0,1,false,materialized_code_pointer
sub_08A51BB8,0x08A51BB8,3,1,0,0,1,false,materialized_code_pointer
sub_08A51BC4,0x08A51BC4,9,1,0,0,5,false,materialized_code_pointer
sub_08A51BE8,0x08A51BE8,1,1,0,0,1,false,materialized_code_pointer
sub_08A51BEC,0x08A51BEC,3,1,0,0,0,false,materialized_code_pointer
sub_08A51BF8,0x08A51BF8,3,1,0,0,1,false,materialized_code_pointer
sub_08A51C04,0x08A51C04,3,1,0,0,1,false,materialized_code_pointer
sub_08A51C10,0x08A51C10,3,1,0,0,1,false,materialized_code_pointer
sub_08A51C1C,0x08A51C1C,3,1,0,0,1,false,materialized_code_pointer
sub_08A51C28,0x08A51C28,19,3,0,0,13,false,materialized_code_pointer
sub_08A51C48,0x08A51C48,1,1,0,0,0,false,materialized_code_pointer
sub_08A51C64,0x08A51C64,12,3,0,0,7,false,materialized_code_pointer
sub_08A51C74,0x08A51C74,8,3,0,0,6,false,materialized_code_pointer
sub_08A51C84,0x08A51C84,4,3,0,0,3,false,materialized_code_pointer
sub_08A51C94,0x08A51C94,162,24,0,0,79,false,materialized_code_pointer
sub_08A51E1C,0x08A51E1C,1,1,0,0,0,false,materialized_code_pointer
sub_08A51E38,0x08A51E38,4,1,0,0,3,false,materialized_code_pointer
sub_08A51E48,0x08A51E48,3,1,0,0,2,false,materialized_code_pointer
sub_08A51E54,0x08A51E54,4,1,0,0,1,false,materialized_code_pointer
sub_08A51E64,0x08A51E64,6,1,0,0,2,false,materialized_code_pointer
sub_08A51E7C,0x08A51E7C,1,1,0,0,0,false,materialized_code_pointer
sub_08A51EBC,0x08A51EBC,99,1,0,0,41,false,materialized_code_pointer
sub_08A52048,0x08A52048,12,1,0,0,8,false,materialized_code_pointer
sub_08A52078,0x08A52078,3,1,0,0,1,false,materialized_code_pointer
sub_08A52084,0x08A52084,10,1,0,0,6,false,materialized_code_pointer
sub_08A520AC,0x08A520AC,3,1,0,0,1,false,materialized_code_pointer
sub_08A520B8,0x08A520B8,4,1,0,0,2,false,materialized_code_pointer
sub_08A520C8,0x08A520C8,45,1,0,0,14,false,materialized_code_pointer
sub_08A5217C,0x08A5217C,3,1,0,0,2,false,materialized_code_pointer
sub_08A52188,0x08A52188,3,1,0,0,3,false,materialized_code_pointer
sub_08A52194,0x08A52194,3,1,0,0,2,false,materialized_code_pointer
sub_08A521A0,0x08A521A0,4,1,0,0,3,false,materialized_code_pointer
sub_08A521B0,0x08A521B0,3,1,0,0,3,false,materialized_code_pointer
sub_08A521BC,0x08A521BC,1,1,0,0,0,false,materialized_code_pointer
sub_08A521D4,0x08A521D4,1,1,0,0,0,false,materialized_code_pointer
sub_08A52200,0x08A52200,3,1,0,0,3,false,materialized_code_pointer
sub_08A5220C,0x08A5220C,8,1,0,0,8,false,materialized_code_pointer
sub_08A5222C,0x08A5222C,10,1,0,0,6,false,materialized_code_pointer
sub_08A52254,0x08A52254,46,9,0,0,17,false,materialized_code_pointer
sub_08A522F4,0x08A522F4,1,1,0,0,0,false,materialized_code_pointer
sub_08A5230C,0x08A5230C,1,1,0,0,0,false,materialized_code_pointer
sub_08A52324,0x08A52324,1,1,0,0,0,false,materialized_code_pointer
sub_08A5233C,0x08A5233C,1,1,0,0,0,false,materialized_code_pointer
sub_08A52354,0x08A52354,1,1,0,0,0,false,materialized_code_pointer
sub_08A523A8,0x08A523A8,3,1,0,0,1,false,materialized_code_pointer
sub_08A523B4,0x08A523B4,1,1,0,0,0,false,materialized_code_pointer
sub_08A52424,0x08A52424,5,1,0,0,2,false,materialized_code_pointer
sub_08A52438,0x08A52438,3,1,0,0,1,false,materialized_code_pointer
sub_08A52444,0x08A52444,3,1,0,0,1,false,materialized_code_pointer
sub_08A52450,0x08A52450,1,1,0,0,0,false,materialized_code_pointer
sub_08A52474,0x08A52474,10,3,0,0,6,false,materialized_code_pointer
sub_08A52484,0x08A52484,6,3,0,0,2,false,materialized_code_pointer
sub_08A52494,0x08A52494,1,1,0,0,0,false,materialized_code_pointer
sub_08A52498,0x08A52498,1,1,0,0,0,false,materialized_code_pointer
sub_08A5249C,0x08A5249C,4,1,0,0,1,false,materialized_code_pointer
sub_08A524AC,0x08A524AC,3,1,0,0,2,false,materialized_code_pointer
sub_08A524B8,0x08A524B8,4,1,0,0,1,false,materialized_code_pointer
sub_08A524C8,0x08A524C8,4,1,0,0,3,false,materialized_code_pointer
sub_08A524D8,0x08A524D8,1,1,0,0,0,false,materialized_code_pointer
sub_08A524F0,0x08A524F0,1,1,0,0,0,false,materialized_code_pointer
sub_08A52538,0x08A52538,1,1,0,0,0,false,materialized_code_pointer
sub_08A5254C,0x08A5254C,1,1,0,0,0,false,materialized_code_pointer
sub_08A52564,0x08A52564,1,1,0,0,0,false,materialized_code_pointer
sub_08A52588,0x08A52588,1,1,0,0,0,false,materialized_code_pointer
sub_08A525A4,0x08A525A4,8,1,0,0,4,false,materialized_code_pointer
sub_08A525C4,0x08A525C4,77,29,0,0,20,false,materialized_code_pointer
sub_08A52684,0x08A52684,1,1,0,0,0,false,materialized_code_pointer
sub_08A5269C,0x08A5269C,1,1,0,0,0,false,materialized_code_pointer
sub_08A526B4,0x08A526B4,1,1,0,0,0,false,materialized_code_pointer
sub_08A526D0,0x08A526D0,1,1,0,0,0,false,materialized_code_pointer
sub_08A52710,0x08A52710,1,1,0,0,0,false,materialized_code_pointer
sub_08A52740,0x08A52740,5,1,0,0,2,false,materialized_code_pointer
sub_08A52754,0x08A52754,1,1,0,0,0,false,materialized_code_pointer
sub_08A52788,0x08A52788,11,1,0,0,7,false,materialized_code_pointer
sub_08A527B4,0x08A527B4,1,1,0,0,0,false,materialized_code_pointer
sub_08A529A8,0x08A529A8,1,1,0,0,0,false,materialized_code_pointer
sub_08A529EC,0x08A529EC,1,1,0,0,0,false,materialized_code_pointer
sub_08A52A30,0x08A52A30,1,1,0,0,0,false,materialized_code_pointer
sub_08A52C24,0x08A52C24,13,1,0,0,8,false,materialized_code_pointer
sub_08A52C58,0x08A52C58,1,1,0,0,0,false,materialized_code_pointer
sub_08A52C9C,0x08A52C9C,1,1,0,0,0,false,materialized_code_pointer
sub_08A52CF4,0x08A52CF4,1,1,0,0,0,false,materialized_code_pointer
sub_08A52D10,0x08A52D10,16,5,0,0,6,false,materialized_code_pointer
sub_08A52D20,0x08A52D20,14,3,0,0,8,false,materialized_code_pointer
sub_08A52D30,0x08A52D30,3,1,0,0,1,false,materialized_code_pointer
sub_08A52D3C,0x08A52D3C,1,1,0,0,1,false,materialized_code_pointer
sub_08A52D40,0x08A52D40,3,1,0,0,1,false,materialized_code_pointer
sub_08A52D4C,0x08A52D4C,85,12,0,0,38,false,materialized_code_pointer
sub_08A52E7C,0x08A52E7C,1,1,0,0,0,false,materialized_code_pointer
sub_08A52E80,0x08A52E80,17,1,0,0,0,false,materialized_code_pointer
sub_08A52EC4,0x08A52EC4,1,1,0,0,0,false,materialized_code_pointer
sub_08A52EE4,0x08A52EE4,2,1,0,0,2,false,relocated_r_mips32_code_pointer
sub_08A52EEC,0x08A52EEC,1,1,0,0,0,false,materialized_code_pointer
sub_08A52F10,0x08A52F10,1,1,0,0,0,false,materialized_code_pointer
sub_08A52F34,0x08A52F34,1,1,0,0,0,false,materialized_code_pointer
sub_08A52F48,0x08A52F48,1,1,0,0,0,false,materialized_code_pointer
sub_08A52F5C,0x08A52F5C,1,1,0,0,0,false,materialized_code_pointer
sub_08A52F8C,0x08A52F8C,27,10,0,0,8,false,materialized_code_pointer
sub_08A52F9C,0x08A52F9C,21,8,0,0,8,false,materialized_code_pointer
sub_08A52FAC,0x08A52FAC,9,5,0,0,1,false,materialized_code_pointer
sub_08A52FBC,0x08A52FBC,5,3,0,0,1,false,materialized_code_pointer
sub_08A52FCC,0x08A52FCC,1,1,0,0,0,false,materialized_code_pointer
sub_08A53014,0x08A53014,1,1,0,0,0,false,materialized_code_pointer
sub_08A53140,0x08A53140,1,1,0,0,0,false,materialized_code_pointer
sub_08A532A8,0x08A532A8,1,1,0,0,0,false,materialized_code_pointer
sub_08A532C8,0x08A532C8,1,1,0,0,0,false,materialized_code_pointer
sub_08A532EC,0x08A532EC,1,1,0,0,0,false,materialized_code_pointer
sub_08A53384,0x08A53384,1,1,0,0,0,false,materialized_code_pointer
sub_08A533B4,0x08A533B4,1,1,0,0,0,false,materialized_code_pointer
sub_08A5345C,0x08A5345C,1,1,0,0,0,false,materialized_code_pointer
sub_08A53478,0x08A53478,1,1,0,0,0,false,materialized_code_pointer
sub_08A53490,0x08A53490,1,1,0,0,0,false,materialized_code_pointer
sub_08A534A8,0x08A534A8,1,1,0,0,0,false,materialized_code_pointer
sub_08A534C0,0x08A534C0,1,1,0,0,0,false,materialized_code_pointer
sub_08A534D8,0x08A534D8,1,1,0,0,0,false,materialized_code_pointer
sub_08A534F0,0x08A534F0,1,1,0,0,0,false,materialized_code_pointer
sub_08A53508,0x08A53508,1,1,0,0,0,false,materialized_code_pointer
sub_08A53520,0x08A53520,1,1,0,0,0,false,materialized_code_pointer
sub_08A53538,0x08A53538,1,1,0,0,0,false,materialized_code_pointer
sub_08A53550,0x08A53550,1,1,0,0,0,false,materialized_code_pointer
sub_08A53568,0x08A53568,1,1,0,0,0,false,materialized_code_pointer
sub_08A53580,0x08A53580,1,1,0,0,0,false,materialized_code_pointer
sub_08A53598,0x08A53598,1,1,0,0,0,false,materialized_code_pointer
sub_08A535B0,0x08A535B0,1,1,0,0,0,false,materialized_code_pointer
sub_08A535C8,0x08A535C8,1,1,0,0,0,false,materialized_code_pointer
sub_08A535E0,0x08A535E0,1,1,0,0,0,false,materialized_code_pointer
sub_08A535F8,0x08A535F8,1,1,0,0,0,false,materialized_code_pointer
sub_08A53610,0x08A53610,1,1,0,0,0,false,materialized_code_pointer
sub_08A53628,0x08A53628,1,1,0,0,0,false,materialized_code_pointer
sub_08A53640,0x08A53640,1,1,0,0,0,false,materialized_code_pointer
sub_08A53658,0x08A53658,1,1,0,0,0,false,materialized_code_pointer
sub_08A53670,0x08A53670,1,1,0,0,0,false,materialized_code_pointer
sub_08A53688,0x08A53688,1,1,0,0,0,false,materialized_code_pointer
sub_08A536A0,0x08A536A0,1,1,0,0,0,false,materialized_code_pointer
sub_08A536B4,0x08A536B4,1,1,0,0,0,false,materialized_code_pointer
sub_08A536CC,0x08A536CC,1,1,0,0,0,false,materialized_code_pointer
sub_08A536E4,0x08A536E4,1,1,0,0,0,false,materialized_code_pointer
sub_08A536FC,0x08A536FC,1,1,0,0,0,false,materialized_code_pointer
sub_08A53714,0x08A53714,1,1,0,0,0,false,materialized_code_pointer
sub_08A5372C,0x08A5372C,1,1,0,0,0,false,materialized_code_pointer
sub_08A53734,0x08A53734,1,1,0,0,0,false,materialized_code_pointer
sub_08A53738,0x08A53738,1,1,0,0,0,false,materialized_code_pointer
sub_08A53764,0x08A53764,1,1,0,0,0,false,materialized_code_pointer
sub_08A5384C,0x08A5384C,1,1,0,0,0,false,materialized_code_pointer
sub_08A53868,0x08A53868,1,1,0,0,0,false,materialized_code_pointer
sub_08A53878,0x08A53878,1,1,0,0,0,false,materialized_code_pointer
sub_08A53890,0x08A53890,2,1,0,0,0,false,materialized_code_pointer
sub_08A53898,0x08A53898,4,1,0,0,0,false,materialized_code_pointer
sub_08A538A8,0x08A538A8,33,1,0,0,30,false,materialized_code_pointer
sub_08A539A8,0x08A539A8,11,1,0,0,2,false,materialized_code_pointer
sub_08A53A6C,0x08A53A6C,3,1,0,0,2,false,materialized_code_pointer
sub_08A53A8C,0x08A53A8C,1,1,0,0,0,false,materialized_code_pointer
sub_08A53ADC,0x08A53ADC,1,1,0,0,0,false,materialized_code_pointer
sub_08A53B5C,0x08A53B5C,1,1,0,0,0,false,materialized_code_pointer
sub_08A53C2C,0x08A53C2C,1,1,0,0,0,false,materialized_code_pointer
sub_08A53CD4,0x08A53CD4,1,1,0,0,0,false,materialized_code_pointer
sub_08A53D3C,0x08A53D3C,1,1,0,0,0,false,materialized_code_pointer
sub_08A53DA4,0x08A53DA4,1,1,0,0,0,false,materialized_code_pointer
sub_08A53E0C,0x08A53E0C,1,1,0,0,0,false,materialized_code_pointer
sub_08A53E74,0x08A53E74,1,1,0,0,0,false,materialized_code_pointer
sub_08A53EDC,0x08A53EDC,1,1,0,0,0,false,materialized_code_pointer
sub_08A53F44,0x08A53F44,1,1,0,0,0,false,materialized_code_pointer
sub_08A53FAC,0x08A53FAC,1,1,0,0,0,false,materialized_code_pointer
sub_08A54014,0x08A54014,1,1,0,0,0,false,materialized_code_pointer
sub_08A5407C,0x08A5407C,1,1,0,0,0,false,materialized_code_pointer
sub_08A540E8,0x08A540E8,8,1,0,0,0,false,materialized_code_pointer
sub_08A54108,0x08A54108,1,1,0,0,0,false,materialized_code_pointer
sub_08A54158,0x08A54158,1,1,0,0,0,false,materialized_code_pointer
sub_08A54184,0x08A54184,1,1,0,0,0,false,materialized_code_pointer
sub_08A54188,0x08A54188,1,1,0,0,0,false,materialized_code_pointer
sub_08A541C8,0x08A541C8,1,1,0,0,0,false,materialized_code_pointer
sub_08A541E4,0x08A541E4,1,1,0,0,0,false,materialized_code_pointer
sub_08A54204,0x08A54204,1,1,0,0,0,false,materialized_code_pointer
sub_08A5429C,0x08A5429C,1,1,0,0,0,false,materialized_code_pointer
sub_08A542D4,0x08A542D4,1,1,0,0,0,false,materialized_code_pointer
sub_08A542E4,0x08A542E4,1,1,0,0,0,false,materialized_code_pointer
sub_08A543AC,0x08A543AC,7,1,0,0,2,false,materialized_code_pointer
sub_08A543C8,0x08A543C8,1,1,0,0,0,false,materialized_code_pointer
sub_08A543E8,0x08A543E8,1,1,0,0,0,false,materialized_code_pointer
sub_08A5440C,0x08A5440C,1,1,0,0,0,false,materialized_code_pointer
sub_08A54440,0x08A54440,1,1,0,0,0,false,materialized_code_pointer
sub_08A5446C,0x08A5446C,1,1,0,0,0,false,materialized_code_pointer
sub_08A544C4,0x08A544C4,1,1,0,0,0,false,materialized_code_pointer
sub_08A54500,0x08A54500,1,1,0,0,0,false,materialized_code_pointer
sub_08A5453C,0x08A5453C,1,1,0,0,0,false,materialized_code_pointer
sub_08A545B4,0x08A545B4,1,1,0,0,1,false,materialized_code_pointer
sub_08A545B8,0x08A545B8,1,1,0,0,0,false,materialized_code_pointer
sub_08A545CC,0x08A545CC,1,1,0,0,0,false,materialized_code_pointer
sub_08A545D0,0x08A545D0,1,1,0,0,0,false,materialized_code_pointer
sub_08A5464C,0x08A5464C,1,1,0,0,0,false,materialized_code_pointer
sub_08A5468C,0x08A5468C,1,1,0,0,0,false,materialized_code_pointer
sub_08A546A8,0x08A546A8,1,1,0,0,0,false,materialized_code_pointer
sub_08A546C4,0x08A546C4,1,1,0,0,0,false,materialized_code_pointer
sub_08A546E0,0x08A546E0,1,1,0,0,0,false,materialized_code_pointer
sub_08A54730,0x08A54730,16,1,0,0,2,false,materialized_code_pointer
sub_08A54770,0x08A54770,1,1,0,0,0,false,materialized_code_pointer
sub_08A54790,0x08A54790,1,1,0,0,0,false,materialized_code_pointer
sub_08A547B4,0x08A547B4,1,1,0,0,0,false,materialized_code_pointer
sub_08A5480C,0x08A5480C,8,1,0,0,1,false,materialized_code_pointer
sub_08A5482C,0x08A5482C,1,1,0,0,0,false,materialized_code_pointer
sub_08A54854,0x08A54854,1,1,0,0,0,false,materialized_code_pointer
sub_08A5486C,0x08A5486C,5,1,0,0,1,false,materialized_code_pointer
sub_08A54880,0x08A54880,5,1,0,0,1,false,materialized_code_pointer
sub_08A54894,0x08A54894,1,1,0,0,0,false,materialized_code_pointer
sub_08A548D4,0x08A548D4,8,3,0,2,2,false,materialized_code_pointer
sub_08A549FC,0x08A549FC,63,2,0,1,31,false,materialized_code_pointer
sub_08A54AFC,0x08A54AFC,58,1,0,0,11,false,materialized_code_pointer
sub_08A55AFC,0x08A55AFC,19,1,0,0,4,false,materialized_code_pointer
sub_08A55B74,0x08A55B74,29,2,0,1,20,false,materialized_code_pointer
sub_08A55BEC,0x08A55BEC,31,1,0,0,10,false,materialized_code_pointer
sub_08A55C68,0x08A55C68,6,1,0,0,1,false,materialized_code_pointer
sub_08A55CE4,0x08A55CE4,17,1,0,0,13,false,materialized_code_pointer
sub_08A55D28,0x08A55D28,1,1,0,0,0,false,materialized_code_pointer
sub_08A55D50,0x08A55D50,4,1,0,0,0,false,materialized_code_pointer
sub_08A55D60,0x08A55D60,1,1,0,0,0,false,materialized_code_pointer
sub_08A55D90,0x08A55D90,3,1,0,0,2,false,materialized_code_pointer
sub_08A55D9C,0x08A55D9C,1,1,0,0,0,false,materialized_code_pointer
sub_08A55DC8,0x08A55DC8,1,1,0,0,0,false,materialized_code_pointer
sub_08A55E00,0x08A55E00,2,1,0,0,1,false,materialized_code_pointer
sub_08A55E08,0x08A55E08,1,1,0,0,0,false,materialized_code_pointer
sub_08A55E38,0x08A55E38,1,1,0,0,0,false,materialized_code_pointer
sub_08A55E60,0x08A55E60,1,1,0,0,0,false,materialized_code_pointer
sub_08A55E88,0x08A55E88,1,1,0,0,0,false,materialized_code_pointer
sub_08A55EB8,0x08A55EB8,1,1,0,0,0,false,materialized_code_pointer
sub_08A55EE8,0x08A55EE8,1,1,0,0,0,false,materialized_code_pointer
sub_08A55EFC,0x08A55EFC,12,2,0,0,6,false,materialized_code_pointer
sub_08A56318,0x08A56318,16,4,0,0,9,false,materialized_code_pointer
sub_08A56328,0x08A56328,23,3,0,0,6,false,materialized_code_pointer
sub_08A56360,0x08A56360,16,1,0,0,4,false,materialized_code_pointer
sub_08A563A0,0x08A563A0,16,1,0,0,4,false,materialized_code_pointer
sub_08A563E0,0x08A563E0,4,1,0,0,1,false,materialized_code_pointer
sub_08A563F0,0x08A563F0,4,1,0,0,1,false,materialized_code_pointer
sub_08A56400,0x08A56400,8,1,0,0,4,false,materialized_code_pointer
sub_08A56420,0x08A56420,1001,170,0,1,503,false,materialized_code_pointer
sub_08A56800,0x08A56800,16,1,0,0,3,false,materialized_code_pointer
sub_08A56840,0x08A56840,1,1,0,0,1,false,materialized_code_pointer
sub_08A56844,0x08A56844,1,1,0,0,0,false,materialized_code_pointer
sub_08A568A0,0x08A568A0,6,1,0,0,0,false,materialized_code_pointer
sub_08A578A0,0x08A578A0,21,1,0,0,9,false,materialized_code_pointer
sub_08A588A0,0x08A588A0,323,11,0,0,137,false,materialized_code_pointer
sub_08A58D00,0x08A58D00,4,1,0,0,3,false,materialized_code_pointer
sub_08A58D10,0x08A58D10,285,27,0,0,116,false,materialized_code_pointer
sub_08A58E80,0x08A58E80,32,1,0,0,7,false,materialized_code_pointer
sub_08A58F00,0x08A58F00,660,78,0,0,266,false,materialized_code_pointer
sub_08A59300,0x08A59300,188,18,0,0,13,false,materialized_code_pointer
sub_08A595E8,0x08A595E8,202,32,0,0,77,false,materialized_code_pointer
sub_08A59888,0x08A59888,22,14,0,0,4,false,materialized_code_pointer
sub_08A598E0,0x08A598E0,40,7,0,0,3,false,materialized_code_pointer
sub_08A59998,0x08A59998,2,1,0,0,1,false,materialized_code_pointer
sub_08A59A5C,0x08A59A5C,1,1,0,0,0,false,materialized_code_pointer
sub_08A59BDC,0x08A59BDC,1,1,0,0,0,false,materialized_code_pointer
sub_08A59D7C,0x08A59D7C,1,1,0,0,0,false,materialized_code_pointer
sub_08A59F84,0x08A59F84,1,1,0,0,0,false,materialized_code_pointer
sub_08A5A04C,0x08A5A04C,1,1,0,0,0,false,materialized_code_pointer
sub_08A5A0F4,0x08A5A0F4,1,1,0,0,0,false,materialized_code_pointer
sub_08A5A220,0x08A5A220,1,1,0,0,0,false,materialized_code_pointer
sub_08A5A3B8,0x08A5A3B8,1,1,0,0,0,false,materialized_code_pointer
sub_08A5A3D4,0x08A5A3D4,1,1,0,0,0,false,materialized_code_pointer
sub_08A5A460,0x08A5A460,6,1,0,0,0,false,materialized_code_pointer
sub_08A5A478,0x08A5A478,33,1,0,0,30,false,materialized_code_pointer
sub_08A5A578,0x08A5A578,1,1,0,0,0,false,materialized_code_pointer
sub_08A5A5AC,0x08A5A5AC,1,1,0,0,0,false,materialized_code_pointer
sub_08A5A66C,0x08A5A66C,1,1,0,0,0,false,materialized_code_pointer
sub_08A5A8BC,0x08A5A8BC,1,1,0,0,0,false,materialized_code_pointer
sub_08A5A910,0x08A5A910,1,1,0,0,0,false,materialized_code_pointer
sub_08A5A944,0x08A5A944,2,1,0,0,2,false,materialized_code_pointer
sub_08A5A94C,0x08A5A94C,11,1,0,0,5,false,materialized_code_pointer
sub_08A5A978,0x08A5A978,1,1,0,0,0,false,materialized_code_pointer
sub_08A5A97C,0x08A5A97C,3,1,0,0,2,false,materialized_code_pointer
sub_08A5A988,0x08A5A988,43,1,0,0,3,false,materialized_code_pointer
sub_08A5AA34,0x08A5AA34,193,11,0,0,104,false,materialized_code_pointer
sub_08A5AB34,0x08A5AB34,1,1,0,0,0,false,relocated_data_code_pointer
sub_08A5AB38,0x08A5AB38,1,1,0,0,0,false,materialized_code_pointer
sub_08A5AB3C,0x08A5AB3C,3,1,0,0,2,false,materialized_code_pointer
sub_08A5AB48,0x08A5AB48,7,1,0,0,5,false,materialized_code_pointer
sub_08A5AB64,0x08A5AB64,4,1,0,0,3,false,materialized_code_pointer
sub_08A5AB74,0x08A5AB74,6,1,0,0,4,false,materialized_code_pointer
sub_08A5AB8C,0x08A5AB8C,3,1,0,0,2,false,materialized_code_pointer
sub_08A5AB98,0x08A5AB98,7,1,0,0,5,false,materialized_code_pointer
sub_08A5ABB4,0x08A5ABB4,5,1,0,0,3,false,materialized_code_pointer
sub_08A5ABC8,0x08A5ABC8,5,1,0,0,4,false,materialized_code_pointer
sub_08A5ABDC,0x08A5ABDC,4,1,0,0,1,false,materialized_code_pointer
sub_08A5ABEC,0x08A5ABEC,3,1,0,0,2,false,materialized_code_pointer
sub_08A5ABF8,0x08A5ABF8,5,1,0,0,3,false,materialized_code_pointer
sub_08A5AC0C,0x08A5AC0C,5,1,0,0,3,false,materialized_code_pointer
sub_08A5AC20,0x08A5AC20,5,1,0,0,1,false,materialized_code_pointer
sub_08A5AC34,0x08A5AC34,3,1,0,0,2,false,materialized_code_pointer
sub_08A5AC40,0x08A5AC40,6,1,0,0,2,false,materialized_code_pointer
sub_08A5AC58,0x08A5AC58,6,1,0,0,4,false,materialized_code_pointer
sub_08A5AC70,0x08A5AC70,3,1,0,0,2,false,materialized_code_pointer
sub_08A5AC7C,0x08A5AC7C,5,1,0,0,2,false,materialized_code_pointer
sub_08A5AC90,0x08A5AC90,4,1,0,0,3,false,materialized_code_pointer
sub_08A5ACA0,0x08A5ACA0,4,1,0,0,4,false,materialized_code_pointer
sub_08A5ACB0,0x08A5ACB0,4,1,0,0,3,false,materialized_code_pointer
sub_08A5ACC0,0x08A5ACC0,5,1,0,0,4,false,materialized_code_pointer
sub_08A5ACD4,0x08A5ACD4,8,1,0,0,5,false,materialized_code_pointer
sub_08A5ACF4,0x08A5ACF4,5,1,0,0,3,false,materialized_code_pointer
sub_08A5AD08,0x08A5AD08,6,1,0,0,5,false,materialized_code_pointer
sub_08A5AD20,0x08A5AD20,4,1,0,0,3,false,materialized_code_pointer
sub_08A5AD30,0x08A5AD30,4,1,0,0,1,false,materialized_code_pointer
sub_08A5AD40,0x08A5AD40,6,1,0,0,4,false,materialized_code_pointer
sub_08A5AD58,0x08A5AD58,4,1,0,0,2,false,materialized_code_pointer
sub_08A5AD68,0x08A5AD68,6,1,0,0,2,false,materialized_code_pointer
sub_08A5AD80,0x08A5AD80,4,1,0,0,3,false,materialized_code_pointer
sub_08A5AD90,0x08A5AD90,3,1,0,0,3,false,materialized_code_pointer
sub_08A5AD9C,0x08A5AD9C,4,1,0,0,4,false,materialized_code_pointer
sub_08A5ADAC,0x08A5ADAC,5,1,0,0,2,false,materialized_code_pointer
sub_08A5ADC0,0x08A5ADC0,7,1,0,0,3,false,materialized_code_pointer
sub_08A5ADDC,0x08A5ADDC,5,1,0,0,4,false,materialized_code_pointer
sub_08A5ADF0,0x08A5ADF0,3,1,0,0,1,false,materialized_code_pointer
sub_08A5ADFC,0x08A5ADFC,2,1,0,0,1,false,materialized_code_pointer
sub_08A5AE04,0x08A5AE04,4,1,0,0,2,false,materialized_code_pointer
sub_08A5AE14,0x08A5AE14,6,1,0,0,2,false,materialized_code_pointer
sub_08A5AE2C,0x08A5AE2C,5,1,0,0,3,false,materialized_code_pointer
sub_08A5AE40,0x08A5AE40,8,1,0,0,5,false,materialized_code_pointer
sub_08A5AE60,0x08A5AE60,3,1,0,0,2,false,materialized_code_pointer
sub_08A5AE6C,0x08A5AE6C,5,1,0,0,2,false,materialized_code_pointer
sub_08A5AE80,0x08A5AE80,6,1,0,0,6,false,materialized_code_pointer
sub_08A5AE98,0x08A5AE98,4,1,0,0,3,false,materialized_code_pointer
sub_08A5AEA8,0x08A5AEA8,4,1,0,0,2,false,materialized_code_pointer
sub_08A5AEB8,0x08A5AEB8,5,1,0,0,3,false,materialized_code_pointer
sub_08A5AECC,0x08A5AECC,4,1,0,0,3,false,materialized_code_pointer
sub_08A5AEDC,0x08A5AEDC,5,1,0,0,4,false,materialized_code_pointer
sub_08A5AEF0,0x08A5AEF0,3,1,0,0,2,false,materialized_code_pointer
sub_08A5AEFC,0x08A5AEFC,10,1,0,0,8,false,materialized_code_pointer
sub_08A5AF24,0x08A5AF24,10,1,0,0,6,false,materialized_code_pointer
sub_08A5AF4C,0x08A5AF4C,8,1,0,0,7,false,materialized_code_pointer
sub_08A5AF6C,0x08A5AF6C,16,1,0,0,13,false,materialized_code_pointer
sub_08A5AFAC,0x08A5AFAC,10,1,0,0,7,false,materialized_code_pointer
sub_08A5AFD4,0x08A5AFD4,7,1,0,0,4,false,materialized_code_pointer
sub_08A5AFF0,0x08A5AFF0,4,1,0,0,2,false,materialized_code_pointer
sub_08A5B000,0x08A5B000,5,1,0,0,2,false,materialized_code_pointer
sub_08A5B014,0x08A5B014,7,1,0,0,3,false,materialized_code_pointer
sub_08A5B030,0x08A5B030,6,1,0,0,5,false,materialized_code_pointer
sub_08A5B048,0x08A5B048,9,1,0,0,6,false,materialized_code_pointer
sub_08A5B06C,0x08A5B06C,7,1,0,0,4,false,materialized_code_pointer
sub_08A5B088,0x08A5B088,12,1,0,0,8,false,materialized_code_pointer
sub_08A5B0B8,0x08A5B0B8,8,1,0,0,5,false,materialized_code_pointer
sub_08A5B0D8,0x08A5B0D8,8,1,0,0,5,false,materialized_code_pointer
sub_08A5B0F8,0x08A5B0F8,6,1,0,0,4,false,materialized_code_pointer
sub_08A5B110,0x08A5B110,9,1,0,0,6,false,materialized_code_pointer
sub_08A5B134,0x08A5B134,5,1,0,0,4,false,materialized_code_pointer
sub_08A5B148,0x08A5B148,6,1,0,0,5,false,materialized_code_pointer
sub_08A5B160,0x08A5B160,9,1,0,0,7,false,materialized_code_pointer
sub_08A5B184,0x08A5B184,6,1,0,0,5,false,materialized_code_pointer
sub_08A5B19C,0x08A5B19C,9,1,0,0,8,false,materialized_code_pointer
sub_08A5B1C0,0x08A5B1C0,6,1,0,0,4,false,materialized_code_pointer
sub_08A5B1D8,0x08A5B1D8,4,1,0,0,3,false,materialized_code_pointer
sub_08A5B1E8,0x08A5B1E8,5,1,0,0,3,false,materialized_code_pointer
sub_08A5B1FC,0x08A5B1FC,8,1,0,0,7,false,materialized_code_pointer
sub_08A5B21C,0x08A5B21C,7,1,0,0,4,false,materialized_code_pointer
sub_08A5B238,0x08A5B238,8,1,0,0,6,false,materialized_code_pointer
sub_08A5B258,0x08A5B258,5,1,0,0,4,false,materialized_code_pointer
sub_08A5B26C,0x08A5B26C,5,1,0,0,3,false,materialized_code_pointer
sub_08A5B280,0x08A5B280,7,1,0,0,5,false,materialized_code_pointer
sub_08A5B29C,0x08A5B29C,7,1,0,0,4,false,materialized_code_pointer
sub_08A5B2B8,0x08A5B2B8,6,1,0,0,4,false,materialized_code_pointer
sub_08A5B2D0,0x08A5B2D0,1,1,0,0,0,false,materialized_code_pointer
sub_08A5B2D4,0x08A5B2D4,4,1,0,0,2,false,materialized_code_pointer
sub_08A5B2E4,0x08A5B2E4,1,1,0,0,0,false,materialized_code_pointer
sub_08A5B540,0x08A5B540,1,1,0,0,0,false,materialized_code_pointer
sub_08A5B5F8,0x08A5B5F8,4,1,0,0,4,false,materialized_code_pointer
sub_08A5B608,0x08A5B608,4,1,0,0,0,false,materialized_code_pointer
sub_08A5B618,0x08A5B618,7,1,0,0,4,false,materialized_code_pointer
sub_08A5B634,0x08A5B634,5,1,0,0,2,false,materialized_code_pointer
sub_08A5B648,0x08A5B648,5,1,0,0,1,false,materialized_code_pointer
sub_08A5B65C,0x08A5B65C,2,1,0,0,0,false,materialized_code_pointer
sub_08A5B664,0x08A5B664,1,1,0,0,0,false,materialized_code_pointer
sub_08A5B7C8,0x08A5B7C8,4,1,0,0,4,false,materialized_code_pointer
sub_08A5B7D8,0x08A5B7D8,4,1,0,0,0,false,materialized_code_pointer
sub_08A5B7E8,0x08A5B7E8,7,1,0,0,4,false,materialized_code_pointer
sub_08A5B804,0x08A5B804,1,1,0,0,1,false,materialized_code_pointer
sub_08A5B808,0x08A5B808,1,1,0,0,1,false,materialized_code_pointer
sub_08A5B80C,0x08A5B80C,5,1,0,0,2,false,materialized_code_pointer
sub_08A5B820,0x08A5B820,6,2,0,1,1,false,materialized_code_pointer
sub_08A5B824,0x08A5B824,1,1,0,0,1,false,materialized_code_pointer
sub_08A5B828,0x08A5B828,5,1,0,0,1,false,materialized_code_pointer
sub_08A5B83C,0x08A5B83C,2,1,0,0,0,false,materialized_code_pointer
sub_08A5B844,0x08A5B844,1,1,0,0,0,false,materialized_code_pointer
sub_08A5B9A8,0x08A5B9A8,5,1,0,0,0,false,materialized_code_pointer
sub_08A5B9CC,0x08A5B9CC,2,1,0,0,0,false,materialized_code_pointer
sub_08A5B9D4,0x08A5B9D4,1,1,0,0,0,false,materialized_code_pointer
sub_08A5BBB8,0x08A5BBB8,1,1,0,0,0,false,materialized_code_pointer
sub_08A5BBCC,0x08A5BBCC,1,1,0,0,0,false,materialized_code_pointer
sub_08A5BD04,0x08A5BD04,1,1,0,0,0,false,materialized_code_pointer
sub_08A5BE00,0x08A5BE00,9,3,0,0,4,false,materialized_code_pointer
sub_08A5BE08,0x08A5BE08,2,1,0,0,1,false,materialized_code_pointer
sub_08A5BE10,0x08A5BE10,1,1,0,0,1,false,materialized_code_pointer
sub_08A5BE14,0x08A5BE14,3,1,0,0,2,false,materialized_code_pointer
sub_08A5BE20,0x08A5BE20,22,3,0,0,6,false,materialized_code_pointer
sub_08A5BE78,0x08A5BE78,1,1,0,0,0,false,materialized_code_pointer
sub_08A5BE90,0x08A5BE90,1,1,0,0,1,false,relocated_r_mips32_code_pointer
sub_08A5BE94,0x08A5BE94,1,1,0,0,0,false,materialized_code_pointer
sub_08A5BE98,0x08A5BE98,1,1,0,0,0,false,materialized_code_pointer
sub_08A5BEC8,0x08A5BEC8,3,1,0,0,0,false,relocated_data_code_pointer
sub_08A5BED4,0x08A5BED4,1,1,0,0,0,false,materialized_code_pointer
sub_08A5BED8,0x08A5BED8,2,1,0,0,0,false,materialized_code_pointer
sub_08A5BEE0,0x08A5BEE0,4,1,0,0,2,false,materialized_code_pointer
sub_08A5BEF0,0x08A5BEF0,50,3,0,0,27,false,materialized_code_pointer
sub_08A5BFB8,0x08A5BFB8,10,3,0,0,5,false,materialized_code_pointer
sub_08A5BFE0,0x08A5BFE0,10,1,0,0,3,false,materialized_code_pointer
sub_08A5C1E8,0x08A5C1E8,1300,1,0,0,488,false,materialized_code_pointer
sub_08A5D638,0x08A5D638,3,1,0,0,2,false,materialized_code_pointer
sub_08A5D644,0x08A5D644,1,1,0,0,1,false,materialized_code_pointer
sub_08A5D648,0x08A5D648,215,1,0,0,144,false,materialized_code_pointer
sub_08A5D9A4,0x08A5D9A4,1,1,0,0,0,false,materialized_code_pointer
sub_08A5D9A8,0x08A5D9A8,1,1,0,0,0,false,materialized_code_pointer
sub_08A5EC98,0x08A5EC98,1,1,0,0,0,false,materialized_code_pointer
sub_08A5EC9C,0x08A5EC9C,93,2,0,0,38,false,materialized_code_pointer
sub_08A5EE14,0x08A5EE14,444,1,0,0,251,false,materialized_code_pointer
sub_08A5F504,0x08A5F504,4,1,0,0,2,false,materialized_code_pointer
sub_08A5F514,0x08A5F514,266,1,0,0,84,false,materialized_code_pointer
sub_08A5F93C,0x08A5F93C,1,1,0,0,0,false,materialized_code_pointer
sub_08A5F940,0x08A5F940,51,1,0,0,25,false,materialized_code_pointer
sub_08A5FA0C,0x08A5FA0C,263,5,0,0,76,false,materialized_code_pointer
sub_08A5FE28,0x08A5FE28,3,1,0,0,1,false,materialized_code_pointer
sub_08A5FE34,0x08A5FE34,1,1,0,0,0,false,materialized_code_pointer
sub_08A5FE38,0x08A5FE38,1,1,0,0,0,false,materialized_code_pointer
sub_08A5FFE0,0x08A5FFE0,8,1,0,0,6,false,materialized_code_pointer
sub_08A60000,0x08A60000,2,1,0,0,1,false,materialized_code_pointer
sub_08A6000C,0x08A6000C,10,1,0,0,6,false,materialized_code_pointer
sub_08A60038,0x08A60038,2,1,0,0,2,false,materialized_code_pointer
sub_08A60040,0x08A60040,2,1,0,0,2,false,materialized_code_pointer
sub_08A60048,0x08A60048,3,1,0,0,2,false,materialized_code_pointer
sub_08A60054,0x08A60054,2,1,0,0,0,false,materialized_code_pointer
sub_08A6005C,0x08A6005C,2,1,0,0,1,false,materialized_code_pointer
sub_08A60064,0x08A60064,2,1,0,0,2,false,materialized_code_pointer
sub_08A6006C,0x08A6006C,3,1,0,0,2,false,materialized_code_pointer
sub_08A60078,0x08A60078,4,1,0,0,2,false,materialized_code_pointer
sub_08A60088,0x08A60088,3,1,0,0,2,false,materialized_code_pointer
sub_08A60094,0x08A60094,5,3,0,0,2,false,materialized_code_pointer
sub_08A600A8,0x08A600A8,4,1,0,0,4,false,materialized_code_pointer
sub_08A600B8,0x08A600B8,5,3,0,0,1,false,materialized_code_pointer
sub_08A600C8,0x08A600C8,4,1,0,0,3,false,materialized_code_pointer
sub_08A600D8,0x08A600D8,3,1,0,0,3,false,materialized_code_pointer
sub_08A600E4,0x08A600E4,5,1,0,0,1,false,materialized_code_pointer
sub_08A600F8,0x08A600F8,4,1,0,0,3,false,materialized_code_pointer
sub_08A60108,0x08A60108,3,1,0,0,2,false,materialized_code_pointer
sub_08A60114,0x08A60114,3,1,0,0,3,false,materialized_code_pointer
sub_08A60120,0x08A60120,4,1,0,0,2,false,materialized_code_pointer
sub_08A60130,0x08A60130,11,5,0,0,4,false,materialized_code_pointer
sub_08A6013C,0x08A6013C,8,3,0,0,3,false,materialized_code_pointer
sub_08A60148,0x08A60148,4,1,0,0,2,false,materialized_code_pointer
sub_08A60158,0x08A60158,5,1,0,0,2,false,materialized_code_pointer
sub_08A6016C,0x08A6016C,4,1,0,0,4,false,materialized_code_pointer
sub_08A6017C,0x08A6017C,4,1,0,0,2,false,materialized_code_pointer
sub_08A6018C,0x08A6018C,2,1,0,0,2,false,materialized_code_pointer
sub_08A60194,0x08A60194,3,1,0,0,1,false,materialized_code_pointer
sub_08A601A0,0x08A601A0,3,1,0,0,3,false,materialized_code_pointer
sub_08A601AC,0x08A601AC,3,1,0,0,1,false,materialized_code_pointer
sub_08A601B8,0x08A601B8,3,1,0,0,3,false,materialized_code_pointer
sub_08A601C4,0x08A601C4,2,1,0,0,2,false,materialized_code_pointer
sub_08A601CC,0x08A601CC,2,1,0,0,2,false,materialized_code_pointer
sub_08A601D4,0x08A601D4,4,1,0,0,3,false,materialized_code_pointer
sub_08A601E4,0x08A601E4,4,1,0,0,4,false,materialized_code_pointer
sub_08A601F4,0x08A601F4,4,1,0,0,4,false,materialized_code_pointer
sub_08A60204,0x08A60204,3,1,0,0,3,false,materialized_code_pointer
sub_08A60210,0x08A60210,3,1,0,0,3,false,materialized_code_pointer
sub_08A6021C,0x08A6021C,4,1,0,0,3,false,materialized_code_pointer
sub_08A6022C,0x08A6022C,4,1,0,0,3,false,materialized_code_pointer
sub_08A6023C,0x08A6023C,4,1,0,0,4,false,materialized_code_pointer
sub_08A6024C,0x08A6024C,3,1,0,0,1,false,materialized_code_pointer
sub_08A60258,0x08A60258,2,1,0,0,2,false,materialized_code_pointer
sub_08A60260,0x08A60260,4,1,0,0,3,false,materialized_code_pointer
sub_08A60270,0x08A60270,3,1,0,0,3,false,materialized_code_pointer
sub_08A6027C,0x08A6027C,3,1,0,0,2,false,materialized_code_pointer
sub_08A60288,0x08A60288,3,1,0,0,3,false,materialized_code_pointer
sub_08A60294,0x08A60294,3,1,0,0,2,false,materialized_code_pointer
sub_08A602A0,0x08A602A0,2,1,0,0,2,false,materialized_code_pointer
sub_08A602A8,0x08A602A8,2,1,0,0,2,false,materialized_code_pointer
sub_08A602B0,0x08A602B0,3,1,0,0,1,false,materialized_code_pointer
sub_08A602BC,0x08A602BC,3,3,0,0,0,false,materialized_code_pointer
sub_08A602C8,0x08A602C8,2,1,0,0,2,false,materialized_code_pointer
sub_08A602D0,0x08A602D0,4,3,0,0,1,false,materialized_code_pointer
sub_08A602D8,0x08A602D8,2,1,0,0,1,false,materialized_code_pointer
sub_08A602E0,0x08A602E0,1,1,0,0,1,false,materialized_code_pointer
sub_08A602E4,0x08A602E4,1,1,0,0,1,false,materialized_code_pointer
sub_08A602E8,0x08A602E8,1,1,0,0,1,false,materialized_code_pointer
sub_08A602EC,0x08A602EC,4,1,0,0,2,false,materialized_code_pointer
sub_08A602FC,0x08A602FC,4,1,0,0,3,false,materialized_code_pointer
sub_08A6030C,0x08A6030C,3,1,0,0,3,false,materialized_code_pointer
sub_08A60318,0x08A60318,4,1,0,0,1,false,materialized_code_pointer
sub_08A60328,0x08A60328,4,1,0,0,1,false,materialized_code_pointer
sub_08A60338,0x08A60338,4,1,0,0,2,false,materialized_code_pointer
sub_08A60348,0x08A60348,3,1,0,0,2,false,materialized_code_pointer
sub_08A60354,0x08A60354,3,1,0,0,2,false,materialized_code_pointer
sub_08A60360,0x08A60360,4,1,0,0,2,false,materialized_code_pointer
sub_08A60370,0x08A60370,2,1,0,0,2,false,materialized_code_pointer
sub_08A60378,0x08A60378,3,1,0,0,2,false,materialized_code_pointer
sub_08A60384,0x08A60384,2,1,0,0,2,false,materialized_code_pointer
sub_08A6038C,0x08A6038C,4,1,0,0,3,false,materialized_code_pointer
sub_08A6039C,0x08A6039C,2,1,0,0,2,false,materialized_code_pointer
sub_08A603A4,0x08A603A4,2,1,0,0,2,false,materialized_code_pointer
sub_08A603AC,0x08A603AC,2,1,0,0,2,false,materialized_code_pointer
sub_08A603B4,0x08A603B4,4,1,0,0,1,false,materialized_code_pointer
sub_08A603C4,0x08A603C4,4,1,0,0,2,false,materialized_code_pointer
sub_08A603D4,0x08A603D4,3,1,0,0,2,false,materialized_code_pointer
sub_08A603E0,0x08A603E0,11,1,0,0,4,false,materialized_code_pointer
sub_08A6040C,0x08A6040C,14,1,0,0,6,false,materialized_code_pointer
sub_08A60444,0x08A60444,10,1,0,0,7,false,materialized_code_pointer
sub_08A60470,0x08A60470,10,1,0,0,6,false,materialized_code_pointer
sub_08A6049C,0x08A6049C,16,3,0,0,8,false,materialized_code_pointer
sub_08A604A4,0x08A604A4,10,1,0,0,7,false,materialized_code_pointer
sub_08A604D0,0x08A604D0,10,1,0,0,6,false,materialized_code_pointer
sub_08A604FC,0x08A604FC,3,1,0,0,1,false,materialized_code_pointer
sub_08A60508,0x08A60508,10,1,0,0,7,false,materialized_code_pointer
sub_08A60534,0x08A60534,10,1,0,0,6,false,materialized_code_pointer
sub_08A60560,0x08A60560,10,1,0,0,8,false,materialized_code_pointer
sub_08A60588,0x08A60588,12,3,0,0,7,false,materialized_code_pointer
sub_08A60590,0x08A60590,10,1,0,0,7,false,materialized_code_pointer
sub_08A605BC,0x08A605BC,10,1,0,0,6,false,materialized_code_pointer
sub_08A605E8,0x08A605E8,1,1,0,0,1,false,materialized_code_pointer
sub_08A605EC,0x08A605EC,19,3,0,0,10,false,materialized_code_pointer
sub_08A6062C,0x08A6062C,10,1,0,0,7,false,materialized_code_pointer
sub_08A60658,0x08A60658,10,1,0,0,6,false,materialized_code_pointer
sub_08A60684,0x08A60684,16,1,0,0,9,false,materialized_code_pointer
sub_08A606C8,0x08A606C8,20,8,0,0,8,false,materialized_code_pointer
sub_08A60700,0x08A60700,10,1,0,0,8,false,materialized_code_pointer
sub_08A60728,0x08A60728,5,1,0,0,5,false,materialized_code_pointer
sub_08A6073C,0x08A6073C,1,1,0,0,1,false,materialized_code_pointer
sub_08A60740,0x08A60740,4,1,0,0,2,false,materialized_code_pointer
sub_08A60750,0x08A60750,1,1,0,0,0,false,materialized_code_pointer
sub_08A60754,0x08A60754,1,1,0,0,0,false,materialized_code_pointer
sub_08A60758,0x08A60758,1,1,0,0,1,false,materialized_code_pointer
sub_08A6075C,0x08A6075C,22,1,0,0,14,false,materialized_code_pointer
sub_08A607B4,0x08A607B4,1,1,0,0,1,false,materialized_code_pointer
sub_08A607B8,0x08A607B8,1,1,0,0,0,false,materialized_code_pointer
sub_08A607BC,0x08A607BC,1,1,0,0,1,false,materialized_code_pointer
sub_08A607C0,0x08A607C0,1,1,0,0,0,false,materialized_code_pointer
sub_08A607C4,0x08A607C4,12,3,0,0,5,false,materialized_code_pointer
sub_08A607F4,0x08A607F4,1,1,0,0,0,false,materialized_code_pointer
sub_08A607F8,0x08A607F8,18,1,0,0,11,false,materialized_code_pointer
sub_08A60840,0x08A60840,1,1,0,0,0,false,materialized_code_pointer
sub_08A60844,0x08A60844,4,1,0,0,2,false,materialized_code_pointer
sub_08A60854,0x08A60854,9,1,0,0,6,false,materialized_code_pointer
sub_08A60878,0x08A60878,14,1,0,0,8,false,materialized_code_pointer
sub_08A608B0,0x08A608B0,9,1,0,0,5,false,materialized_code_pointer
sub_08A608D4,0x08A608D4,10,1,0,0,7,false,materialized_code_pointer
sub_08A60900,0x08A60900,10,1,0,0,6,false,materialized_code_pointer
sub_08A6092C,0x08A6092C,12,1,0,0,9,false,materialized_code_pointer
sub_08A6095C,0x08A6095C,21,5,0,0,11,false,materialized_code_pointer
sub_08A60988,0x08A60988,11,5,0,0,4,false,materialized_code_pointer
sub_08A609A4,0x08A609A4,10,1,0,0,7,false,materialized_code_pointer
sub_08A609D0,0x08A609D0,10,1,0,0,6,false,materialized_code_pointer
sub_08A609FC,0x08A609FC,9,1,0,0,4,false,materialized_code_pointer
sub_08A60A20,0x08A60A20,10,3,0,0,5,false,materialized_code_pointer
sub_08A60A40,0x08A60A40,8,3,0,0,6,false,materialized_code_pointer
sub_08A60A60,0x08A60A60,8,3,0,0,6,false,materialized_code_pointer
sub_08A60A7C,0x08A60A7C,6,3,0,0,3,false,materialized_code_pointer
sub_08A60A94,0x08A60A94,21,1,0,0,16,false,materialized_code_pointer
sub_08A60AE8,0x08A60AE8,16,3,0,0,15,false,relocated_data_code_pointer
sub_08A60AF4,0x08A60AF4,2,1,0,0,1,false,relocated_data_code_pointer
sub_08A60AFC,0x08A60AFC,19,3,0,0,9,false,relocated_data_code_pointer
sub_08A60B0C,0x08A60B0C,10,1,0,0,7,false,materialized_code_pointer
sub_08A60B38,0x08A60B38,10,1,0,0,6,false,materialized_code_pointer
sub_08A60B64,0x08A60B64,21,4,0,0,12,false,materialized_code_pointer
sub_08A60B80,0x08A60B80,5,2,0,0,0,false,materialized_code_pointer
sub_08A60B98,0x08A60B98,5,2,0,0,0,false,materialized_code_pointer
sub_08A60BB4,0x08A60BB4,822,170,5,1,6,false,materialized_code_pointer
sub_08A60BC8,0x08A60BC8,817,170,5,1,1,false,materialized_code_pointer
sub_08A60BDC,0x08A60BDC,15,4,0,0,9,false,materialized_code_pointer
sub_08A60BF0,0x08A60BF0,11,3,0,0,6,false,materialized_code_pointer
sub_08A60C04,0x08A60C04,6,3,0,0,2,false,materialized_code_pointer
sub_08A60C18,0x08A60C18,5,1,0,0,3,false,materialized_code_pointer
sub_08A60C2C,0x08A60C2C,5,1,0,0,3,false,materialized_code_pointer
sub_08A60C40,0x08A60C40,5,1,0,0,3,false,materialized_code_pointer
sub_08A60C54,0x08A60C54,5,1,0,0,3,false,materialized_code_pointer
sub_08A60C68,0x08A60C68,5,1,0,0,3,false,materialized_code_pointer
sub_08A60C7C,0x08A60C7C,4,4,0,0,0,false,materialized_code_pointer
sub_08A60C90,0x08A60C90,5,3,0,0,1,false,materialized_code_pointer
sub_08A60CA4,0x08A60CA4,9,4,0,0,2,false,materialized_code_pointer
sub_08A60CB8,0x08A60CB8,4,4,0,0,0,false,materialized_code_pointer
sub_08A60CCC,0x08A60CCC,8,5,0,0,2,false,materialized_code_pointer
sub_08A60CE0,0x08A60CE0,5,3,0,0,1,false,materialized_code_pointer
sub_08A60CF4,0x08A60CF4,5,3,0,0,2,false,materialized_code_pointer
sub_08A60D08,0x08A60D08,5,3,0,0,2,false,materialized_code_pointer
sub_08A60D1C,0x08A60D1C,9,4,0,0,3,false,materialized_code_pointer
sub_08A60D30,0x08A60D30,5,3,0,0,1,false,materialized_code_pointer
sub_08A60D44,0x08A60D44,8,5,0,0,2,false,materialized_code_pointer
sub_08A60D58,0x08A60D58,5,3,0,0,1,false,materialized_code_pointer
sub_08A60D6C,0x08A60D6C,6,3,0,0,2,false,materialized_code_pointer
sub_08A60D80,0x08A60D80,8,3,0,0,3,false,materialized_code_pointer
sub_08A60D94,0x08A60D94,5,3,0,0,1,false,materialized_code_pointer
sub_08A60DA8,0x08A60DA8,5,3,0,0,2,false,materialized_code_pointer
sub_08A60DBC,0x08A60DBC,5,3,0,0,1,false,materialized_code_pointer
sub_08A60DD0,0x08A60DD0,5,3,0,0,2,false,materialized_code_pointer
sub_08A60DE4,0x08A60DE4,6,3,0,0,2,false,materialized_code_pointer
sub_08A60DF8,0x08A60DF8,6,3,0,0,2,false,materialized_code_pointer
sub_08A60E0C,0x08A60E0C,5,3,0,0,2,false,materialized_code_pointer
sub_08A60E20,0x08A60E20,5,1,0,0,4,false,materialized_code_pointer
sub_08A60E34,0x08A60E34,5,3,0,0,2,false,materialized_code_pointer
sub_08A60E48,0x08A60E48,5,1,0,0,4,false,materialized_code_pointer
sub_08A60E5C,0x08A60E5C,5,3,0,0,2,false,materialized_code_pointer
sub_08A60E70,0x08A60E70,5,1,0,0,4,false,materialized_code_pointer
sub_08A60E84,0x08A60E84,10,4,0,0,5,false,materialized_code_pointer
sub_08A60E98,0x08A60E98,6,3,0,0,2,false,materialized_code_pointer
sub_08A60EAC,0x08A60EAC,5,1,0,0,3,false,materialized_code_pointer
sub_08A60EC0,0x08A60EC0,5,1,0,0,3,false,materialized_code_pointer
sub_08A60ED4,0x08A60ED4,5,3,0,0,2,false,materialized_code_pointer
sub_08A60EE8,0x08A60EE8,5,3,0,0,2,false,materialized_code_pointer
sub_08A60EFC,0x08A60EFC,5,1,0,0,4,false,materialized_code_pointer
sub_08A60F10,0x08A60F10,5,1,0,0,4,false,materialized_code_pointer
sub_08A60F24,0x08A60F24,5,3,0,0,2,false,materialized_code_pointer
sub_08A60F38,0x08A60F38,5,3,0,0,2,false,materialized_code_pointer
sub_08A60F4C,0x08A60F4C,4,2,0,0,2,false,materialized_code_pointer
sub_08A60F60,0x08A60F60,4,2,0,0,2,false,materialized_code_pointer
sub_08A60F74,0x08A60F74,4,2,0,0,2,false,materialized_code_pointer
sub_08A60F88,0x08A60F88,4,2,0,0,2,false,materialized_code_pointer
sub_08A60F9C,0x08A60F9C,4,2,0,0,2,false,materialized_code_pointer
sub_08A60FB0,0x08A60FB0,4,2,0,0,2,false,materialized_code_pointer
sub_08A60FC4,0x08A60FC4,5,3,0,0,1,false,materialized_code_pointer
sub_08A60FD8,0x08A60FD8,5,3,0,0,1,false,materialized_code_pointer
sub_08A60FEC,0x08A60FEC,5,3,0,0,1,false,materialized_code_pointer
sub_08A61000,0x08A61000,5,3,0,0,1,false,materialized_code_pointer
sub_08A61014,0x08A61014,5,3,0,0,2,false,materialized_code_pointer
sub_08A61028,0x08A61028,5,3,0,0,2,false,materialized_code_pointer
sub_08A6103C,0x08A6103C,5,3,0,0,2,false,materialized_code_pointer
sub_08A61050,0x08A61050,5,3,0,0,2,false,materialized_code_pointer
sub_08A61064,0x08A61064,3,1,0,0,1,false,materialized_code_pointer
sub_08A61070,0x08A61070,13,3,0,0,8,false,materialized_code_pointer
sub_08A6107C,0x08A6107C,10,1,0,0,7,false,materialized_code_pointer
sub_08A610A8,0x08A610A8,10,1,0,0,6,false,materialized_code_pointer
sub_08A610D4,0x08A610D4,2,1,0,0,1,false,materialized_code_pointer
sub_08A610DC,0x08A610DC,3,1,0,0,1,false,materialized_code_pointer
sub_08A610E8,0x08A610E8,3,1,0,0,1,false,materialized_code_pointer
sub_08A610F4,0x08A610F4,4,1,0,0,3,false,materialized_code_pointer
sub_08A61104,0x08A61104,3,1,0,0,3,false,materialized_code_pointer
sub_08A61110,0x08A61110,4,1,0,0,3,false,materialized_code_pointer
sub_08A61120,0x08A61120,4,1,0,0,3,false,materialized_code_pointer
sub_08A61130,0x08A61130,4,1,0,0,3,false,materialized_code_pointer
sub_08A61140,0x08A61140,5,1,0,0,3,false,materialized_code_pointer
sub_08A61154,0x08A61154,5,3,0,0,2,false,materialized_code_pointer
sub_08A61168,0x08A61168,5,1,0,0,3,false,materialized_code_pointer
sub_08A6117C,0x08A6117C,5,1,0,0,3,false,materialized_code_pointer
sub_08A61190,0x08A61190,5,1,0,0,3,false,materialized_code_pointer
sub_08A611A4,0x08A611A4,4,1,0,0,4,false,materialized_code_pointer
sub_08A611B4,0x08A611B4,4,1,0,0,3,false,materialized_code_pointer
sub_08A611C4,0x08A611C4,4,1,0,0,2,false,materialized_code_pointer
sub_08A611D4,0x08A611D4,3,1,0,0,3,false,materialized_code_pointer
sub_08A611E0,0x08A611E0,4,1,0,0,3,false,materialized_code_pointer
sub_08A611F0,0x08A611F0,4,1,0,0,3,false,materialized_code_pointer
sub_08A61200,0x08A61200,5,1,0,0,4,false,materialized_code_pointer
sub_08A61214,0x08A61214,4,1,0,0,4,false,materialized_code_pointer
sub_08A61224,0x08A61224,5,1,0,0,4,false,materialized_code_pointer
sub_08A61238,0x08A61238,5,1,0,0,2,false,materialized_code_pointer
sub_08A6124C,0x08A6124C,4,1,0,0,2,false,materialized_code_pointer
sub_08A6125C,0x08A6125C,4,1,0,0,3,false,materialized_code_pointer
sub_08A6126C,0x08A6126C,7,1,0,0,6,false,materialized_code_pointer
sub_08A61288,0x08A61288,5,1,0,0,4,false,materialized_code_pointer
sub_08A6129C,0x08A6129C,4,1,0,0,1,false,materialized_code_pointer
sub_08A612AC,0x08A612AC,6,1,0,0,5,false,materialized_code_pointer
sub_08A612C4,0x08A612C4,9,1,0,0,6,false,materialized_code_pointer
sub_08A61328,0x08A61328,10,3,0,0,7,false,materialized_code_pointer
sub_08A6134C,0x08A6134C,10,1,0,0,7,false,materialized_code_pointer
sub_08A61378,0x08A61378,10,1,0,0,6,false,materialized_code_pointer
sub_08A613A4,0x08A613A4,7,1,0,0,4,false,materialized_code_pointer
sub_08A613C4,0x08A613C4,10,1,0,0,7,false,materialized_code_pointer
sub_08A613F0,0x08A613F0,10,1,0,0,6,false,materialized_code_pointer
sub_08A6141C,0x08A6141C,2,1,0,0,1,false,materialized_code_pointer
sub_08A61424,0x08A61424,10,1,0,0,7,false,materialized_code_pointer
sub_08A61450,0x08A61450,10,1,0,0,6,false,materialized_code_pointer
sub_08A6147C,0x08A6147C,1,1,0,0,1,false,materialized_code_pointer
sub_08A61480,0x08A61480,5,2,0,0,3,false,materialized_code_pointer
sub_08A61498,0x08A61498,4,2,0,0,2,false,materialized_code_pointer
sub_08A614AC,0x08A614AC,4,1,0,0,1,false,materialized_code_pointer
sub_08A614BC,0x08A614BC,5,1,0,0,3,false,materialized_code_pointer
sub_08A614D0,0x08A614D0,1,1,0,0,1,false,materialized_code_pointer
sub_08A614D4,0x08A614D4,1,1,0,0,1,false,materialized_code_pointer
sub_08A614D8,0x08A614D8,1,1,0,0,1,false,materialized_code_pointer
sub_08A614DC,0x08A614DC,4,4,0,0,1,false,materialized_code_pointer
sub_08A614F0,0x08A614F0,10,1,0,0,7,false,materialized_code_pointer
sub_08A6151C,0x08A6151C,10,1,0,0,6,false,materialized_code_pointer
sub_08A61548,0x08A61548,3,3,0,0,0,false,materialized_code_pointer
sub_08A61554,0x08A61554,3,1,0,0,1,false,materialized_code_pointer
sub_08A61560,0x08A61560,8,3,0,0,2,false,materialized_code_pointer
sub_08A6156C,0x08A6156C,3,1,0,0,1,false,materialized_code_pointer
sub_08A61578,0x08A61578,10,1,0,0,7,false,materialized_code_pointer
sub_08A615A4,0x08A615A4,10,1,0,0,6,false,materialized_code_pointer
sub_08A615D0,0x08A615D0,10,1,0,0,7,false,materialized_code_pointer
sub_08A615FC,0x08A615FC,10,1,0,0,6,false,materialized_code_pointer
sub_08A61628,0x08A61628,8,1,0,0,6,false,materialized_code_pointer
sub_08A61648,0x08A61648,1,1,0,0,1,false,materialized_code_pointer
sub_08A6164C,0x08A6164C,1,1,0,0,0,false,materialized_code_pointer
sub_08A61650,0x08A61650,10,1,0,0,7,false,materialized_code_pointer
sub_08A6167C,0x08A6167C,10,1,0,0,6,false,materialized_code_pointer
sub_08A616A8,0x08A616A8,1,1,0,0,0,false,materialized_code_pointer
sub_08A616AC,0x08A616AC,1,1,0,0,1,false,materialized_code_pointer
sub_08A616B0,0x08A616B0,10,1,0,0,7,false,materialized_code_pointer
sub_08A616DC,0x08A616DC,10,1,0,0,6,false,materialized_code_pointer
sub_08A61708,0x08A61708,3,1,0,0,2,false,materialized_code_pointer
sub_08A61714,0x08A61714,3,2,0,0,1,false,materialized_code_pointer
sub_08A61724,0x08A61724,2,2,0,0,0,false,materialized_code_pointer
sub_08A61730,0x08A61730,2,2,0,0,0,false,materialized_code_pointer
sub_08A6173C,0x08A6173C,3,2,0,0,1,false,materialized_code_pointer
sub_08A6174C,0x08A6174C,2,2,0,0,0,false,materialized_code_pointer
sub_08A61758,0x08A61758,5,1,0,0,4,false,materialized_code_pointer
sub_08A6176C,0x08A6176C,3,1,0,0,3,false,materialized_code_pointer
sub_08A61778,0x08A61778,4,1,0,0,3,false,materialized_code_pointer
sub_08A61788,0x08A61788,4,1,0,0,0,false,materialized_code_pointer
sub_08A61798,0x08A61798,10,1,0,0,7,false,materialized_code_pointer
sub_08A617C4,0x08A617C4,10,1,0,0,6,false,materialized_code_pointer
sub_08A617F0,0x08A617F0,2,1,0,0,1,false,materialized_code_pointer
sub_08A617F8,0x08A617F8,4,1,0,0,3,false,materialized_code_pointer
sub_08A61808,0x08A61808,2,1,0,0,0,false,materialized_code_pointer
sub_08A61810,0x08A61810,3,1,0,0,2,false,materialized_code_pointer
sub_08A6181C,0x08A6181C,10,1,0,0,7,false,materialized_code_pointer
sub_08A61848,0x08A61848,10,1,0,0,6,false,materialized_code_pointer
sub_08A6187C,0x08A6187C,1,1,0,0,0,false,materialized_code_pointer
sub_08A61880,0x08A61880,4,1,0,0,3,false,materialized_code_pointer
sub_08A61890,0x08A61890,4,1,0,0,3,false,materialized_code_pointer
sub_08A618A0,0x08A618A0,3,1,0,0,2,false,materialized_code_pointer
sub_08A618AC,0x08A618AC,3,1,0,0,1,false,materialized_code_pointer
sub_08A618B8,0x08A618B8,2,1,0,0,0,false,materialized_code_pointer
sub_08A618C0,0x08A618C0,3,1,0,0,2,false,materialized_code_pointer
sub_08A618CC,0x08A618CC,2,1,0,0,2,false,materialized_code_pointer
sub_08A618D4,0x08A618D4,2,1,0,0,1,false,materialized_code_pointer
sub_08A618DC,0x08A618DC,3,1,0,0,1,false,materialized_code_pointer
sub_08A618E8,0x08A618E8,3,1,0,0,1,false,materialized_code_pointer
sub_08A618F4,0x08A618F4,2,1,0,0,2,false,materialized_code_pointer
sub_08A618FC,0x08A618FC,2,1,0,0,2,false,materialized_code_pointer
sub_08A61904,0x08A61904,3,1,0,0,2,false,materialized_code_pointer
sub_08A61910,0x08A61910,4,1,0,0,1,false,materialized_code_pointer
sub_08A61920,0x08A61920,4,1,0,0,3,false,materialized_code_pointer
sub_08A61930,0x08A61930,4,1,0,0,2,false,materialized_code_pointer
sub_08A61940,0x08A61940,1,1,0,0,1,false,materialized_code_pointer
sub_08A61944,0x08A61944,6,1,0,0,4,false,materialized_code_pointer
sub_08A6195C,0x08A6195C,3,1,0,0,2,false,materialized_code_pointer
sub_08A61968,0x08A61968,5,1,0,0,2,false,materialized_code_pointer
sub_08A6197C,0x08A6197C,10,1,0,0,7,false,materialized_code_pointer
sub_08A619A8,0x08A619A8,10,1,0,0,6,false,materialized_code_pointer
sub_08A619D4,0x08A619D4,2,1,0,0,1,false,materialized_code_pointer
sub_08A619DC,0x08A619DC,3,1,0,0,2,false,materialized_code_pointer
sub_08A619E8,0x08A619E8,3,1,0,0,1,false,materialized_code_pointer
sub_08A619F4,0x08A619F4,2,1,0,0,2,false,materialized_code_pointer
sub_08A619FC,0x08A619FC,2,1,0,0,2,false,materialized_code_pointer
sub_08A61A04,0x08A61A04,3,1,0,0,2,false,materialized_code_pointer
sub_08A61A10,0x08A61A10,3,1,0,0,2,false,materialized_code_pointer
sub_08A61A1C,0x08A61A1C,4,1,0,0,1,false,materialized_code_pointer
sub_08A61A2C,0x08A61A2C,4,1,0,0,2,false,materialized_code_pointer
sub_08A61A3C,0x08A61A3C,3,1,0,0,1,false,materialized_code_pointer
sub_08A61A48,0x08A61A48,4,1,0,0,2,false,materialized_code_pointer
sub_08A61A58,0x08A61A58,6,1,0,0,4,false,materialized_code_pointer
sub_08A61A70,0x08A61A70,2,1,0,0,0,false,materialized_code_pointer
sub_08A61A78,0x08A61A78,2,1,0,0,1,false,materialized_code_pointer
sub_08A61A80,0x08A61A80,2,1,0,0,1,false,materialized_code_pointer
sub_08A61A88,0x08A61A88,4,1,0,0,2,false,materialized_code_pointer
sub_08A61A98,0x08A61A98,2,1,0,0,1,false,materialized_code_pointer
sub_08A61AA0,0x08A61AA0,2,1,0,0,0,false,materialized_code_pointer
sub_08A61AA8,0x08A61AA8,10,1,0,0,7,false,materialized_code_pointer
sub_08A61AD4,0x08A61AD4,10,1,0,0,6,false,materialized_code_pointer
sub_08A61B38,0x08A61B38,11,1,0,0,8,false,materialized_code_pointer
sub_08A61B64,0x08A61B64,17,9,0,0,8,false,materialized_code_pointer
sub_08A61BA0,0x08A61BA0,3,1,0,0,2,false,materialized_code_pointer
sub_08A61BAC,0x08A61BAC,3,1,0,0,1,false,materialized_code_pointer
sub_08A61BB8,0x08A61BB8,3,1,0,0,3,false,materialized_code_pointer
sub_08A61BC4,0x08A61BC4,2,1,0,0,2,false,materialized_code_pointer
sub_08A61BCC,0x08A61BCC,1,1,0,0,0,false,materialized_code_pointer
sub_08A61BD0,0x08A61BD0,4,1,0,0,3,false,materialized_code_pointer
sub_08A61BE0,0x08A61BE0,4,1,0,0,3,false,materialized_code_pointer
sub_08A61BF0,0x08A61BF0,1,1,0,0,0,false,materialized_code_pointer
sub_08A61BF4,0x08A61BF4,2,1,0,0,0,false,materialized_code_pointer
sub_08A61BFC,0x08A61BFC,3,1,0,0,0,false,materialized_code_pointer
sub_08A61C08,0x08A61C08,3,1,0,0,0,false,materialized_code_pointer
sub_08A61C14,0x08A61C14,3,1,0,0,2,false,materialized_code_pointer
sub_08A61C20,0x08A61C20,2,1,0,0,2,false,materialized_code_pointer
sub_08A61C28,0x08A61C28,2,1,0,0,0,false,materialized_code_pointer
sub_08A61C30,0x08A61C30,6,1,0,0,2,false,materialized_code_pointer
sub_08A61C48,0x08A61C48,1,1,0,0,1,false,materialized_code_pointer
sub_08A61C4C,0x08A61C4C,2,1,0,0,1,false,materialized_code_pointer
sub_08A61C54,0x08A61C54,4,1,0,0,2,false,materialized_code_pointer
sub_08A61C64,0x08A61C64,10,1,0,0,7,false,materialized_code_pointer
sub_08A61C8C,0x08A61C8C,1,1,0,0,1,false,materialized_code_pointer
sub_08A61C90,0x08A61C90,2,1,0,0,1,false,materialized_code_pointer
sub_08A61C98,0x08A61C98,3,1,0,0,2,false,materialized_code_pointer
sub_08A61CA4,0x08A61CA4,4,2,0,0,3,false,relocated_r_mips32_code_pointer
sub_08A61CAC,0x08A61CAC,3,1,0,0,3,false,relocated_r_mips32_code_pointer
sub_08A61CB8,0x08A61CB8,2,1,0,0,1,false,relocated_r_mips32_code_pointer
sub_08A61CC0,0x08A61CC0,3,1,0,0,3,false,relocated_r_mips32_code_pointer
sub_08A61CCC,0x08A61CCC,2,1,0,0,1,false,relocated_r_mips32_code_pointer
sub_08A61CD4,0x08A61CD4,4,2,0,0,0,false,relocated_r_mips32_code_pointer
sub_08A61CE0,0x08A61CE0,2,1,0,0,0,false,relocated_r_mips32_code_pointer
sub_08A61CE8,0x08A61CE8,2,2,0,0,1,false,relocated_r_mips32_code_pointer
sub_08A61CF4,0x08A61CF4,2,2,0,0,0,false,relocated_r_mips32_code_pointer
sub_08A61D00,0x08A61D00,3,1,0,0,1,false,materialized_code_pointer
sub_08A61D0C,0x08A61D0C,2,1,0,0,0,false,relocated_r_mips32_code_pointer
sub_08A61D14,0x08A61D14,3,1,0,0,1,false,relocated_r_mips32_code_pointer
sub_08A61D20,0x08A61D20,3,1,0,0,2,false,relocated_r_mips32_code_pointer
sub_08A61D2C,0x08A61D2C,4,1,0,0,3,false,relocated_r_mips32_code_pointer
sub_08A61D3C,0x08A61D3C,3,1,0,0,0,false,relocated_r_mips32_code_pointer
sub_08A61D48,0x08A61D48,3,1,0,0,1,false,relocated_r_mips32_code_pointer
sub_08A61D54,0x08A61D54,4,1,0,0,2,false,relocated_r_mips32_code_pointer
sub_08A61D64,0x08A61D64,3,1,0,0,2,false,relocated_r_mips32_code_pointer
sub_08A61D70,0x08A61D70,4,1,0,0,2,false,relocated_r_mips32_code_pointer
sub_08A61D80,0x08A61D80,2,1,0,0,2,false,relocated_r_mips32_code_pointer
sub_08A61D88,0x08A61D88,4,3,0,0,1,false,relocated_r_mips32_code_pointer
sub_08A61D98,0x08A61D98,3,1,0,0,2,false,relocated_r_mips32_code_pointer
sub_08A61DA4,0x08A61DA4,4,1,0,0,2,false,relocated_r_mips32_code_pointer
sub_08A61DB4,0x08A61DB4,3,1,0,0,3,false,relocated_r_mips32_code_pointer
sub_08A61DC0,0x08A61DC0,4,1,0,0,4,false,relocated_r_mips32_code_pointer
sub_08A61DD0,0x08A61DD0,3,1,0,0,0,false,materialized_code_pointer
sub_08A61DDC,0x08A61DDC,3,1,0,0,2,false,materialized_code_pointer
sub_08A61DE8,0x08A61DE8,2,1,0,0,2,false,materialized_code_pointer
sub_08A61DF0,0x08A61DF0,4,3,0,0,1,false,materialized_code_pointer
sub_08A61E00,0x08A61E00,5,3,0,0,0,false,materialized_code_pointer
sub_08A61E0C,0x08A61E0C,9,1,0,0,5,false,materialized_code_pointer
sub_08A61E30,0x08A61E30,2,1,0,0,1,false,materialized_code_pointer
sub_08A61E38,0x08A61E38,2,1,0,0,2,false,materialized_code_pointer
sub_08A61E40,0x08A61E40,2,1,0,0,0,false,materialized_code_pointer
sub_08A61E48,0x08A61E48,4,1,0,0,3,false,materialized_code_pointer
sub_08A61E58,0x08A61E58,2,1,0,0,1,false,materialized_code_pointer
sub_08A61E60,0x08A61E60,2,1,0,0,2,false,materialized_code_pointer
sub_08A61E68,0x08A61E68,1,1,0,0,0,false,materialized_code_pointer
sub_08A61E6C,0x08A61E6C,3,1,0,0,2,false,materialized_code_pointer
sub_08A61E78,0x08A61E78,3,1,0,0,1,false,materialized_code_pointer
sub_08A61E84,0x08A61E84,3,1,0,0,2,false,materialized_code_pointer
sub_08A61E90,0x08A61E90,4,1,0,0,3,false,materialized_code_pointer
sub_08A61EA0,0x08A61EA0,2,1,0,0,1,false,materialized_code_pointer
sub_08A61EA8,0x08A61EA8,3,1,0,0,1,false,materialized_code_pointer
sub_08A61EB4,0x08A61EB4,3,1,0,0,1,false,materialized_code_pointer
sub_08A61EC0,0x08A61EC0,4,1,0,0,3,false,materialized_code_pointer
sub_08A61ED0,0x08A61ED0,3,1,0,0,2,false,materialized_code_pointer
sub_08A61EDC,0x08A61EDC,2,1,0,0,2,false,materialized_code_pointer
sub_08A61EE4,0x08A61EE4,2,1,0,0,1,false,materialized_code_pointer
sub_08A61EEC,0x08A61EEC,2,1,0,0,2,false,materialized_code_pointer
sub_08A61EF4,0x08A61EF4,1,1,0,0,0,false,materialized_code_pointer
sub_08A61EF8,0x08A61EF8,3,1,0,0,1,false,materialized_code_pointer
sub_08A61F04,0x08A61F04,4,1,0,0,2,false,materialized_code_pointer
sub_08A61F14,0x08A61F14,4,1,0,0,3,false,materialized_code_pointer
sub_08A61F24,0x08A61F24,1,1,0,0,0,false,materialized_code_pointer
sub_08A61F28,0x08A61F28,10,1,0,0,7,false,materialized_code_pointer
sub_08A61F54,0x08A61F54,10,1,0,0,6,false,materialized_code_pointer
sub_08A61F80,0x08A61F80,2,1,0,0,2,false,materialized_code_pointer
sub_08A61F88,0x08A61F88,2,1,0,0,0,false,materialized_code_pointer
sub_08A61F90,0x08A61F90,7,3,0,0,4,false,materialized_code_pointer
sub_08A61FAC,0x08A61FAC,7,3,0,0,4,false,materialized_code_pointer
sub_08A61FC8,0x08A61FC8,7,3,0,0,4,false,materialized_code_pointer
sub_08A61FE4,0x08A61FE4,8,3,0,0,4,false,materialized_code_pointer
sub_08A62000,0x08A62000,7,3,0,0,4,false,materialized_code_pointer
sub_08A6201C,0x08A6201C,7,3,0,0,4,false,materialized_code_pointer
sub_08A62038,0x08A62038,7,3,0,0,4,false,materialized_code_pointer
sub_08A62054,0x08A62054,21,3,0,0,16,false,materialized_code_pointer
sub_08A620A8,0x08A620A8,14,1,0,0,10,false,materialized_code_pointer
sub_08A620E0,0x08A620E0,33,15,0,0,15,false,materialized_code_pointer
sub_08A6212C,0x08A6212C,12,5,0,0,7,false,materialized_code_pointer
sub_08A62144,0x08A62144,4,1,0,0,4,false,materialized_code_pointer
sub_08A62154,0x08A62154,1,1,0,0,1,false,materialized_code_pointer
sub_08A62158,0x08A62158,3,2,0,0,1,false,materialized_code_pointer
sub_08A62168,0x08A62168,4,1,0,0,2,false,materialized_code_pointer
sub_08A62178,0x08A62178,4,1,0,0,2,false,materialized_code_pointer
sub_08A62188,0x08A62188,4,1,0,0,4,false,materialized_code_pointer
sub_08A62198,0x08A62198,4,1,0,0,3,false,materialized_code_pointer
sub_08A621A8,0x08A621A8,2,1,0,0,1,false,materialized_code_pointer
sub_08A621B0,0x08A621B0,4,1,0,0,2,false,materialized_code_pointer
sub_08A621C0,0x08A621C0,3,1,0,0,1,false,materialized_code_pointer
sub_08A621CC,0x08A621CC,3,1,0,0,2,false,materialized_code_pointer
sub_08A621D8,0x08A621D8,4,1,0,0,2,false,materialized_code_pointer
sub_08A621E8,0x08A621E8,4,1,0,0,2,false,materialized_code_pointer
sub_08A621F8,0x08A621F8,2,1,0,0,2,false,materialized_code_pointer
sub_08A62200,0x08A62200,2,1,0,0,1,false,materialized_code_pointer
sub_08A62208,0x08A62208,2,1,0,0,2,false,materialized_code_pointer
sub_08A62210,0x08A62210,2,1,0,0,1,false,materialized_code_pointer
sub_08A62218,0x08A62218,3,1,0,0,1,false,materialized_code_pointer
sub_08A62224,0x08A62224,2,1,0,0,1,false,materialized_code_pointer
sub_08A6222C,0x08A6222C,3,1,0,0,1,false,materialized_code_pointer
sub_08A62238,0x08A62238,3,1,0,0,3,false,materialized_code_pointer
sub_08A62244,0x08A62244,4,1,0,0,2,false,materialized_code_pointer
sub_08A62254,0x08A62254,4,1,0,0,3,false,materialized_code_pointer
sub_08A62264,0x08A62264,10,1,0,0,7,false,materialized_code_pointer
sub_08A62290,0x08A62290,10,1,0,0,6,false,materialized_code_pointer
sub_08A622BC,0x08A622BC,3,1,0,0,1,false,materialized_code_pointer
sub_08A622C8,0x08A622C8,10,1,0,0,7,false,materialized_code_pointer
sub_08A622F4,0x08A622F4,10,1,0,0,6,false,materialized_code_pointer
sub_08A62320,0x08A62320,4,1,0,0,2,false,materialized_code_pointer
sub_08A62330,0x08A62330,5,1,0,0,3,false,materialized_code_pointer
sub_08A62344,0x08A62344,3,1,0,0,1,false,materialized_code_pointer
sub_08A62350,0x08A62350,3,2,0,0,0,false,materialized_code_pointer
sub_08A62360,0x08A62360,2,1,0,0,1,false,materialized_code_pointer
sub_08A62368,0x08A62368,4,2,0,0,1,false,materialized_code_pointer
sub_08A6237C,0x08A6237C,4,1,0,0,1,false,materialized_code_pointer
sub_08A6238C,0x08A6238C,6,1,0,0,3,false,materialized_code_pointer
sub_08A623A4,0x08A623A4,358,51,0,3,111,false,materialized_code_pointer
sub_08A623C4,0x08A623C4,9,3,0,0,6,false,materialized_code_pointer
sub_08A623E8,0x08A623E8,275,51,0,0,56,false,materialized_code_pointer
sub_08A62434,0x08A62434,250,48,0,0,52,false,materialized_code_pointer
sub_08A6247C,0x08A6247C,10,1,0,0,7,false,materialized_code_pointer
sub_08A624A8,0x08A624A8,10,1,0,0,6,false,materialized_code_pointer
sub_08A624D4,0x08A624D4,4,1,0,0,2,false,materialized_code_pointer
sub_08A624E4,0x08A624E4,8,3,0,0,2,false,materialized_code_pointer
sub_08A624F4,0x08A624F4,4,1,0,0,1,false,materialized_code_pointer
sub_08A62504,0x08A62504,4,2,0,0,1,false,materialized_code_pointer
sub_08A62518,0x08A62518,4,1,0,0,1,false,materialized_code_pointer
sub_08A62528,0x08A62528,7,3,0,0,3,false,materialized_code_pointer
sub_08A62544,0x08A62544,6,3,0,0,2,false,materialized_code_pointer
sub_08A62558,0x08A62558,7,3,0,0,4,false,materialized_code_pointer
sub_08A62570,0x08A62570,2,1,0,0,0,false,materialized_code_pointer
sub_08A62578,0x08A62578,1,1,0,0,1,false,materialized_code_pointer
sub_08A6257C,0x08A6257C,1,1,0,0,0,false,materialized_code_pointer
sub_08A62580,0x08A62580,7,3,0,0,4,false,materialized_code_pointer
sub_08A6259C,0x08A6259C,15,7,0,0,6,false,materialized_code_pointer
sub_08A625B8,0x08A625B8,8,3,0,0,4,false,materialized_code_pointer
sub_08A625D8,0x08A625D8,18,9,0,0,7,false,materialized_code_pointer
sub_08A625FC,0x08A625FC,8,3,0,0,5,false,materialized_code_pointer
sub_08A6261C,0x08A6261C,10,3,0,0,5,false,materialized_code_pointer
sub_08A62638,0x08A62638,7,3,0,0,3,false,materialized_code_pointer
sub_08A62654,0x08A62654,10,1,0,0,7,false,materialized_code_pointer
sub_08A62680,0x08A62680,10,1,0,0,6,false,materialized_code_pointer
sub_08A626AC,0x08A626AC,8,3,0,0,3,false,materialized_code_pointer
sub_08A626C0,0x08A626C0,3,1,0,0,1,false,materialized_code_pointer
sub_08A626CC,0x08A626CC,5,3,0,0,2,false,materialized_code_pointer
sub_08A626E0,0x08A626E0,13,4,0,1,4,false,materialized_code_pointer
sub_08A62718,0x08A62718,2,1,0,0,1,false,materialized_code_pointer
sub_08A62720,0x08A62720,4,1,0,0,1,false,relocated_data_code_pointer
sub_08A62730,0x08A62730,4,1,0,0,1,false,materialized_code_pointer
sub_08A62740,0x08A62740,10,1,0,0,7,false,materialized_code_pointer
sub_08A6276C,0x08A6276C,10,1,0,0,6,false,materialized_code_pointer
sub_08A62798,0x08A62798,9,5,0,0,2,false,materialized_code_pointer
sub_08A627AC,0x08A627AC,4,1,0,0,2,false,materialized_code_pointer
sub_08A627BC,0x08A627BC,2,1,0,0,1,false,materialized_code_pointer
sub_08A627C4,0x08A627C4,4,1,0,0,1,false,materialized_code_pointer
sub_08A627D4,0x08A627D4,10,1,0,0,7,false,materialized_code_pointer
sub_08A62800,0x08A62800,10,1,0,0,6,false,materialized_code_pointer
sub_08A6282C,0x08A6282C,2,1,0,0,2,false,materialized_code_pointer
sub_08A62834,0x08A62834,4,1,0,0,2,false,materialized_code_pointer
sub_08A62844,0x08A62844,3,1,0,0,2,false,materialized_code_pointer
sub_08A62850,0x08A62850,3,1,0,0,2,false,materialized_code_pointer
sub_08A6285C,0x08A6285C,14,1,0,0,3,false,materialized_code_pointer
sub_08A62894,0x08A62894,15,1,0,0,7,false,materialized_code_pointer
sub_08A628D0,0x08A628D0,3,1,0,0,1,false,materialized_code_pointer
sub_08A628DC,0x08A628DC,15,1,0,0,8,false,materialized_code_pointer
sub_08A62918,0x08A62918,2,1,0,0,1,false,materialized_code_pointer
sub_08A62920,0x08A62920,14,1,0,0,7,false,materialized_code_pointer
sub_08A62958,0x08A62958,2,1,0,0,0,false,materialized_code_pointer
sub_08A62960,0x08A62960,14,1,0,0,8,false,materialized_code_pointer
sub_08A62998,0x08A62998,14,1,0,0,7,false,materialized_code_pointer
sub_08A629D0,0x08A629D0,3,1,0,0,1,false,materialized_code_pointer
sub_08A629DC,0x08A629DC,2,1,0,0,0,false,materialized_code_pointer
sub_08A629E4,0x08A629E4,13,1,0,0,8,false,materialized_code_pointer
sub_08A62A18,0x08A62A18,3,1,0,0,1,false,materialized_code_pointer
sub_08A62A24,0x08A62A24,13,1,0,0,5,false,materialized_code_pointer
sub_08A62A5C,0x08A62A5C,4,1,0,0,1,false,materialized_code_pointer
sub_08A62A6C,0x08A62A6C,14,1,0,0,9,false,materialized_code_pointer
sub_08A62AA4,0x08A62AA4,2,1,0,0,0,false,materialized_code_pointer
sub_08A62AAC,0x08A62AAC,13,1,0,0,4,false,materialized_code_pointer
sub_08A62AE4,0x08A62AE4,14,1,0,0,8,false,materialized_code_pointer
sub_08A62B1C,0x08A62B1C,12,1,0,0,4,false,materialized_code_pointer
sub_08A62B4C,0x08A62B4C,15,1,0,0,9,false,materialized_code_pointer
sub_08A62B88,0x08A62B88,3,1,0,0,1,false,materialized_code_pointer
sub_08A62B94,0x08A62B94,3,2,0,0,1,false,materialized_code_pointer
sub_08A62BA4,0x08A62BA4,3,2,0,0,2,false,materialized_code_pointer
sub_08A62BB4,0x08A62BB4,15,1,0,0,7,false,materialized_code_pointer
sub_08A62BF0,0x08A62BF0,4,1,0,0,3,false,materialized_code_pointer
sub_08A62C00,0x08A62C00,14,1,0,0,7,false,materialized_code_pointer
sub_08A62C38,0x08A62C38,13,1,0,0,4,false,materialized_code_pointer
sub_08A62C6C,0x08A62C6C,4,1,0,0,2,false,materialized_code_pointer
sub_08A62C7C,0x08A62C7C,2,1,0,0,2,false,materialized_code_pointer
sub_08A62C84,0x08A62C84,14,1,0,0,9,false,materialized_code_pointer
sub_08A62CBC,0x08A62CBC,16,1,0,0,10,false,materialized_code_pointer
sub_08A62CFC,0x08A62CFC,18,1,0,0,7,false,materialized_code_pointer
sub_08A62D44,0x08A62D44,4,1,0,0,1,false,materialized_code_pointer
sub_08A62D54,0x08A62D54,3,1,0,0,1,false,materialized_code_pointer
sub_08A62D60,0x08A62D60,1,1,0,0,0,false,relocated_data_code_pointer
sub_08A62D64,0x08A62D64,3,1,0,0,0,false,relocated_data_code_pointer
sub_08A62D70,0x08A62D70,27,16,0,1,6,false,relocated_data_code_pointer
sub_08A62D88,0x08A62D88,21,12,0,1,5,false,relocated_data_code_pointer
sub_08A62D9C,0x08A62D9C,17,9,0,0,4,false,relocated_data_code_pointer
sub_08A62DBC,0x08A62DBC,5,3,0,0,1,false,relocated_data_code_pointer
sub_08A62DD0,0x08A62DD0,3,1,0,0,0,false,relocated_data_code_pointer
sub_08A62DDC,0x08A62DDC,9,3,0,0,6,false,relocated_data_code_pointer
sub_08A62DF0,0x08A62DF0,10,1,0,0,7,false,materialized_code_pointer
sub_08A62E1C,0x08A62E1C,10,1,0,0,6,false,materialized_code_pointer
sub_08A62E48,0x08A62E48,2,1,0,0,0,false,materialized_code_pointer
sub_08A62E50,0x08A62E50,3,1,0,0,0,false,materialized_code_pointer
sub_08A62E5C,0x08A62E5C,5,1,0,0,1,false,materialized_code_pointer
sub_08A62E70,0x08A62E70,4,1,0,0,1,false,materialized_code_pointer
sub_08A62E80,0x08A62E80,3,1,0,0,1,false,materialized_code_pointer
sub_08A62E8C,0x08A62E8C,4,1,0,0,1,false,materialized_code_pointer
sub_08A62E9C,0x08A62E9C,4,1,0,0,2,false,materialized_code_pointer
sub_08A62EAC,0x08A62EAC,5,1,0,0,3,false,materialized_code_pointer
sub_08A62EC0,0x08A62EC0,4,3,0,0,1,false,materialized_code_pointer
sub_08A62ED0,0x08A62ED0,6,1,0,0,1,false,materialized_code_pointer
sub_08A62EE8,0x08A62EE8,4,1,0,0,0,false,materialized_code_pointer
sub_08A62EF8,0x08A62EF8,3,1,0,0,1,false,materialized_code_pointer
sub_08A62F04,0x08A62F04,3,1,0,0,1,false,materialized_code_pointer
sub_08A62F10,0x08A62F10,4,1,0,0,1,false,materialized_code_pointer
sub_08A62F20,0x08A62F20,4,1,0,0,1,false,materialized_code_pointer
sub_08A62F30,0x08A62F30,6,3,0,0,2,false,materialized_code_pointer
sub_08A62F48,0x08A62F48,3,1,0,0,1,false,materialized_code_pointer
sub_08A62F54,0x08A62F54,3,1,0,0,1,false,materialized_code_pointer
sub_08A62F60,0x08A62F60,5,1,0,0,3,false,relocated_data_code_pointer
sub_08A62F74,0x08A62F74,4,1,0,0,3,false,relocated_data_code_pointer
sub_08A62F84,0x08A62F84,3,1,0,0,2,false,relocated_data_code_pointer
sub_08A62F90,0x08A62F90,2,1,0,0,1,false,materialized_code_pointer
sub_08A62F98,0x08A62F98,2,1,0,0,2,false,materialized_code_pointer
sub_08A62FA0,0x08A62FA0,5,2,0,0,4,false,materialized_code_pointer
sub_08A62FB8,0x08A62FB8,5,2,0,0,4,false,materialized_code_pointer
sub_08A62FD0,0x08A62FD0,5,2,0,0,4,false,materialized_code_pointer
sub_08A62FE8,0x08A62FE8,5,2,0,0,3,false,materialized_code_pointer
sub_08A63000,0x08A63000,5,2,0,0,3,false,materialized_code_pointer
sub_08A63018,0x08A63018,4,1,0,0,2,false,materialized_code_pointer
sub_08A63028,0x08A63028,4,1,0,0,4,false,materialized_code_pointer
sub_08A63038,0x08A63038,4,1,0,0,1,false,materialized_code_pointer
sub_08A63048,0x08A63048,10,1,0,0,7,false,materialized_code_pointer
sub_08A63074,0x08A63074,10,1,0,0,6,false,materialized_code_pointer
sub_08A630A0,0x08A630A0,6,3,0,0,3,false,materialized_code_pointer
sub_08A630B8,0x08A630B8,6,3,0,0,2,false,materialized_code_pointer
sub_08A630D0,0x08A630D0,7,3,0,0,3,false,materialized_code_pointer
sub_08A630EC,0x08A630EC,6,3,0,0,2,false,materialized_code_pointer
sub_08A63104,0x08A63104,7,3,0,0,2,false,materialized_code_pointer
sub_08A6311C,0x08A6311C,3,1,0,0,1,false,relocated_data_code_pointer
sub_08A63128,0x08A63128,3,1,0,0,2,false,relocated_data_code_pointer
sub_08A63134,0x08A63134,4,1,0,0,1,false,relocated_data_code_pointer
sub_08A63144,0x08A63144,4,1,0,0,2,false,relocated_data_code_pointer
sub_08A63154,0x08A63154,3,1,0,0,2,false,materialized_code_pointer
sub_08A63160,0x08A63160,4,1,0,0,1,false,materialized_code_pointer
sub_08A63170,0x08A63170,2,1,0,0,1,false,materialized_code_pointer
sub_08A63178,0x08A63178,12,1,0,0,8,false,materialized_code_pointer
sub_08A631AC,0x08A631AC,10,1,0,0,6,false,materialized_code_pointer
sub_08A631D8,0x08A631D8,13,3,0,0,7,false,materialized_code_pointer
sub_08A631F8,0x08A631F8,1,1,0,0,1,false,materialized_code_pointer
sub_08A631FC,0x08A631FC,11,7,0,0,2,false,materialized_code_pointer
sub_08A63210,0x08A63210,7,4,0,0,1,false,materialized_code_pointer
sub_08A63224,0x08A63224,3,1,0,0,0,false,materialized_code_pointer
sub_08A63230,0x08A63230,3,1,0,0,1,false,materialized_code_pointer
sub_08A6323C,0x08A6323C,9,1,0,0,6,false,materialized_code_pointer
sub_08A63260,0x08A63260,2,1,0,0,2,false,materialized_code_pointer
sub_08A63268,0x08A63268,5,3,0,0,1,false,materialized_code_pointer
sub_08A6327C,0x08A6327C,6,3,0,0,2,false,materialized_code_pointer
sub_08A63294,0x08A63294,6,3,0,0,2,false,materialized_code_pointer
sub_08A632AC,0x08A632AC,6,3,0,0,3,false,materialized_code_pointer
sub_08A632C4,0x08A632C4,6,3,0,0,3,false,materialized_code_pointer
sub_08A632DC,0x08A632DC,10,1,0,0,7,false,materialized_code_pointer
sub_08A63308,0x08A63308,10,1,0,0,6,false,materialized_code_pointer
sub_08A63334,0x08A63334,9,3,0,0,6,false,materialized_code_pointer
sub_08A63358,0x08A63358,12,5,0,0,4,false,materialized_code_pointer
sub_08A63378,0x08A63378,4,1,0,0,2,false,materialized_code_pointer
sub_08A63388,0x08A63388,46,10,0,0,18,false,materialized_code_pointer
sub_08A63428,0x08A63428,2,1,0,0,1,false,materialized_code_pointer
sub_08A63430,0x08A63430,2,1,0,0,0,false,materialized_code_pointer
sub_08A63438,0x08A63438,1,1,0,0,1,false,materialized_code_pointer
sub_08A6343C,0x08A6343C,2,1,0,0,1,false,materialized_code_pointer
sub_08A63444,0x08A63444,1,1,0,0,1,false,materialized_code_pointer
sub_08A63448,0x08A63448,2,1,0,0,1,false,materialized_code_pointer
sub_08A63450,0x08A63450,2,1,0,0,0,false,materialized_code_pointer
sub_08A63458,0x08A63458,2,1,0,0,1,false,materialized_code_pointer
sub_08A63460,0x08A63460,9,3,0,0,3,false,materialized_code_pointer
sub_08A63478,0x08A63478,2,1,0,0,1,false,materialized_code_pointer
sub_08A63480,0x08A63480,3,1,0,0,0,false,materialized_code_pointer
sub_08A6348C,0x08A6348C,10,3,0,0,6,false,materialized_code_pointer
sub_08A634A4,0x08A634A4,4,1,0,0,3,false,materialized_code_pointer
sub_08A634B4,0x08A634B4,12,3,0,0,7,false,materialized_code_pointer
sub_08A634CC,0x08A634CC,6,1,0,0,4,false,materialized_code_pointer
sub_08A634E4,0x08A634E4,4,1,0,0,2,false,materialized_code_pointer
sub_08A634F4,0x08A634F4,7,3,0,0,3,false,materialized_code_pointer
sub_08A63510,0x08A63510,3,1,0,0,0,false,materialized_code_pointer
sub_08A6351C,0x08A6351C,2,1,0,0,1,false,materialized_code_pointer
sub_08A63524,0x08A63524,2,1,0,0,1,false,materialized_code_pointer
sub_08A6352C,0x08A6352C,2,1,0,0,1,false,materialized_code_pointer
sub_08A63534,0x08A63534,2,1,0,0,1,false,materialized_code_pointer
sub_08A6353C,0x08A6353C,4,1,0,0,2,false,materialized_code_pointer
sub_08A6354C,0x08A6354C,4,1,0,0,3,false,materialized_code_pointer
sub_08A6355C,0x08A6355C,4,1,0,0,1,false,materialized_code_pointer
sub_08A6356C,0x08A6356C,2,1,0,0,0,false,materialized_code_pointer
sub_08A63574,0x08A63574,4,1,0,0,1,false,materialized_code_pointer
sub_08A63584,0x08A63584,3,1,0,0,1,false,materialized_code_pointer
sub_08A63590,0x08A63590,2,1,0,0,0,false,materialized_code_pointer
sub_08A63598,0x08A63598,4,3,0,0,1,false,relocated_r_mips32_code_pointer
sub_08A635A4,0x08A635A4,10,1,0,0,7,false,materialized_code_pointer
sub_08A635D0,0x08A635D0,10,1,0,0,6,false,materialized_code_pointer
sub_08A635FC,0x08A635FC,5,1,0,0,2,false,materialized_code_pointer
sub_08A63610,0x08A63610,4,1,0,0,2,false,materialized_code_pointer
sub_08A63620,0x08A63620,6,1,0,0,5,false,materialized_code_pointer
sub_08A63638,0x08A63638,10,1,0,0,7,false,materialized_code_pointer
sub_08A63660,0x08A63660,1,1,0,0,1,false,materialized_code_pointer
sub_08A63664,0x08A63664,5,1,0,0,2,false,materialized_code_pointer
sub_08A63678,0x08A63678,6,1,0,0,5,false,materialized_code_pointer
sub_08A63690,0x08A63690,5,1,0,0,2,false,materialized_code_pointer
sub_08A636A4,0x08A636A4,4,1,0,0,3,false,materialized_code_pointer
sub_08A636B4,0x08A636B4,4,1,0,0,1,false,materialized_code_pointer
sub_08A636C4,0x08A636C4,4,1,0,0,1,false,materialized_code_pointer
sub_08A636D4,0x08A636D4,3,1,0,0,1,false,materialized_code_pointer
sub_08A636E0,0x08A636E0,2,1,0,0,1,false,materialized_code_pointer
sub_08A636E8,0x08A636E8,2,1,0,0,1,false,materialized_code_pointer
sub_08A636F0,0x08A636F0,9,2,0,0,5,false,materialized_code_pointer
sub_08A63718,0x08A63718,40,7,0,0,18,false,materialized_code_pointer
sub_08A637C0,0x08A637C0,4,1,0,0,4,false,materialized_code_pointer
sub_08A637D0,0x08A637D0,4,1,0,0,4,false,materialized_code_pointer
sub_08A637E0,0x08A637E0,4,1,0,0,1,false,materialized_code_pointer
sub_08A637F0,0x08A637F0,3,2,0,0,2,false,materialized_code_pointer
sub_08A63800,0x08A63800,2,1,0,0,2,false,materialized_code_pointer
sub_08A63808,0x08A63808,2,1,0,0,1,false,materialized_code_pointer
sub_08A63810,0x08A63810,10,1,0,0,7,false,materialized_code_pointer
sub_08A6383C,0x08A6383C,10,1,0,0,6,false,materialized_code_pointer
sub_08A63868,0x08A63868,8,5,0,0,1,false,materialized_code_pointer
sub_08A63880,0x08A63880,2,1,0,0,0,false,materialized_code_pointer
sub_08A63888,0x08A63888,4,1,0,0,3,false,materialized_code_pointer
sub_08A63898,0x08A63898,1,1,0,0,1,false,materialized_code_pointer
sub_08A6389C,0x08A6389C,4,1,0,0,2,false,materialized_code_pointer
sub_08A638AC,0x08A638AC,6,3,0,0,2,false,materialized_code_pointer
sub_08A638C4,0x08A638C4,3,1,0,0,1,false,materialized_code_pointer
sub_08A638D0,0x08A638D0,4,1,0,0,2,false,materialized_code_pointer
sub_08A638E0,0x08A638E0,2,1,0,0,1,false,materialized_code_pointer
sub_08A638E8,0x08A638E8,2,2,0,0,0,false,materialized_code_pointer
sub_08A638F4,0x08A638F4,3,1,0,0,2,false,materialized_code_pointer
sub_08A63900,0x08A63900,4,1,0,0,1,false,materialized_code_pointer
sub_08A63910,0x08A63910,17,7,0,0,7,false,relocated_data_code_pointer
sub_08A63928,0x08A63928,6,3,0,0,2,false,relocated_data_code_pointer
sub_08A63940,0x08A63940,6,3,0,0,2,false,relocated_data_code_pointer
sub_08A63958,0x08A63958,4,1,0,0,3,false,relocated_data_code_pointer
sub_08A63968,0x08A63968,41,7,0,0,16,false,relocated_data_code_pointer
sub_08A63A10,0x08A63A10,10,1,0,0,7,false,materialized_code_pointer
sub_08A63A3C,0x08A63A3C,10,1,0,0,6,false,materialized_code_pointer
sub_08A63A68,0x08A63A68,4,1,0,0,2,false,materialized_code_pointer
sub_08A63A78,0x08A63A78,4,1,0,0,2,false,materialized_code_pointer
sub_08A63A88,0x08A63A88,1,1,0,0,0,false,materialized_code_pointer
sub_08A63A8C,0x08A63A8C,2,1,0,0,2,false,materialized_code_pointer
sub_08A63A94,0x08A63A94,2,1,0,0,2,false,materialized_code_pointer
sub_08A63A9C,0x08A63A9C,3,1,0,0,2,false,materialized_code_pointer
sub_08A63AA8,0x08A63AA8,3,1,0,0,2,false,materialized_code_pointer
sub_08A63AB4,0x08A63AB4,4,1,0,0,1,false,materialized_code_pointer
sub_08A63AC4,0x08A63AC4,3,1,0,0,2,false,materialized_code_pointer
sub_08A63AD0,0x08A63AD0,11,3,0,0,3,false,materialized_code_pointer
sub_08A63AEC,0x08A63AEC,4,1,0,0,1,false,materialized_code_pointer
sub_08A63AFC,0x08A63AFC,4,1,0,0,3,false,materialized_code_pointer
sub_08A63B0C,0x08A63B0C,3,1,0,0,1,false,materialized_code_pointer
sub_08A63B18,0x08A63B18,6,4,0,0,2,false,materialized_code_pointer
sub_08A63B34,0x08A63B34,1,1,0,0,0,false,materialized_code_pointer
sub_08A63B38,0x08A63B38,4,1,0,0,3,false,materialized_code_pointer
sub_08A63B48,0x08A63B48,4,1,0,0,1,false,materialized_code_pointer
sub_08A63B58,0x08A63B58,3,1,0,0,2,false,materialized_code_pointer
sub_08A63B64,0x08A63B64,3,1,0,0,2,false,materialized_code_pointer
sub_08A63B70,0x08A63B70,3,1,0,0,2,false,materialized_code_pointer
sub_08A63B7C,0x08A63B7C,13,3,0,0,7,false,materialized_code_pointer
sub_08A63B88,0x08A63B88,10,1,0,0,7,false,materialized_code_pointer
sub_08A63BB4,0x08A63BB4,10,1,0,0,6,false,materialized_code_pointer
sub_08A63BE0,0x08A63BE0,4,1,0,0,2,false,materialized_code_pointer
sub_08A63BF0,0x08A63BF0,3,2,0,0,2,false,materialized_code_pointer
sub_08A63C00,0x08A63C00,3,1,0,0,1,false,materialized_code_pointer
sub_08A63C0C,0x08A63C0C,4,1,0,0,1,false,materialized_code_pointer
sub_08A63C1C,0x08A63C1C,3,1,0,0,0,false,materialized_code_pointer
sub_08A63C28,0x08A63C28,2,1,0,0,0,false,materialized_code_pointer
sub_08A63C30,0x08A63C30,3,1,0,0,3,false,materialized_code_pointer
sub_08A63C3C,0x08A63C3C,3,1,0,0,1,false,materialized_code_pointer
sub_08A63C48,0x08A63C48,3,1,0,0,1,false,materialized_code_pointer
sub_08A63C54,0x08A63C54,4,1,0,0,3,false,materialized_code_pointer
sub_08A63C64,0x08A63C64,3,1,0,0,1,false,materialized_code_pointer
sub_08A63C70,0x08A63C70,4,2,0,0,2,false,relocated_data_code_pointer
sub_08A63C84,0x08A63C84,4,2,0,0,3,false,relocated_data_code_pointer
sub_08A63C98,0x08A63C98,9,4,0,0,3,false,relocated_data_code_pointer
sub_08A63CB4,0x08A63CB4,6,4,0,0,3,false,relocated_data_code_pointer
sub_08A63CD0,0x08A63CD0,6,4,0,0,2,false,relocated_data_code_pointer
sub_08A63CEC,0x08A63CEC,11,3,0,0,4,false,relocated_data_code_pointer
sub_08A63D04,0x08A63D04,6,3,0,0,3,false,relocated_data_code_pointer
sub_08A63D1C,0x08A63D1C,9,3,0,0,5,false,relocated_data_code_pointer
sub_08A63D34,0x08A63D34,3,1,0,0,3,false,materialized_code_pointer
sub_08A63D40,0x08A63D40,10,1,0,0,7,false,materialized_code_pointer
sub_08A63D6C,0x08A63D6C,10,1,0,0,6,false,materialized_code_pointer
sub_08A63D98,0x08A63D98,1,1,0,0,0,false,materialized_code_pointer
sub_08A63D9C,0x08A63D9C,4,3,0,0,0,false,materialized_code_pointer
sub_08A63DB4,0x08A63DB4,4,2,0,0,0,false,materialized_code_pointer
sub_08A63DC8,0x08A63DC8,4,2,0,0,0,false,materialized_code_pointer
sub_08A63DDC,0x08A63DDC,2,2,0,0,0,false,materialized_code_pointer
sub_08A63DE8,0x08A63DE8,4,1,0,0,2,false,materialized_code_pointer
sub_08A63DF8,0x08A63DF8,3,2,0,0,2,false,materialized_code_pointer
sub_08A63E08,0x08A63E08,3,1,0,0,3,false,materialized_code_pointer
sub_08A63E14,0x08A63E14,2,2,0,0,0,false,materialized_code_pointer
sub_08A63E20,0x08A63E20,5,1,0,0,4,false,materialized_code_pointer
sub_08A63E34,0x08A63E34,6,1,0,0,3,false,materialized_code_pointer
sub_08A63E4C,0x08A63E4C,5,1,0,0,3,false,materialized_code_pointer
sub_08A63E60,0x08A63E60,3,1,0,0,2,false,materialized_code_pointer
sub_08A63E6C,0x08A63E6C,4,1,0,0,1,false,materialized_code_pointer
sub_08A63E7C,0x08A63E7C,4,1,0,0,1,false,materialized_code_pointer
sub_08A63E8C,0x08A63E8C,3,1,0,0,1,false,materialized_code_pointer
sub_08A63E98,0x08A63E98,4,1,0,0,1,false,materialized_code_pointer
sub_08A63EA8,0x08A63EA8,3,1,0,0,0,false,materialized_code_pointer
sub_08A63EB4,0x08A63EB4,2,1,0,0,0,false,materialized_code_pointer
sub_08A63EBC,0x08A63EBC,3,1,0,0,3,false,materialized_code_pointer
sub_08A63EC8,0x08A63EC8,3,1,0,0,1,false,materialized_code_pointer
sub_08A63ED4,0x08A63ED4,7,3,0,0,3,false,materialized_code_pointer
sub_08A63EF0,0x08A63EF0,3,1,0,0,1,false,materialized_code_pointer
sub_08A63EFC,0x08A63EFC,11,3,0,0,6,false,materialized_code_pointer
sub_08A63F14,0x08A63F14,5,1,0,0,3,false,materialized_code_pointer
sub_08A63F28,0x08A63F28,1,1,0,0,0,false,materialized_code_pointer
sub_08A63F2C,0x08A63F2C,4,1,0,0,3,false,materialized_code_pointer
sub_08A63F3C,0x08A63F3C,4,1,0,0,1,false,materialized_code_pointer
sub_08A63F4C,0x08A63F4C,3,1,0,0,2,false,materialized_code_pointer
sub_08A63F58,0x08A63F58,3,1,0,0,2,false,materialized_code_pointer
sub_08A63F64,0x08A63F64,3,1,0,0,2,false,materialized_code_pointer
sub_08A63F70,0x08A63F70,7,3,0,0,2,false,materialized_code_pointer
sub_08A63F7C,0x08A63F7C,4,1,0,0,2,false,materialized_code_pointer
sub_08A63F8C,0x08A63F8C,4,1,0,0,1,false,materialized_code_pointer
sub_08A63F9C,0x08A63F9C,10,1,0,0,7,false,materialized_code_pointer
sub_08A63FC8,0x08A63FC8,10,1,0,0,6,false,materialized_code_pointer
sub_08A63FF4,0x08A63FF4,4,1,0,0,2,false,materialized_code_pointer
sub_08A64004,0x08A64004,3,2,0,0,2,false,materialized_code_pointer
sub_08A64014,0x08A64014,3,1,0,0,1,false,materialized_code_pointer
sub_08A64020,0x08A64020,4,1,0,0,1,false,materialized_code_pointer
sub_08A64030,0x08A64030,3,1,0,0,0,false,materialized_code_pointer
sub_08A6403C,0x08A6403C,2,1,0,0,0,false,materialized_code_pointer
sub_08A64044,0x08A64044,3,1,0,0,3,false,materialized_code_pointer
sub_08A64050,0x08A64050,3,1,0,0,1,false,materialized_code_pointer
sub_08A6405C,0x08A6405C,3,1,0,0,1,false,materialized_code_pointer
sub_08A64068,0x08A64068,1,1,0,0,0,false,materialized_code_pointer
sub_08A6406C,0x08A6406C,3,1,0,0,1,false,relocated_data_code_pointer
sub_08A64078,0x08A64078,4,1,0,0,1,false,relocated_data_code_pointer
sub_08A64088,0x08A64088,4,1,0,0,1,false,relocated_data_code_pointer
sub_08A64098,0x08A64098,40,7,0,0,16,false,relocated_data_code_pointer
sub_08A64138,0x08A64138,4,1,0,0,2,false,materialized_code_pointer
sub_08A64148,0x08A64148,4,1,0,0,1,false,materialized_code_pointer
sub_08A64158,0x08A64158,3,1,0,0,1,false,materialized_code_pointer
sub_08A64164,0x08A64164,12,1,0,0,9,false,materialized_code_pointer
sub_08A64198,0x08A64198,10,1,0,0,6,false,materialized_code_pointer
sub_08A641C4,0x08A641C4,5,3,0,0,2,false,materialized_code_pointer
sub_08A641D8,0x08A641D8,4,1,0,0,2,false,materialized_code_pointer
sub_08A641E8,0x08A641E8,1,1,0,0,0,false,materialized_code_pointer
sub_08A641EC,0x08A641EC,13,5,0,0,5,false,materialized_code_pointer
sub_08A64204,0x08A64204,3,1,0,0,2,false,materialized_code_pointer
sub_08A64210,0x08A64210,4,1,0,0,1,false,relocated_data_code_pointer
sub_08A64220,0x08A64220,4,1,0,0,1,false,relocated_data_code_pointer
sub_08A64230,0x08A64230,3,1,0,0,1,false,relocated_data_code_pointer
sub_08A6423C,0x08A6423C,3,1,0,0,2,false,relocated_data_code_pointer
sub_08A64248,0x08A64248,5,1,0,0,3,false,relocated_data_code_pointer
sub_08A6425C,0x08A6425C,4,1,0,0,2,false,materialized_code_pointer
sub_08A6426C,0x08A6426C,3,1,0,0,3,false,materialized_code_pointer
sub_08A64278,0x08A64278,2,1,0,0,0,false,materialized_code_pointer
sub_08A64280,0x08A64280,1,1,0,0,1,false,materialized_code_pointer
sub_08A64284,0x08A64284,4,1,0,0,3,false,materialized_code_pointer
sub_08A64294,0x08A64294,10,1,0,0,7,false,materialized_code_pointer
sub_08A642C0,0x08A642C0,10,1,0,0,6,false,materialized_code_pointer
sub_08A64380,0x08A64380,2,1,0,0,0,false,materialized_code_pointer
sub_08A64388,0x08A64388,2,1,0,0,0,false,materialized_code_pointer
sub_08A64390,0x08A64390,3,1,0,0,0,false,materialized_code_pointer
sub_08A6439C,0x08A6439C,2,1,0,0,0,false,materialized_code_pointer
sub_08A643A4,0x08A643A4,2,1,0,0,0,false,materialized_code_pointer
sub_08A643AC,0x08A643AC,4,2,0,0,0,false,materialized_code_pointer
sub_08A643C0,0x08A643C0,3,1,0,0,2,false,materialized_code_pointer
sub_08A643CC,0x08A643CC,11,3,0,0,4,false,materialized_code_pointer
sub_08A643DC,0x08A643DC,5,1,0,0,3,false,materialized_code_pointer
sub_08A643F0,0x08A643F0,5,3,0,0,1,false,materialized_code_pointer
sub_08A64404,0x08A64404,4,1,0,0,3,false,materialized_code_pointer
sub_08A64414,0x08A64414,3,1,0,0,1,false,materialized_code_pointer
sub_08A64420,0x08A64420,4,1,0,0,3,false,materialized_code_pointer
sub_08A64430,0x08A64430,2,1,0,0,0,false,materialized_code_pointer
sub_08A64438,0x08A64438,4,1,0,0,3,false,materialized_code_pointer
sub_08A64448,0x08A64448,4,1,0,0,3,false,materialized_code_pointer
sub_08A64458,0x08A64458,4,2,0,0,2,false,materialized_code_pointer
sub_08A6446C,0x08A6446C,2,1,0,0,1,false,materialized_code_pointer
sub_08A64474,0x08A64474,7,3,0,0,3,false,materialized_code_pointer
sub_08A64490,0x08A64490,17,7,0,0,5,false,materialized_code_pointer
sub_08A644AC,0x08A644AC,10,3,0,0,3,false,materialized_code_pointer
sub_08A644C8,0x08A644C8,11,6,0,1,4,false,materialized_code_pointer
sub_08A644E0,0x08A644E0,6,3,0,0,2,false,materialized_code_pointer
sub_08A644F8,0x08A644F8,6,3,0,0,3,false,materialized_code_pointer
sub_08A64510,0x08A64510,10,5,0,0,2,false,materialized_code_pointer
sub_08A64530,0x08A64530,8,3,0,0,5,false,materialized_code_pointer
sub_08A64550,0x08A64550,6,3,0,0,2,false,materialized_code_pointer
sub_08A64568,0x08A64568,8,3,0,0,3,false,materialized_code_pointer
sub_08A64580,0x08A64580,6,3,0,0,3,false,materialized_code_pointer
sub_08A64598,0x08A64598,1,1,0,0,1,false,materialized_code_pointer
sub_08A6459C,0x08A6459C,4,1,0,0,4,false,materialized_code_pointer
sub_08A645AC,0x08A645AC,2,1,0,0,2,false,materialized_code_pointer
sub_08A645B4,0x08A645B4,2,1,0,0,1,false,materialized_code_pointer
sub_08A645BC,0x08A645BC,7,3,0,0,3,false,materialized_code_pointer
sub_08A645D4,0x08A645D4,5,1,0,0,3,false,relocated_data_code_pointer
sub_08A645E8,0x08A645E8,4,1,0,0,4,false,materialized_code_pointer
sub_08A645F8,0x08A645F8,4,1,0,0,4,false,materialized_code_pointer
sub_08A64608,0x08A64608,4,1,0,0,4,false,materialized_code_pointer
sub_08A64618,0x08A64618,3,1,0,0,3,false,materialized_code_pointer
sub_08A64624,0x08A64624,3,1,0,0,3,false,materialized_code_pointer
sub_08A64630,0x08A64630,3,1,0,0,3,false,materialized_code_pointer
sub_08A6463C,0x08A6463C,2,2,0,0,1,false,materialized_code_pointer
sub_08A64648,0x08A64648,3,2,0,0,1,false,materialized_code_pointer
sub_08A64658,0x08A64658,3,2,0,0,1,false,materialized_code_pointer
sub_08A64668,0x08A64668,2,1,0,0,0,false,materialized_code_pointer
sub_08A64670,0x08A64670,1,1,0,0,0,false,materialized_code_pointer
sub_08A64674,0x08A64674,2,1,0,0,0,false,materialized_code_pointer
sub_08A6467C,0x08A6467C,1,1,0,0,0,false,materialized_code_pointer
sub_08A64680,0x08A64680,1,1,0,0,0,false,materialized_code_pointer
sub_08A64684,0x08A64684,1,1,0,0,0,false,materialized_code_pointer
sub_08A64688,0x08A64688,2,1,0,0,2,false,materialized_code_pointer
sub_08A64690,0x08A64690,2,1,0,0,2,false,materialized_code_pointer
sub_08A64698,0x08A64698,2,1,0,0,2,false,materialized_code_pointer
sub_08A646A0,0x08A646A0,10,1,0,0,7,false,materialized_code_pointer
sub_08A646CC,0x08A646CC,10,1,0,0,6,false,materialized_code_pointer
sub_08A646F8,0x08A646F8,3,1,0,0,2,false,materialized_code_pointer
sub_08A64704,0x08A64704,6,2,0,0,3,false,materialized_code_pointer
sub_08A64720,0x08A64720,4,2,0,0,2,false,materialized_code_pointer
sub_08A64734,0x08A64734,2,1,0,0,1,false,materialized_code_pointer
sub_08A6473C,0x08A6473C,2,2,0,0,1,false,materialized_code_pointer
sub_08A64748,0x08A64748,2,2,0,0,1,false,materialized_code_pointer
sub_08A64754,0x08A64754,5,2,0,0,3,false,materialized_code_pointer
sub_08A6475C,0x08A6475C,4,1,0,0,3,false,materialized_code_pointer
sub_08A6476C,0x08A6476C,4,1,0,0,2,false,materialized_code_pointer
sub_08A6477C,0x08A6477C,3,2,0,0,1,false,materialized_code_pointer
sub_08A6478C,0x08A6478C,3,2,0,0,1,false,materialized_code_pointer
sub_08A6479C,0x08A6479C,3,2,0,0,1,false,materialized_code_pointer
sub_08A647AC,0x08A647AC,4,1,0,0,1,false,materialized_code_pointer
sub_08A647BC,0x08A647BC,4,1,0,0,2,false,materialized_code_pointer
sub_08A647CC,0x08A647CC,5,3,0,0,1,false,materialized_code_pointer
sub_08A647E0,0x08A647E0,4,1,0,0,3,false,materialized_code_pointer
sub_08A647F0,0x08A647F0,3,1,0,0,1,false,materialized_code_pointer
sub_08A647FC,0x08A647FC,3,1,0,0,2,false,materialized_code_pointer
sub_08A64808,0x08A64808,3,2,0,0,1,false,materialized_code_pointer
sub_08A64818,0x08A64818,4,1,0,0,2,false,materialized_code_pointer
sub_08A64828,0x08A64828,10,1,0,0,7,false,materialized_code_pointer
sub_08A64854,0x08A64854,10,1,0,0,6,false,materialized_code_pointer
sub_08A64880,0x08A64880,7,1,0,0,5,false,materialized_code_pointer
sub_08A6489C,0x08A6489C,9,1,0,0,6,false,materialized_code_pointer
sub_08A648C0,0x08A648C0,34,4,0,0,25,false,materialized_code_pointer
sub_08A648D4,0x08A648D4,30,3,0,0,23,false,materialized_code_pointer
sub_08A64950,0x08A64950,10,1,0,0,7,false,materialized_code_pointer
sub_08A6497C,0x08A6497C,10,1,0,0,6,false,materialized_code_pointer
sub_08A649A8,0x08A649A8,7,3,0,0,1,false,materialized_code_pointer
sub_08A649C4,0x08A649C4,24,3,0,0,15,false,materialized_code_pointer
sub_08A649F0,0x08A649F0,10,1,0,0,7,false,materialized_code_pointer
sub_08A64A1C,0x08A64A1C,10,1,0,0,6,false,materialized_code_pointer
sub_08A64A48,0x08A64A48,8,3,0,0,4,false,materialized_code_pointer
sub_08A64A68,0x08A64A68,10,1,0,0,7,false,materialized_code_pointer
sub_08A64A94,0x08A64A94,10,1,0,0,6,false,materialized_code_pointer
sub_08A64AC0,0x08A64AC0,10,1,0,0,7,false,materialized_code_pointer
sub_08A64AEC,0x08A64AEC,10,1,0,0,6,false,materialized_code_pointer
sub_08A64B20,0x08A64B20,2,1,0,0,1,false,materialized_code_pointer
sub_08A64B28,0x08A64B28,10,1,0,0,7,false,materialized_code_pointer
sub_08A64B54,0x08A64B54,10,1,0,0,6,false,materialized_code_pointer
sub_08A64B80,0x08A64B80,5,1,0,0,4,false,materialized_code_pointer
sub_08A64B94,0x08A64B94,7,3,0,0,2,false,materialized_code_pointer
sub_08A64BA8,0x08A64BA8,2,1,0,0,1,false,materialized_code_pointer
sub_08A64BB0,0x08A64BB0,3,1,0,0,0,false,materialized_code_pointer
sub_08A64BBC,0x08A64BBC,10,1,0,0,7,false,materialized_code_pointer
sub_08A64BE8,0x08A64BE8,10,1,0,0,6,false,materialized_code_pointer
sub_08A64C14,0x08A64C14,10,1,0,0,7,false,materialized_code_pointer
sub_08A64C3C,0x08A64C3C,9,3,0,0,4,false,materialized_code_pointer
sub_08A64C5C,0x08A64C5C,16,1,0,0,13,false,materialized_code_pointer
sub_08A64C9C,0x08A64C9C,6,1,0,0,4,false,materialized_code_pointer
sub_08A64CB8,0x08A64CB8,2,2,0,0,1,false,relocated_r_mips32_code_pointer
sub_08A64CC4,0x08A64CC4,2,2,0,0,1,false,relocated_r_mips32_code_pointer
sub_08A64CD0,0x08A64CD0,3,2,0,0,0,false,relocated_r_mips32_code_pointer
sub_08A64CE0,0x08A64CE0,3,1,0,0,1,false,relocated_r_mips32_code_pointer
sub_08A64CEC,0x08A64CEC,2,1,0,0,2,false,relocated_r_mips32_code_pointer
sub_08A64CF4,0x08A64CF4,2,1,0,0,1,false,relocated_r_mips32_code_pointer
sub_08A64CFC,0x08A64CFC,4,1,0,0,2,false,relocated_r_mips32_code_pointer
sub_08A64D0C,0x08A64D0C,2,1,0,0,1,false,relocated_r_mips32_code_pointer
sub_08A64D14,0x08A64D14,2,1,0,0,0,false,relocated_r_mips32_code_pointer
sub_08A64D1C,0x08A64D1C,2,1,0,0,0,false,relocated_r_mips32_code_pointer
sub_08A64D24,0x08A64D24,10,1,0,0,7,false,materialized_code_pointer
sub_08A64D50,0x08A64D50,10,1,0,0,6,false,materialized_code_pointer
sub_08A64D7C,0x08A64D7C,1,1,0,0,1,false,materialized_code_pointer
sub_08A64D80,0x08A64D80,9,3,0,0,4,false,materialized_code_pointer
sub_08A64DA0,0x08A64DA0,26,1,0,0,17,false,materialized_code_pointer
sub_08A64E08,0x08A64E08,1,1,0,0,1,false,materialized_code_pointer
sub_08A64E0C,0x08A64E0C,2,1,0,0,0,false,materialized_code_pointer
sub_08A64E14,0x08A64E14,1,1,0,0,1,false,materialized_code_pointer
sub_08A64E18,0x08A64E18,14,1,0,0,9,false,materialized_code_pointer
sub_08A64E50,0x08A64E50,1,1,0,0,1,false,materialized_code_pointer
sub_08A64E54,0x08A64E54,2,1,0,0,1,false,materialized_code_pointer
sub_08A64E5C,0x08A64E5C,1,1,0,0,1,false,materialized_code_pointer
sub_08A64E60,0x08A64E60,1,1,0,0,1,false,materialized_code_pointer
sub_08A64E64,0x08A64E64,3,1,0,0,3,false,relocated_r_mips32_code_pointer
sub_08A64E70,0x08A64E70,4,2,0,0,2,false,relocated_r_mips32_code_pointer
sub_08A64E78,0x08A64E78,3,1,0,0,2,false,relocated_r_mips32_code_pointer
sub_08A64E84,0x08A64E84,3,1,0,0,2,false,relocated_r_mips32_code_pointer
sub_08A64E90,0x08A64E90,4,1,0,0,3,false,relocated_r_mips32_code_pointer
sub_08A64EA0,0x08A64EA0,4,1,0,0,3,false,relocated_r_mips32_code_pointer
sub_08A64EB0,0x08A64EB0,2,2,0,0,0,false,relocated_r_mips32_code_pointer
sub_08A64EBC,0x08A64EBC,3,1,0,0,3,false,relocated_r_mips32_code_pointer
sub_08A64EC8,0x08A64EC8,2,2,0,0,0,false,relocated_r_mips32_code_pointer
sub_08A64ED4,0x08A64ED4,10,1,0,0,7,false,materialized_code_pointer
sub_08A64F00,0x08A64F00,10,1,0,0,6,false,materialized_code_pointer
sub_08A64F2C,0x08A64F2C,1,1,0,0,1,false,materialized_code_pointer
sub_08A64F30,0x08A64F30,10,2,0,0,5,false,materialized_code_pointer
sub_08A64F5C,0x08A64F5C,3,1,0,0,1,false,materialized_code_pointer
sub_08A64F68,0x08A64F68,11,7,0,0,4,false,materialized_code_pointer
sub_08A64F7C,0x08A64F7C,6,3,0,0,3,false,materialized_code_pointer
sub_08A64F94,0x08A64F94,13,7,0,0,4,false,materialized_code_pointer
sub_08A64FAC,0x08A64FAC,5,3,0,0,2,false,materialized_code_pointer
sub_08A64FC0,0x08A64FC0,7,5,0,0,2,false,materialized_code_pointer
sub_08A64FDC,0x08A64FDC,8,5,0,0,1,false,materialized_code_pointer
sub_08A64FF4,0x08A64FF4,5,3,0,0,3,false,materialized_code_pointer
sub_08A65008,0x08A65008,16,6,0,0,7,false,materialized_code_pointer
sub_08A65020,0x08A65020,7,5,0,0,3,false,materialized_code_pointer
sub_08A6503C,0x08A6503C,25,10,0,1,11,false,materialized_code_pointer
sub_08A65050,0x08A65050,25,9,0,0,12,false,materialized_code_pointer
sub_08A65064,0x08A65064,5,3,0,0,2,false,materialized_code_pointer
sub_08A65078,0x08A65078,11,7,0,0,5,false,materialized_code_pointer
sub_08A65090,0x08A65090,5,3,0,0,3,false,materialized_code_pointer
sub_08A650A4,0x08A650A4,5,3,0,0,2,false,materialized_code_pointer
sub_08A650B8,0x08A650B8,7,7,0,0,0,false,materialized_code_pointer
sub_08A650C8,0x08A650C8,3,3,0,0,0,false,materialized_code_pointer
sub_08A650D4,0x08A650D4,2,1,0,0,1,false,materialized_code_pointer
sub_08A650DC,0x08A650DC,11,1,0,0,8,false,materialized_code_pointer
sub_08A65108,0x08A65108,1,1,0,0,0,false,materialized_code_pointer
sub_08A6510C,0x08A6510C,11,2,0,0,5,false,materialized_code_pointer
sub_08A65134,0x08A65134,2,1,0,0,0,false,materialized_code_pointer
sub_08A6513C,0x08A6513C,11,1,0,0,7,false,materialized_code_pointer
sub_08A65168,0x08A65168,2,1,0,0,1,false,materialized_code_pointer
sub_08A65170,0x08A65170,11,1,0,0,7,false,materialized_code_pointer
sub_08A6519C,0x08A6519C,2,1,0,0,1,false,materialized_code_pointer
sub_08A651A4,0x08A651A4,12,1,0,0,8,false,materialized_code_pointer
sub_08A651D4,0x08A651D4,1,1,0,0,0,false,materialized_code_pointer
sub_08A651D8,0x08A651D8,37,4,0,1,18,false,materialized_code_pointer
sub_08A65208,0x08A65208,2,1,0,0,0,false,materialized_code_pointer
sub_08A65210,0x08A65210,11,1,0,0,8,false,materialized_code_pointer
sub_08A6523C,0x08A6523C,3,2,0,0,2,false,relocated_r_mips32_code_pointer
sub_08A6524C,0x08A6524C,4,1,0,0,2,false,relocated_r_mips32_code_pointer
sub_08A6525C,0x08A6525C,5,3,0,1,3,false,relocated_r_mips32_code_pointer
sub_08A65264,0x08A65264,4,2,0,1,3,false,relocated_r_mips32_code_pointer
sub_08A6526C,0x08A6526C,3,1,0,0,3,false,relocated_r_mips32_code_pointer
sub_08A65278,0x08A65278,4,1,0,0,4,false,relocated_r_mips32_code_pointer
sub_08A65288,0x08A65288,4,1,0,0,3,false,relocated_r_mips32_code_pointer
sub_08A65298,0x08A65298,4,2,0,0,1,false,relocated_r_mips32_code_pointer
sub_08A652AC,0x08A652AC,3,2,0,0,1,false,relocated_r_mips32_code_pointer
sub_08A652BC,0x08A652BC,4,2,0,0,0,false,relocated_r_mips32_code_pointer
sub_08A652D0,0x08A652D0,6,1,0,0,3,false,relocated_r_mips32_code_pointer
sub_08A652E8,0x08A652E8,4,2,0,0,2,false,relocated_r_mips32_code_pointer
sub_08A652FC,0x08A652FC,5,3,0,0,2,false,relocated_r_mips32_code_pointer
sub_08A65308,0x08A65308,3,2,0,0,1,false,relocated_r_mips32_code_pointer
sub_08A65318,0x08A65318,3,2,0,0,0,false,relocated_r_mips32_code_pointer
sub_08A65328,0x08A65328,5,1,0,0,4,false,relocated_r_mips32_code_pointer
sub_08A6533C,0x08A6533C,10,1,0,0,7,false,materialized_code_pointer
sub_08A65368,0x08A65368,10,1,0,0,6,false,materialized_code_pointer
sub_08A65394,0x08A65394,1,1,0,0,1,false,materialized_code_pointer
sub_08A65398,0x08A65398,7,3,0,0,2,false,materialized_code_pointer
sub_08A653B4,0x08A653B4,3,1,0,0,3,false,materialized_code_pointer
sub_08A653C0,0x08A653C0,10,4,0,0,5,false,materialized_code_pointer
sub_08A653DC,0x08A653DC,18,5,0,0,10,false,materialized_code_pointer
sub_08A65424,0x08A65424,8,3,0,0,2,false,materialized_code_pointer
sub_08A65448,0x08A65448,9,3,0,0,6,false,materialized_code_pointer
sub_08A6546C,0x08A6546C,2,1,0,0,1,false,materialized_code_pointer
sub_08A65474,0x08A65474,1,1,0,0,1,false,materialized_code_pointer
sub_08A65478,0x08A65478,1,1,0,0,1,false,materialized_code_pointer
sub_08A6547C,0x08A6547C,2,1,0,0,1,false,materialized_code_pointer
sub_08A65484,0x08A65484,2,1,0,0,2,false,materialized_code_pointer
sub_08A6548C,0x08A6548C,9,3,0,0,6,false,materialized_code_pointer
sub_08A654B0,0x08A654B0,1,1,0,0,1,false,materialized_code_pointer
sub_08A654B4,0x08A654B4,3,1,0,0,1,false,materialized_code_pointer
sub_08A654C0,0x08A654C0,10,3,0,0,5,false,materialized_code_pointer
sub_08A654E8,0x08A654E8,5,3,0,0,2,false,relocated_r_mips32_code_pointer
sub_08A654F4,0x08A654F4,3,2,0,0,1,false,relocated_r_mips32_code_pointer
sub_08A65504,0x08A65504,2,2,0,0,1,false,relocated_r_mips32_code_pointer
sub_08A65510,0x08A65510,4,2,0,0,3,false,relocated_r_mips32_code_pointer
sub_08A65524,0x08A65524,3,1,0,0,3,false,relocated_r_mips32_code_pointer
sub_08A65530,0x08A65530,2,2,0,0,0,false,relocated_r_mips32_code_pointer
sub_08A6553C,0x08A6553C,9,5,0,0,3,false,relocated_r_mips32_code_pointer
sub_08A6554C,0x08A6554C,2,2,0,0,0,false,relocated_r_mips32_code_pointer
sub_08A65558,0x08A65558,5,5,0,0,0,false,relocated_r_mips32_code_pointer
sub_08A65568,0x08A65568,2,2,0,0,0,false,relocated_r_mips32_code_pointer
sub_08A65574,0x08A65574,8,5,0,0,3,false,relocated_r_mips32_code_pointer
sub_08A65584,0x08A65584,5,2,0,0,3,false,relocated_r_mips32_code_pointer
sub_08A6558C,0x08A6558C,4,1,0,0,3,false,relocated_r_mips32_code_pointer
sub_08A6559C,0x08A6559C,3,3,0,0,1,false,relocated_r_mips32_code_pointer
sub_08A655A4,0x08A655A4,2,2,0,0,1,false,relocated_r_mips32_code_pointer
sub_08A655B0,0x08A655B0,2,2,0,0,1,false,relocated_r_mips32_code_pointer
sub_08A655BC,0x08A655BC,3,1,0,0,3,false,relocated_r_mips32_code_pointer
sub_08A655C8,0x08A655C8,2,2,0,0,0,false,relocated_r_mips32_code_pointer
sub_08A655D4,0x08A655D4,10,1,0,0,7,false,materialized_code_pointer
sub_08A65600,0x08A65600,10,1,0,0,6,false,materialized_code_pointer
sub_08A6562C,0x08A6562C,1,1,0,0,1,false,materialized_code_pointer
sub_08A65630,0x08A65630,8,1,0,0,7,false,materialized_code_pointer
sub_08A65650,0x08A65650,2,1,0,0,1,false,materialized_code_pointer
sub_08A65658,0x08A65658,9,3,0,0,4,false,materialized_code_pointer
sub_08A656A0,0x08A656A0,2,1,0,0,1,false,materialized_code_pointer
sub_08A656A8,0x08A656A8,2,1,0,0,0,false,materialized_code_pointer
sub_08A656B0,0x08A656B0,1,1,0,0,1,false,materialized_code_pointer
sub_08A656B4,0x08A656B4,1,1,0,0,1,false,materialized_code_pointer
sub_08A656B8,0x08A656B8,1,1,0,0,1,false,materialized_code_pointer
sub_08A656BC,0x08A656BC,2,1,0,0,0,false,materialized_code_pointer
sub_08A656C4,0x08A656C4,2,1,0,0,0,false,materialized_code_pointer
sub_08A656CC,0x08A656CC,2,1,0,0,0,false,materialized_code_pointer
sub_08A656D4,0x08A656D4,2,1,0,0,1,false,materialized_code_pointer
sub_08A656DC,0x08A656DC,3,2,0,0,2,false,relocated_r_mips32_code_pointer
sub_08A656EC,0x08A656EC,4,2,0,0,2,false,relocated_r_mips32_code_pointer
sub_08A65700,0x08A65700,4,2,0,0,3,false,relocated_r_mips32_code_pointer
sub_08A65714,0x08A65714,3,2,0,0,1,false,relocated_r_mips32_code_pointer
sub_08A65724,0x08A65724,4,1,0,0,3,false,relocated_r_mips32_code_pointer
sub_08A65734,0x08A65734,10,1,0,0,7,false,materialized_code_pointer
sub_08A65760,0x08A65760,10,1,0,0,6,false,materialized_code_pointer
sub_08A6578C,0x08A6578C,9,3,0,0,5,false,materialized_code_pointer
sub_08A657B0,0x08A657B0,8,1,0,0,7,false,materialized_code_pointer
sub_08A657D0,0x08A657D0,2,1,0,0,1,false,materialized_code_pointer
sub_08A657D8,0x08A657D8,11,4,0,0,6,false,materialized_code_pointer
sub_08A657F0,0x08A657F0,11,9,0,1,3,false,materialized_code_pointer
sub_08A65808,0x08A65808,7,5,0,0,3,false,materialized_code_pointer
sub_08A65824,0x08A65824,11,7,0,0,2,false,materialized_code_pointer
sub_08A65838,0x08A65838,4,4,0,0,1,false,materialized_code_pointer
sub_08A6584C,0x08A6584C,4,3,0,0,1,false,materialized_code_pointer
sub_08A6585C,0x08A6585C,5,3,0,0,2,false,materialized_code_pointer
sub_08A6586C,0x08A6586C,5,3,0,0,3,false,materialized_code_pointer
sub_08A65880,0x08A65880,6,3,0,0,2,false,materialized_code_pointer
sub_08A65890,0x08A65890,4,3,0,0,2,false,materialized_code_pointer
sub_08A658A0,0x08A658A0,16,11,0,0,2,false,materialized_code_pointer
sub_08A658B0,0x08A658B0,10,8,0,0,1,false,materialized_code_pointer
sub_08A658C8,0x08A658C8,4,3,0,0,1,false,materialized_code_pointer
sub_08A658D8,0x08A658D8,24,8,0,0,9,false,materialized_code_pointer
sub_08A658EC,0x08A658EC,14,3,0,0,7,false,materialized_code_pointer
sub_08A65910,0x08A65910,2,1,0,0,1,false,materialized_code_pointer
sub_08A65918,0x08A65918,1,1,0,0,1,false,materialized_code_pointer
sub_08A6591C,0x08A6591C,2,1,0,0,2,false,relocated_r_mips32_code_pointer
sub_08A65924,0x08A65924,2,1,0,0,2,false,relocated_r_mips32_code_pointer
sub_08A6592C,0x08A6592C,2,1,0,0,1,false,relocated_r_mips32_code_pointer
sub_08A65934,0x08A65934,10,1,0,0,7,false,materialized_code_pointer
sub_08A65960,0x08A65960,10,1,0,0,6,false,materialized_code_pointer
sub_08A6598C,0x08A6598C,1,1,0,0,1,false,materialized_code_pointer
sub_08A65990,0x08A65990,2,1,0,0,1,false,materialized_code_pointer
sub_08A65998,0x08A65998,1,1,0,0,1,false,materialized_code_pointer
sub_08A6599C,0x08A6599C,2,1,0,0,2,false,relocated_r_mips32_code_pointer
sub_08A659A4,0x08A659A4,1,1,0,0,0,false,relocated_r_mips32_code_pointer
sub_08A659A8,0x08A659A8,1,1,0,0,1,false,relocated_r_mips32_code_pointer
sub_08A659AC,0x08A659AC,1,1,0,0,0,false,relocated_r_mips32_code_pointer
sub_08A659B0,0x08A659B0,10,1,0,0,7,false,materialized_code_pointer
sub_08A659DC,0x08A659DC,10,1,0,0,6,false,materialized_code_pointer
sub_08A65A08,0x08A65A08,1,1,0,0,1,false,materialized_code_pointer
sub_08A65A0C,0x08A65A0C,1,1,0,0,0,false,materialized_code_pointer
sub_08A65A10,0x08A65A10,1,1,0,0,1,false,materialized_code_pointer
sub_08A65A14,0x08A65A14,2,2,0,0,0,false,relocated_r_mips32_code_pointer
sub_08A65A20,0x08A65A20,2,2,0,0,1,false,relocated_r_mips32_code_pointer
sub_08A65A2C,0x08A65A2C,2,1,0,0,1,false,relocated_r_mips32_code_pointer
sub_08A65A34,0x08A65A34,3,2,0,0,0,false,relocated_r_mips32_code_pointer
sub_08A65A44,0x08A65A44,10,1,0,0,7,false,materialized_code_pointer
sub_08A65A70,0x08A65A70,10,1,0,0,6,false,materialized_code_pointer
sub_08A65A9C,0x08A65A9C,3,1,0,0,1,false,materialized_code_pointer
sub_08A65AA8,0x08A65AA8,8,3,0,0,3,false,materialized_code_pointer
sub_08A65AC8,0x08A65AC8,8,3,0,0,5,false,materialized_code_pointer
sub_08A65AEC,0x08A65AEC,1,1,0,0,0,false,materialized_code_pointer
sub_08A65AF0,0x08A65AF0,1,1,0,0,1,false,materialized_code_pointer
sub_08A65AF4,0x08A65AF4,8,3,0,0,4,false,materialized_code_pointer
sub_08A65B18,0x08A65B18,2,1,0,0,2,false,materialized_code_pointer
sub_08A65B20,0x08A65B20,7,1,0,0,5,false,materialized_code_pointer
sub_08A65B3C,0x08A65B3C,2,1,0,0,1,false,relocated_r_mips32_code_pointer
sub_08A65B44,0x08A65B44,2,1,0,0,1,false,relocated_r_mips32_code_pointer
sub_08A65B4C,0x08A65B4C,2,1,0,0,2,false,relocated_r_mips32_code_pointer
sub_08A65B54,0x08A65B54,2,1,0,0,2,false,relocated_r_mips32_code_pointer
sub_08A65B5C,0x08A65B5C,3,1,0,0,3,false,relocated_r_mips32_code_pointer
sub_08A65B68,0x08A65B68,2,1,0,0,2,false,relocated_r_mips32_code_pointer
sub_08A65B70,0x08A65B70,1,1,0,0,0,false,relocated_r_mips32_code_pointer
sub_08A65B74,0x08A65B74,2,1,0,0,2,false,relocated_r_mips32_code_pointer
sub_08A65B7C,0x08A65B7C,2,1,0,0,2,false,relocated_r_mips32_code_pointer
sub_08A65B84,0x08A65B84,3,1,0,0,1,false,relocated_r_mips32_code_pointer
sub_08A65B90,0x08A65B90,2,1,0,0,0,false,relocated_r_mips32_code_pointer
sub_08A65B98,0x08A65B98,2,2,0,0,1,false,relocated_r_mips32_code_pointer
sub_08A65BA4,0x08A65BA4,2,2,0,0,1,false,relocated_r_mips32_code_pointer
sub_08A65BB0,0x08A65BB0,4,1,0,0,2,false,relocated_r_mips32_code_pointer
sub_08A65BC0,0x08A65BC0,2,1,0,0,2,false,relocated_r_mips32_code_pointer
sub_08A65BC8,0x08A65BC8,3,2,0,0,1,false,relocated_r_mips32_code_pointer
sub_08A65BD8,0x08A65BD8,4,2,0,0,3,false,relocated_r_mips32_code_pointer
sub_08A65BEC,0x08A65BEC,3,1,0,0,3,false,relocated_r_mips32_code_pointer
sub_08A65BF8,0x08A65BF8,3,1,0,0,3,false,relocated_r_mips32_code_pointer
sub_08A65C04,0x08A65C04,3,1,0,0,2,false,relocated_r_mips32_code_pointer
sub_08A65C10,0x08A65C10,2,2,0,0,1,false,relocated_r_mips32_code_pointer
sub_08A65C1C,0x08A65C1C,2,1,0,0,1,false,relocated_r_mips32_code_pointer
sub_08A65C24,0x08A65C24,2,2,0,0,0,false,relocated_r_mips32_code_pointer
sub_08A65C30,0x08A65C30,10,1,0,0,7,false,materialized_code_pointer
sub_08A65C5C,0x08A65C5C,10,1,0,0,6,false,materialized_code_pointer
sub_08A65C88,0x08A65C88,2,1,0,0,2,false,materialized_code_pointer
sub_08A65C90,0x08A65C90,1,1,0,0,1,false,materialized_code_pointer
sub_08A65C94,0x08A65C94,7,3,0,0,2,false,materialized_code_pointer
sub_08A65CB0,0x08A65CB0,2,1,0,0,1,false,materialized_code_pointer
sub_08A65CB8,0x08A65CB8,7,3,0,0,4,false,materialized_code_pointer
sub_08A65CD4,0x08A65CD4,2,1,0,0,0,false,materialized_code_pointer
sub_08A65CDC,0x08A65CDC,2,1,0,0,1,false,materialized_code_pointer
sub_08A65CE4,0x08A65CE4,10,3,0,0,6,false,materialized_code_pointer
sub_08A65D0C,0x08A65D0C,1,1,0,0,1,false,materialized_code_pointer
sub_08A65D10,0x08A65D10,1,1,0,0,1,false,materialized_code_pointer
sub_08A65D14,0x08A65D14,1,1,0,0,1,false,materialized_code_pointer
sub_08A65D18,0x08A65D18,3,1,0,0,1,false,materialized_code_pointer
sub_08A65D24,0x08A65D24,1,1,0,0,1,false,materialized_code_pointer
sub_08A65D28,0x08A65D28,1,1,0,0,1,false,materialized_code_pointer
sub_08A65D2C,0x08A65D2C,7,3,0,0,3,false,materialized_code_pointer
sub_08A65D4C,0x08A65D4C,2,1,0,0,1,false,materialized_code_pointer
sub_08A65D54,0x08A65D54,2,1,0,0,0,false,materialized_code_pointer
sub_08A65D5C,0x08A65D5C,3,1,0,0,3,false,materialized_code_pointer
sub_08A65D68,0x08A65D68,2,1,0,0,1,false,materialized_code_pointer
sub_08A65D70,0x08A65D70,10,2,0,0,6,false,materialized_code_pointer
sub_08A65D9C,0x08A65D9C,12,1,0,0,10,false,materialized_code_pointer
sub_08A65DCC,0x08A65DCC,4,1,0,0,4,false,materialized_code_pointer
sub_08A65DDC,0x08A65DDC,2,1,0,0,1,false,materialized_code_pointer
sub_08A65DE4,0x08A65DE4,1,1,0,0,1,false,materialized_code_pointer
sub_08A65DE8,0x08A65DE8,10,1,0,0,8,false,materialized_code_pointer
sub_08A65E10,0x08A65E10,2,1,0,0,2,false,materialized_code_pointer
sub_08A65E18,0x08A65E18,10,2,0,0,7,false,materialized_code_pointer
sub_08A65E44,0x08A65E44,12,1,0,0,9,false,materialized_code_pointer
sub_08A65E78,0x08A65E78,2,1,0,0,2,false,materialized_code_pointer
sub_08A65E80,0x08A65E80,2,1,0,0,1,false,materialized_code_pointer
sub_08A65E88,0x08A65E88,2,1,0,0,1,false,materialized_code_pointer
sub_08A65E90,0x08A65E90,3,1,0,0,0,false,materialized_code_pointer
sub_08A65E9C,0x08A65E9C,1,1,0,0,1,false,materialized_code_pointer
sub_08A65EA0,0x08A65EA0,11,1,0,0,7,false,materialized_code_pointer
sub_08A65ECC,0x08A65ECC,14,1,0,0,11,false,materialized_code_pointer
sub_08A65F04,0x08A65F04,3,1,0,0,2,false,materialized_code_pointer
sub_08A65F10,0x08A65F10,10,2,0,0,7,false,materialized_code_pointer
sub_08A65F3C,0x08A65F3C,5,1,0,0,4,false,relocated_r_mips32_code_pointer
sub_08A65F50,0x08A65F50,4,1,0,0,2,false,relocated_r_mips32_code_pointer
sub_08A65F60,0x08A65F60,4,1,0,0,2,false,relocated_r_mips32_code_pointer
sub_08A65F70,0x08A65F70,16,2,0,0,12,false,relocated_r_mips32_code_pointer
sub_08A65F8C,0x08A65F8C,10,1,0,0,7,false,materialized_code_pointer
sub_08A65FB8,0x08A65FB8,10,1,0,0,6,false,materialized_code_pointer
sub_08A65FE4,0x08A65FE4,1,1,0,0,0,false,materialized_code_pointer
sub_08A65FE8,0x08A65FE8,1,1,0,0,0,false,materialized_code_pointer
sub_08A65FEC,0x08A65FEC,1,1,0,0,1,false,materialized_code_pointer
sub_08A65FF0,0x08A65FF0,1,1,0,0,1,false,materialized_code_pointer
sub_08A65FF4,0x08A65FF4,1,1,0,0,1,false,materialized_code_pointer
sub_08A65FF8,0x08A65FF8,4,2,0,0,0,false,relocated_r_mips32_code_pointer
sub_08A6600C,0x08A6600C,10,1,0,0,7,false,materialized_code_pointer
sub_08A66038,0x08A66038,10,1,0,0,6,false,materialized_code_pointer
sub_08A66064,0x08A66064,1,1,0,0,1,false,materialized_code_pointer
sub_08A66068,0x08A66068,2,1,0,0,1,false,materialized_code_pointer
sub_08A66070,0x08A66070,2,2,0,0,0,false,relocated_r_mips32_code_pointer
sub_08A6607C,0x08A6607C,3,1,0,0,2,false,relocated_r_mips32_code_pointer
sub_08A66088,0x08A66088,4,1,0,0,1,false,relocated_r_mips32_code_pointer
sub_08A66098,0x08A66098,4,1,0,0,3,false,relocated_r_mips32_code_pointer
sub_08A660A8,0x08A660A8,4,1,0,0,2,false,relocated_r_mips32_code_pointer
sub_08A660B8,0x08A660B8,2,1,0,0,0,false,relocated_r_mips32_code_pointer
sub_08A660C0,0x08A660C0,2,2,0,0,0,false,relocated_r_mips32_code_pointer
sub_08A660CC,0x08A660CC,3,2,0,0,1,false,relocated_r_mips32_code_pointer
sub_08A660DC,0x08A660DC,10,1,0,0,7,false,materialized_code_pointer
sub_08A66108,0x08A66108,10,1,0,0,6,false,materialized_code_pointer
sub_08A66134,0x08A66134,11,3,0,0,4,false,materialized_code_pointer
sub_08A66160,0x08A66160,1,1,0,0,0,false,materialized_code_pointer
sub_08A66164,0x08A66164,1,1,0,0,0,false,materialized_code_pointer
sub_08A66168,0x08A66168,1,1,0,0,0,false,materialized_code_pointer
sub_08A6616C,0x08A6616C,2,1,0,0,0,false,materialized_code_pointer
sub_08A66174,0x08A66174,1,1,0,0,0,false,materialized_code_pointer
sub_08A66178,0x08A66178,1,1,0,0,1,false,materialized_code_pointer
sub_08A6617C,0x08A6617C,1,1,0,0,0,false,materialized_code_pointer
sub_08A66180,0x08A66180,2,1,0,0,2,false,relocated_r_mips32_code_pointer
sub_08A66188,0x08A66188,2,1,0,0,1,false,relocated_r_mips32_code_pointer
sub_08A66190,0x08A66190,2,1,0,0,1,false,relocated_r_mips32_code_pointer
sub_08A66198,0x08A66198,3,1,0,0,2,false,relocated_r_mips32_code_pointer
sub_08A661A4,0x08A661A4,10,1,0,0,7,false,materialized_code_pointer
sub_08A661D0,0x08A661D0,10,1,0,0,6,false,materialized_code_pointer
sub_08A661FC,0x08A661FC,4,2,0,0,1,false,materialized_code_pointer
sub_08A66210,0x08A66210,3,1,0,0,0,false,materialized_code_pointer
sub_08A6621C,0x08A6621C,3,1,0,0,2,false,materialized_code_pointer
sub_08A66228,0x08A66228,3,1,0,0,2,false,materialized_code_pointer
sub_08A66234,0x08A66234,2,1,0,0,2,false,relocated_r_mips32_code_pointer
sub_08A6623C,0x08A6623C,2,1,0,0,1,false,relocated_r_mips32_code_pointer
sub_08A66244,0x08A66244,2,1,0,0,1,false,relocated_r_mips32_code_pointer
sub_08A6624C,0x08A6624C,3,1,0,0,2,false,relocated_r_mips32_code_pointer
sub_08A66258,0x08A66258,10,1,0,0,7,false,materialized_code_pointer
sub_08A66284,0x08A66284,10,1,0,0,6,false,materialized_code_pointer
sub_08A662B0,0x08A662B0,3,2,0,0,0,false,materialized_code_pointer
sub_08A662C0,0x08A662C0,2,1,0,0,2,false,materialized_code_pointer
sub_08A662C8,0x08A662C8,1,1,0,0,1,false,materialized_code_pointer
sub_08A662CC,0x08A662CC,1,1,0,0,1,false,materialized_code_pointer
sub_08A662D0,0x08A662D0,3,1,0,0,3,false,materialized_code_pointer
sub_08A662DC,0x08A662DC,1,1,0,0,0,false,materialized_code_pointer
sub_08A662E0,0x08A662E0,2,1,0,0,2,false,relocated_r_mips32_code_pointer
sub_08A662E8,0x08A662E8,2,1,0,0,1,false,relocated_r_mips32_code_pointer
sub_08A662F0,0x08A662F0,2,1,0,0,1,false,relocated_r_mips32_code_pointer
sub_08A662F8,0x08A662F8,3,1,0,0,1,false,relocated_r_mips32_code_pointer
sub_08A66304,0x08A66304,4,1,0,0,3,false,relocated_r_mips32_code_pointer
sub_08A66314,0x08A66314,11,2,0,0,7,false,relocated_r_mips32_code_pointer
sub_08A6631C,0x08A6631C,10,1,0,0,7,false,materialized_code_pointer
sub_08A66348,0x08A66348,10,1,0,0,6,false,materialized_code_pointer
sub_08A66374,0x08A66374,3,2,0,0,0,false,materialized_code_pointer
sub_08A66384,0x08A66384,3,1,0,0,3,false,materialized_code_pointer
sub_08A66390,0x08A66390,2,1,0,0,2,false,materialized_code_pointer
sub_08A66398,0x08A66398,1,1,0,0,1,false,materialized_code_pointer
sub_08A6639C,0x08A6639C,1,1,0,0,1,false,materialized_code_pointer
sub_08A663A0,0x08A663A0,1,1,0,0,1,false,materialized_code_pointer
sub_08A663A4,0x08A663A4,3,1,0,0,3,false,relocated_r_mips32_code_pointer
sub_08A663B0,0x08A663B0,3,1,0,0,2,false,relocated_r_mips32_code_pointer
sub_08A663BC,0x08A663BC,2,1,0,0,2,false,relocated_r_mips32_code_pointer
sub_08A663C4,0x08A663C4,2,1,0,0,2,false,relocated_r_mips32_code_pointer
sub_08A663CC,0x08A663CC,3,1,0,0,3,false,relocated_r_mips32_code_pointer
sub_08A663D8,0x08A663D8,5,3,0,0,0,false,relocated_r_mips32_code_pointer
sub_08A663E0,0x08A663E0,4,2,0,0,0,false,relocated_r_mips32_code_pointer
sub_08A663E8,0x08A663E8,3,1,0,0,0,false,relocated_r_mips32_code_pointer
sub_08A663F4,0x08A663F4,3,1,0,0,1,false,relocated_r_mips32_code_pointer
sub_08A66400,0x08A66400,5,1,0,0,4,false,relocated_r_mips32_code_pointer
sub_08A66414,0x08A66414,3,1,0,0,2,false,relocated_r_mips32_code_pointer
sub_08A66420,0x08A66420,3,1,0,0,1,false,relocated_r_mips32_code_pointer
sub_08A6642C,0x08A6642C,4,1,0,0,3,false,relocated_r_mips32_code_pointer
sub_08A6643C,0x08A6643C,3,1,0,0,3,false,relocated_r_mips32_code_pointer
sub_08A66448,0x08A66448,3,1,0,0,2,false,relocated_r_mips32_code_pointer
sub_08A66454,0x08A66454,3,1,0,0,3,false,relocated_r_mips32_code_pointer
sub_08A66460,0x08A66460,3,1,0,0,1,false,relocated_r_mips32_code_pointer
sub_08A6646C,0x08A6646C,3,1,0,0,1,false,relocated_r_mips32_code_pointer
sub_08A66478,0x08A66478,5,1,0,0,4,false,relocated_r_mips32_code_pointer
sub_08A6648C,0x08A6648C,4,1,0,0,2,false,relocated_r_mips32_code_pointer
sub_08A6649C,0x08A6649C,4,1,0,0,3,false,relocated_r_mips32_code_pointer
sub_08A664AC,0x08A664AC,4,1,0,0,3,false,relocated_r_mips32_code_pointer
sub_08A664BC,0x08A664BC,5,1,0,0,3,false,relocated_r_mips32_code_pointer
sub_08A664D0,0x08A664D0,3,1,0,0,0,false,relocated_r_mips32_code_pointer
sub_08A664DC,0x08A664DC,3,1,0,0,2,false,relocated_r_mips32_code_pointer
sub_08A664E8,0x08A664E8,5,1,0,0,2,false,relocated_r_mips32_code_pointer
sub_08A664FC,0x08A664FC,5,1,0,0,4,false,relocated_r_mips32_code_pointer
sub_08A66510,0x08A66510,4,2,0,0,2,false,relocated_r_mips32_code_pointer
sub_08A66524,0x08A66524,3,1,0,0,0,false,relocated_r_mips32_code_pointer
sub_08A66530,0x08A66530,3,3,0,0,1,false,relocated_r_mips32_code_pointer
sub_08A66538,0x08A66538,2,2,0,0,1,false,relocated_r_mips32_code_pointer
sub_08A66544,0x08A66544,3,2,0,0,0,false,relocated_r_mips32_code_pointer
sub_08A66554,0x08A66554,10,1,0,0,7,false,materialized_code_pointer
sub_08A66580,0x08A66580,10,1,0,0,6,false,materialized_code_pointer
sub_08A665AC,0x08A665AC,2,1,0,0,1,false,materialized_code_pointer
sub_08A665B4,0x08A665B4,2,1,0,0,0,false,materialized_code_pointer
sub_08A665BC,0x08A665BC,3,1,0,0,2,false,materialized_code_pointer
sub_08A665C8,0x08A665C8,3,1,0,0,3,false,materialized_code_pointer
sub_08A665D4,0x08A665D4,3,1,0,0,3,false,materialized_code_pointer
sub_08A665E0,0x08A665E0,1,1,0,0,1,false,materialized_code_pointer
sub_08A665E4,0x08A665E4,1,1,0,0,1,false,materialized_code_pointer
sub_08A665E8,0x08A665E8,1,1,0,0,1,false,materialized_code_pointer
sub_08A665EC,0x08A665EC,1,1,0,0,0,false,materialized_code_pointer
sub_08A665F0,0x08A665F0,1,1,0,0,1,false,materialized_code_pointer
sub_08A665F4,0x08A665F4,1,1,0,0,1,false,materialized_code_pointer
sub_08A665F8,0x08A665F8,1,1,0,0,1,false,materialized_code_pointer
sub_08A665FC,0x08A665FC,1,1,0,0,0,false,materialized_code_pointer
sub_08A66600,0x08A66600,1,1,0,0,1,false,materialized_code_pointer
sub_08A66604,0x08A66604,2,1,0,0,2,false,materialized_code_pointer
sub_08A6660C,0x08A6660C,2,1,0,0,1,false,materialized_code_pointer
sub_08A66614,0x08A66614,3,1,0,0,2,false,materialized_code_pointer
sub_08A66620,0x08A66620,2,1,0,0,0,false,materialized_code_pointer
sub_08A66628,0x08A66628,3,1,0,0,2,false,materialized_code_pointer
sub_08A66634,0x08A66634,2,1,0,0,0,false,materialized_code_pointer
sub_08A6663C,0x08A6663C,2,1,0,0,0,false,materialized_code_pointer
sub_08A66644,0x08A66644,2,1,0,0,0,false,materialized_code_pointer
sub_08A6664C,0x08A6664C,2,1,0,0,2,false,relocated_r_mips32_code_pointer
sub_08A66654,0x08A66654,2,1,0,0,1,false,relocated_r_mips32_code_pointer
sub_08A6665C,0x08A6665C,2,1,0,0,1,false,relocated_r_mips32_code_pointer
sub_08A66664,0x08A66664,10,1,0,0,7,false,materialized_code_pointer
sub_08A66690,0x08A66690,10,1,0,0,6,false,materialized_code_pointer
sub_08A666BC,0x08A666BC,3,1,0,0,2,false,materialized_code_pointer
sub_08A666C8,0x08A666C8,2,1,0,0,1,false,materialized_code_pointer
sub_08A666D0,0x08A666D0,2,1,0,0,1,false,relocated_r_mips32_code_pointer
sub_08A666D8,0x08A666D8,2,1,0,0,1,false,relocated_r_mips32_code_pointer
sub_08A666E0,0x08A666E0,4,1,0,0,2,false,relocated_r_mips32_code_pointer
sub_08A666F0,0x08A666F0,10,1,0,0,7,false,materialized_code_pointer
sub_08A6671C,0x08A6671C,10,1,0,0,6,false,materialized_code_pointer
sub_08A66748,0x08A66748,5,1,0,0,3,false,materialized_code_pointer
sub_08A6675C,0x08A6675C,2,1,0,0,1,false,materialized_code_pointer
sub_08A66764,0x08A66764,1,1,0,0,1,false,materialized_code_pointer
sub_08A66768,0x08A66768,2,1,0,0,1,false,materialized_code_pointer
sub_08A66770,0x08A66770,2,1,0,0,1,false,relocated_r_mips32_code_pointer
sub_08A66778,0x08A66778,2,1,0,0,1,false,relocated_r_mips32_code_pointer
sub_08A66780,0x08A66780,3,1,0,0,2,false,relocated_r_mips32_code_pointer
sub_08A6678C,0x08A6678C,10,1,0,0,7,false,materialized_code_pointer
sub_08A667B8,0x08A667B8,10,1,0,0,6,false,materialized_code_pointer
sub_08A667E4,0x08A667E4,5,1,0,0,2,false,materialized_code_pointer
sub_08A667F8,0x08A667F8,2,1,0,0,1,false,materialized_code_pointer
sub_08A66800,0x08A66800,1,1,0,0,1,false,materialized_code_pointer
sub_08A66804,0x08A66804,1,1,0,0,1,false,materialized_code_pointer
sub_08A66808,0x08A66808,9,2,0,0,6,false,materialized_code_pointer
sub_08A66834,0x08A66834,2,1,0,0,1,false,relocated_r_mips32_code_pointer
sub_08A6683C,0x08A6683C,2,1,0,0,1,false,relocated_r_mips32_code_pointer
sub_08A66844,0x08A66844,4,1,0,0,2,false,relocated_r_mips32_code_pointer
sub_08A66854,0x08A66854,3,1,0,0,1,false,relocated_r_mips32_code_pointer
sub_08A66860,0x08A66860,2,1,0,0,2,false,relocated_r_mips32_code_pointer
sub_08A66868,0x08A66868,2,1,0,0,2,false,relocated_r_mips32_code_pointer
sub_08A66870,0x08A66870,3,1,0,0,2,false,relocated_r_mips32_code_pointer
sub_08A6687C,0x08A6687C,3,1,0,0,2,false,relocated_r_mips32_code_pointer
sub_08A66888,0x08A66888,10,1,0,0,7,false,materialized_code_pointer
sub_08A668B4,0x08A668B4,10,1,0,0,6,false,materialized_code_pointer
sub_08A668E0,0x08A668E0,1,1,0,0,1,false,materialized_code_pointer
sub_08A668E4,0x08A668E4,2,1,0,0,1,false,materialized_code_pointer
sub_08A668EC,0x08A668EC,1,1,0,0,1,false,materialized_code_pointer
sub_08A668F0,0x08A668F0,2,1,0,0,0,false,materialized_code_pointer
sub_08A668F8,0x08A668F8,4,1,0,0,2,false,materialized_code_pointer
sub_08A66908,0x08A66908,9,3,0,0,5,false,materialized_code_pointer
sub_08A6692C,0x08A6692C,2,1,0,0,1,false,materialized_code_pointer
sub_08A66934,0x08A66934,2,1,0,0,1,false,relocated_r_mips32_code_pointer
sub_08A6693C,0x08A6693C,4,3,0,0,1,false,relocated_r_mips32_code_pointer
sub_08A66948,0x08A66948,2,2,0,0,0,false,relocated_r_mips32_code_pointer
sub_08A66954,0x08A66954,2,2,0,0,0,false,relocated_r_mips32_code_pointer
sub_08A66960,0x08A66960,3,1,0,0,2,false,relocated_r_mips32_code_pointer
sub_08A6696C,0x08A6696C,4,1,0,0,1,false,relocated_r_mips32_code_pointer
sub_08A6697C,0x08A6697C,10,1,0,0,7,false,materialized_code_pointer
sub_08A669A8,0x08A669A8,10,1,0,0,6,false,materialized_code_pointer
sub_08A669D4,0x08A669D4,3,1,0,0,3,false,materialized_code_pointer
sub_08A669E0,0x08A669E0,1,1,0,0,1,false,materialized_code_pointer
sub_08A669E4,0x08A669E4,9,3,0,0,4,false,materialized_code_pointer
sub_08A66A04,0x08A66A04,2,1,0,0,1,false,materialized_code_pointer
sub_08A66A0C,0x08A66A0C,1,1,0,0,1,false,materialized_code_pointer
sub_08A66A10,0x08A66A10,1,1,0,0,1,false,materialized_code_pointer
sub_08A66A14,0x08A66A14,3,2,0,0,2,false,relocated_r_mips32_code_pointer
sub_08A66A24,0x08A66A24,2,2,0,0,0,false,relocated_r_mips32_code_pointer
sub_08A66A30,0x08A66A30,10,1,0,0,7,false,materialized_code_pointer
sub_08A66A5C,0x08A66A5C,10,1,0,0,6,false,materialized_code_pointer
sub_08A66A88,0x08A66A88,2,1,0,0,2,false,materialized_code_pointer
sub_08A66A90,0x08A66A90,1,1,0,0,1,false,materialized_code_pointer
sub_08A66A94,0x08A66A94,8,3,0,0,4,false,materialized_code_pointer
sub_08A66AB4,0x08A66AB4,1,1,0,0,1,false,materialized_code_pointer
sub_08A66AB8,0x08A66AB8,2,2,0,0,0,false,relocated_r_mips32_code_pointer
sub_08A66AC4,0x08A66AC4,10,1,0,0,7,false,materialized_code_pointer
sub_08A66AF0,0x08A66AF0,10,1,0,0,6,false,materialized_code_pointer
sub_08A66B1C,0x08A66B1C,3,1,0,0,3,false,materialized_code_pointer
sub_08A66B28,0x08A66B28,1,1,0,0,1,false,materialized_code_pointer
sub_08A66B2C,0x08A66B2C,9,3,0,0,4,false,materialized_code_pointer
sub_08A66B4C,0x08A66B4C,4,1,0,0,3,false,materialized_code_pointer
sub_08A66B5C,0x08A66B5C,1,1,0,0,0,false,materialized_code_pointer
sub_08A66B60,0x08A66B60,10,1,0,0,6,false,materialized_code_pointer
sub_08A66B88,0x08A66B88,8,1,0,0,6,false,materialized_code_pointer
sub_08A66BA8,0x08A66BA8,9,1,0,0,5,false,materialized_code_pointer
sub_08A66BE0,0x08A66BE0,41,11,0,0,16,false,materialized_code_pointer
sub_08A66C8C,0x08A66C8C,2,1,0,0,1,false,materialized_code_pointer
sub_08A66C94,0x08A66C94,2,1,0,0,1,false,materialized_code_pointer
sub_08A66C9C,0x08A66C9C,2,1,0,0,0,false,materialized_code_pointer
sub_08A66CA4,0x08A66CA4,1,1,0,0,1,false,materialized_code_pointer
sub_08A66CA8,0x08A66CA8,2,1,0,0,1,false,materialized_code_pointer
sub_08A66CB0,0x08A66CB0,1,1,0,0,1,false,materialized_code_pointer
sub_08A66CB4,0x08A66CB4,2,1,0,0,1,false,materialized_code_pointer
sub_08A66CBC,0x08A66CBC,2,1,0,0,0,false,materialized_code_pointer
sub_08A66CC4,0x08A66CC4,2,1,0,0,1,false,materialized_code_pointer
sub_08A66CCC,0x08A66CCC,2,1,0,0,1,false,materialized_code_pointer
sub_08A66CD4,0x08A66CD4,10,4,0,0,5,false,materialized_code_pointer
sub_08A66CEC,0x08A66CEC,22,5,0,0,11,false,materialized_code_pointer
sub_08A66D04,0x08A66D04,10,1,0,0,7,false,materialized_code_pointer
sub_08A66D30,0x08A66D30,10,1,0,0,6,false,materialized_code_pointer
sub_08A66D5C,0x08A66D5C,4,1,0,0,3,false,materialized_code_pointer
sub_08A66D6C,0x08A66D6C,2,1,0,0,1,false,materialized_code_pointer
sub_08A66D74,0x08A66D74,3,1,0,0,2,false,materialized_code_pointer
sub_08A66D80,0x08A66D80,2,1,0,0,2,false,materialized_code_pointer
sub_08A66D88,0x08A66D88,3,1,0,0,2,false,materialized_code_pointer
sub_08A66D94,0x08A66D94,3,1,0,0,1,false,materialized_code_pointer
sub_08A66DA0,0x08A66DA0,2,1,0,0,1,false,materialized_code_pointer
sub_08A66DA8,0x08A66DA8,3,2,0,0,2,false,materialized_code_pointer
sub_08A66DB8,0x08A66DB8,2,1,0,0,1,false,materialized_code_pointer
sub_08A66DC0,0x08A66DC0,1,1,0,0,0,false,materialized_code_pointer
sub_08A66DC4,0x08A66DC4,5,2,0,0,1,false,materialized_code_pointer
sub_08A66DDC,0x08A66DDC,3,2,0,0,2,false,materialized_code_pointer
sub_08A66DEC,0x08A66DEC,2,1,0,0,1,false,materialized_code_pointer
sub_08A66DF4,0x08A66DF4,7,3,0,0,3,false,materialized_code_pointer
sub_08A66E10,0x08A66E10,1,1,0,0,0,false,materialized_code_pointer
sub_08A66E14,0x08A66E14,1,1,0,0,1,false,materialized_code_pointer
sub_08A66E18,0x08A66E18,2,1,0,0,2,false,materialized_code_pointer
sub_08A66E20,0x08A66E20,3,1,0,0,1,false,materialized_code_pointer
sub_08A66E2C,0x08A66E2C,2,1,0,0,1,false,materialized_code_pointer
sub_08A66E34,0x08A66E34,2,1,0,0,1,false,materialized_code_pointer
sub_08A66E3C,0x08A66E3C,2,1,0,0,1,false,materialized_code_pointer
sub_08A66E44,0x08A66E44,2,1,0,0,1,false,materialized_code_pointer
sub_08A66E4C,0x08A66E4C,13,4,0,0,7,false,materialized_code_pointer
sub_08A66E6C,0x08A66E6C,6,1,0,0,4,false,materialized_code_pointer
sub_08A66E84,0x08A66E84,5,1,0,0,4,false,materialized_code_pointer
sub_08A66E98,0x08A66E98,5,2,0,0,2,false,materialized_code_pointer
sub_08A66EB0,0x08A66EB0,2,1,0,0,1,false,materialized_code_pointer
sub_08A66EB8,0x08A66EB8,3,1,0,0,0,false,materialized_code_pointer
sub_08A66EC4,0x08A66EC4,3,1,0,0,2,false,materialized_code_pointer
sub_08A66ED0,0x08A66ED0,3,1,0,0,1,false,materialized_code_pointer
sub_08A66EDC,0x08A66EDC,3,1,0,0,1,false,materialized_code_pointer
sub_08A66EE8,0x08A66EE8,3,1,0,0,1,false,materialized_code_pointer
sub_08A66EF4,0x08A66EF4,13,5,0,0,6,false,materialized_code_pointer
sub_08A66F14,0x08A66F14,7,3,0,0,3,false,materialized_code_pointer
sub_08A66F30,0x08A66F30,10,3,0,0,4,false,materialized_code_pointer
sub_08A66F58,0x08A66F58,2,1,0,0,1,false,materialized_code_pointer
sub_08A66F60,0x08A66F60,2,1,0,0,1,false,materialized_code_pointer
sub_08A66F68,0x08A66F68,2,1,0,0,1,false,materialized_code_pointer
sub_08A66F70,0x08A66F70,2,1,0,0,1,false,materialized_code_pointer
sub_08A66F78,0x08A66F78,4,1,0,0,2,false,materialized_code_pointer
sub_08A66F88,0x08A66F88,3,1,0,0,1,false,materialized_code_pointer
sub_08A66F94,0x08A66F94,4,1,0,0,1,false,materialized_code_pointer
sub_08A66FA4,0x08A66FA4,4,1,0,0,1,false,materialized_code_pointer
sub_08A66FB4,0x08A66FB4,5,2,0,0,2,false,materialized_code_pointer
sub_08A66FCC,0x08A66FCC,6,3,0,0,2,false,materialized_code_pointer
sub_08A66FE4,0x08A66FE4,8,5,0,0,4,false,materialized_code_pointer
sub_08A67004,0x08A67004,8,1,0,0,6,false,materialized_code_pointer
sub_08A67024,0x08A67024,51,5,0,0,28,false,materialized_code_pointer
sub_08A6704C,0x08A6704C,42,5,0,0,23,false,materialized_code_pointer
sub_08A67078,0x08A67078,7,1,0,0,4,false,materialized_code_pointer
sub_08A67094,0x08A67094,8,1,0,0,4,false,materialized_code_pointer
sub_08A670B4,0x08A670B4,7,3,0,0,3,false,materialized_code_pointer
sub_08A670CC,0x08A670CC,12,1,0,0,6,false,materialized_code_pointer
sub_08A670FC,0x08A670FC,10,1,0,0,6,false,materialized_code_pointer
sub_08A67124,0x08A67124,12,7,0,0,3,false,materialized_code_pointer
sub_08A67154,0x08A67154,6,1,0,0,3,false,materialized_code_pointer
sub_08A6716C,0x08A6716C,9,1,0,0,6,false,materialized_code_pointer
sub_08A67194,0x08A67194,27,10,0,0,11,false,materialized_code_pointer
sub_08A671E8,0x08A671E8,8,1,0,0,4,false,materialized_code_pointer
sub_08A67208,0x08A67208,10,1,0,0,7,false,materialized_code_pointer
sub_08A67234,0x08A67234,10,1,0,0,6,false,materialized_code_pointer
sub_08A67260,0x08A67260,18,5,0,0,7,false,materialized_code_pointer
sub_08A67280,0x08A67280,3,1,0,0,2,false,materialized_code_pointer
sub_08A6728C,0x08A6728C,3,1,0,0,2,false,materialized_code_pointer
sub_08A67298,0x08A67298,3,2,0,0,1,false,materialized_code_pointer
sub_08A672A8,0x08A672A8,2,1,0,0,1,false,materialized_code_pointer
sub_08A672B0,0x08A672B0,4,1,0,0,2,false,materialized_code_pointer
sub_08A672C0,0x08A672C0,3,1,0,0,1,false,materialized_code_pointer
sub_08A672CC,0x08A672CC,2,1,0,0,1,false,materialized_code_pointer
sub_08A672D4,0x08A672D4,10,1,0,0,7,false,materialized_code_pointer
sub_08A67300,0x08A67300,10,1,0,0,6,false,materialized_code_pointer
sub_08A6732C,0x08A6732C,1,1,0,0,0,false,materialized_code_pointer
sub_08A67330,0x08A67330,2,2,0,0,0,false,materialized_code_pointer
sub_08A6733C,0x08A6733C,11,3,0,0,4,false,materialized_code_pointer
sub_08A67350,0x08A67350,7,3,0,0,2,false,materialized_code_pointer
sub_08A67368,0x08A67368,17,7,0,0,5,false,materialized_code_pointer
sub_08A67380,0x08A67380,11,3,0,0,4,false,materialized_code_pointer
sub_08A67398,0x08A67398,5,3,0,0,2,false,materialized_code_pointer
sub_08A673AC,0x08A673AC,9,3,0,0,3,false,materialized_code_pointer
sub_08A673C0,0x08A673C0,11,5,0,0,4,false,materialized_code_pointer
sub_08A673DC,0x08A673DC,12,5,0,0,4,false,materialized_code_pointer
sub_08A673F8,0x08A673F8,15,5,0,0,3,false,materialized_code_pointer
sub_08A67414,0x08A67414,6,2,0,0,4,false,materialized_code_pointer
sub_08A6741C,0x08A6741C,5,1,0,0,4,false,materialized_code_pointer
sub_08A67430,0x08A67430,17,4,0,0,10,false,materialized_code_pointer
sub_08A67448,0x08A67448,11,2,0,0,7,false,materialized_code_pointer
sub_08A67464,0x08A67464,5,1,0,0,3,false,materialized_code_pointer
sub_08A67478,0x08A67478,7,3,0,0,3,false,materialized_code_pointer
sub_08A67494,0x08A67494,2,2,0,0,1,false,materialized_code_pointer
sub_08A674A0,0x08A674A0,4,2,0,0,1,false,materialized_code_pointer
sub_08A674B4,0x08A674B4,8,3,0,0,3,false,materialized_code_pointer
sub_08A674CC,0x08A674CC,21,10,0,1,7,false,materialized_code_pointer
sub_08A674E4,0x08A674E4,12,7,0,1,4,false,materialized_code_pointer
sub_08A674FC,0x08A674FC,7,4,0,1,3,false,materialized_code_pointer
sub_08A67510,0x08A67510,4,2,0,0,2,false,materialized_code_pointer
sub_08A67524,0x08A67524,14,5,0,0,6,false,materialized_code_pointer
sub_08A67534,0x08A67534,6,3,0,0,3,false,materialized_code_pointer
sub_08A6754C,0x08A6754C,7,5,0,0,1,false,materialized_code_pointer
sub_08A67568,0x08A67568,9,3,0,0,4,false,materialized_code_pointer
sub_08A67578,0x08A67578,5,1,0,0,3,false,materialized_code_pointer
sub_08A6758C,0x08A6758C,4,1,0,0,3,false,materialized_code_pointer
sub_08A6759C,0x08A6759C,3,2,0,0,1,false,materialized_code_pointer
sub_08A675AC,0x08A675AC,3,1,0,0,1,false,materialized_code_pointer
sub_08A675B8,0x08A675B8,2,1,0,0,2,false,materialized_code_pointer
sub_08A675C0,0x08A675C0,8,3,0,0,4,false,materialized_code_pointer
sub_08A675D0,0x08A675D0,4,1,0,0,3,false,materialized_code_pointer
sub_08A675E0,0x08A675E0,4,1,0,0,2,false,materialized_code_pointer
sub_08A675F0,0x08A675F0,4,1,0,0,3,false,materialized_code_pointer
sub_08A67600,0x08A67600,3,1,0,0,1,false,relocated_data_code_pointer
sub_08A6760C,0x08A6760C,4,1,0,0,1,false,relocated_data_code_pointer
sub_08A6761C,0x08A6761C,6,1,0,0,5,false,relocated_data_code_pointer
sub_08A67634,0x08A67634,7,1,0,0,6,false,relocated_data_code_pointer
sub_08A67650,0x08A67650,6,3,0,0,2,false,relocated_data_code_pointer
sub_08A67664,0x08A67664,5,2,0,0,3,false,relocated_data_code_pointer
sub_08A6767C,0x08A6767C,5,3,0,0,1,false,relocated_data_code_pointer
sub_08A67690,0x08A67690,8,3,0,0,3,false,relocated_data_code_pointer
sub_08A676A8,0x08A676A8,2,1,0,0,0,false,materialized_code_pointer
sub_08A676B0,0x08A676B0,10,1,0,0,7,false,materialized_code_pointer
sub_08A676DC,0x08A676DC,10,1,0,0,6,false,materialized_code_pointer
sub_08A67708,0x08A67708,3,1,0,0,2,false,materialized_code_pointer
sub_08A67714,0x08A67714,3,2,0,0,1,false,materialized_code_pointer
sub_08A67724,0x08A67724,2,1,0,0,2,false,materialized_code_pointer
sub_08A6772C,0x08A6772C,4,1,0,0,3,false,materialized_code_pointer
sub_08A6773C,0x08A6773C,4,1,0,0,2,false,materialized_code_pointer
sub_08A6774C,0x08A6774C,14,1,0,0,8,false,materialized_code_pointer
sub_08A67788,0x08A67788,10,1,0,0,6,false,materialized_code_pointer
sub_08A677E8,0x08A677E8,3,1,0,0,1,false,materialized_code_pointer
sub_08A677F4,0x08A677F4,3,1,0,0,1,false,materialized_code_pointer
sub_08A67800,0x08A67800,2,1,0,0,1,false,materialized_code_pointer
sub_08A67808,0x08A67808,7,1,0,0,4,false,materialized_code_pointer
sub_08A67824,0x08A67824,4,1,0,0,3,false,materialized_code_pointer
sub_08A67834,0x08A67834,3,1,0,0,2,false,materialized_code_pointer
sub_08A67840,0x08A67840,10,1,0,0,7,false,materialized_code_pointer
sub_08A6786C,0x08A6786C,10,1,0,0,6,false,materialized_code_pointer
sub_08A67898,0x08A67898,3,1,0,0,2,false,materialized_code_pointer
sub_08A678A4,0x08A678A4,4,1,0,0,2,false,materialized_code_pointer
sub_08A678B4,0x08A678B4,3,1,0,0,1,false,materialized_code_pointer
sub_08A678C0,0x08A678C0,3,2,0,0,2,false,materialized_code_pointer
sub_08A678D0,0x08A678D0,3,2,0,0,1,false,materialized_code_pointer
sub_08A678E0,0x08A678E0,3,2,0,0,1,false,materialized_code_pointer
sub_08A678F0,0x08A678F0,2,2,0,0,0,false,materialized_code_pointer
sub_08A678FC,0x08A678FC,16,7,0,0,9,false,materialized_code_pointer
sub_08A67920,0x08A67920,13,7,0,0,4,false,materialized_code_pointer
sub_08A67944,0x08A67944,42,23,0,0,14,false,materialized_code_pointer
sub_08A67980,0x08A67980,21,12,0,0,7,false,materialized_code_pointer
sub_08A679A0,0x08A679A0,9,5,0,0,5,false,materialized_code_pointer
sub_08A679BC,0x08A679BC,8,5,0,0,2,false,materialized_code_pointer
sub_08A679DC,0x08A679DC,7,5,0,0,1,false,materialized_code_pointer
sub_08A679F8,0x08A679F8,26,7,0,0,12,false,materialized_code_pointer
sub_08A67A18,0x08A67A18,9,1,0,0,4,false,materialized_code_pointer
sub_08A67A3C,0x08A67A3C,3,1,0,0,1,false,materialized_code_pointer
sub_08A67A48,0x08A67A48,2,2,0,0,0,false,materialized_code_pointer
sub_08A67A54,0x08A67A54,2,2,0,0,0,false,materialized_code_pointer
sub_08A67A60,0x08A67A60,3,1,0,0,1,false,materialized_code_pointer
sub_08A67A6C,0x08A67A6C,10,1,0,0,7,false,materialized_code_pointer
sub_08A67A98,0x08A67A98,10,1,0,0,6,false,materialized_code_pointer
sub_08A67AC4,0x08A67AC4,10,3,0,0,2,false,materialized_code_pointer
sub_08A67ADC,0x08A67ADC,16,7,0,1,4,false,materialized_code_pointer
sub_08A67AF0,0x08A67AF0,12,4,0,0,3,false,materialized_code_pointer
sub_08A67B08,0x08A67B08,7,3,0,0,2,false,materialized_code_pointer
sub_08A67B20,0x08A67B20,5,3,0,0,1,false,materialized_code_pointer
sub_08A67B34,0x08A67B34,1,1,0,0,0,false,materialized_code_pointer
sub_08A67B38,0x08A67B38,2,1,0,0,1,false,materialized_code_pointer
sub_08A67B40,0x08A67B40,3,1,0,0,0,false,materialized_code_pointer
sub_08A67B4C,0x08A67B4C,1,1,0,0,1,false,materialized_code_pointer
sub_08A67B50,0x08A67B50,6,3,0,0,2,false,materialized_code_pointer
sub_08A67B68,0x08A67B68,10,1,0,0,7,false,materialized_code_pointer
sub_08A67B94,0x08A67B94,10,1,0,0,6,false,materialized_code_pointer
sub_08A67BC0,0x08A67BC0,4,1,0,0,2,false,materialized_code_pointer
sub_08A67BD0,0x08A67BD0,8,1,0,0,3,false,materialized_code_pointer
sub_08A67BF0,0x08A67BF0,3,1,0,0,1,false,materialized_code_pointer
sub_08A67BFC,0x08A67BFC,37,7,0,0,15,false,materialized_code_pointer
sub_08A67C98,0x08A67C98,9,3,0,0,3,false,materialized_code_pointer
sub_08A67CB0,0x08A67CB0,6,3,0,0,3,false,materialized_code_pointer
sub_08A67CC8,0x08A67CC8,5,3,0,0,1,false,materialized_code_pointer
sub_08A67CD8,0x08A67CD8,1,1,0,0,0,false,materialized_code_pointer
sub_08A67CDC,0x08A67CDC,20,9,0,0,7,false,materialized_code_pointer
sub_08A67CEC,0x08A67CEC,16,7,0,0,6,false,materialized_code_pointer
sub_08A67CFC,0x08A67CFC,12,5,0,0,5,false,materialized_code_pointer
sub_08A67D0C,0x08A67D0C,8,3,0,0,4,false,materialized_code_pointer
sub_08A67D20,0x08A67D20,2,2,0,0,0,false,materialized_code_pointer
sub_08A67D28,0x08A67D28,1,1,0,0,0,false,materialized_code_pointer
sub_08A67D2C,0x08A67D2C,9,3,0,0,4,false,materialized_code_pointer
sub_08A67D40,0x08A67D40,5,3,0,0,2,false,materialized_code_pointer
sub_08A67D54,0x08A67D54,6,3,0,0,2,false,materialized_code_pointer
sub_08A67D6C,0x08A67D6C,5,3,0,0,1,false,materialized_code_pointer
sub_08A67D80,0x08A67D80,5,3,0,0,1,false,materialized_code_pointer
sub_08A67D94,0x08A67D94,7,3,0,0,1,false,materialized_code_pointer
sub_08A67DA8,0x08A67DA8,5,3,0,0,2,false,materialized_code_pointer
sub_08A67DBC,0x08A67DBC,3,1,0,0,3,false,materialized_code_pointer
sub_08A67DC8,0x08A67DC8,4,1,0,0,0,false,materialized_code_pointer
sub_08A67DD8,0x08A67DD8,1,1,0,0,0,false,materialized_code_pointer
sub_08A67DDC,0x08A67DDC,2,1,0,0,1,false,materialized_code_pointer
sub_08A67DE4,0x08A67DE4,6,3,0,0,2,false,materialized_code_pointer
sub_08A67DFC,0x08A67DFC,18,7,0,0,7,false,materialized_code_pointer
sub_08A67E1C,0x08A67E1C,10,5,0,0,2,false,materialized_code_pointer
sub_08A67E3C,0x08A67E3C,28,11,0,0,12,false,materialized_code_pointer
sub_08A67E60,0x08A67E60,17,7,0,0,8,false,materialized_code_pointer
sub_08A67E84,0x08A67E84,8,3,0,0,4,false,materialized_code_pointer
sub_08A67EA4,0x08A67EA4,3,1,0,0,1,false,materialized_code_pointer
sub_08A67EB0,0x08A67EB0,4,1,0,0,3,false,materialized_code_pointer
sub_08A67EC0,0x08A67EC0,4,1,0,0,2,false,materialized_code_pointer
sub_08A67ED0,0x08A67ED0,7,1,0,0,3,false,materialized_code_pointer
sub_08A67EEC,0x08A67EEC,7,2,0,0,3,false,materialized_code_pointer
sub_08A67EFC,0x08A67EFC,4,1,0,0,1,false,materialized_code_pointer
sub_08A67F0C,0x08A67F0C,4,1,0,0,3,false,materialized_code_pointer
sub_08A67F1C,0x08A67F1C,4,1,0,0,3,false,materialized_code_pointer
sub_08A67F2C,0x08A67F2C,4,1,0,0,3,false,materialized_code_pointer
sub_08A67F3C,0x08A67F3C,2,1,0,0,0,false,materialized_code_pointer
sub_08A67F44,0x08A67F44,2,1,0,0,1,false,materialized_code_pointer
sub_08A67F4C,0x08A67F4C,2,1,0,0,1,false,materialized_code_pointer
sub_08A67F54,0x08A67F54,2,1,0,0,1,false,materialized_code_pointer
sub_08A67F5C,0x08A67F5C,2,1,0,0,1,false,materialized_code_pointer
sub_08A67F64,0x08A67F64,2,1,0,0,1,false,materialized_code_pointer
sub_08A67F6C,0x08A67F6C,2,1,0,0,1,false,materialized_code_pointer
sub_08A67F74,0x08A67F74,2,1,0,0,1,false,materialized_code_pointer
sub_08A67F7C,0x08A67F7C,4,1,0,0,2,false,materialized_code_pointer
sub_08A67F8C,0x08A67F8C,6,1,0,0,5,false,materialized_code_pointer
sub_08A67FA4,0x08A67FA4,2,1,0,0,2,false,materialized_code_pointer
sub_08A67FAC,0x08A67FAC,3,1,0,0,1,false,materialized_code_pointer
sub_08A67FB8,0x08A67FB8,6,1,0,0,5,false,materialized_code_pointer
sub_08A67FD0,0x08A67FD0,6,3,0,0,2,false,materialized_code_pointer
sub_08A67FE8,0x08A67FE8,2,1,0,0,0,false,materialized_code_pointer
sub_08A67FF0,0x08A67FF0,2,1,0,0,0,false,materialized_code_pointer
sub_08A67FF8,0x08A67FF8,2,1,0,0,0,false,materialized_code_pointer
sub_08A68000,0x08A68000,2,1,0,0,0,false,materialized_code_pointer
sub_08A68008,0x08A68008,39,9,0,0,15,false,materialized_code_pointer
sub_08A680B0,0x08A680B0,2,1,0,0,1,false,materialized_code_pointer
sub_08A680B8,0x08A680B8,1,1,0,0,0,false,materialized_code_pointer
sub_08A680BC,0x08A680BC,10,1,0,0,7,false,materialized_code_pointer
sub_08A680E8,0x08A680E8,10,1,0,0,6,false,materialized_code_pointer
sub_08A6812C,0x08A6812C,4,4,0,0,0,false,materialized_code_pointer
sub_08A68134,0x08A68134,3,3,0,0,0,false,materialized_code_pointer
sub_08A6813C,0x08A6813C,2,2,0,0,0,false,materialized_code_pointer
sub_08A68144,0x08A68144,1,1,0,0,0,false,materialized_code_pointer
sub_08A68148,0x08A68148,1,1,0,0,1,false,materialized_code_pointer
sub_08A6814C,0x08A6814C,1,1,0,0,0,false,materialized_code_pointer
sub_08A68150,0x08A68150,1,1,0,0,1,false,materialized_code_pointer
sub_08A68154,0x08A68154,1,1,0,0,0,false,materialized_code_pointer
sub_08A68158,0x08A68158,1,1,0,0,1,false,materialized_code_pointer
sub_08A6815C,0x08A6815C,2,1,0,0,0,false,materialized_code_pointer
sub_08A68164,0x08A68164,1,1,0,0,1,false,materialized_code_pointer
sub_08A68168,0x08A68168,2,1,0,0,1,false,materialized_code_pointer
sub_08A68170,0x08A68170,1,1,0,0,1,false,materialized_code_pointer
sub_08A68174,0x08A68174,6,1,0,0,4,false,materialized_code_pointer
sub_08A6818C,0x08A6818C,1,1,0,0,1,false,materialized_code_pointer
sub_08A68190,0x08A68190,40,7,0,0,16,false,materialized_code_pointer
sub_08A6822C,0x08A6822C,2,1,0,0,1,false,materialized_code_pointer
sub_08A68234,0x08A68234,2,1,0,0,0,false,materialized_code_pointer
sub_08A6823C,0x08A6823C,2,1,0,0,1,false,materialized_code_pointer
sub_08A68244,0x08A68244,3,1,0,0,1,false,materialized_code_pointer
sub_08A68250,0x08A68250,4,1,0,0,2,false,materialized_code_pointer
sub_08A68260,0x08A68260,2,1,0,0,2,false,materialized_code_pointer
sub_08A68268,0x08A68268,2,1,0,0,2,false,materialized_code_pointer
sub_08A68270,0x08A68270,2,1,0,0,2,false,materialized_code_pointer
sub_08A68278,0x08A68278,10,1,0,0,7,false,materialized_code_pointer
sub_08A682A4,0x08A682A4,10,1,0,0,6,false,materialized_code_pointer
sub_08A682D0,0x08A682D0,4,1,0,0,2,false,materialized_code_pointer
sub_08A682E0,0x08A682E0,2,1,0,0,0,false,materialized_code_pointer
sub_08A682E8,0x08A682E8,2,2,0,0,0,false,materialized_code_pointer
sub_08A682F4,0x08A682F4,3,1,0,0,1,false,materialized_code_pointer
sub_08A68300,0x08A68300,3,1,0,0,0,false,materialized_code_pointer
sub_08A6830C,0x08A6830C,4,1,0,0,2,false,materialized_code_pointer
sub_08A6831C,0x08A6831C,4,1,0,0,2,false,materialized_code_pointer
sub_08A6832C,0x08A6832C,4,1,0,0,1,false,materialized_code_pointer
sub_08A6833C,0x08A6833C,8,1,0,0,6,false,materialized_code_pointer
sub_08A68360,0x08A68360,8,1,0,0,3,false,materialized_code_pointer
sub_08A68380,0x08A68380,6,1,0,0,4,false,materialized_code_pointer
sub_08A68398,0x08A68398,6,1,0,0,3,false,materialized_code_pointer
sub_08A683B4,0x08A683B4,3,1,0,0,1,false,relocated_data_code_pointer
sub_08A683C0,0x08A683C0,4,1,0,0,3,false,relocated_data_code_pointer
sub_08A683D0,0x08A683D0,4,1,0,0,2,false,relocated_data_code_pointer
sub_08A683E0,0x08A683E0,4,1,0,0,3,false,relocated_data_code_pointer
sub_08A683F0,0x08A683F0,3,1,0,0,2,false,relocated_data_code_pointer
sub_08A683FC,0x08A683FC,4,1,0,0,3,false,relocated_data_code_pointer
sub_08A6840C,0x08A6840C,3,1,0,0,2,false,relocated_data_code_pointer
sub_08A68418,0x08A68418,3,1,0,0,2,false,relocated_data_code_pointer
sub_08A68424,0x08A68424,3,2,0,0,1,false,relocated_data_code_pointer
sub_08A68434,0x08A68434,3,2,0,0,1,false,relocated_data_code_pointer
sub_08A68444,0x08A68444,2,2,0,0,1,false,relocated_data_code_pointer
sub_08A68450,0x08A68450,2,2,0,0,1,false,relocated_data_code_pointer
sub_08A6845C,0x08A6845C,3,2,0,0,1,false,relocated_data_code_pointer
sub_08A6846C,0x08A6846C,3,2,0,0,1,false,relocated_data_code_pointer
sub_08A6847C,0x08A6847C,3,2,0,0,1,false,relocated_data_code_pointer
sub_08A6848C,0x08A6848C,3,2,0,0,1,false,relocated_data_code_pointer
sub_08A6849C,0x08A6849C,3,2,0,0,1,false,relocated_data_code_pointer
sub_08A684AC,0x08A684AC,3,2,0,0,1,false,relocated_data_code_pointer
sub_08A684BC,0x08A684BC,3,2,0,0,1,false,relocated_data_code_pointer
sub_08A684CC,0x08A684CC,1,1,0,0,1,false,materialized_code_pointer
sub_08A684D0,0x08A684D0,2,1,0,0,0,false,materialized_code_pointer
sub_08A684D8,0x08A684D8,4,1,0,0,4,false,materialized_code_pointer
sub_08A684E8,0x08A684E8,3,1,0,0,3,false,materialized_code_pointer
sub_08A684F4,0x08A684F4,3,1,0,0,2,false,materialized_code_pointer
sub_08A68500,0x08A68500,4,1,0,0,3,false,materialized_code_pointer
sub_08A68510,0x08A68510,4,1,0,0,1,false,materialized_code_pointer
sub_08A68520,0x08A68520,10,1,0,0,7,false,materialized_code_pointer
sub_08A68548,0x08A68548,3,1,0,0,3,false,materialized_code_pointer
sub_08A68554,0x08A68554,3,1,0,0,2,false,materialized_code_pointer
sub_08A68560,0x08A68560,2,1,0,0,2,false,materialized_code_pointer
sub_08A68568,0x08A68568,2,1,0,0,1,false,materialized_code_pointer
sub_08A68574,0x08A68574,2,1,0,0,0,false,materialized_code_pointer
sub_08A6857C,0x08A6857C,3,1,0,0,0,false,materialized_code_pointer
sub_08A68588,0x08A68588,3,1,0,0,2,false,materialized_code_pointer
sub_08A68594,0x08A68594,3,1,0,0,1,false,relocated_data_code_pointer
sub_08A685A0,0x08A685A0,10,1,0,0,7,false,materialized_code_pointer
sub_08A685CC,0x08A685CC,10,1,0,0,6,false,materialized_code_pointer
sub_08A685F8,0x08A685F8,6,1,0,0,3,false,materialized_code_pointer
sub_08A68610,0x08A68610,3,1,0,0,1,false,materialized_code_pointer
sub_08A6861C,0x08A6861C,2,2,0,0,0,false,materialized_code_pointer
sub_08A68628,0x08A68628,2,2,0,0,0,false,materialized_code_pointer
sub_08A68634,0x08A68634,1,1,0,0,0,false,materialized_code_pointer
sub_08A68638,0x08A68638,5,1,0,0,0,false,materialized_code_pointer
sub_08A6864C,0x08A6864C,11,3,0,0,7,false,materialized_code_pointer
sub_08A68664,0x08A68664,3,2,0,0,2,false,materialized_code_pointer
sub_08A68674,0x08A68674,4,2,0,0,1,false,materialized_code_pointer
sub_08A6867C,0x08A6867C,3,1,0,0,1,false,materialized_code_pointer
sub_08A68688,0x08A68688,3,1,0,0,2,false,materialized_code_pointer
sub_08A68694,0x08A68694,2,2,0,0,0,false,materialized_code_pointer
sub_08A686A0,0x08A686A0,2,2,0,0,0,false,materialized_code_pointer
sub_08A686AC,0x08A686AC,4,1,0,0,3,false,materialized_code_pointer
sub_08A686BC,0x08A686BC,2,2,0,0,0,false,materialized_code_pointer
sub_08A686C8,0x08A686C8,2,2,0,0,1,false,materialized_code_pointer
sub_08A686D4,0x08A686D4,3,1,0,0,1,false,materialized_code_pointer
sub_08A686E0,0x08A686E0,3,2,0,0,1,false,materialized_code_pointer
sub_08A686F0,0x08A686F0,3,1,0,0,3,false,materialized_code_pointer
sub_08A686FC,0x08A686FC,2,2,0,0,1,false,materialized_code_pointer
sub_08A68704,0x08A68704,1,1,0,0,1,false,materialized_code_pointer
sub_08A68708,0x08A68708,2,1,0,0,1,false,materialized_code_pointer
sub_08A68710,0x08A68710,2,1,0,0,2,false,materialized_code_pointer
sub_08A68718,0x08A68718,2,1,0,0,1,false,materialized_code_pointer
sub_08A68720,0x08A68720,2,1,0,0,2,false,materialized_code_pointer
sub_08A68728,0x08A68728,2,1,0,0,0,false,materialized_code_pointer
sub_08A68730,0x08A68730,2,1,0,0,1,false,materialized_code_pointer
sub_08A68738,0x08A68738,2,1,0,0,0,false,materialized_code_pointer
sub_08A68740,0x08A68740,2,1,0,0,1,false,materialized_code_pointer
sub_08A68748,0x08A68748,2,1,0,0,0,false,materialized_code_pointer
sub_08A68750,0x08A68750,1,1,0,0,0,false,materialized_code_pointer
sub_08A68754,0x08A68754,10,1,0,0,7,false,materialized_code_pointer
sub_08A68780,0x08A68780,10,1,0,0,6,false,materialized_code_pointer
sub_08A687AC,0x08A687AC,5,3,0,0,1,false,materialized_code_pointer
sub_08A687BC,0x08A687BC,1,1,0,0,0,false,materialized_code_pointer
sub_08A687C0,0x08A687C0,5,2,0,0,2,false,materialized_code_pointer
sub_08A687D8,0x08A687D8,7,2,0,0,4,false,materialized_code_pointer
sub_08A687F8,0x08A687F8,4,1,0,0,2,false,materialized_code_pointer
sub_08A68808,0x08A68808,3,1,0,0,1,false,materialized_code_pointer
sub_08A68814,0x08A68814,4,1,0,0,2,false,materialized_code_pointer
sub_08A68824,0x08A68824,4,1,0,0,4,false,materialized_code_pointer
sub_08A68834,0x08A68834,3,1,0,0,3,false,materialized_code_pointer
sub_08A68840,0x08A68840,4,1,0,0,2,false,materialized_code_pointer
sub_08A68850,0x08A68850,2,1,0,0,1,false,materialized_code_pointer
sub_08A68858,0x08A68858,3,1,0,0,3,false,materialized_code_pointer
sub_08A68864,0x08A68864,3,1,0,0,2,false,materialized_code_pointer
sub_08A68870,0x08A68870,3,1,0,0,2,false,materialized_code_pointer
sub_08A6887C,0x08A6887C,3,1,0,0,2,false,materialized_code_pointer
sub_08A68888,0x08A68888,3,1,0,0,2,false,materialized_code_pointer
sub_08A68894,0x08A68894,4,3,0,0,1,false,materialized_code_pointer
sub_08A6889C,0x08A6889C,3,2,0,0,1,false,materialized_code_pointer
sub_08A688AC,0x08A688AC,4,1,0,0,1,false,materialized_code_pointer
sub_08A688BC,0x08A688BC,7,3,0,0,2,false,materialized_code_pointer
sub_08A688D0,0x08A688D0,3,2,0,0,2,false,materialized_code_pointer
sub_08A688E0,0x08A688E0,3,1,0,0,2,false,materialized_code_pointer
sub_08A688EC,0x08A688EC,3,2,0,0,1,false,materialized_code_pointer
sub_08A688FC,0x08A688FC,7,1,0,0,4,false,materialized_code_pointer
sub_08A68918,0x08A68918,2,1,0,0,0,false,materialized_code_pointer
sub_08A68920,0x08A68920,2,1,0,0,1,false,materialized_code_pointer
sub_08A68928,0x08A68928,3,1,0,0,0,false,materialized_code_pointer
sub_08A68934,0x08A68934,2,1,0,0,1,false,materialized_code_pointer
sub_08A6893C,0x08A6893C,4,1,0,0,1,false,relocated_data_code_pointer
sub_08A6894C,0x08A6894C,4,1,0,0,1,false,relocated_data_code_pointer
sub_08A6895C,0x08A6895C,3,1,0,0,2,false,relocated_data_code_pointer
sub_08A68968,0x08A68968,10,1,0,0,7,false,materialized_code_pointer
sub_08A68994,0x08A68994,10,1,0,0,6,false,materialized_code_pointer
sub_08A689C0,0x08A689C0,6,1,0,0,4,false,materialized_code_pointer
sub_08A689D8,0x08A689D8,7,1,0,0,5,false,materialized_code_pointer
sub_08A689F4,0x08A689F4,7,1,0,0,5,false,materialized_code_pointer
sub_08A68A10,0x08A68A10,2,2,0,0,1,false,materialized_code_pointer
sub_08A68A1C,0x08A68A1C,2,2,0,0,1,false,materialized_code_pointer
sub_08A68A28,0x08A68A28,2,2,0,0,1,false,materialized_code_pointer
sub_08A68A34,0x08A68A34,2,2,0,0,0,false,materialized_code_pointer
sub_08A68A40,0x08A68A40,6,2,0,0,3,false,materialized_code_pointer
sub_08A68A5C,0x08A68A5C,7,3,0,0,3,false,materialized_code_pointer
sub_08A68A64,0x08A68A64,6,2,0,0,3,false,materialized_code_pointer
sub_08A68A80,0x08A68A80,7,3,0,0,3,false,materialized_code_pointer
sub_08A68A88,0x08A68A88,6,2,0,0,3,false,materialized_code_pointer
sub_08A68AA4,0x08A68AA4,3,3,0,0,0,false,materialized_code_pointer
sub_08A68AB8,0x08A68AB8,1,1,0,0,0,false,materialized_code_pointer
sub_08A68ABC,0x08A68ABC,3,2,0,0,1,false,materialized_code_pointer
sub_08A68ACC,0x08A68ACC,7,3,0,0,3,false,materialized_code_pointer
sub_08A68AE8,0x08A68AE8,6,2,0,0,3,false,materialized_code_pointer
sub_08A68B04,0x08A68B04,18,6,0,0,8,false,materialized_code_pointer
sub_08A68B24,0x08A68B24,12,4,0,0,5,false,materialized_code_pointer
sub_08A68B3C,0x08A68B3C,27,15,0,0,9,false,materialized_code_pointer
sub_08A68B58,0x08A68B58,21,12,0,0,7,false,materialized_code_pointer
sub_08A68B78,0x08A68B78,6,4,0,0,1,false,materialized_code_pointer
sub_08A68B94,0x08A68B94,6,3,0,0,2,false,materialized_code_pointer
sub_08A68BAC,0x08A68BAC,13,8,0,0,3,false,materialized_code_pointer
sub_08A68BCC,0x08A68BCC,6,3,0,0,2,false,materialized_code_pointer
sub_08A68BE4,0x08A68BE4,5,2,0,0,2,false,materialized_code_pointer
sub_08A68BFC,0x08A68BFC,2,1,0,0,1,false,materialized_code_pointer
sub_08A68C04,0x08A68C04,2,1,0,0,1,false,materialized_code_pointer
sub_08A68C0C,0x08A68C0C,6,1,0,0,1,false,materialized_code_pointer
sub_08A68C24,0x08A68C24,3,1,0,0,1,false,materialized_code_pointer
sub_08A68C30,0x08A68C30,3,1,0,0,1,false,materialized_code_pointer
sub_08A68C3C,0x08A68C3C,8,1,0,0,6,false,materialized_code_pointer
sub_08A68C5C,0x08A68C5C,10,1,0,0,5,false,materialized_code_pointer
sub_08A68C84,0x08A68C84,17,7,0,0,6,false,materialized_code_pointer
sub_08A68CC8,0x08A68CC8,2,1,0,0,1,false,materialized_code_pointer
sub_08A68CD0,0x08A68CD0,10,1,0,0,7,false,materialized_code_pointer
sub_08A68CFC,0x08A68CFC,10,1,0,0,6,false,materialized_code_pointer
sub_08A68D28,0x08A68D28,2,1,0,0,2,false,materialized_code_pointer
sub_08A68D30,0x08A68D30,3,1,0,0,1,false,materialized_code_pointer
sub_08A68D3C,0x08A68D3C,11,3,0,0,4,false,materialized_code_pointer
sub_08A68D68,0x08A68D68,20,5,0,0,10,false,materialized_code_pointer
sub_08A68D90,0x08A68D90,3,1,0,0,3,false,materialized_code_pointer
sub_08A68D9C,0x08A68D9C,10,1,0,0,7,false,materialized_code_pointer
sub_08A68DC8,0x08A68DC8,10,1,0,0,6,false,materialized_code_pointer
sub_08A68DF4,0x08A68DF4,3,1,0,0,1,false,relocated_data_code_pointer
sub_08A68E00,0x08A68E00,4,1,0,0,2,false,relocated_data_code_pointer
sub_08A68E10,0x08A68E10,6,1,0,0,3,false,materialized_code_pointer
sub_08A68E28,0x08A68E28,10,1,0,0,7,false,materialized_code_pointer
sub_08A68E54,0x08A68E54,10,1,0,0,6,false,materialized_code_pointer
sub_08A68E80,0x08A68E80,1,1,0,0,0,false,materialized_code_pointer
sub_08A68E84,0x08A68E84,14,3,0,0,9,false,materialized_code_pointer
sub_08A68EA0,0x08A68EA0,1,1,0,0,0,false,materialized_code_pointer
sub_08A68EA4,0x08A68EA4,13,3,0,0,6,false,materialized_code_pointer
sub_08A68EC0,0x08A68EC0,2,1,0,0,1,false,materialized_code_pointer
sub_08A68EC8,0x08A68EC8,9,3,0,0,3,false,materialized_code_pointer
sub_08A68EE8,0x08A68EE8,1,1,0,0,0,false,materialized_code_pointer
sub_08A68EEC,0x08A68EEC,3,1,0,0,0,false,materialized_code_pointer
sub_08A68EF8,0x08A68EF8,1,1,0,0,0,false,materialized_code_pointer
sub_08A68EFC,0x08A68EFC,1,1,0,0,0,false,materialized_code_pointer
sub_08A68F00,0x08A68F00,2,1,0,0,1,false,materialized_code_pointer
sub_08A68F08,0x08A68F08,11,5,0,0,6,false,materialized_code_pointer
sub_08A68F20,0x08A68F20,3,2,0,0,1,false,materialized_code_pointer
sub_08A68F30,0x08A68F30,5,3,0,0,2,false,materialized_code_pointer
sub_08A68F3C,0x08A68F3C,3,2,0,0,2,false,materialized_code_pointer
sub_08A68F4C,0x08A68F4C,4,1,0,0,3,false,materialized_code_pointer
sub_08A68F5C,0x08A68F5C,4,1,0,0,3,false,materialized_code_pointer
sub_08A68F6C,0x08A68F6C,4,1,0,0,2,false,materialized_code_pointer
sub_08A68F7C,0x08A68F7C,4,1,0,0,3,false,materialized_code_pointer
sub_08A68F8C,0x08A68F8C,2,1,0,0,2,false,materialized_code_pointer
sub_08A68F94,0x08A68F94,2,1,0,0,2,false,materialized_code_pointer
sub_08A68F9C,0x08A68F9C,7,1,0,0,4,false,materialized_code_pointer
sub_08A68FB8,0x08A68FB8,2,1,0,0,0,false,materialized_code_pointer
sub_08A68FC0,0x08A68FC0,3,2,0,0,2,false,materialized_code_pointer
sub_08A68FD0,0x08A68FD0,8,3,0,0,4,false,materialized_code_pointer
sub_08A68FF8,0x08A68FF8,4,1,0,0,2,false,materialized_code_pointer
sub_08A69008,0x08A69008,8,1,0,0,2,false,materialized_code_pointer
sub_08A69028,0x08A69028,4,1,0,0,1,false,materialized_code_pointer
sub_08A69038,0x08A69038,8,1,0,0,0,false,materialized_code_pointer
sub_08A69058,0x08A69058,4,1,0,0,3,false,materialized_code_pointer
sub_08A69068,0x08A69068,8,1,0,0,2,false,materialized_code_pointer
sub_08A69088,0x08A69088,3,1,0,0,2,false,materialized_code_pointer
sub_08A69094,0x08A69094,4,1,0,0,4,false,materialized_code_pointer
sub_08A690A4,0x08A690A4,4,1,0,0,3,false,materialized_code_pointer
sub_08A690B4,0x08A690B4,4,1,0,0,4,false,materialized_code_pointer
sub_08A690C4,0x08A690C4,4,1,0,0,2,false,materialized_code_pointer
sub_08A690D4,0x08A690D4,3,1,0,0,1,false,materialized_code_pointer
sub_08A690E0,0x08A690E0,10,1,0,0,7,false,materialized_code_pointer
sub_08A6910C,0x08A6910C,10,1,0,0,6,false,materialized_code_pointer
sub_08A69138,0x08A69138,3,2,0,0,1,false,materialized_code_pointer
sub_08A69148,0x08A69148,6,3,0,0,3,false,materialized_code_pointer
sub_08A69168,0x08A69168,6,3,0,0,3,false,materialized_code_pointer
sub_08A69188,0x08A69188,6,2,0,0,5,false,materialized_code_pointer
sub_08A69198,0x08A69198,3,1,0,0,3,false,materialized_code_pointer
sub_08A691A4,0x08A691A4,3,1,0,0,2,false,materialized_code_pointer
sub_08A691B0,0x08A691B0,4,1,0,0,3,false,materialized_code_pointer
sub_08A691C0,0x08A691C0,3,1,0,0,3,false,materialized_code_pointer
sub_08A691CC,0x08A691CC,4,1,0,0,2,false,materialized_code_pointer
sub_08A691DC,0x08A691DC,4,1,0,0,3,false,materialized_code_pointer
sub_08A691EC,0x08A691EC,3,1,0,0,2,false,materialized_code_pointer
sub_08A691F8,0x08A691F8,10,1,0,0,7,false,materialized_code_pointer
sub_08A69224,0x08A69224,10,1,0,0,6,false,materialized_code_pointer
sub_08A69250,0x08A69250,4,1,0,0,2,false,materialized_code_pointer
sub_08A69260,0x08A69260,60,5,0,0,28,false,materialized_code_pointer
sub_08A69364,0x08A69364,5,2,0,0,3,false,materialized_code_pointer
sub_08A69370,0x08A69370,3,1,0,0,2,false,materialized_code_pointer
sub_08A6937C,0x08A6937C,3,1,0,0,2,false,materialized_code_pointer
sub_08A69388,0x08A69388,2,2,0,0,0,false,materialized_code_pointer
sub_08A69394,0x08A69394,3,2,0,0,1,false,materialized_code_pointer
sub_08A693A4,0x08A693A4,3,2,0,0,1,false,materialized_code_pointer
sub_08A693B4,0x08A693B4,2,2,0,0,0,false,materialized_code_pointer
sub_08A693C0,0x08A693C0,2,2,0,0,0,false,materialized_code_pointer
sub_08A693CC,0x08A693CC,2,2,0,0,0,false,materialized_code_pointer
sub_08A693D8,0x08A693D8,6,3,0,0,2,false,materialized_code_pointer
sub_08A693F8,0x08A693F8,3,2,0,0,2,false,materialized_code_pointer
sub_08A69408,0x08A69408,4,1,0,0,1,false,materialized_code_pointer
sub_08A69418,0x08A69418,6,3,0,0,3,false,materialized_code_pointer
sub_08A69438,0x08A69438,2,2,0,0,0,false,materialized_code_pointer
sub_08A69444,0x08A69444,2,2,0,0,0,false,materialized_code_pointer
sub_08A69450,0x08A69450,2,2,0,0,0,false,materialized_code_pointer
sub_08A6945C,0x08A6945C,2,2,0,0,0,false,materialized_code_pointer
sub_08A69468,0x08A69468,2,2,0,0,1,false,materialized_code_pointer
sub_08A69474,0x08A69474,2,2,0,0,1,false,materialized_code_pointer
sub_08A69480,0x08A69480,2,2,0,0,1,false,materialized_code_pointer
sub_08A6948C,0x08A6948C,2,2,0,0,1,false,materialized_code_pointer
sub_08A69498,0x08A69498,2,2,0,0,1,false,materialized_code_pointer
sub_08A694A4,0x08A694A4,2,2,0,0,1,false,materialized_code_pointer
sub_08A694B0,0x08A694B0,2,2,0,0,1,false,materialized_code_pointer
sub_08A694BC,0x08A694BC,2,2,0,0,1,false,materialized_code_pointer
sub_08A694C8,0x08A694C8,2,2,0,0,1,false,materialized_code_pointer
sub_08A694D4,0x08A694D4,5,3,0,0,2,false,materialized_code_pointer
sub_08A694F0,0x08A694F0,2,2,0,0,1,false,materialized_code_pointer
sub_08A694FC,0x08A694FC,2,2,0,0,1,false,materialized_code_pointer
sub_08A69508,0x08A69508,2,2,0,0,1,false,materialized_code_pointer
sub_08A69514,0x08A69514,2,2,0,0,1,false,materialized_code_pointer
sub_08A69520,0x08A69520,3,2,0,0,2,false,materialized_code_pointer
sub_08A69530,0x08A69530,2,2,0,0,0,false,materialized_code_pointer
sub_08A6953C,0x08A6953C,11,1,1,0,8,false,materialized_code_pointer
sub_08A6956C,0x08A6956C,2,1,0,0,0,false,materialized_code_pointer
sub_08A69574,0x08A69574,2,1,0,0,1,false,materialized_code_pointer
sub_08A6957C,0x08A6957C,2,1,0,0,1,false,materialized_code_pointer
sub_08A69584,0x08A69584,2,1,0,0,1,false,materialized_code_pointer
sub_08A6958C,0x08A6958C,1,1,0,0,0,false,materialized_code_pointer
sub_08A69590,0x08A69590,5,1,0,0,4,false,materialized_code_pointer
sub_08A695A4,0x08A695A4,2,1,0,0,1,false,materialized_code_pointer
sub_08A695AC,0x08A695AC,5,1,0,0,4,false,materialized_code_pointer
sub_08A695C0,0x08A695C0,1,1,0,0,0,false,materialized_code_pointer
sub_08A695C4,0x08A695C4,6,2,0,0,4,false,relocated_data_code_pointer
sub_08A695E0,0x08A695E0,11,2,0,0,7,false,materialized_code_pointer
sub_08A695E8,0x08A695E8,10,1,0,0,7,false,materialized_code_pointer
sub_08A69614,0x08A69614,10,1,0,0,6,false,materialized_code_pointer
sub_08A696D4,0x08A696D4,2,1,0,0,1,false,materialized_code_pointer
sub_08A696DC,0x08A696DC,3,1,0,0,0,false,materialized_code_pointer
sub_08A696E8,0x08A696E8,1,1,0,0,0,false,materialized_code_pointer
sub_08A696EC,0x08A696EC,3,1,0,0,3,false,materialized_code_pointer
sub_08A696F8,0x08A696F8,2,1,0,0,1,false,materialized_code_pointer
sub_08A69700,0x08A69700,3,1,0,0,2,false,materialized_code_pointer
sub_08A6970C,0x08A6970C,3,1,0,0,2,false,materialized_code_pointer
sub_08A69718,0x08A69718,5,1,0,0,5,false,materialized_code_pointer
sub_08A6972C,0x08A6972C,7,5,0,0,3,false,materialized_code_pointer
sub_08A69734,0x08A69734,6,4,0,0,3,false,materialized_code_pointer
sub_08A6973C,0x08A6973C,5,3,0,0,3,false,materialized_code_pointer
sub_08A69744,0x08A69744,4,2,0,0,3,false,materialized_code_pointer
sub_08A6974C,0x08A6974C,3,1,0,0,3,false,materialized_code_pointer
sub_08A69758,0x08A69758,3,1,0,0,2,false,materialized_code_pointer
sub_08A69764,0x08A69764,3,1,0,0,2,false,materialized_code_pointer
sub_08A69770,0x08A69770,26,6,0,0,15,false,materialized_code_pointer
sub_08A69788,0x08A69788,16,4,0,0,10,false,materialized_code_pointer
sub_08A697A0,0x08A697A0,10,1,0,0,7,false,materialized_code_pointer
sub_08A697CC,0x08A697CC,10,1,0,0,6,false,materialized_code_pointer
sub_08A697F8,0x08A697F8,5,2,0,0,2,false,materialized_code_pointer
sub_08A69810,0x08A69810,6,3,0,0,2,false,materialized_code_pointer
sub_08A69828,0x08A69828,5,1,0,0,4,false,materialized_code_pointer
sub_08A6983C,0x08A6983C,5,2,0,0,2,false,materialized_code_pointer
sub_08A69854,0x08A69854,5,1,0,0,4,false,materialized_code_pointer
sub_08A69868,0x08A69868,6,3,0,0,2,false,materialized_code_pointer
sub_08A69880,0x08A69880,5,1,0,0,3,false,materialized_code_pointer
sub_08A69894,0x08A69894,5,3,0,0,2,false,materialized_code_pointer
sub_08A698A8,0x08A698A8,5,1,0,0,4,false,materialized_code_pointer
sub_08A698BC,0x08A698BC,6,3,0,0,2,false,materialized_code_pointer
sub_08A698D4,0x08A698D4,6,1,0,0,5,false,materialized_code_pointer
sub_08A698EC,0x08A698EC,6,3,0,0,2,false,materialized_code_pointer
sub_08A69904,0x08A69904,5,2,0,0,2,false,materialized_code_pointer
sub_08A6991C,0x08A6991C,4,1,0,0,2,false,materialized_code_pointer
sub_08A6992C,0x08A6992C,7,1,0,0,5,false,materialized_code_pointer
sub_08A69948,0x08A69948,4,1,0,0,2,false,materialized_code_pointer
sub_08A6995C,0x08A6995C,9,1,0,0,4,false,materialized_code_pointer
sub_08A69980,0x08A69980,2,2,0,0,0,false,materialized_code_pointer
sub_08A6998C,0x08A6998C,38,8,0,0,15,false,materialized_code_pointer
sub_08A69A30,0x08A69A30,1,1,0,0,0,false,materialized_code_pointer
sub_08A69A34,0x08A69A34,5,1,0,0,4,false,materialized_code_pointer
sub_08A69A48,0x08A69A48,3,1,0,0,3,false,materialized_code_pointer
sub_08A69A54,0x08A69A54,3,1,0,0,3,false,materialized_code_pointer
sub_08A69A60,0x08A69A60,3,1,0,0,2,false,materialized_code_pointer
sub_08A69A6C,0x08A69A6C,2,1,0,0,2,false,materialized_code_pointer
sub_08A69A74,0x08A69A74,8,5,0,0,1,false,materialized_code_pointer
sub_08A69A90,0x08A69A90,9,4,0,0,4,false,materialized_code_pointer
sub_08A69AAC,0x08A69AAC,3,1,0,0,2,false,materialized_code_pointer
sub_08A69AB8,0x08A69AB8,39,16,0,0,16,false,materialized_code_pointer
sub_08A69AD4,0x08A69AD4,32,12,0,0,14,false,materialized_code_pointer
sub_08A69AF0,0x08A69AF0,21,8,0,0,8,false,materialized_code_pointer
sub_08A69B0C,0x08A69B0C,14,5,0,0,6,false,materialized_code_pointer
sub_08A69B24,0x08A69B24,7,6,0,0,1,false,materialized_code_pointer
sub_08A69B2C,0x08A69B2C,6,5,0,0,1,false,materialized_code_pointer
sub_08A69B34,0x08A69B34,5,4,0,0,1,false,materialized_code_pointer
sub_08A69B3C,0x08A69B3C,4,3,0,0,1,false,materialized_code_pointer
sub_08A69B44,0x08A69B44,3,2,0,0,1,false,materialized_code_pointer
sub_08A69B4C,0x08A69B4C,2,1,0,0,1,false,materialized_code_pointer
sub_08A69B54,0x08A69B54,2,1,0,0,1,false,materialized_code_pointer
sub_08A69B5C,0x08A69B5C,2,1,0,0,1,false,materialized_code_pointer
sub_08A69B64,0x08A69B64,10,1,0,0,7,false,materialized_code_pointer
sub_08A69B90,0x08A69B90,10,1,0,0,6,false,materialized_code_pointer
sub_08A69BBC,0x08A69BBC,2,2,0,0,1,false,materialized_code_pointer
sub_08A69BC8,0x08A69BC8,2,2,0,0,1,false,materialized_code_pointer
sub_08A69BD4,0x08A69BD4,2,2,0,0,1,false,materialized_code_pointer
sub_08A69BE0,0x08A69BE0,2,2,0,0,0,false,materialized_code_pointer
sub_08A69BEC,0x08A69BEC,2,2,0,0,0,false,materialized_code_pointer
sub_08A69BF8,0x08A69BF8,2,2,0,0,0,false,materialized_code_pointer
sub_08A69C04,0x08A69C04,2,2,0,0,1,false,materialized_code_pointer
sub_08A69C10,0x08A69C10,2,2,0,0,1,false,materialized_code_pointer
sub_08A69C1C,0x08A69C1C,2,2,0,0,1,false,materialized_code_pointer
sub_08A69C28,0x08A69C28,6,1,0,0,4,false,materialized_code_pointer
sub_08A69C40,0x08A69C40,4,1,0,0,2,false,materialized_code_pointer
sub_08A69C50,0x08A69C50,3,1,0,0,2,false,materialized_code_pointer
sub_08A69C5C,0x08A69C5C,1,1,0,0,0,false,materialized_code_pointer
sub_08A69C60,0x08A69C60,6,4,0,0,1,false,materialized_code_pointer
sub_08A69C7C,0x08A69C7C,3,1,0,0,2,false,materialized_code_pointer
sub_08A69C88,0x08A69C88,5,2,0,0,2,false,materialized_code_pointer
sub_08A69CA0,0x08A69CA0,4,1,0,0,1,false,materialized_code_pointer
sub_08A69CB0,0x08A69CB0,13,6,0,1,6,false,materialized_code_pointer
sub_08A69CC8,0x08A69CC8,9,4,0,0,4,false,materialized_code_pointer
sub_08A69CE4,0x08A69CE4,4,2,0,0,2,false,materialized_code_pointer
sub_08A69CF8,0x08A69CF8,5,2,0,0,2,false,materialized_code_pointer
sub_08A69D10,0x08A69D10,5,2,0,0,2,false,materialized_code_pointer
sub_08A69D28,0x08A69D28,5,2,0,0,2,false,materialized_code_pointer
sub_08A69D40,0x08A69D40,3,1,0,0,1,false,materialized_code_pointer
sub_08A69D4C,0x08A69D4C,2,2,0,0,0,false,materialized_code_pointer
sub_08A69D58,0x08A69D58,37,8,0,0,14,false,materialized_code_pointer
sub_08A69DF8,0x08A69DF8,1,1,0,0,0,false,materialized_code_pointer
sub_08A69DFC,0x08A69DFC,2,1,0,0,1,false,materialized_code_pointer
sub_08A69E04,0x08A69E04,3,1,0,0,0,false,materialized_code_pointer
sub_08A69E10,0x08A69E10,8,1,0,0,4,false,materialized_code_pointer
sub_08A69E30,0x08A69E30,10,1,0,0,7,false,materialized_code_pointer
sub_08A69E5C,0x08A69E5C,10,1,0,0,6,false,materialized_code_pointer
sub_08A69E88,0x08A69E88,5,2,0,0,2,false,materialized_code_pointer
sub_08A69EA0,0x08A69EA0,12,8,0,0,2,false,relocated_data_code_pointer
sub_08A69EC0,0x08A69EC0,6,4,0,0,1,false,relocated_data_code_pointer
sub_08A69EDC,0x08A69EDC,46,11,0,0,19,false,relocated_data_code_pointer
sub_08A69EF4,0x08A69EF4,41,8,0,0,18,false,relocated_data_code_pointer
sub_08A69FA4,0x08A69FA4,3,3,0,0,0,false,materialized_code_pointer
sub_08A69FAC,0x08A69FAC,1,1,0,0,0,false,materialized_code_pointer
sub_08A69FB0,0x08A69FB0,2,1,0,0,1,false,materialized_code_pointer
sub_08A69FB8,0x08A69FB8,1,1,0,0,0,false,materialized_code_pointer
sub_08A69FBC,0x08A69FBC,2,1,0,0,1,false,materialized_code_pointer
sub_08A69FC4,0x08A69FC4,2,1,0,0,1,false,materialized_code_pointer
sub_08A69FCC,0x08A69FCC,10,1,0,0,7,false,materialized_code_pointer
sub_08A69FF8,0x08A69FF8,10,1,0,0,6,false,materialized_code_pointer
sub_08A6A024,0x08A6A024,3,1,0,0,1,false,materialized_code_pointer
sub_08A6A030,0x08A6A030,4,1,0,0,2,false,materialized_code_pointer
sub_08A6A040,0x08A6A040,3,1,0,0,0,false,materialized_code_pointer
sub_08A6A04C,0x08A6A04C,2,1,0,0,1,false,materialized_code_pointer
sub_08A6A054,0x08A6A054,4,1,0,0,2,false,materialized_code_pointer
sub_08A6A064,0x08A6A064,1,1,0,0,0,false,materialized_code_pointer
sub_08A6A068,0x08A6A068,1,1,0,0,0,false,materialized_code_pointer
sub_08A6A06C,0x08A6A06C,2,1,0,0,1,false,materialized_code_pointer
sub_08A6A074,0x08A6A074,5,2,0,0,2,false,materialized_code_pointer
sub_08A6A08C,0x08A6A08C,10,1,0,0,7,false,materialized_code_pointer
sub_08A6A0B8,0x08A6A0B8,10,1,0,0,6,false,materialized_code_pointer
sub_08A6A0E4,0x08A6A0E4,8,1,0,0,6,false,materialized_code_pointer
sub_08A6A104,0x08A6A104,8,1,0,0,4,false,materialized_code_pointer
sub_08A6A124,0x08A6A124,5,2,0,0,1,false,materialized_code_pointer
sub_08A6A140,0x08A6A140,7,1,0,0,1,false,materialized_code_pointer
sub_08A6A15C,0x08A6A15C,45,8,0,0,19,false,materialized_code_pointer
sub_08A6A21C,0x08A6A21C,1,1,0,0,0,false,materialized_code_pointer
sub_08A6A220,0x08A6A220,10,1,0,0,7,false,materialized_code_pointer
sub_08A6A24C,0x08A6A24C,10,1,0,0,6,false,materialized_code_pointer
sub_08A6A288,0x08A6A288,2,1,0,0,1,false,materialized_code_pointer
sub_08A6A290,0x08A6A290,2,1,0,0,1,false,materialized_code_pointer
sub_08A6A298,0x08A6A298,4,1,0,0,1,false,materialized_code_pointer
sub_08A6A2A8,0x08A6A2A8,3,1,0,0,3,false,materialized_code_pointer
sub_08A6A2B4,0x08A6A2B4,3,1,0,0,1,false,materialized_code_pointer
sub_08A6A2C0,0x08A6A2C0,4,2,0,0,1,false,materialized_code_pointer
sub_08A6A2D4,0x08A6A2D4,4,2,0,0,1,false,materialized_code_pointer
sub_08A6A2E8,0x08A6A2E8,4,2,0,0,2,false,materialized_code_pointer
sub_08A6A2FC,0x08A6A2FC,4,2,0,0,2,false,materialized_code_pointer
sub_08A6A310,0x08A6A310,2,2,0,0,0,false,materialized_code_pointer
sub_08A6A31C,0x08A6A31C,10,1,0,0,7,false,materialized_code_pointer
sub_08A6A348,0x08A6A348,10,1,0,0,6,false,materialized_code_pointer
sub_08A6A374,0x08A6A374,4,2,0,0,2,false,materialized_code_pointer
sub_08A6A388,0x08A6A388,4,2,0,0,2,false,materialized_code_pointer
sub_08A6A39C,0x08A6A39C,4,2,0,0,3,false,materialized_code_pointer
sub_08A6A3B0,0x08A6A3B0,4,2,0,0,3,false,materialized_code_pointer
sub_08A6A3C4,0x08A6A3C4,2,2,0,0,0,false,materialized_code_pointer
sub_08A6A3D0,0x08A6A3D0,3,1,0,0,1,false,materialized_code_pointer
sub_08A6A3DC,0x08A6A3DC,2,2,0,0,0,false,materialized_code_pointer
sub_08A6A3E8,0x08A6A3E8,4,1,0,0,2,false,materialized_code_pointer
sub_08A6A3F8,0x08A6A3F8,4,1,0,0,2,false,materialized_code_pointer
sub_08A6A408,0x08A6A408,8,2,0,0,2,false,materialized_code_pointer
sub_08A6A42C,0x08A6A42C,8,2,0,0,1,false,materialized_code_pointer
sub_08A6A450,0x08A6A450,39,7,0,0,17,false,materialized_code_pointer
sub_08A6A4F4,0x08A6A4F4,3,3,0,0,0,false,materialized_code_pointer
sub_08A6A4FC,0x08A6A4FC,2,2,0,0,0,false,materialized_code_pointer
sub_08A6A508,0x08A6A508,4,1,0,0,2,false,materialized_code_pointer
sub_08A6A518,0x08A6A518,2,2,0,0,0,false,materialized_code_pointer
sub_08A6A524,0x08A6A524,3,2,0,0,1,false,materialized_code_pointer
sub_08A6A534,0x08A6A534,4,1,0,0,2,false,materialized_code_pointer
sub_08A6A544,0x08A6A544,2,2,0,0,0,false,materialized_code_pointer
sub_08A6A550,0x08A6A550,4,1,0,0,3,false,materialized_code_pointer
sub_08A6A560,0x08A6A560,4,1,0,0,3,false,materialized_code_pointer
sub_08A6A570,0x08A6A570,8,3,0,0,1,false,materialized_code_pointer
sub_08A6A598,0x08A6A598,5,2,0,0,2,false,materialized_code_pointer
sub_08A6A5A0,0x08A6A5A0,4,1,0,0,2,false,materialized_code_pointer
sub_08A6A5B0,0x08A6A5B0,4,1,0,0,2,false,materialized_code_pointer
sub_08A6A5C0,0x08A6A5C0,2,2,0,0,0,false,materialized_code_pointer
sub_08A6A5CC,0x08A6A5CC,41,8,0,0,17,false,materialized_code_pointer
sub_08A6A5D8,0x08A6A5D8,39,7,0,0,16,false,materialized_code_pointer
sub_08A6A67C,0x08A6A67C,2,2,0,0,0,false,materialized_code_pointer
sub_08A6A688,0x08A6A688,3,2,0,0,1,false,materialized_code_pointer
sub_08A6A698,0x08A6A698,4,1,0,0,2,false,materialized_code_pointer
sub_08A6A6A8,0x08A6A6A8,9,2,0,0,3,false,materialized_code_pointer
sub_08A6A6D0,0x08A6A6D0,5,2,0,0,2,false,materialized_code_pointer
sub_08A6A6D8,0x08A6A6D8,4,1,0,0,2,false,materialized_code_pointer
sub_08A6A6E8,0x08A6A6E8,4,1,0,0,0,false,materialized_code_pointer
sub_08A6A6F8,0x08A6A6F8,8,2,0,0,3,false,materialized_code_pointer
sub_08A6A720,0x08A6A720,4,3,0,0,1,false,materialized_code_pointer
sub_08A6A728,0x08A6A728,3,2,0,0,1,false,materialized_code_pointer
sub_08A6A738,0x08A6A738,4,1,0,0,2,false,materialized_code_pointer
sub_08A6A748,0x08A6A748,3,1,0,0,2,false,relocated_data_code_pointer
sub_08A6A754,0x08A6A754,3,1,0,0,1,false,relocated_data_code_pointer
sub_08A6A760,0x08A6A760,3,2,0,0,1,false,relocated_data_code_pointer
sub_08A6A770,0x08A6A770,2,2,0,0,1,false,relocated_data_code_pointer
sub_08A6A77C,0x08A6A77C,3,2,0,0,2,false,relocated_data_code_pointer
sub_08A6A78C,0x08A6A78C,4,1,0,0,2,false,relocated_data_code_pointer
sub_08A6A79C,0x08A6A79C,4,1,0,0,3,false,relocated_data_code_pointer
sub_08A6A7AC,0x08A6A7AC,3,1,0,0,2,false,relocated_data_code_pointer
sub_08A6A7B8,0x08A6A7B8,4,1,0,0,3,false,relocated_data_code_pointer
sub_08A6A7C8,0x08A6A7C8,4,1,0,0,3,false,relocated_data_code_pointer
sub_08A6A7D8,0x08A6A7D8,3,1,0,0,1,false,relocated_data_code_pointer
sub_08A6A7E4,0x08A6A7E4,2,1,0,0,1,false,relocated_data_code_pointer
sub_08A6A7EC,0x08A6A7EC,4,1,0,0,3,false,relocated_data_code_pointer
sub_08A6A7FC,0x08A6A7FC,3,2,0,0,1,false,relocated_data_code_pointer
sub_08A6A80C,0x08A6A80C,3,2,0,0,2,false,relocated_data_code_pointer
sub_08A6A81C,0x08A6A81C,3,1,0,0,2,false,relocated_data_code_pointer
sub_08A6A828,0x08A6A828,3,1,0,0,2,false,relocated_data_code_pointer
sub_08A6A834,0x08A6A834,3,2,0,0,2,false,relocated_data_code_pointer
sub_08A6A844,0x08A6A844,3,2,0,0,1,false,relocated_data_code_pointer
sub_08A6A854,0x08A6A854,3,1,0,0,3,false,relocated_data_code_pointer
sub_08A6A860,0x08A6A860,4,1,0,0,4,false,relocated_data_code_pointer
sub_08A6A870,0x08A6A870,3,1,0,0,2,false,relocated_data_code_pointer
sub_08A6A87C,0x08A6A87C,3,1,0,0,2,false,relocated_data_code_pointer
sub_08A6A888,0x08A6A888,44,7,0,0,19,false,relocated_data_code_pointer
sub_08A6A928,0x08A6A928,2,2,0,0,0,false,materialized_code_pointer
sub_08A6A934,0x08A6A934,12,4,0,1,5,false,relocated_data_code_pointer
sub_08A6A94C,0x08A6A94C,7,1,0,0,4,false,materialized_code_pointer
sub_08A6A968,0x08A6A968,22,3,0,0,16,false,materialized_code_pointer
sub_08A6A9C8,0x08A6A9C8,3,1,0,0,1,false,materialized_code_pointer
sub_08A6A9D4,0x08A6A9D4,14,4,0,0,6,false,materialized_code_pointer
sub_08A6AA00,0x08A6AA00,10,1,0,0,7,false,materialized_code_pointer
sub_08A6AA2C,0x08A6AA2C,10,1,0,0,6,false,materialized_code_pointer
sub_08A6AA58,0x08A6AA58,3,1,0,0,2,false,materialized_code_pointer
sub_08A6AA64,0x08A6AA64,12,1,0,0,8,false,materialized_code_pointer
sub_08A6AA94,0x08A6AA94,4,1,0,0,2,false,materialized_code_pointer
sub_08A6AAA4,0x08A6AAA4,12,2,0,0,8,false,materialized_code_pointer
sub_08A6AAD8,0x08A6AAD8,9,6,0,0,4,false,materialized_code_pointer
sub_08A6AAEC,0x08A6AAEC,5,3,0,0,3,false,materialized_code_pointer
sub_08A6AB00,0x08A6AB00,5,3,0,0,2,false,materialized_code_pointer
sub_08A6AB14,0x08A6AB14,10,3,0,0,3,false,materialized_code_pointer
sub_08A6AB24,0x08A6AB24,6,4,0,0,0,false,materialized_code_pointer
sub_08A6AB38,0x08A6AB38,5,3,0,0,2,false,materialized_code_pointer
sub_08A6AB4C,0x08A6AB4C,14,1,0,0,8,false,materialized_code_pointer
sub_08A6AB84,0x08A6AB84,14,1,0,0,7,false,materialized_code_pointer
sub_08A6ABBC,0x08A6ABBC,11,4,0,0,4,false,materialized_code_pointer
sub_08A6ABDC,0x08A6ABDC,4,1,0,0,1,false,materialized_code_pointer
sub_08A6ABEC,0x08A6ABEC,28,1,0,0,20,false,materialized_code_pointer
sub_08A6AC5C,0x08A6AC5C,5,1,0,0,3,false,materialized_code_pointer
sub_08A6AC74,0x08A6AC74,8,4,0,0,4,false,materialized_code_pointer
sub_08A6AC98,0x08A6AC98,8,5,0,0,2,false,materialized_code_pointer
sub_08A6ACC0,0x08A6ACC0,7,4,0,0,3,false,materialized_code_pointer
sub_08A6ACE0,0x08A6ACE0,12,6,0,0,4,false,materialized_code_pointer
sub_08A6AD38,0x08A6AD38,10,4,0,0,5,false,materialized_code_pointer
sub_08A6AD64,0x08A6AD64,9,3,0,0,5,false,materialized_code_pointer
sub_08A6AD88,0x08A6AD88,19,6,0,0,10,false,materialized_code_pointer
sub_08A6ADB0,0x08A6ADB0,9,3,0,0,5,false,materialized_code_pointer
sub_08A6ADD8,0x08A6ADD8,12,3,0,0,3,false,materialized_code_pointer
sub_08A6ADF8,0x08A6ADF8,15,10,0,0,4,false,materialized_code_pointer
sub_08A6AE1C,0x08A6AE1C,7,5,0,0,1,false,materialized_code_pointer
sub_08A6AE44,0x08A6AE44,16,9,0,0,5,false,materialized_code_pointer
sub_08A6AE70,0x08A6AE70,6,1,0,0,4,false,materialized_code_pointer
sub_08A6AE88,0x08A6AE88,19,4,0,0,13,false,materialized_code_pointer
sub_08A6AEAC,0x08A6AEAC,11,5,0,0,2,false,materialized_code_pointer
sub_08A6AED8,0x08A6AED8,11,3,0,0,7,false,materialized_code_pointer
sub_08A6AEF8,0x08A6AEF8,9,3,0,0,6,false,materialized_code_pointer
sub_08A6AF1C,0x08A6AF1C,7,4,0,0,3,false,materialized_code_pointer
sub_08A6AF3C,0x08A6AF3C,12,3,0,0,6,false,materialized_code_pointer
sub_08A6AF60,0x08A6AF60,9,3,0,0,5,false,materialized_code_pointer
sub_08A6AF88,0x08A6AF88,20,8,0,0,9,false,materialized_code_pointer
sub_08A6AFA4,0x08A6AFA4,14,5,0,0,6,false,materialized_code_pointer
sub_08A6AFC8,0x08A6AFC8,7,1,0,0,3,false,materialized_code_pointer
sub_08A6AFE4,0x08A6AFE4,8,2,0,0,5,false,materialized_code_pointer
sub_08A6B008,0x08A6B008,8,2,0,0,5,false,materialized_code_pointer
sub_08A6B02C,0x08A6B02C,7,4,0,0,3,false,materialized_code_pointer
sub_08A6B04C,0x08A6B04C,2,1,0,0,0,false,materialized_code_pointer
sub_08A6B054,0x08A6B054,5,1,0,0,3,false,materialized_code_pointer
sub_08A6B068,0x08A6B068,2,1,0,0,1,false,materialized_code_pointer
sub_08A6B070,0x08A6B070,4,1,0,0,2,false,materialized_code_pointer
sub_08A6B080,0x08A6B080,4,1,0,0,1,false,materialized_code_pointer
sub_08A6B090,0x08A6B090,4,1,0,0,2,false,materialized_code_pointer
sub_08A6B0A0,0x08A6B0A0,5,1,0,0,4,false,materialized_code_pointer
sub_08A6B0B4,0x08A6B0B4,10,1,0,0,6,false,materialized_code_pointer
sub_08A6B0E0,0x08A6B0E0,19,1,0,0,0,false,materialized_code_pointer
sub_08A6B12C,0x08A6B12C,10,1,0,0,7,false,materialized_code_pointer
sub_08A6B158,0x08A6B158,25,3,0,0,13,false,materialized_code_pointer
sub_08A6B1C4,0x08A6B1C4,7,4,0,0,3,false,materialized_code_pointer
sub_08A6B1F0,0x08A6B1F0,5,1,0,0,3,false,materialized_code_pointer
sub_08A6B204,0x08A6B204,11,3,0,0,4,false,materialized_code_pointer
sub_08A6B220,0x08A6B220,6,1,0,0,2,false,materialized_code_pointer
sub_08A6B238,0x08A6B238,10,2,0,0,5,false,materialized_code_pointer
sub_08A6B264,0x08A6B264,12,2,0,0,6,false,materialized_code_pointer
sub_08A6B298,0x08A6B298,9,4,0,0,1,false,materialized_code_pointer
sub_08A6B2C0,0x08A6B2C0,2,1,0,0,0,false,materialized_code_pointer
sub_08A6B2C8,0x08A6B2C8,15,1,0,0,8,false,materialized_code_pointer
sub_08A6B304,0x08A6B304,8,2,0,0,5,false,materialized_code_pointer
sub_08A6B328,0x08A6B328,7,2,0,0,4,false,materialized_code_pointer
sub_08A6B348,0x08A6B348,9,2,0,0,5,false,materialized_code_pointer
sub_08A6B370,0x08A6B370,10,5,0,0,5,false,materialized_code_pointer
sub_08A6B3A8,0x08A6B3A8,4,2,0,0,2,false,materialized_code_pointer
sub_08A6B3BC,0x08A6B3BC,11,2,0,0,4,false,materialized_code_pointer
sub_08A6B3EC,0x08A6B3EC,17,5,0,0,5,false,materialized_code_pointer
sub_08A6B434,0x08A6B434,6,1,0,0,3,false,materialized_code_pointer
sub_08A6B44C,0x08A6B44C,6,1,0,0,1,false,materialized_code_pointer
sub_08A6B468,0x08A6B468,9,1,0,0,8,false,materialized_code_pointer
sub_08A6B48C,0x08A6B48C,3,1,0,0,3,false,materialized_code_pointer
sub_08A6B498,0x08A6B498,3,1,0,0,1,false,materialized_code_pointer
sub_08A6B4A4,0x08A6B4A4,6,1,0,0,5,false,materialized_code_pointer
sub_08A6B4BC,0x08A6B4BC,3,1,0,0,0,false,materialized_code_pointer
sub_08A6B4CC,0x08A6B4CC,16,1,0,0,9,false,materialized_code_pointer
sub_08A6B50C,0x08A6B50C,6,1,0,0,3,false,relocated_data_code_pointer
sub_08A6B524,0x08A6B524,6,1,0,0,1,false,materialized_code_pointer
sub_08A6B53C,0x08A6B53C,4,1,0,0,1,false,materialized_code_pointer
sub_08A6B54C,0x08A6B54C,3,1,0,0,1,false,materialized_code_pointer
sub_08A6B558,0x08A6B558,4,1,0,0,2,false,materialized_code_pointer
sub_08A6B568,0x08A6B568,3,1,0,0,1,false,materialized_code_pointer
sub_08A6B574,0x08A6B574,3,2,0,0,1,false,materialized_code_pointer
sub_08A6B588,0x08A6B588,4,1,0,0,2,false,materialized_code_pointer
sub_08A6B59C,0x08A6B59C,4,1,0,0,1,false,materialized_code_pointer
sub_08A6B5AC,0x08A6B5AC,4,1,0,0,1,false,materialized_code_pointer
sub_08A6B5BC,0x08A6B5BC,3,1,0,0,1,false,materialized_code_pointer
sub_08A6B5CC,0x08A6B5CC,4,1,0,0,3,false,materialized_code_pointer
sub_08A6B5DC,0x08A6B5DC,5,1,0,0,4,false,materialized_code_pointer
sub_08A6B5F0,0x08A6B5F0,3,1,0,0,1,false,materialized_code_pointer
sub_08A6B600,0x08A6B600,19,1,0,0,0,false,materialized_code_pointer
sub_08A6B64C,0x08A6B64C,10,1,0,0,8,false,materialized_code_pointer
sub_08A6B678,0x08A6B678,7,1,0,0,5,false,materialized_code_pointer
sub_08A6B694,0x08A6B694,10,1,0,0,6,false,materialized_code_pointer
sub_08A6B6C0,0x08A6B6C0,10,2,0,0,5,false,materialized_code_pointer
sub_08A6B6EC,0x08A6B6EC,5,2,0,0,4,false,materialized_code_pointer
sub_08A6B704,0x08A6B704,7,1,0,0,5,false,materialized_code_pointer
sub_08A6B720,0x08A6B720,9,1,0,0,6,false,materialized_code_pointer
sub_08A6B744,0x08A6B744,7,1,0,0,6,false,materialized_code_pointer
sub_08A6B760,0x08A6B760,6,1,0,0,5,false,materialized_code_pointer
sub_08A6B77C,0x08A6B77C,7,1,0,0,6,false,materialized_code_pointer
sub_08A6B798,0x08A6B798,7,1,0,0,5,false,materialized_code_pointer
sub_08A6B7B4,0x08A6B7B4,8,1,0,0,4,false,materialized_code_pointer
sub_08A6B7D4,0x08A6B7D4,8,1,0,0,5,false,materialized_code_pointer
sub_08A6B7F4,0x08A6B7F4,1,1,0,0,0,false,materialized_code_pointer
sub_08A6B7F8,0x08A6B7F8,2,1,0,0,1,false,relocated_r_mips32_code_pointer
sub_08A6B800,0x08A6B800,3,1,0,0,1,false,relocated_r_mips32_code_pointer
sub_08A6B80C,0x08A6B80C,3,1,0,0,1,false,relocated_r_mips32_code_pointer
sub_08A6B818,0x08A6B818,4,1,0,0,2,false,relocated_r_mips32_code_pointer
sub_08A6B828,0x08A6B828,3,2,0,0,1,false,relocated_r_mips32_code_pointer
sub_08A6B838,0x08A6B838,2,2,0,0,0,false,relocated_r_mips32_code_pointer
sub_08A6B844,0x08A6B844,4,1,0,0,2,false,relocated_r_mips32_code_pointer
sub_08A6B854,0x08A6B854,3,1,0,0,0,false,relocated_r_mips32_code_pointer
sub_08A6B860,0x08A6B860,13,1,0,0,8,false,materialized_code_pointer
sub_08A6B894,0x08A6B894,4,1,0,0,2,false,materialized_code_pointer
sub_08A6B8A4,0x08A6B8A4,6,1,0,0,2,false,materialized_code_pointer
sub_08A6B8BC,0x08A6B8BC,3,1,0,0,2,false,materialized_code_pointer
sub_08A6B8C8,0x08A6B8C8,1,1,0,0,0,false,materialized_code_pointer
sub_08A6B8CC,0x08A6B8CC,6,3,0,0,1,false,materialized_code_pointer
sub_08A6B8DC,0x08A6B8DC,2,1,0,0,0,false,materialized_code_pointer
sub_08A6B8E4,0x08A6B8E4,2,1,0,0,0,false,materialized_code_pointer
sub_08A6B8F0,0x08A6B8F0,15,1,0,0,9,false,materialized_code_pointer
sub_08A6B92C,0x08A6B92C,15,1,0,0,10,false,materialized_code_pointer
sub_08A6B968,0x08A6B968,15,1,0,0,10,false,materialized_code_pointer
sub_08A6B9A4,0x08A6B9A4,17,1,0,0,12,false,materialized_code_pointer
sub_08A6B9E8,0x08A6B9E8,15,1,0,0,9,false,materialized_code_pointer
sub_08A6BA24,0x08A6BA24,15,1,0,0,11,false,materialized_code_pointer
sub_08A6BA60,0x08A6BA60,15,1,0,0,11,false,materialized_code_pointer
sub_08A6BA9C,0x08A6BA9C,15,1,0,0,11,false,materialized_code_pointer
sub_08A6BAD8,0x08A6BAD8,16,1,0,0,9,false,materialized_code_pointer
sub_08A6BB18,0x08A6BB18,1,1,0,0,1,false,materialized_code_pointer
sub_08A6BB1C,0x08A6BB1C,2,1,0,0,2,false,materialized_code_pointer
sub_08A6BB24,0x08A6BB24,4,1,0,0,1,false,materialized_code_pointer
sub_08A6BB34,0x08A6BB34,10,1,0,0,7,false,materialized_code_pointer
sub_08A6BB60,0x08A6BB60,10,1,0,0,6,false,materialized_code_pointer
sub_08A6BB8C,0x08A6BB8C,2,1,0,0,0,false,materialized_code_pointer
sub_08A6BB94,0x08A6BB94,3,1,0,0,2,false,materialized_code_pointer
sub_08A6BBA0,0x08A6BBA0,4,2,0,0,1,false,materialized_code_pointer
sub_08A6BBB8,0x08A6BBB8,9,1,0,0,6,false,materialized_code_pointer
sub_08A6BBDC,0x08A6BBDC,5,1,0,0,1,false,materialized_code_pointer
sub_08A6BBF4,0x08A6BBF4,1,1,0,0,1,false,materialized_code_pointer
sub_08A6BBF8,0x08A6BBF8,1,1,0,0,0,false,materialized_code_pointer
sub_08A6BBFC,0x08A6BBFC,1,1,0,0,1,false,materialized_code_pointer
sub_08A6BC00,0x08A6BC00,1,1,0,0,0,false,materialized_code_pointer
sub_08A6BC04,0x08A6BC04,3,1,0,0,1,false,materialized_code_pointer
sub_08A6BC10,0x08A6BC10,7,1,0,0,5,false,materialized_code_pointer
sub_08A6BC2C,0x08A6BC2C,1,1,0,0,0,false,materialized_code_pointer
sub_08A6BC30,0x08A6BC30,1,1,0,0,0,false,materialized_code_pointer
sub_08A6BC34,0x08A6BC34,2,1,0,0,0,false,materialized_code_pointer
sub_08A6BC3C,0x08A6BC3C,1,1,0,0,0,false,materialized_code_pointer
sub_08A6BC40,0x08A6BC40,13,1,0,0,8,false,materialized_code_pointer
sub_08A6BC74,0x08A6BC74,2,1,0,0,1,false,materialized_code_pointer
sub_08A6BC7C,0x08A6BC7C,8,1,0,0,3,false,materialized_code_pointer
sub_08A6BC9C,0x08A6BC9C,5,1,0,0,2,false,materialized_code_pointer
sub_08A6BCB0,0x08A6BCB0,6,1,0,0,5,false,materialized_code_pointer
sub_08A6BCC8,0x08A6BCC8,1,1,0,0,1,false,materialized_code_pointer
sub_08A6BCCC,0x08A6BCCC,2,1,0,0,2,false,materialized_code_pointer
sub_08A6BCD4,0x08A6BCD4,8,1,0,0,5,false,materialized_code_pointer
sub_08A6BCF4,0x08A6BCF4,1,1,0,0,1,false,materialized_code_pointer
sub_08A6BCF8,0x08A6BCF8,8,1,0,0,6,false,materialized_code_pointer
sub_08A6BD18,0x08A6BD18,4,1,0,0,3,false,materialized_code_pointer
sub_08A6BD28,0x08A6BD28,5,1,0,0,2,false,materialized_code_pointer
sub_08A6BD3C,0x08A6BD3C,5,1,0,0,3,false,materialized_code_pointer
sub_08A6BD50,0x08A6BD50,2,1,0,0,1,false,materialized_code_pointer
sub_08A6BD58,0x08A6BD58,1,1,0,0,0,false,materialized_code_pointer
sub_08A6BD5C,0x08A6BD5C,1,1,0,0,1,false,materialized_code_pointer
sub_08A6BD60,0x08A6BD60,5,1,0,0,3,false,materialized_code_pointer
sub_08A6BD74,0x08A6BD74,2,1,0,0,1,false,materialized_code_pointer
sub_08A6BD7C,0x08A6BD7C,1,1,0,0,1,false,materialized_code_pointer
sub_08A6BD80,0x08A6BD80,2,1,0,0,1,false,materialized_code_pointer
sub_08A6BD88,0x08A6BD88,2,1,0,0,0,false,materialized_code_pointer
sub_08A6BD90,0x08A6BD90,1,1,0,0,0,false,materialized_code_pointer
sub_08A6BD94,0x08A6BD94,2,1,0,0,0,false,materialized_code_pointer
sub_08A6BD9C,0x08A6BD9C,6,2,0,0,2,false,materialized_code_pointer
sub_08A6BDB4,0x08A6BDB4,1,1,0,0,0,false,materialized_code_pointer
sub_08A6BDB8,0x08A6BDB8,2,1,0,0,1,false,materialized_code_pointer
sub_08A6BDC0,0x08A6BDC0,1,1,0,0,0,false,materialized_code_pointer
sub_08A6BDC4,0x08A6BDC4,3,1,0,0,1,false,materialized_code_pointer
sub_08A6BDD0,0x08A6BDD0,9,1,0,0,6,false,materialized_code_pointer
sub_08A6BDF4,0x08A6BDF4,8,1,0,0,5,false,materialized_code_pointer
sub_08A6BE14,0x08A6BE14,4,1,0,0,1,false,materialized_code_pointer
sub_08A6BE24,0x08A6BE24,2,1,0,0,1,false,materialized_code_pointer
sub_08A6BE2C,0x08A6BE2C,2,1,0,0,1,false,materialized_code_pointer
sub_08A6BE34,0x08A6BE34,1,1,0,0,1,false,materialized_code_pointer
sub_08A6BE38,0x08A6BE38,2,1,0,0,0,false,materialized_code_pointer
sub_08A6BE40,0x08A6BE40,2,1,0,0,1,false,materialized_code_pointer
sub_08A6BE48,0x08A6BE48,2,1,0,0,2,false,materialized_code_pointer
sub_08A6BE50,0x08A6BE50,9,1,0,0,6,false,materialized_code_pointer
sub_08A6BE74,0x08A6BE74,7,1,0,0,3,false,materialized_code_pointer
sub_08A6BE90,0x08A6BE90,6,1,0,0,4,false,materialized_code_pointer
sub_08A6BEA8,0x08A6BEA8,3,1,0,0,2,false,materialized_code_pointer
sub_08A6BEB4,0x08A6BEB4,5,1,0,0,4,false,materialized_code_pointer
sub_08A6BEC8,0x08A6BEC8,6,1,0,0,4,false,materialized_code_pointer
sub_08A6BEE0,0x08A6BEE0,13,1,0,0,9,false,materialized_code_pointer
sub_08A6BF14,0x08A6BF14,10,1,0,0,6,false,materialized_code_pointer
sub_08A6BF3C,0x08A6BF3C,5,1,0,0,4,false,materialized_code_pointer
sub_08A6BF50,0x08A6BF50,2,1,0,0,0,false,materialized_code_pointer
sub_08A6BF58,0x08A6BF58,1,1,0,0,1,false,materialized_code_pointer
sub_08A6BF5C,0x08A6BF5C,4,1,0,0,3,false,materialized_code_pointer
sub_08A6BF6C,0x08A6BF6C,1,1,0,0,0,false,relocated_r_mips32_code_pointer
sub_08A6BF70,0x08A6BF70,2,1,0,0,1,false,relocated_r_mips32_code_pointer
sub_08A6BF78,0x08A6BF78,2,1,0,0,0,false,relocated_r_mips32_code_pointer
sub_08A6BF80,0x08A6BF80,2,1,0,0,2,false,relocated_r_mips32_code_pointer
sub_08A6BF88,0x08A6BF88,2,1,0,0,1,false,relocated_r_mips32_code_pointer
sub_08A6BF90,0x08A6BF90,2,1,0,0,1,false,relocated_r_mips32_code_pointer
sub_08A6BF98,0x08A6BF98,1,1,0,0,0,false,relocated_r_mips32_code_pointer
sub_08A6BF9C,0x08A6BF9C,2,1,0,0,1,false,relocated_r_mips32_code_pointer
sub_08A6BFA4,0x08A6BFA4,2,1,0,0,1,false,relocated_r_mips32_code_pointer
sub_08A6BFAC,0x08A6BFAC,2,1,0,0,2,false,relocated_r_mips32_code_pointer
sub_08A6BFB4,0x08A6BFB4,2,1,0,0,1,false,relocated_r_mips32_code_pointer
sub_08A6BFBC,0x08A6BFBC,2,1,0,0,0,false,relocated_r_mips32_code_pointer
sub_08A6BFC4,0x08A6BFC4,2,1,0,0,1,false,relocated_r_mips32_code_pointer
sub_08A6BFCC,0x08A6BFCC,1,1,0,0,0,false,relocated_r_mips32_code_pointer
sub_08A6BFD0,0x08A6BFD0,1,1,0,0,0,false,relocated_r_mips32_code_pointer
sub_08A6BFD4,0x08A6BFD4,1,1,0,0,0,false,relocated_r_mips32_code_pointer
sub_08A6BFD8,0x08A6BFD8,2,1,0,0,1,false,relocated_r_mips32_code_pointer
sub_08A6BFE0,0x08A6BFE0,2,1,0,0,0,false,materialized_code_pointer
sub_08A6BFE8,0x08A6BFE8,2,1,0,0,2,false,relocated_r_mips32_code_pointer
sub_08A6BFF0,0x08A6BFF0,2,1,0,0,2,false,relocated_r_mips32_code_pointer
sub_08A6BFF8,0x08A6BFF8,2,1,0,0,1,false,relocated_r_mips32_code_pointer
sub_08A6C000,0x08A6C000,1,1,0,0,0,false,relocated_r_mips32_code_pointer
sub_08A6C004,0x08A6C004,1,1,0,0,0,false,relocated_r_mips32_code_pointer
sub_08A6C008,0x08A6C008,1,1,0,0,0,false,relocated_r_mips32_code_pointer
sub_08A6C00C,0x08A6C00C,2,1,0,0,0,false,relocated_r_mips32_code_pointer
sub_08A6C014,0x08A6C014,1,1,0,0,1,false,relocated_r_mips32_code_pointer
sub_08A6C018,0x08A6C018,1,1,0,0,1,false,relocated_r_mips32_code_pointer
sub_08A6C01C,0x08A6C01C,2,1,0,0,1,false,relocated_r_mips32_code_pointer
sub_08A6C024,0x08A6C024,3,1,0,0,0,false,relocated_r_mips32_code_pointer
sub_08A6C030,0x08A6C030,2,1,0,0,1,false,relocated_r_mips32_code_pointer
sub_08A6C038,0x08A6C038,1,1,0,0,1,false,relocated_r_mips32_code_pointer
sub_08A6C03C,0x08A6C03C,2,1,0,0,1,false,relocated_r_mips32_code_pointer
sub_08A6C044,0x08A6C044,2,1,0,0,1,false,relocated_r_mips32_code_pointer
sub_08A6C04C,0x08A6C04C,1,1,0,0,1,false,relocated_r_mips32_code_pointer
sub_08A6C050,0x08A6C050,12,1,0,0,10,false,materialized_code_pointer
sub_08A6C080,0x08A6C080,2,1,0,0,1,false,materialized_code_pointer
sub_08A6C088,0x08A6C088,1,1,0,0,1,false,materialized_code_pointer
sub_08A6C08C,0x08A6C08C,1,1,0,0,0,false,materialized_code_pointer
sub_08A6C090,0x08A6C090,10,1,0,0,6,false,materialized_code_pointer
sub_08A6C0B8,0x08A6C0B8,6,1,0,0,2,false,materialized_code_pointer
sub_08A6C0D0,0x08A6C0D0,2,1,0,0,1,false,relocated_r_mips32_code_pointer
sub_08A6C0D8,0x08A6C0D8,2,1,0,0,2,false,relocated_r_mips32_code_pointer
sub_08A6C0E0,0x08A6C0E0,2,1,0,0,0,false,relocated_r_mips32_code_pointer
sub_08A6C0E8,0x08A6C0E8,2,1,0,0,1,false,relocated_r_mips32_code_pointer
sub_08A6C0F0,0x08A6C0F0,2,1,0,0,1,false,materialized_code_pointer
sub_08A6C0F8,0x08A6C0F8,3,1,0,0,0,false,materialized_code_pointer
sub_08A6C104,0x08A6C104,3,1,0,0,2,false,materialized_code_pointer
sub_08A6C110,0x08A6C110,15,1,0,0,11,false,materialized_code_pointer
sub_08A6C14C,0x08A6C14C,2,1,0,0,1,false,materialized_code_pointer
sub_08A6C154,0x08A6C154,2,1,0,0,1,false,materialized_code_pointer
sub_08A6C15C,0x08A6C15C,1,1,0,0,1,false,materialized_code_pointer
sub_08A6C160,0x08A6C160,1,1,0,0,1,false,materialized_code_pointer
sub_08A6C164,0x08A6C164,8,1,0,0,4,false,materialized_code_pointer
sub_08A6C184,0x08A6C184,2,1,0,0,1,false,materialized_code_pointer
sub_08A6C18C,0x08A6C18C,9,1,0,0,4,false,materialized_code_pointer
sub_08A6C1B0,0x08A6C1B0,21,2,0,0,11,false,materialized_code_pointer
sub_08A6C1D4,0x08A6C1D4,13,1,0,0,8,false,materialized_code_pointer
sub_08A6C208,0x08A6C208,2,1,0,0,0,false,materialized_code_pointer
sub_08A6C210,0x08A6C210,16,1,0,0,11,false,materialized_code_pointer
sub_08A6C250,0x08A6C250,8,1,0,0,3,false,materialized_code_pointer
sub_08A6C270,0x08A6C270,2,1,0,0,2,false,materialized_code_pointer
sub_08A6C278,0x08A6C278,1,1,0,0,1,false,materialized_code_pointer
sub_08A6C27C,0x08A6C27C,3,1,0,0,2,false,materialized_code_pointer
sub_08A6C288,0x08A6C288,1,1,0,0,0,false,materialized_code_pointer
sub_08A6C28C,0x08A6C28C,10,1,0,0,5,false,materialized_code_pointer
sub_08A6C2B4,0x08A6C2B4,2,1,0,0,1,false,materialized_code_pointer
sub_08A6C2BC,0x08A6C2BC,1,1,0,0,1,false,materialized_code_pointer
sub_08A6C2C0,0x08A6C2C0,1,1,0,0,1,false,materialized_code_pointer
sub_08A6C2C4,0x08A6C2C4,1,1,0,0,1,false,materialized_code_pointer
sub_08A6C2C8,0x08A6C2C8,2,1,0,0,1,false,materialized_code_pointer
sub_08A6C2D0,0x08A6C2D0,2,1,0,0,1,false,materialized_code_pointer
sub_08A6C2D8,0x08A6C2D8,2,1,0,0,1,false,materialized_code_pointer
sub_08A6C2E0,0x08A6C2E0,2,2,0,0,0,false,materialized_code_pointer
sub_08A6C2EC,0x08A6C2EC,2,1,0,0,1,false,materialized_code_pointer
sub_08A6C2F4,0x08A6C2F4,2,1,0,0,2,false,materialized_code_pointer
sub_08A6C2FC,0x08A6C2FC,2,2,0,0,0,false,materialized_code_pointer
sub_08A6C308,0x08A6C308,1,1,0,0,0,false,materialized_code_pointer
sub_08A6C314,0x08A6C314,2,1,0,0,1,false,materialized_code_pointer
sub_08A6C31C,0x08A6C31C,2,1,0,0,0,false,materialized_code_pointer
sub_08A6C324,0x08A6C324,12,1,0,0,5,false,materialized_code_pointer
sub_08A6C354,0x08A6C354,1,1,0,0,1,false,materialized_code_pointer
sub_08A6C358,0x08A6C358,10,2,0,0,3,false,materialized_code_pointer
sub_08A6C364,0x08A6C364,8,1,0,0,3,false,materialized_code_pointer
sub_08A6C384,0x08A6C384,1,1,0,0,0,false,materialized_code_pointer
sub_08A6C388,0x08A6C388,2,1,0,0,0,false,materialized_code_pointer
sub_08A6C390,0x08A6C390,2,1,0,0,0,false,materialized_code_pointer
sub_08A6C398,0x08A6C398,1,1,0,0,1,false,materialized_code_pointer
sub_08A6C39C,0x08A6C39C,1,1,0,0,0,false,materialized_code_pointer
sub_08A6C3A0,0x08A6C3A0,3,1,0,0,2,false,materialized_code_pointer
sub_08A6C3AC,0x08A6C3AC,1,1,0,0,0,false,materialized_code_pointer
sub_08A6C3B0,0x08A6C3B0,2,1,0,0,1,false,relocated_r_mips32_code_pointer
sub_08A6C3B8,0x08A6C3B8,2,1,0,0,0,false,relocated_r_mips32_code_pointer
sub_08A6C3C0,0x08A6C3C0,3,1,0,0,1,false,relocated_r_mips32_code_pointer
sub_08A6C3CC,0x08A6C3CC,2,1,0,0,1,false,relocated_r_mips32_code_pointer
sub_08A6C3D4,0x08A6C3D4,2,2,0,0,0,false,relocated_r_mips32_code_pointer
sub_08A6C3E0,0x08A6C3E0,3,1,0,0,2,false,relocated_r_mips32_code_pointer
sub_08A6C3EC,0x08A6C3EC,2,2,0,0,0,false,relocated_r_mips32_code_pointer
sub_08A6C3F8,0x08A6C3F8,3,1,0,0,2,false,relocated_r_mips32_code_pointer
sub_08A6C404,0x08A6C404,2,2,0,0,0,false,relocated_r_mips32_code_pointer
sub_08A6C410,0x08A6C410,2,2,0,0,0,false,relocated_r_mips32_code_pointer
sub_08A6C41C,0x08A6C41C,2,2,0,0,0,false,relocated_r_mips32_code_pointer
sub_08A6C428,0x08A6C428,2,1,0,0,1,false,relocated_r_mips32_code_pointer
sub_08A6C430,0x08A6C430,1,1,0,0,1,false,relocated_r_mips32_code_pointer
sub_08A6C434,0x08A6C434,1,1,0,0,0,false,relocated_r_mips32_code_pointer
sub_08A6C438,0x08A6C438,1,1,0,0,1,false,relocated_r_mips32_code_pointer
sub_08A6C43C,0x08A6C43C,1,1,0,0,0,false,relocated_r_mips32_code_pointer
sub_08A6C440,0x08A6C440,1,1,0,0,1,false,relocated_r_mips32_code_pointer
sub_08A6C444,0x08A6C444,1,1,0,0,0,false,relocated_r_mips32_code_pointer
sub_08A6C448,0x08A6C448,1,1,0,0,1,false,relocated_r_mips32_code_pointer
sub_08A6C44C,0x08A6C44C,1,1,0,0,1,false,relocated_r_mips32_code_pointer
sub_08A6C450,0x08A6C450,1,1,0,0,0,false,relocated_r_mips32_code_pointer
sub_08A6C454,0x08A6C454,2,1,0,0,2,false,relocated_r_mips32_code_pointer
sub_08A6C45C,0x08A6C45C,1,1,0,0,0,false,relocated_r_mips32_code_pointer
sub_08A6C460,0x08A6C460,1,1,0,0,1,false,relocated_r_mips32_code_pointer
sub_08A6C464,0x08A6C464,1,1,0,0,0,false,relocated_r_mips32_code_pointer
sub_08A6C468,0x08A6C468,1,1,0,0,0,false,relocated_r_mips32_code_pointer
sub_08A6C46C,0x08A6C46C,4,3,0,0,1,false,relocated_r_mips32_code_pointer
sub_08A6C474,0x08A6C474,3,2,0,0,1,false,relocated_r_mips32_code_pointer
sub_08A6C47C,0x08A6C47C,2,1,0,0,1,false,relocated_r_mips32_code_pointer
sub_08A6C484,0x08A6C484,3,1,0,0,2,false,relocated_r_mips32_code_pointer
sub_08A6C490,0x08A6C490,3,2,0,0,1,false,relocated_r_mips32_code_pointer
sub_08A6C498,0x08A6C498,2,1,0,0,1,false,relocated_r_mips32_code_pointer
sub_08A6C4A0,0x08A6C4A0,3,3,0,0,0,false,relocated_r_mips32_code_pointer
sub_08A6C4A8,0x08A6C4A8,2,2,0,0,0,false,relocated_r_mips32_code_pointer
sub_08A6C4B4,0x08A6C4B4,3,2,0,1,2,false,relocated_r_mips32_code_pointer
sub_08A6C4BC,0x08A6C4BC,4,3,0,0,1,false,relocated_r_mips32_code_pointer
sub_08A6C4C4,0x08A6C4C4,3,2,0,0,1,false,relocated_r_mips32_code_pointer
sub_08A6C4CC,0x08A6C4CC,2,1,0,0,1,false,relocated_r_mips32_code_pointer
sub_08A6C4D4,0x08A6C4D4,1,1,0,0,0,false,materialized_code_pointer
sub_08A6C4D8,0x08A6C4D8,4,1,0,0,1,false,materialized_code_pointer
sub_08A6C4E8,0x08A6C4E8,11,1,0,0,4,false,materialized_code_pointer
sub_08A6C514,0x08A6C514,9,1,0,0,6,false,materialized_code_pointer
sub_08A6C538,0x08A6C538,3,1,0,0,2,false,materialized_code_pointer
sub_08A6C544,0x08A6C544,10,1,0,0,6,false,materialized_code_pointer
sub_08A6C56C,0x08A6C56C,4,1,0,0,3,false,materialized_code_pointer
sub_08A6C57C,0x08A6C57C,7,1,0,0,6,false,materialized_code_pointer
sub_08A6C598,0x08A6C598,3,1,0,0,1,false,materialized_code_pointer
sub_08A6C5A4,0x08A6C5A4,3,1,0,0,2,false,materialized_code_pointer
sub_08A6C5B0,0x08A6C5B0,3,1,0,0,2,false,materialized_code_pointer
sub_08A6C5BC,0x08A6C5BC,4,1,0,0,4,false,materialized_code_pointer
sub_08A6C5CC,0x08A6C5CC,3,1,0,0,3,false,materialized_code_pointer
sub_08A6C5D8,0x08A6C5D8,4,1,0,0,3,false,materialized_code_pointer
sub_08A6C5E8,0x08A6C5E8,6,1,0,0,2,false,materialized_code_pointer
sub_08A6C600,0x08A6C600,9,1,0,0,6,false,materialized_code_pointer
sub_08A6C624,0x08A6C624,7,1,0,0,3,false,materialized_code_pointer
sub_08A6C640,0x08A6C640,8,1,0,0,1,false,materialized_code_pointer
sub_08A6C660,0x08A6C660,17,1,0,0,11,false,materialized_code_pointer
sub_08A6C6A4,0x08A6C6A4,6,1,0,0,5,false,materialized_code_pointer
sub_08A6C6BC,0x08A6C6BC,13,1,0,0,9,false,materialized_code_pointer
sub_08A6C6F0,0x08A6C6F0,7,1,0,0,6,false,materialized_code_pointer
sub_08A6C70C,0x08A6C70C,5,1,0,0,3,false,materialized_code_pointer
sub_08A6C720,0x08A6C720,4,1,0,0,2,false,materialized_code_pointer
sub_08A6C730,0x08A6C730,6,1,0,0,3,false,materialized_code_pointer
sub_08A6C748,0x08A6C748,5,1,0,0,4,false,materialized_code_pointer
sub_08A6C75C,0x08A6C75C,1,1,0,0,0,false,materialized_code_pointer
sub_08A6C760,0x08A6C760,2,1,0,0,1,false,materialized_code_pointer
sub_08A6C768,0x08A6C768,2,1,0,0,0,false,relocated_r_mips32_code_pointer
sub_08A6C770,0x08A6C770,2,1,0,0,1,false,relocated_r_mips32_code_pointer
sub_08A6C778,0x08A6C778,2,1,0,0,1,false,relocated_r_mips32_code_pointer
sub_08A6C780,0x08A6C780,2,1,0,0,0,false,relocated_r_mips32_code_pointer
sub_08A6C788,0x08A6C788,2,1,0,0,0,false,relocated_r_mips32_code_pointer
sub_08A6C790,0x08A6C790,2,1,0,0,1,false,materialized_code_pointer
sub_08A6C798,0x08A6C798,2,1,0,0,1,false,materialized_code_pointer
sub_08A6C7A0,0x08A6C7A0,2,1,0,0,1,false,relocated_r_mips32_code_pointer
sub_08A6C7A8,0x08A6C7A8,1,1,0,0,0,false,relocated_r_mips32_code_pointer
sub_08A6C7AC,0x08A6C7AC,2,1,0,0,1,false,relocated_r_mips32_code_pointer
sub_08A6C7B4,0x08A6C7B4,2,1,0,0,2,false,relocated_r_mips32_code_pointer
sub_08A6C7BC,0x08A6C7BC,1,1,0,0,1,false,relocated_r_mips32_code_pointer
sub_08A6C7C0,0x08A6C7C0,2,1,0,0,1,false,relocated_r_mips32_code_pointer
sub_08A6C7C8,0x08A6C7C8,1,1,0,0,1,false,relocated_r_mips32_code_pointer
sub_08A6C7CC,0x08A6C7CC,6,1,0,0,4,false,relocated_r_mips32_code_pointer
sub_08A6C7E4,0x08A6C7E4,8,1,0,0,7,false,materialized_code_pointer
sub_08A6C804,0x08A6C804,6,1,0,0,5,false,materialized_code_pointer
sub_08A6C81C,0x08A6C81C,5,1,0,0,5,false,materialized_code_pointer
sub_08A6C830,0x08A6C830,12,1,0,0,8,false,materialized_code_pointer
sub_08A6C860,0x08A6C860,2,1,0,0,2,false,materialized_code_pointer
sub_08A6C868,0x08A6C868,6,1,0,0,3,false,materialized_code_pointer
sub_08A6C880,0x08A6C880,2,1,0,0,2,false,materialized_code_pointer
sub_08A6C888,0x08A6C888,8,1,0,0,3,false,materialized_code_pointer
sub_08A6C8A8,0x08A6C8A8,16,1,0,0,7,false,materialized_code_pointer
sub_08A6C8E8,0x08A6C8E8,9,1,0,0,5,false,materialized_code_pointer
sub_08A6C90C,0x08A6C90C,5,1,0,0,4,false,materialized_code_pointer
sub_08A6C920,0x08A6C920,6,1,0,0,6,false,materialized_code_pointer
sub_08A6C938,0x08A6C938,5,1,0,0,4,false,materialized_code_pointer
sub_08A6C94C,0x08A6C94C,9,1,0,0,6,false,materialized_code_pointer
sub_08A6C970,0x08A6C970,9,1,0,0,4,false,materialized_code_pointer
sub_08A6C994,0x08A6C994,8,1,0,0,4,false,materialized_code_pointer
sub_08A6C9B4,0x08A6C9B4,8,1,0,0,4,false,materialized_code_pointer
sub_08A6C9D4,0x08A6C9D4,26,3,0,0,13,false,materialized_code_pointer
sub_08A6CA2C,0x08A6CA2C,5,1,0,0,4,false,materialized_code_pointer
sub_08A6CA40,0x08A6CA40,5,1,0,0,3,false,materialized_code_pointer
sub_08A6CA54,0x08A6CA54,1,1,0,0,0,false,materialized_code_pointer
sub_08A6CA58,0x08A6CA58,2,1,0,0,1,false,relocated_r_mips32_code_pointer
sub_08A6CA60,0x08A6CA60,2,1,0,0,0,false,relocated_r_mips32_code_pointer
sub_08A6CA68,0x08A6CA68,3,1,0,0,1,false,relocated_r_mips32_code_pointer
sub_08A6CA74,0x08A6CA74,2,1,0,0,1,false,relocated_r_mips32_code_pointer
sub_08A6CA7C,0x08A6CA7C,2,1,0,0,1,false,relocated_r_mips32_code_pointer
sub_08A6CA84,0x08A6CA84,2,1,0,0,1,false,relocated_r_mips32_code_pointer
sub_08A6CA8C,0x08A6CA8C,2,1,0,0,1,false,relocated_r_mips32_code_pointer
sub_08A6CA94,0x08A6CA94,2,1,0,0,1,false,relocated_r_mips32_code_pointer
sub_08A6CA9C,0x08A6CA9C,2,1,0,0,1,false,relocated_r_mips32_code_pointer
sub_08A6CAA4,0x08A6CAA4,5,1,0,0,4,false,materialized_code_pointer
sub_08A6CAB8,0x08A6CAB8,10,1,0,0,8,false,materialized_code_pointer
sub_08A6CAE0,0x08A6CAE0,14,1,0,0,11,false,materialized_code_pointer
sub_08A6CB18,0x08A6CB18,11,1,0,0,7,false,materialized_code_pointer
sub_08A6CB44,0x08A6CB44,1,1,0,0,1,false,relocated_r_mips32_code_pointer
sub_08A6CB48,0x08A6CB48,2,1,0,0,0,false,relocated_r_mips32_code_pointer
sub_08A6CB50,0x08A6CB50,3,1,0,0,2,false,relocated_r_mips32_code_pointer
sub_08A6CB5C,0x08A6CB5C,2,1,0,0,1,false,relocated_r_mips32_code_pointer
sub_08A6CB64,0x08A6CB64,2,1,0,0,2,false,relocated_r_mips32_code_pointer
sub_08A6CB6C,0x08A6CB6C,2,1,0,0,0,false,relocated_r_mips32_code_pointer
sub_08A6CB74,0x08A6CB74,3,1,0,0,2,false,relocated_r_mips32_code_pointer
sub_08A6CB80,0x08A6CB80,2,1,0,0,0,false,relocated_r_mips32_code_pointer
sub_08A6CB88,0x08A6CB88,2,1,0,0,2,false,relocated_r_mips32_code_pointer
sub_08A6CB90,0x08A6CB90,2,1,0,0,1,false,relocated_r_mips32_code_pointer
sub_08A6CB98,0x08A6CB98,2,1,0,0,1,false,relocated_r_mips32_code_pointer
sub_08A6CBA0,0x08A6CBA0,3,1,0,0,0,false,relocated_r_mips32_code_pointer
sub_08A6CBAC,0x08A6CBAC,2,1,0,0,1,false,relocated_r_mips32_code_pointer
sub_08A6CBB4,0x08A6CBB4,2,1,0,0,0,false,relocated_r_mips32_code_pointer
sub_08A6CBBC,0x08A6CBBC,2,1,0,0,1,false,relocated_r_mips32_code_pointer
sub_08A6CBC4,0x08A6CBC4,2,1,0,0,0,false,relocated_r_mips32_code_pointer
sub_08A6CBCC,0x08A6CBCC,2,1,0,0,1,false,relocated_r_mips32_code_pointer
sub_08A6CBD4,0x08A6CBD4,2,1,0,0,1,false,relocated_r_mips32_code_pointer
sub_08A6CBDC,0x08A6CBDC,2,1,0,0,2,false,relocated_r_mips32_code_pointer
sub_08A6CBE4,0x08A6CBE4,2,1,0,0,0,false,relocated_r_mips32_code_pointer
sub_08A6CBEC,0x08A6CBEC,2,1,0,0,1,false,relocated_r_mips32_code_pointer
sub_08A6CBF4,0x08A6CBF4,2,1,0,0,1,false,relocated_r_mips32_code_pointer
sub_08A6CBFC,0x08A6CBFC,2,1,0,0,1,false,relocated_r_mips32_code_pointer
sub_08A6CC04,0x08A6CC04,2,1,0,0,1,false,relocated_r_mips32_code_pointer
sub_08A6CC0C,0x08A6CC0C,2,1,0,0,0,false,relocated_r_mips32_code_pointer
sub_08A6CC14,0x08A6CC14,3,1,0,0,1,false,relocated_r_mips32_code_pointer
sub_08A6CC20,0x08A6CC20,2,1,0,0,1,false,relocated_r_mips32_code_pointer
sub_08A6CC28,0x08A6CC28,2,1,0,0,1,false,materialized_code_pointer
sub_08A6CC30,0x08A6CC30,7,1,0,0,5,false,materialized_code_pointer
sub_08A6CC4C,0x08A6CC4C,4,1,0,0,3,false,materialized_code_pointer
sub_08A6CC5C,0x08A6CC5C,4,1,0,0,1,false,materialized_code_pointer
sub_08A6CC6C,0x08A6CC6C,3,1,0,0,1,false,materialized_code_pointer
sub_08A6CC78,0x08A6CC78,4,1,0,0,3,false,materialized_code_pointer
sub_08A6CC88,0x08A6CC88,7,1,0,0,4,false,materialized_code_pointer
sub_08A6CCA4,0x08A6CCA4,3,1,0,0,1,false,materialized_code_pointer
sub_08A6CCB0,0x08A6CCB0,1,1,0,0,1,false,materialized_code_pointer
sub_08A6CCB4,0x08A6CCB4,2,1,0,0,0,false,materialized_code_pointer
sub_08A6CCBC,0x08A6CCBC,2,1,0,0,1,false,materialized_code_pointer
sub_08A6CCC4,0x08A6CCC4,5,1,0,0,3,false,materialized_code_pointer
sub_08A6CCD8,0x08A6CCD8,6,1,0,0,4,false,materialized_code_pointer
sub_08A6CCF0,0x08A6CCF0,5,1,0,0,3,false,materialized_code_pointer
sub_08A6CD04,0x08A6CD04,4,1,0,0,2,false,materialized_code_pointer
sub_08A6CD14,0x08A6CD14,10,1,0,0,9,false,materialized_code_pointer
sub_08A6CD3C,0x08A6CD3C,8,1,0,0,7,false,materialized_code_pointer
sub_08A6CD5C,0x08A6CD5C,7,1,0,0,4,false,materialized_code_pointer
sub_08A6CD78,0x08A6CD78,1,1,0,0,0,false,materialized_code_pointer
sub_08A6CD7C,0x08A6CD7C,10,1,0,0,7,false,materialized_code_pointer
sub_08A6CDA8,0x08A6CDA8,10,1,0,0,6,false,materialized_code_pointer
sub_08A6CDD4,0x08A6CDD4,2,1,0,0,2,false,relocated_r_mips32_code_pointer
sub_08A6CDDC,0x08A6CDDC,2,1,0,0,1,false,relocated_r_mips32_code_pointer
sub_08A6CDE4,0x08A6CDE4,2,1,0,0,2,false,relocated_r_mips32_code_pointer
sub_08A6CDEC,0x08A6CDEC,2,1,0,0,2,false,relocated_r_mips32_code_pointer
sub_08A6CDF4,0x08A6CDF4,2,1,0,0,1,false,relocated_r_mips32_code_pointer
sub_08A6CDFC,0x08A6CDFC,2,1,0,0,0,false,relocated_r_mips32_code_pointer
sub_08A6CE04,0x08A6CE04,3,1,0,0,1,false,relocated_r_mips32_code_pointer
sub_08A6CE10,0x08A6CE10,2,1,0,0,0,false,relocated_r_mips32_code_pointer
sub_08A6CE18,0x08A6CE18,2,1,0,0,0,false,relocated_r_mips32_code_pointer
sub_08A6CE20,0x08A6CE20,2,1,0,0,1,false,relocated_r_mips32_code_pointer
sub_08A6CE28,0x08A6CE28,4,1,0,0,2,false,relocated_r_mips32_code_pointer
sub_08A6CE38,0x08A6CE38,2,1,0,0,1,false,relocated_r_mips32_code_pointer
sub_08A6CE40,0x08A6CE40,2,1,0,0,1,false,relocated_r_mips32_code_pointer
sub_08A6CE48,0x08A6CE48,2,1,0,0,1,false,relocated_r_mips32_code_pointer
sub_08A6CE50,0x08A6CE50,2,1,0,0,0,false,relocated_r_mips32_code_pointer
sub_08A6CE58,0x08A6CE58,4,1,0,0,1,false,relocated_r_mips32_code_pointer
sub_08A6CE68,0x08A6CE68,3,1,0,0,0,false,relocated_r_mips32_code_pointer
sub_08A6CE74,0x08A6CE74,2,1,0,0,0,false,relocated_r_mips32_code_pointer
sub_08A6CE7C,0x08A6CE7C,3,1,0,0,2,false,relocated_r_mips32_code_pointer
sub_08A6CE88,0x08A6CE88,2,1,0,0,1,false,relocated_r_mips32_code_pointer
sub_08A6CE90,0x08A6CE90,2,1,0,0,0,false,relocated_r_mips32_code_pointer
sub_08A6CE98,0x08A6CE98,2,1,0,0,2,false,relocated_r_mips32_code_pointer
sub_08A6CEA0,0x08A6CEA0,3,1,0,0,0,false,relocated_r_mips32_code_pointer
sub_08A6CEAC,0x08A6CEAC,2,1,0,0,1,false,relocated_r_mips32_code_pointer
sub_08A6CEB4,0x08A6CEB4,2,1,0,0,1,false,relocated_r_mips32_code_pointer
sub_08A6CEBC,0x08A6CEBC,2,1,0,0,0,false,relocated_r_mips32_code_pointer
sub_08A6CEC4,0x08A6CEC4,2,1,0,0,0,false,relocated_r_mips32_code_pointer
sub_08A6CECC,0x08A6CECC,4,1,0,0,1,false,relocated_r_mips32_code_pointer
sub_08A6CEDC,0x08A6CEDC,3,1,0,0,2,false,relocated_r_mips32_code_pointer
sub_08A6CEE8,0x08A6CEE8,3,1,0,0,2,false,materialized_code_pointer
sub_08A6CEF4,0x08A6CEF4,2,1,0,0,0,false,relocated_r_mips32_code_pointer
sub_08A6CEFC,0x08A6CEFC,2,1,0,0,1,false,relocated_r_mips32_code_pointer
sub_08A6CF04,0x08A6CF04,2,1,0,0,1,false,relocated_r_mips32_code_pointer
sub_08A6CF0C,0x08A6CF0C,16,1,0,0,12,false,materialized_code_pointer
sub_08A6CF4C,0x08A6CF4C,3,1,0,0,1,false,materialized_code_pointer
sub_08A6CF58,0x08A6CF58,6,1,0,0,3,false,materialized_code_pointer
sub_08A6CF70,0x08A6CF70,20,1,0,0,12,false,materialized_code_pointer
sub_08A6CFC0,0x08A6CFC0,1,1,0,0,0,false,materialized_code_pointer
sub_08A6CFC4,0x08A6CFC4,13,1,0,0,7,false,materialized_code_pointer
sub_08A6CFF8,0x08A6CFF8,13,1,0,0,11,false,materialized_code_pointer
sub_08A6D02C,0x08A6D02C,2,1,0,0,1,false,relocated_r_mips32_code_pointer
sub_08A6D034,0x08A6D034,2,1,0,0,1,false,relocated_r_mips32_code_pointer
sub_08A6D03C,0x08A6D03C,2,1,0,0,0,false,materialized_code_pointer
sub_08A6D044,0x08A6D044,2,1,0,0,2,false,relocated_r_mips32_code_pointer
sub_08A6D04C,0x08A6D04C,2,1,0,0,1,false,relocated_r_mips32_code_pointer
sub_08A6D054,0x08A6D054,3,1,0,0,1,false,relocated_r_mips32_code_pointer
sub_08A6D060,0x08A6D060,3,1,0,0,2,false,relocated_r_mips32_code_pointer
sub_08A6D06C,0x08A6D06C,7,1,0,0,7,false,materialized_code_pointer
sub_08A6D088,0x08A6D088,10,1,0,0,7,false,materialized_code_pointer
sub_08A6D0B0,0x08A6D0B0,5,1,0,0,1,false,materialized_code_pointer
sub_08A6D0C4,0x08A6D0C4,1,1,0,0,0,false,materialized_code_pointer
sub_08A6D0C8,0x08A6D0C8,7,1,0,0,6,false,materialized_code_pointer
sub_08A6D0E4,0x08A6D0E4,5,1,0,0,2,false,materialized_code_pointer
sub_08A6D0F8,0x08A6D0F8,3,1,0,0,2,false,materialized_code_pointer
sub_08A6D104,0x08A6D104,4,1,0,0,1,false,materialized_code_pointer
sub_08A6D114,0x08A6D114,1,1,0,0,1,false,materialized_code_pointer
sub_08A6D118,0x08A6D118,2,1,0,0,1,false,materialized_code_pointer
sub_08A6D120,0x08A6D120,7,1,0,0,4,false,materialized_code_pointer
sub_08A6D13C,0x08A6D13C,8,1,0,0,5,false,materialized_code_pointer
sub_08A6D15C,0x08A6D15C,14,1,0,0,12,false,materialized_code_pointer
sub_08A6D194,0x08A6D194,5,1,0,0,3,false,materialized_code_pointer
sub_08A6D1A8,0x08A6D1A8,7,1,0,0,5,false,materialized_code_pointer
sub_08A6D1C4,0x08A6D1C4,2,1,0,0,2,false,materialized_code_pointer
sub_08A6D1CC,0x08A6D1CC,2,2,0,0,0,false,materialized_code_pointer
sub_08A6D1D8,0x08A6D1D8,2,1,0,0,2,false,materialized_code_pointer
sub_08A6D1E0,0x08A6D1E0,2,1,0,0,2,false,materialized_code_pointer
sub_08A6D1E8,0x08A6D1E8,1,1,0,0,0,false,materialized_code_pointer
sub_08A6D1EC,0x08A6D1EC,2,1,0,0,0,false,materialized_code_pointer
sub_08A6D1F4,0x08A6D1F4,3,1,0,0,2,false,materialized_code_pointer
sub_08A6D200,0x08A6D200,3,1,0,0,1,false,materialized_code_pointer
sub_08A6D20C,0x08A6D20C,2,1,0,0,0,false,materialized_code_pointer
sub_08A6D214,0x08A6D214,9,1,0,0,7,false,materialized_code_pointer
sub_08A6D238,0x08A6D238,6,1,0,0,3,false,materialized_code_pointer
sub_08A6D250,0x08A6D250,7,1,0,0,5,false,materialized_code_pointer
sub_08A6D26C,0x08A6D26C,5,1,0,0,3,false,materialized_code_pointer
sub_08A6D280,0x08A6D280,1,1,0,0,0,false,materialized_code_pointer
sub_08A6D284,0x08A6D284,1,1,0,0,0,false,materialized_code_pointer
sub_08A6D288,0x08A6D288,5,1,0,0,3,false,materialized_code_pointer
sub_08A6D29C,0x08A6D29C,2,1,0,0,1,false,materialized_code_pointer
sub_08A6D2A4,0x08A6D2A4,1,1,0,0,0,false,materialized_code_pointer
sub_08A6D2A8,0x08A6D2A8,1,1,0,0,0,false,materialized_code_pointer
sub_08A6D2AC,0x08A6D2AC,1,1,0,0,0,false,materialized_code_pointer
sub_08A6D2B0,0x08A6D2B0,1,1,0,0,0,false,materialized_code_pointer
sub_08A6D2B4,0x08A6D2B4,5,1,0,0,4,false,materialized_code_pointer
sub_08A6D2C8,0x08A6D2C8,4,1,0,0,4,false,materialized_code_pointer
sub_08A6D2D8,0x08A6D2D8,1,1,0,0,0,false,materialized_code_pointer
sub_08A6D2DC,0x08A6D2DC,6,1,0,0,4,false,materialized_code_pointer
sub_08A6D2F4,0x08A6D2F4,2,1,0,0,1,false,materialized_code_pointer
sub_08A6D2FC,0x08A6D2FC,2,1,0,0,0,false,relocated_r_mips32_code_pointer
sub_08A6D304,0x08A6D304,2,1,0,0,2,false,relocated_r_mips32_code_pointer
sub_08A6D30C,0x08A6D30C,2,1,0,0,2,false,relocated_r_mips32_code_pointer
sub_08A6D314,0x08A6D314,3,1,0,0,0,false,relocated_r_mips32_code_pointer
sub_08A6D320,0x08A6D320,3,1,0,0,3,false,relocated_r_mips32_code_pointer
sub_08A6D32C,0x08A6D32C,4,1,0,0,1,false,relocated_r_mips32_code_pointer
sub_08A6D33C,0x08A6D33C,3,1,0,0,2,false,relocated_r_mips32_code_pointer
sub_08A6D348,0x08A6D348,2,1,0,0,0,false,relocated_r_mips32_code_pointer
sub_08A6D350,0x08A6D350,2,1,0,0,2,false,relocated_r_mips32_code_pointer
sub_08A6D358,0x08A6D358,3,1,0,0,0,false,relocated_r_mips32_code_pointer
sub_08A6D364,0x08A6D364,4,1,0,0,1,false,relocated_r_mips32_code_pointer
sub_08A6D374,0x08A6D374,3,1,0,0,2,false,relocated_r_mips32_code_pointer
sub_08A6D380,0x08A6D380,3,1,0,0,2,false,relocated_r_mips32_code_pointer
sub_08A6D38C,0x08A6D38C,6,1,0,0,3,false,materialized_code_pointer
sub_08A6D3A4,0x08A6D3A4,13,1,0,0,11,false,materialized_code_pointer
sub_08A6D3D8,0x08A6D3D8,2,1,0,0,0,false,relocated_r_mips32_code_pointer
sub_08A6D3E0,0x08A6D3E0,2,1,0,0,2,false,relocated_r_mips32_code_pointer
sub_08A6D3E8,0x08A6D3E8,2,1,0,0,0,false,relocated_r_mips32_code_pointer
sub_08A6D3F0,0x08A6D3F0,2,1,0,0,2,false,relocated_r_mips32_code_pointer
sub_08A6D3F8,0x08A6D3F8,12,2,0,0,4,false,relocated_r_mips32_code_pointer
sub_08A6D42C,0x08A6D42C,4,1,0,0,0,false,materialized_code_pointer
sub_08A6D43C,0x08A6D43C,2,2,0,0,1,false,materialized_code_pointer
sub_08A6D448,0x08A6D448,7,1,0,0,5,false,materialized_code_pointer
sub_08A6D464,0x08A6D464,4,1,0,0,4,false,materialized_code_pointer
sub_08A6D474,0x08A6D474,2,1,0,0,1,false,materialized_code_pointer
sub_08A6D47C,0x08A6D47C,3,1,0,0,2,false,materialized_code_pointer
sub_08A6D488,0x08A6D488,3,1,0,0,2,false,materialized_code_pointer
sub_08A6D494,0x08A6D494,4,1,0,0,3,false,materialized_code_pointer
sub_08A6D4A4,0x08A6D4A4,2,1,0,0,1,false,materialized_code_pointer
sub_08A6D4AC,0x08A6D4AC,3,1,0,0,2,false,materialized_code_pointer
sub_08A6D4B8,0x08A6D4B8,2,1,0,0,1,false,materialized_code_pointer
sub_08A6D4C0,0x08A6D4C0,2,1,0,0,0,false,materialized_code_pointer
sub_08A6D4C8,0x08A6D4C8,3,1,0,0,1,false,materialized_code_pointer
sub_08A6D4D4,0x08A6D4D4,3,1,0,0,3,false,materialized_code_pointer
sub_08A6D4E0,0x08A6D4E0,2,1,0,0,1,false,materialized_code_pointer
sub_08A6D4E8,0x08A6D4E8,5,1,0,0,2,false,materialized_code_pointer
sub_08A6D4FC,0x08A6D4FC,1,1,0,0,0,false,relocated_r_mips32_code_pointer
sub_08A6D500,0x08A6D500,2,1,0,0,1,false,relocated_r_mips32_code_pointer
sub_08A6D508,0x08A6D508,1,1,0,0,0,false,relocated_r_mips32_code_pointer
sub_08A6D50C,0x08A6D50C,2,1,0,0,0,false,relocated_r_mips32_code_pointer
sub_08A6D514,0x08A6D514,2,1,0,0,1,false,relocated_r_mips32_code_pointer
sub_08A6D51C,0x08A6D51C,1,1,0,0,0,false,relocated_r_mips32_code_pointer
sub_08A6D520,0x08A6D520,2,1,0,0,1,false,relocated_r_mips32_code_pointer
sub_08A6D528,0x08A6D528,1,1,0,0,0,false,relocated_r_mips32_code_pointer
sub_08A6D52C,0x08A6D52C,3,1,0,0,2,false,relocated_r_mips32_code_pointer
sub_08A6D538,0x08A6D538,1,1,0,0,1,false,relocated_r_mips32_code_pointer
sub_08A6D53C,0x08A6D53C,1,1,0,0,1,false,relocated_r_mips32_code_pointer
sub_08A6D540,0x08A6D540,2,1,0,0,1,false,relocated_r_mips32_code_pointer
sub_08A6D548,0x08A6D548,1,1,0,0,1,false,relocated_r_mips32_code_pointer
sub_08A6D54C,0x08A6D54C,1,1,0,0,1,false,relocated_r_mips32_code_pointer
sub_08A6D550,0x08A6D550,1,1,0,0,1,false,relocated_r_mips32_code_pointer
sub_08A6D554,0x08A6D554,2,1,0,0,0,false,relocated_r_mips32_code_pointer
sub_08A6D55C,0x08A6D55C,2,1,0,0,2,false,relocated_r_mips32_code_pointer
sub_08A6D564,0x08A6D564,2,1,0,0,1,false,relocated_r_mips32_code_pointer
sub_08A6D56C,0x08A6D56C,2,1,0,0,0,false,relocated_r_mips32_code_pointer
sub_08A6D574,0x08A6D574,2,1,0,0,1,false,relocated_r_mips32_code_pointer
sub_08A6D57C,0x08A6D57C,2,1,0,0,0,false,relocated_r_mips32_code_pointer
sub_08A6D584,0x08A6D584,1,1,0,0,1,false,relocated_r_mips32_code_pointer
sub_08A6D588,0x08A6D588,1,1,0,0,1,false,relocated_r_mips32_code_pointer
sub_08A6D58C,0x08A6D58C,1,1,0,0,1,false,relocated_r_mips32_code_pointer
sub_08A6D590,0x08A6D590,1,1,0,0,1,false,relocated_r_mips32_code_pointer
sub_08A6D594,0x08A6D594,1,1,0,0,1,false,relocated_r_mips32_code_pointer
sub_08A6D598,0x08A6D598,1,1,0,0,1,false,relocated_r_mips32_code_pointer
sub_08A6D59C,0x08A6D59C,3,1,0,0,0,false,relocated_r_mips32_code_pointer
sub_08A6D5A8,0x08A6D5A8,2,1,0,0,0,false,relocated_r_mips32_code_pointer
sub_08A6D5B0,0x08A6D5B0,3,1,0,0,1,false,relocated_r_mips32_code_pointer
sub_08A6D5BC,0x08A6D5BC,2,1,0,0,1,false,relocated_r_mips32_code_pointer
sub_08A6D5C4,0x08A6D5C4,3,1,0,0,1,false,materialized_code_pointer
sub_08A6D5D0,0x08A6D5D0,1,1,0,0,0,false,materialized_code_pointer
sub_08A6D5D4,0x08A6D5D4,3,1,0,0,1,false,materialized_code_pointer
sub_08A6D5E0,0x08A6D5E0,7,1,0,0,5,false,materialized_code_pointer
sub_08A6D5FC,0x08A6D5FC,5,1,0,0,3,false,materialized_code_pointer
sub_08A6D610,0x08A6D610,1,1,0,0,0,false,materialized_code_pointer
sub_08A6D614,0x08A6D614,5,1,0,0,2,false,materialized_code_pointer
sub_08A6D628,0x08A6D628,7,1,0,0,4,false,materialized_code_pointer
sub_08A6D644,0x08A6D644,6,1,0,0,5,false,materialized_code_pointer
sub_08A6D65C,0x08A6D65C,6,1,0,0,3,false,materialized_code_pointer
sub_08A6D674,0x08A6D674,8,2,0,0,4,false,materialized_code_pointer
sub_08A6D698,0x08A6D698,8,1,0,0,7,false,materialized_code_pointer
sub_08A6D6B8,0x08A6D6B8,12,1,0,0,9,false,materialized_code_pointer
sub_08A6D6E8,0x08A6D6E8,1,1,0,0,1,false,materialized_code_pointer
sub_08A6D6EC,0x08A6D6EC,1,1,0,0,1,false,materialized_code_pointer
sub_08A6D6F0,0x08A6D6F0,1,1,0,0,1,false,materialized_code_pointer
sub_08A6D6F4,0x08A6D6F4,1,1,0,0,1,false,materialized_code_pointer
sub_08A6D6F8,0x08A6D6F8,1,1,0,0,1,false,materialized_code_pointer
sub_08A6D6FC,0x08A6D6FC,1,1,0,0,1,false,materialized_code_pointer
sub_08A6D700,0x08A6D700,1,1,0,0,1,false,materialized_code_pointer
sub_08A6D704,0x08A6D704,1,1,0,0,1,false,materialized_code_pointer
sub_08A6D708,0x08A6D708,1,1,0,0,1,false,materialized_code_pointer
sub_08A6D70C,0x08A6D70C,1,1,0,0,1,false,materialized_code_pointer
sub_08A6D710,0x08A6D710,1,1,0,0,1,false,materialized_code_pointer
sub_08A6D714,0x08A6D714,1,1,0,0,1,false,materialized_code_pointer
sub_08A6D718,0x08A6D718,1,1,0,0,1,false,materialized_code_pointer
sub_08A6D71C,0x08A6D71C,3,2,0,0,1,false,materialized_code_pointer
sub_08A6D72C,0x08A6D72C,10,1,0,0,7,false,materialized_code_pointer
sub_08A6D758,0x08A6D758,10,1,0,0,6,false,materialized_code_pointer
sub_08A6D784,0x08A6D784,44,2,0,0,21,false,materialized_code_pointer
sub_08A6D838,0x08A6D838,26,2,0,0,15,false,materialized_code_pointer
sub_08A6D8A4,0x08A6D8A4,19,1,0,0,10,false,materialized_code_pointer
sub_08A6D8F0,0x08A6D8F0,2,1,0,0,1,false,materialized_code_pointer
sub_08A6D8F8,0x08A6D8F8,19,1,0,0,8,false,materialized_code_pointer
sub_08A6D944,0x08A6D944,12,3,0,0,4,false,materialized_code_pointer
sub_08A6D978,0x08A6D978,10,1,0,0,7,false,materialized_code_pointer
sub_08A6D9A4,0x08A6D9A4,10,1,0,0,6,false,materialized_code_pointer
sub_08A6D9D0,0x08A6D9D0,10,1,0,0,7,false,materialized_code_pointer
sub_08A6D9FC,0x08A6D9FC,10,1,0,0,6,false,materialized_code_pointer
sub_08A6DA28,0x08A6DA28,16,7,0,0,7,false,materialized_code_pointer
sub_08A6DA64,0x08A6DA64,10,1,0,0,7,false,materialized_code_pointer
sub_08A6DA90,0x08A6DA90,10,1,0,0,6,false,materialized_code_pointer
sub_08A6DABC,0x08A6DABC,20,3,0,0,12,false,materialized_code_pointer
sub_08A6DB14,0x08A6DB14,10,1,0,0,7,false,materialized_code_pointer
sub_08A6DB40,0x08A6DB40,10,1,0,0,6,false,materialized_code_pointer
sub_08A6DB74,0x08A6DB74,4,1,0,0,1,false,materialized_code_pointer
sub_08A6DB84,0x08A6DB84,8,1,0,0,4,false,materialized_code_pointer
sub_08A6DBA4,0x08A6DBA4,3,1,0,0,1,false,materialized_code_pointer
sub_08A6DBB0,0x08A6DBB0,3,1,0,0,3,false,materialized_code_pointer
sub_08A6DBBC,0x08A6DBBC,3,1,0,0,2,false,materialized_code_pointer
sub_08A6DBC8,0x08A6DBC8,10,1,0,0,7,false,materialized_code_pointer
sub_08A6DBF4,0x08A6DBF4,10,1,0,0,6,false,materialized_code_pointer
sub_08A6DC20,0x08A6DC20,17,3,0,0,11,false,materialized_code_pointer
sub_08A6DC64,0x08A6DC64,15,4,0,0,9,false,materialized_code_pointer
sub_08A6DCA4,0x08A6DCA4,2,1,0,0,1,false,materialized_code_pointer
sub_08A6DCAC,0x08A6DCAC,2,1,0,0,1,false,materialized_code_pointer
sub_08A6DCB4,0x08A6DCB4,18,4,0,0,10,false,materialized_code_pointer
sub_08A6DCE8,0x08A6DCE8,3,1,0,0,2,false,materialized_code_pointer
sub_08A6DCF4,0x08A6DCF4,2,1,0,0,2,false,materialized_code_pointer
sub_08A6DCFC,0x08A6DCFC,3,1,0,0,1,false,materialized_code_pointer
sub_08A6DD08,0x08A6DD08,2,1,0,0,0,false,materialized_code_pointer
sub_08A6DD10,0x08A6DD10,4,2,0,0,2,false,materialized_code_pointer
sub_08A6DD24,0x08A6DD24,4,2,0,0,2,false,materialized_code_pointer
sub_08A6DD38,0x08A6DD38,4,2,0,0,3,false,materialized_code_pointer
sub_08A6DD4C,0x08A6DD4C,4,1,0,0,0,false,materialized_code_pointer
sub_08A6DD5C,0x08A6DD5C,4,1,0,0,4,false,materialized_code_pointer
sub_08A6DD6C,0x08A6DD6C,5,1,0,0,4,false,materialized_code_pointer
sub_08A6DD80,0x08A6DD80,2,1,0,0,1,false,materialized_code_pointer
sub_08A6DD88,0x08A6DD88,3,1,0,0,0,false,materialized_code_pointer
sub_08A6DD94,0x08A6DD94,4,1,0,0,2,false,materialized_code_pointer
sub_08A6DDA4,0x08A6DDA4,2,1,0,0,0,false,materialized_code_pointer
sub_08A6DDAC,0x08A6DDAC,4,1,0,0,2,false,materialized_code_pointer
sub_08A6DDBC,0x08A6DDBC,6,1,0,0,2,false,materialized_code_pointer
sub_08A6DDD4,0x08A6DDD4,6,1,0,0,2,false,materialized_code_pointer
sub_08A6DDEC,0x08A6DDEC,2,1,0,0,0,false,materialized_code_pointer
sub_08A6DDF4,0x08A6DDF4,2,1,0,0,2,false,materialized_code_pointer
sub_08A6DDFC,0x08A6DDFC,3,1,0,0,3,false,materialized_code_pointer
sub_08A6DE08,0x08A6DE08,3,1,0,0,0,false,materialized_code_pointer
sub_08A6DE14,0x08A6DE14,2,1,0,0,0,false,materialized_code_pointer
sub_08A6DE1C,0x08A6DE1C,2,1,0,0,0,false,materialized_code_pointer
sub_08A6DE24,0x08A6DE24,4,1,0,0,2,false,materialized_code_pointer
sub_08A6DE34,0x08A6DE34,2,1,0,0,0,false,materialized_code_pointer
sub_08A6DE3C,0x08A6DE3C,4,1,0,0,2,false,materialized_code_pointer
sub_08A6DE4C,0x08A6DE4C,5,1,0,0,4,false,materialized_code_pointer
sub_08A6DE60,0x08A6DE60,5,1,0,0,4,false,materialized_code_pointer
sub_08A6DE74,0x08A6DE74,4,1,0,0,2,false,materialized_code_pointer
sub_08A6DE84,0x08A6DE84,3,2,0,0,1,false,materialized_code_pointer
sub_08A6DE94,0x08A6DE94,3,1,0,0,1,false,materialized_code_pointer
sub_08A6DEA0,0x08A6DEA0,3,1,0,0,2,false,materialized_code_pointer
sub_08A6DEAC,0x08A6DEAC,3,1,0,0,2,false,materialized_code_pointer
sub_08A6DEB8,0x08A6DEB8,3,1,0,0,0,false,materialized_code_pointer
sub_08A6DEC4,0x08A6DEC4,3,1,0,0,1,false,materialized_code_pointer
sub_08A6DED0,0x08A6DED0,3,1,0,0,1,false,materialized_code_pointer
sub_08A6DEDC,0x08A6DEDC,4,1,0,0,3,false,materialized_code_pointer
sub_08A6DEEC,0x08A6DEEC,3,1,0,0,0,false,materialized_code_pointer
sub_08A6DEF8,0x08A6DEF8,6,1,0,0,5,false,materialized_code_pointer
sub_08A6DF14,0x08A6DF14,9,1,0,0,8,false,materialized_code_pointer
sub_08A6DF38,0x08A6DF38,10,1,0,0,9,false,materialized_code_pointer
sub_08A6DF60,0x08A6DF60,9,1,0,0,7,false,materialized_code_pointer
sub_08A6DF88,0x08A6DF88,9,1,0,0,8,false,materialized_code_pointer
sub_08A6DFAC,0x08A6DFAC,10,1,0,0,8,false,materialized_code_pointer
sub_08A6DFD4,0x08A6DFD4,4,1,0,0,3,false,materialized_code_pointer
sub_08A6DFE4,0x08A6DFE4,2,1,0,0,2,false,materialized_code_pointer
sub_08A6DFEC,0x08A6DFEC,3,1,0,0,1,false,materialized_code_pointer
sub_08A6DFF8,0x08A6DFF8,3,1,0,0,1,false,materialized_code_pointer
sub_08A6E004,0x08A6E004,2,1,0,0,0,false,materialized_code_pointer
sub_08A6E00C,0x08A6E00C,3,1,0,0,0,false,materialized_code_pointer
sub_08A6E018,0x08A6E018,2,1,0,0,0,false,materialized_code_pointer
sub_08A6E020,0x08A6E020,2,1,0,0,2,false,materialized_code_pointer
sub_08A6E028,0x08A6E028,2,1,0,0,0,false,materialized_code_pointer
sub_08A6E030,0x08A6E030,3,1,0,0,1,false,materialized_code_pointer
sub_08A6E03C,0x08A6E03C,2,1,0,0,0,false,materialized_code_pointer
sub_08A6E044,0x08A6E044,2,1,0,0,2,false,materialized_code_pointer
sub_08A6E04C,0x08A6E04C,2,1,0,0,0,false,materialized_code_pointer
sub_08A6E054,0x08A6E054,2,1,0,0,1,false,materialized_code_pointer
sub_08A6E05C,0x08A6E05C,3,1,0,0,2,false,materialized_code_pointer
sub_08A6E068,0x08A6E068,2,1,0,0,2,false,materialized_code_pointer
sub_08A6E070,0x08A6E070,2,1,0,0,1,false,materialized_code_pointer
sub_08A6E078,0x08A6E078,2,1,0,0,2,false,materialized_code_pointer
sub_08A6E080,0x08A6E080,3,1,0,0,1,false,materialized_code_pointer
sub_08A6E08C,0x08A6E08C,2,1,0,0,2,false,materialized_code_pointer
sub_08A6E094,0x08A6E094,3,1,0,0,2,false,materialized_code_pointer
sub_08A6E0A0,0x08A6E0A0,3,1,0,0,0,false,materialized_code_pointer
sub_08A6E0AC,0x08A6E0AC,4,1,0,0,1,false,materialized_code_pointer
sub_08A6E0BC,0x08A6E0BC,3,1,0,0,2,false,materialized_code_pointer
sub_08A6E0C8,0x08A6E0C8,3,1,0,0,1,false,materialized_code_pointer
sub_08A6E0D4,0x08A6E0D4,2,1,0,0,1,false,materialized_code_pointer
sub_08A6E0DC,0x08A6E0DC,4,1,0,0,1,false,materialized_code_pointer
sub_08A6E0EC,0x08A6E0EC,2,1,0,0,0,false,materialized_code_pointer
sub_08A6E0F4,0x08A6E0F4,4,1,0,0,4,false,materialized_code_pointer
sub_08A6E104,0x08A6E104,4,1,0,0,2,false,materialized_code_pointer
sub_08A6E114,0x08A6E114,2,2,0,0,1,false,materialized_code_pointer
sub_08A6E120,0x08A6E120,3,1,0,0,1,false,materialized_code_pointer
sub_08A6E12C,0x08A6E12C,4,1,0,0,2,false,materialized_code_pointer
sub_08A6E13C,0x08A6E13C,3,1,0,0,3,false,materialized_code_pointer
sub_08A6E148,0x08A6E148,3,1,0,0,3,false,materialized_code_pointer
sub_08A6E154,0x08A6E154,10,1,0,0,7,false,materialized_code_pointer
sub_08A6E180,0x08A6E180,10,1,0,0,6,false,materialized_code_pointer
sub_08A6E1AC,0x08A6E1AC,3,1,0,0,1,false,materialized_code_pointer
sub_08A6E1B8,0x08A6E1B8,3,1,0,0,2,false,materialized_code_pointer
sub_08A6E1C4,0x08A6E1C4,3,1,0,0,3,false,materialized_code_pointer
sub_08A6E1D0,0x08A6E1D0,3,1,0,0,1,false,materialized_code_pointer
sub_08A6E1DC,0x08A6E1DC,3,1,0,0,2,false,materialized_code_pointer
sub_08A6E1E8,0x08A6E1E8,3,1,0,0,1,false,materialized_code_pointer
sub_08A6E1F4,0x08A6E1F4,10,1,0,0,7,false,materialized_code_pointer
sub_08A6E220,0x08A6E220,10,1,0,0,6,false,materialized_code_pointer
sub_08A6E24C,0x08A6E24C,3,1,0,0,3,false,materialized_code_pointer
sub_08A6E258,0x08A6E258,3,1,0,0,3,false,materialized_code_pointer
sub_08A6E264,0x08A6E264,2,1,0,0,1,false,materialized_code_pointer
sub_08A6E26C,0x08A6E26C,4,1,0,0,3,false,materialized_code_pointer
sub_08A6E27C,0x08A6E27C,4,1,0,0,3,false,materialized_code_pointer
sub_08A6E28C,0x08A6E28C,3,1,0,0,3,false,materialized_code_pointer
sub_08A6E298,0x08A6E298,3,1,0,0,2,false,materialized_code_pointer
sub_08A6E2A4,0x08A6E2A4,10,1,0,0,7,false,materialized_code_pointer
sub_08A6E2D0,0x08A6E2D0,10,1,0,0,6,false,materialized_code_pointer
sub_08A6E2FC,0x08A6E2FC,2,1,0,0,2,false,materialized_code_pointer
sub_08A6E304,0x08A6E304,3,1,0,0,1,false,materialized_code_pointer
sub_08A6E310,0x08A6E310,10,1,0,0,7,false,materialized_code_pointer
sub_08A6E33C,0x08A6E33C,10,1,0,0,6,false,materialized_code_pointer
sub_08A6E368,0x08A6E368,4,1,0,0,3,false,materialized_code_pointer
sub_08A6E378,0x08A6E378,12,1,0,0,7,false,materialized_code_pointer
sub_08A6E3A8,0x08A6E3A8,7,1,0,0,5,false,materialized_code_pointer
sub_08A6E3C4,0x08A6E3C4,9,1,0,0,5,false,materialized_code_pointer
sub_08A6E3E8,0x08A6E3E8,1,1,0,0,0,false,materialized_code_pointer
sub_08A6E3EC,0x08A6E3EC,3,1,0,0,2,false,materialized_code_pointer
sub_08A6E3F8,0x08A6E3F8,3,1,0,0,1,false,materialized_code_pointer
sub_08A6E404,0x08A6E404,3,1,0,0,1,false,materialized_code_pointer
sub_08A6E410,0x08A6E410,3,1,0,0,0,false,materialized_code_pointer
sub_08A6E41C,0x08A6E41C,2,1,0,0,2,false,materialized_code_pointer
sub_08A6E424,0x08A6E424,3,1,0,0,0,false,materialized_code_pointer
sub_08A6E430,0x08A6E430,2,1,0,0,1,false,materialized_code_pointer
sub_08A6E438,0x08A6E438,2,1,0,0,2,false,materialized_code_pointer
sub_08A6E440,0x08A6E440,4,1,0,0,3,false,materialized_code_pointer
sub_08A6E450,0x08A6E450,3,1,0,0,2,false,materialized_code_pointer
sub_08A6E45C,0x08A6E45C,2,1,0,0,2,false,materialized_code_pointer
sub_08A6E464,0x08A6E464,2,1,0,0,1,false,materialized_code_pointer
sub_08A6E46C,0x08A6E46C,2,1,0,0,1,false,materialized_code_pointer
sub_08A6E474,0x08A6E474,3,1,0,0,3,false,materialized_code_pointer
sub_08A6E480,0x08A6E480,3,1,0,0,2,false,materialized_code_pointer
sub_08A6E48C,0x08A6E48C,2,1,0,0,1,false,materialized_code_pointer
sub_08A6E494,0x08A6E494,3,1,0,0,3,false,materialized_code_pointer
sub_08A6E4A0,0x08A6E4A0,4,1,0,0,3,false,materialized_code_pointer
sub_08A6E4B0,0x08A6E4B0,3,1,0,0,1,false,materialized_code_pointer
sub_08A6E4BC,0x08A6E4BC,2,1,0,0,1,false,materialized_code_pointer
sub_08A6E4C4,0x08A6E4C4,4,2,0,0,1,false,materialized_code_pointer
sub_08A6E4D0,0x08A6E4D0,2,1,0,0,0,false,materialized_code_pointer
sub_08A6E4D8,0x08A6E4D8,2,1,0,0,1,false,materialized_code_pointer
sub_08A6E4E0,0x08A6E4E0,4,1,0,0,3,false,materialized_code_pointer
sub_08A6E4F0,0x08A6E4F0,5,1,0,0,3,false,materialized_code_pointer
sub_08A6E504,0x08A6E504,4,1,0,0,3,false,materialized_code_pointer
sub_08A6E514,0x08A6E514,3,1,0,0,3,false,materialized_code_pointer
sub_08A6E520,0x08A6E520,4,1,0,0,2,false,materialized_code_pointer
sub_08A6E530,0x08A6E530,5,1,0,0,4,false,materialized_code_pointer
sub_08A6E544,0x08A6E544,5,1,0,0,2,false,materialized_code_pointer
sub_08A6E558,0x08A6E558,4,1,0,0,3,false,materialized_code_pointer
sub_08A6E568,0x08A6E568,4,1,0,0,2,false,materialized_code_pointer
sub_08A6E578,0x08A6E578,5,1,0,0,4,false,materialized_code_pointer
sub_08A6E58C,0x08A6E58C,4,1,0,0,2,false,materialized_code_pointer
sub_08A6E59C,0x08A6E59C,4,1,0,0,3,false,materialized_code_pointer
sub_08A6E5AC,0x08A6E5AC,5,1,0,0,4,false,materialized_code_pointer
sub_08A6E5C0,0x08A6E5C0,5,1,0,0,4,false,materialized_code_pointer
sub_08A6E5D4,0x08A6E5D4,6,1,0,0,4,false,materialized_code_pointer
sub_08A6E5EC,0x08A6E5EC,7,1,0,0,5,false,materialized_code_pointer
sub_08A6E608,0x08A6E608,5,1,0,0,3,false,materialized_code_pointer
sub_08A6E61C,0x08A6E61C,5,1,0,0,3,false,materialized_code_pointer
sub_08A6E630,0x08A6E630,7,1,0,0,5,false,materialized_code_pointer
sub_08A6E64C,0x08A6E64C,5,1,0,0,4,false,materialized_code_pointer
sub_08A6E660,0x08A6E660,6,1,0,0,5,false,materialized_code_pointer
sub_08A6E678,0x08A6E678,4,1,0,0,3,false,materialized_code_pointer
sub_08A6E688,0x08A6E688,4,1,0,0,4,false,materialized_code_pointer
sub_08A6E698,0x08A6E698,5,1,0,0,3,false,materialized_code_pointer
sub_08A6E6AC,0x08A6E6AC,4,1,0,0,3,false,materialized_code_pointer
sub_08A6E6BC,0x08A6E6BC,6,1,0,0,5,false,materialized_code_pointer
sub_08A6E6D4,0x08A6E6D4,6,1,0,0,5,false,materialized_code_pointer
sub_08A6E6EC,0x08A6E6EC,6,1,0,0,4,false,materialized_code_pointer
sub_08A6E704,0x08A6E704,6,1,0,0,4,false,materialized_code_pointer
sub_08A6E71C,0x08A6E71C,6,1,0,0,3,false,materialized_code_pointer
sub_08A6E734,0x08A6E734,7,1,0,0,6,false,materialized_code_pointer
sub_08A6E750,0x08A6E750,5,2,0,0,3,false,materialized_code_pointer
sub_08A6E768,0x08A6E768,6,1,0,0,5,false,materialized_code_pointer
sub_08A6E780,0x08A6E780,5,1,0,0,5,false,materialized_code_pointer
sub_08A6E794,0x08A6E794,7,1,0,0,5,false,materialized_code_pointer
sub_08A6E7B0,0x08A6E7B0,5,2,0,0,2,false,materialized_code_pointer
sub_08A6E7C8,0x08A6E7C8,5,2,0,0,2,false,materialized_code_pointer
sub_08A6E7E0,0x08A6E7E0,11,2,0,0,6,false,materialized_code_pointer
sub_08A6E810,0x08A6E810,4,1,0,0,2,false,materialized_code_pointer
sub_08A6E820,0x08A6E820,6,1,0,0,4,false,materialized_code_pointer
sub_08A6E838,0x08A6E838,5,2,0,0,2,false,materialized_code_pointer
sub_08A6E850,0x08A6E850,6,1,0,0,3,false,materialized_code_pointer
sub_08A6E868,0x08A6E868,5,2,0,0,2,false,materialized_code_pointer
sub_08A6E880,0x08A6E880,4,2,0,0,2,false,materialized_code_pointer
sub_08A6E894,0x08A6E894,6,1,0,0,3,false,materialized_code_pointer
sub_08A6E8AC,0x08A6E8AC,5,1,0,0,4,false,materialized_code_pointer
sub_08A6E8C0,0x08A6E8C0,6,1,0,0,3,false,materialized_code_pointer
sub_08A6E8D8,0x08A6E8D8,6,1,0,0,4,false,materialized_code_pointer
sub_08A6E8F0,0x08A6E8F0,5,1,0,0,3,false,materialized_code_pointer
sub_08A6E904,0x08A6E904,3,1,0,0,2,false,materialized_code_pointer
sub_08A6E910,0x08A6E910,6,1,0,0,3,false,materialized_code_pointer
sub_08A6E928,0x08A6E928,4,1,0,0,2,false,materialized_code_pointer
sub_08A6E938,0x08A6E938,4,1,0,0,2,false,materialized_code_pointer
sub_08A6E948,0x08A6E948,4,1,0,0,2,false,materialized_code_pointer
sub_08A6E958,0x08A6E958,4,1,0,0,2,false,materialized_code_pointer
sub_08A6E968,0x08A6E968,4,1,0,0,2,false,materialized_code_pointer
sub_08A6E978,0x08A6E978,3,1,0,0,1,false,materialized_code_pointer
sub_08A6E984,0x08A6E984,4,1,0,0,2,false,materialized_code_pointer
sub_08A6E994,0x08A6E994,4,1,0,0,3,false,materialized_code_pointer
sub_08A6E9A4,0x08A6E9A4,5,1,0,0,3,false,materialized_code_pointer
sub_08A6E9B8,0x08A6E9B8,5,1,0,0,3,false,materialized_code_pointer
sub_08A6E9CC,0x08A6E9CC,4,1,0,0,2,false,materialized_code_pointer
sub_08A6E9DC,0x08A6E9DC,4,1,0,0,1,false,materialized_code_pointer
sub_08A6E9EC,0x08A6E9EC,4,1,0,0,2,false,materialized_code_pointer
sub_08A6E9FC,0x08A6E9FC,6,1,0,0,1,false,materialized_code_pointer
sub_08A6EA14,0x08A6EA14,6,1,0,0,3,false,materialized_code_pointer
sub_08A6EA2C,0x08A6EA2C,4,1,0,0,1,false,materialized_code_pointer
sub_08A6EA3C,0x08A6EA3C,4,1,0,0,1,false,materialized_code_pointer
sub_08A6EA4C,0x08A6EA4C,5,1,0,0,1,false,materialized_code_pointer
sub_08A6EA60,0x08A6EA60,4,1,0,0,1,false,materialized_code_pointer
sub_08A6EA70,0x08A6EA70,5,1,0,0,1,false,materialized_code_pointer
sub_08A6EA84,0x08A6EA84,5,1,0,0,3,false,materialized_code_pointer
sub_08A6EA98,0x08A6EA98,5,1,0,0,4,false,materialized_code_pointer
sub_08A6EAAC,0x08A6EAAC,5,1,0,0,4,false,materialized_code_pointer
sub_08A6EAC0,0x08A6EAC0,6,1,0,0,5,false,materialized_code_pointer
sub_08A6EAD8,0x08A6EAD8,5,1,0,0,3,false,materialized_code_pointer
sub_08A6EAEC,0x08A6EAEC,5,1,0,0,4,false,materialized_code_pointer
sub_08A6EB00,0x08A6EB00,10,1,0,0,7,false,materialized_code_pointer
sub_08A6EB2C,0x08A6EB2C,10,1,0,0,6,false,materialized_code_pointer
sub_08A6EB58,0x08A6EB58,2,1,0,0,2,false,materialized_code_pointer
sub_08A6EB60,0x08A6EB60,2,1,0,0,1,false,materialized_code_pointer
sub_08A6EB68,0x08A6EB68,9,2,0,0,6,false,materialized_code_pointer
sub_08A6EB90,0x08A6EB90,13,1,0,0,7,false,materialized_code_pointer
sub_08A6EBC8,0x08A6EBC8,11,1,0,0,6,false,materialized_code_pointer
sub_08A6EBF4,0x08A6EBF4,2,1,0,0,0,false,materialized_code_pointer
sub_08A6EBFC,0x08A6EBFC,4,1,0,0,3,false,materialized_code_pointer
sub_08A6EC0C,0x08A6EC0C,2,2,0,0,0,false,materialized_code_pointer
sub_08A6EC18,0x08A6EC18,2,1,0,0,2,false,materialized_code_pointer
sub_08A6EC20,0x08A6EC20,12,1,0,0,9,false,materialized_code_pointer
sub_08A6EC50,0x08A6EC50,14,1,0,0,12,false,materialized_code_pointer
sub_08A6EC88,0x08A6EC88,10,1,0,0,7,false,materialized_code_pointer
sub_08A6ECB4,0x08A6ECB4,10,1,0,0,6,false,materialized_code_pointer
sub_08A6ECE0,0x08A6ECE0,2,1,0,0,0,false,materialized_code_pointer
sub_08A6ECE8,0x08A6ECE8,2,1,0,0,0,false,materialized_code_pointer
sub_08A6ECF0,0x08A6ECF0,3,1,0,0,1,false,materialized_code_pointer
sub_08A6ECFC,0x08A6ECFC,3,1,0,0,2,false,materialized_code_pointer
sub_08A6ED08,0x08A6ED08,3,1,0,0,2,false,materialized_code_pointer
sub_08A6ED14,0x08A6ED14,2,1,0,0,0,false,materialized_code_pointer
sub_08A6ED1C,0x08A6ED1C,3,1,0,0,3,false,materialized_code_pointer
sub_08A6ED28,0x08A6ED28,3,2,0,0,1,false,materialized_code_pointer
sub_08A6ED38,0x08A6ED38,4,1,0,0,2,false,materialized_code_pointer
sub_08A6ED48,0x08A6ED48,2,1,0,0,2,false,materialized_code_pointer
sub_08A6ED50,0x08A6ED50,4,1,0,0,1,false,materialized_code_pointer
sub_08A6ED64,0x08A6ED64,9,1,0,0,6,false,materialized_code_pointer
sub_08A6ED88,0x08A6ED88,13,1,0,0,8,false,materialized_code_pointer
sub_08A6EDBC,0x08A6EDBC,11,1,0,0,8,false,materialized_code_pointer
sub_08A6EDE8,0x08A6EDE8,11,1,0,0,8,false,materialized_code_pointer
sub_08A6EE14,0x08A6EE14,8,1,0,0,4,false,materialized_code_pointer
sub_08A6EE34,0x08A6EE34,4,1,0,0,1,false,materialized_code_pointer
sub_08A6EE48,0x08A6EE48,2,1,0,0,1,false,materialized_code_pointer
sub_08A6EE50,0x08A6EE50,2,1,0,0,0,false,materialized_code_pointer
sub_08A6EE58,0x08A6EE58,3,1,0,0,2,false,materialized_code_pointer
sub_08A6EE64,0x08A6EE64,3,1,0,0,2,false,materialized_code_pointer
sub_08A6EE70,0x08A6EE70,2,1,0,0,2,false,materialized_code_pointer
sub_08A6EE78,0x08A6EE78,3,1,0,0,1,false,materialized_code_pointer
sub_08A6EE84,0x08A6EE84,3,1,0,0,2,false,materialized_code_pointer
sub_08A6EE90,0x08A6EE90,3,1,0,0,2,false,materialized_code_pointer
sub_08A6EE9C,0x08A6EE9C,4,1,0,0,1,false,materialized_code_pointer
sub_08A6EEAC,0x08A6EEAC,2,1,0,0,2,false,materialized_code_pointer
sub_08A6EEB4,0x08A6EEB4,2,1,0,0,2,false,materialized_code_pointer
sub_08A6EEBC,0x08A6EEBC,3,1,0,0,2,false,materialized_code_pointer
sub_08A6EEC8,0x08A6EEC8,3,1,0,0,2,false,materialized_code_pointer
sub_08A6EED4,0x08A6EED4,2,1,0,0,0,false,materialized_code_pointer
sub_08A6EEDC,0x08A6EEDC,13,1,0,0,9,false,materialized_code_pointer
sub_08A6EF14,0x08A6EF14,15,1,0,0,10,false,materialized_code_pointer
sub_08A6EF50,0x08A6EF50,30,3,0,0,17,false,materialized_code_pointer
sub_08A6F00C,0x08A6F00C,10,1,0,0,7,false,materialized_code_pointer
sub_08A6F038,0x08A6F038,10,1,0,0,6,false,materialized_code_pointer
sub_08A6F064,0x08A6F064,14,2,0,0,8,false,materialized_code_pointer
sub_08A6F0A0,0x08A6F0A0,17,2,0,0,10,false,materialized_code_pointer
sub_08A6F0EC,0x08A6F0EC,3,1,0,0,1,false,materialized_code_pointer
sub_08A6F0F8,0x08A6F0F8,1,1,0,0,0,false,materialized_code_pointer
sub_08A6F0FC,0x08A6F0FC,4,1,0,0,3,false,materialized_code_pointer
sub_08A6F10C,0x08A6F10C,1,1,0,0,0,false,materialized_code_pointer
sub_08A6F110,0x08A6F110,10,1,0,0,7,false,materialized_code_pointer
sub_08A6F13C,0x08A6F13C,10,1,0,0,6,false,materialized_code_pointer
sub_08A6F168,0x08A6F168,2,1,0,0,1,false,materialized_code_pointer
sub_08A6F170,0x08A6F170,4,1,0,0,3,false,materialized_code_pointer
sub_08A6F180,0x08A6F180,3,1,0,0,2,false,materialized_code_pointer
sub_08A6F18C,0x08A6F18C,13,1,0,0,10,false,materialized_code_pointer
sub_08A6F1C0,0x08A6F1C0,14,1,0,0,9,false,materialized_code_pointer
sub_08A6F1F8,0x08A6F1F8,14,1,0,0,9,false,materialized_code_pointer
sub_08A6F230,0x08A6F230,4,1,0,0,2,false,materialized_code_pointer
sub_08A6F240,0x08A6F240,15,1,0,0,10,false,materialized_code_pointer
sub_08A6F27C,0x08A6F27C,1,1,0,0,0,false,materialized_code_pointer
sub_08A6F280,0x08A6F280,2,1,0,0,2,false,materialized_code_pointer
sub_08A6F288,0x08A6F288,2,1,0,0,2,false,materialized_code_pointer
sub_08A6F290,0x08A6F290,2,1,0,0,2,false,materialized_code_pointer
sub_08A6F298,0x08A6F298,4,1,0,0,2,false,materialized_code_pointer
sub_08A6F2A8,0x08A6F2A8,3,1,0,0,2,false,materialized_code_pointer
sub_08A6F2B4,0x08A6F2B4,20,1,0,0,11,false,materialized_code_pointer
sub_08A6F304,0x08A6F304,68,7,0,0,30,false,materialized_code_pointer
sub_08A6F420,0x08A6F420,10,1,0,0,7,false,materialized_code_pointer
sub_08A6F44C,0x08A6F44C,10,1,0,0,6,false,materialized_code_pointer
sub_08A6F478,0x08A6F478,1,1,0,0,0,false,materialized_code_pointer
sub_08A6F47C,0x08A6F47C,19,1,0,0,11,false,materialized_code_pointer
sub_08A6F4C8,0x08A6F4C8,5,1,0,0,2,false,materialized_code_pointer
sub_08A6F4DC,0x08A6F4DC,4,1,0,0,2,false,materialized_code_pointer
sub_08A6F4EC,0x08A6F4EC,4,1,0,0,1,false,materialized_code_pointer
sub_08A6F4FC,0x08A6F4FC,2,1,0,0,0,false,materialized_code_pointer
sub_08A6F504,0x08A6F504,3,1,0,0,2,false,materialized_code_pointer
sub_08A6F510,0x08A6F510,3,1,0,0,2,false,materialized_code_pointer
sub_08A6F51C,0x08A6F51C,4,1,0,0,3,false,materialized_code_pointer
sub_08A6F52C,0x08A6F52C,4,1,0,0,3,false,materialized_code_pointer
sub_08A6F53C,0x08A6F53C,2,1,0,0,1,false,materialized_code_pointer
sub_08A6F544,0x08A6F544,12,1,0,0,5,false,materialized_code_pointer
sub_08A6F574,0x08A6F574,42,3,0,0,21,false,materialized_code_pointer
sub_08A6F620,0x08A6F620,10,1,0,0,7,false,materialized_code_pointer
sub_08A6F64C,0x08A6F64C,10,1,0,0,6,false,materialized_code_pointer
sub_08A6F678,0x08A6F678,1,1,0,0,0,false,materialized_code_pointer
sub_08A6F67C,0x08A6F67C,19,1,0,0,11,false,materialized_code_pointer
sub_08A6F6C8,0x08A6F6C8,4,1,0,0,3,false,materialized_code_pointer
sub_08A6F6D8,0x08A6F6D8,3,1,0,0,3,false,materialized_code_pointer
sub_08A6F6E4,0x08A6F6E4,5,1,0,0,4,false,materialized_code_pointer
sub_08A6F6F8,0x08A6F6F8,4,1,0,0,2,false,materialized_code_pointer
sub_08A6F708,0x08A6F708,2,1,0,0,1,false,materialized_code_pointer
sub_08A6F710,0x08A6F710,4,1,0,0,2,false,materialized_code_pointer
sub_08A6F720,0x08A6F720,28,3,0,0,16,false,materialized_code_pointer
sub_08A6F798,0x08A6F798,14,1,0,0,9,false,materialized_code_pointer
sub_08A6F7D4,0x08A6F7D4,22,1,0,0,14,false,materialized_code_pointer
sub_08A6F830,0x08A6F830,1,1,0,0,1,false,materialized_code_pointer
sub_08A6F834,0x08A6F834,1,1,0,0,0,false,materialized_code_pointer
sub_08A6F838,0x08A6F838,1,1,0,0,0,false,materialized_code_pointer
sub_08A6F83C,0x08A6F83C,1,1,0,0,0,false,materialized_code_pointer
sub_08A6F840,0x08A6F840,11,2,0,0,5,false,materialized_code_pointer
sub_08A6F870,0x08A6F870,10,1,0,0,7,false,materialized_code_pointer
sub_08A6F89C,0x08A6F89C,10,1,0,0,6,false,materialized_code_pointer
sub_08A6F8C8,0x08A6F8C8,10,1,0,0,7,false,materialized_code_pointer
sub_08A6F8F4,0x08A6F8F4,10,1,0,0,6,false,materialized_code_pointer
sub_08A6F920,0x08A6F920,1,1,0,0,0,false,materialized_code_pointer
sub_08A6F924,0x08A6F924,3,1,0,0,2,false,materialized_code_pointer
sub_08A6F930,0x08A6F930,4,1,0,0,2,false,materialized_code_pointer
sub_08A6F940,0x08A6F940,10,1,0,0,7,false,materialized_code_pointer
sub_08A6F96C,0x08A6F96C,10,1,0,0,6,false,materialized_code_pointer
sub_08A6F998,0x08A6F998,10,1,0,0,7,false,materialized_code_pointer
sub_08A6F9C4,0x08A6F9C4,10,1,0,0,6,false,materialized_code_pointer
sub_08A6F9F0,0x08A6F9F0,7,1,0,0,6,false,materialized_code_pointer
sub_08A6FA0C,0x08A6FA0C,7,1,0,0,6,false,materialized_code_pointer
sub_08A6FA28,0x08A6FA28,3,1,0,0,2,false,materialized_code_pointer
sub_08A6FA34,0x08A6FA34,3,1,0,0,2,false,materialized_code_pointer
sub_08A6FA40,0x08A6FA40,3,1,0,0,2,false,materialized_code_pointer
sub_08A6FA4C,0x08A6FA4C,3,1,0,0,1,false,materialized_code_pointer
sub_08A6FA58,0x08A6FA58,2,1,0,0,1,false,materialized_code_pointer
sub_08A6FA60,0x08A6FA60,4,1,0,0,1,false,materialized_code_pointer
sub_08A6FA70,0x08A6FA70,3,1,0,0,1,false,materialized_code_pointer
sub_08A6FA7C,0x08A6FA7C,3,1,0,0,1,false,materialized_code_pointer
sub_08A6FA88,0x08A6FA88,2,1,0,0,2,false,materialized_code_pointer
sub_08A6FA90,0x08A6FA90,2,1,0,0,1,false,materialized_code_pointer
sub_08A6FA98,0x08A6FA98,2,1,0,0,1,false,materialized_code_pointer
sub_08A6FAA0,0x08A6FAA0,2,1,0,0,2,false,materialized_code_pointer
sub_08A6FAA8,0x08A6FAA8,10,1,0,0,7,false,materialized_code_pointer
sub_08A6FAD4,0x08A6FAD4,10,1,0,0,6,false,materialized_code_pointer
sub_08A6FB00,0x08A6FB00,1,1,0,0,0,false,materialized_code_pointer
sub_08A6FB04,0x08A6FB04,3,1,0,0,3,false,materialized_code_pointer
sub_08A6FB10,0x08A6FB10,3,1,0,0,2,false,materialized_code_pointer
sub_08A6FB1C,0x08A6FB1C,10,1,0,0,3,false,materialized_code_pointer
sub_08A6FB44,0x08A6FB44,9,1,0,0,6,false,materialized_code_pointer
sub_08A6FB6C,0x08A6FB6C,3,1,0,0,2,false,materialized_code_pointer
sub_08A6FB78,0x08A6FB78,3,1,0,0,2,false,materialized_code_pointer
sub_08A6FB84,0x08A6FB84,4,1,0,0,0,false,materialized_code_pointer
sub_08A6FB94,0x08A6FB94,3,1,0,0,1,false,materialized_code_pointer
sub_08A6FBA0,0x08A6FBA0,4,1,0,0,3,false,materialized_code_pointer
sub_08A6FBB0,0x08A6FBB0,4,1,0,0,2,false,materialized_code_pointer
sub_08A6FBC0,0x08A6FBC0,4,1,0,0,3,false,materialized_code_pointer
sub_08A6FBD0,0x08A6FBD0,2,1,0,0,2,false,materialized_code_pointer
sub_08A6FBD8,0x08A6FBD8,3,1,0,0,0,false,materialized_code_pointer
sub_08A6FBE4,0x08A6FBE4,4,1,0,0,2,false,materialized_code_pointer
sub_08A6FBF4,0x08A6FBF4,3,1,0,0,2,false,materialized_code_pointer
sub_08A6FC00,0x08A6FC00,2,1,0,0,0,false,materialized_code_pointer
sub_08A6FC08,0x08A6FC08,3,1,0,0,1,false,materialized_code_pointer
sub_08A6FC14,0x08A6FC14,2,1,0,0,0,false,materialized_code_pointer
sub_08A6FC1C,0x08A6FC1C,3,1,0,0,1,false,materialized_code_pointer
sub_08A6FC28,0x08A6FC28,3,1,0,0,1,false,materialized_code_pointer
sub_08A6FC34,0x08A6FC34,2,1,0,0,1,false,materialized_code_pointer
sub_08A6FC3C,0x08A6FC3C,10,1,0,0,7,false,materialized_code_pointer
sub_08A6FC68,0x08A6FC68,10,1,0,0,6,false,materialized_code_pointer
sub_08A6FC94,0x08A6FC94,3,1,0,0,3,false,materialized_code_pointer
sub_08A6FCA0,0x08A6FCA0,4,1,0,0,2,false,materialized_code_pointer
sub_08A6FCB0,0x08A6FCB0,3,1,0,0,0,false,materialized_code_pointer
sub_08A6FCBC,0x08A6FCBC,4,1,0,0,4,false,materialized_code_pointer
sub_08A6FCCC,0x08A6FCCC,3,1,0,0,2,false,materialized_code_pointer
sub_08A6FCD8,0x08A6FCD8,3,1,0,0,2,false,materialized_code_pointer
sub_08A6FCE4,0x08A6FCE4,3,1,0,0,2,false,materialized_code_pointer
sub_08A6FCF0,0x08A6FCF0,3,1,0,0,2,false,materialized_code_pointer
sub_08A6FCFC,0x08A6FCFC,10,1,0,0,7,false,materialized_code_pointer
sub_08A6FD28,0x08A6FD28,10,1,0,0,6,false,materialized_code_pointer
sub_08A6FD88,0x08A6FD88,6,1,0,0,5,false,materialized_code_pointer
sub_08A6FDA0,0x08A6FDA0,8,2,0,0,4,false,materialized_code_pointer
sub_08A6FDC4,0x08A6FDC4,6,1,0,0,3,false,materialized_code_pointer
sub_08A6FDDC,0x08A6FDDC,5,1,0,0,3,false,materialized_code_pointer
sub_08A6FDF0,0x08A6FDF0,52,7,0,0,24,false,materialized_code_pointer
sub_08A6FED8,0x08A6FED8,10,1,0,0,7,false,materialized_code_pointer
sub_08A6FF04,0x08A6FF04,10,1,0,0,6,false,materialized_code_pointer
sub_08A6FF30,0x08A6FF30,2,2,0,0,1,false,materialized_code_pointer
sub_08A6FF3C,0x08A6FF3C,70,15,3,2,4,false,materialized_code_pointer
sub_08A6FF5C,0x08A6FF5C,4,1,0,0,2,false,materialized_code_pointer
sub_08A6FF6C,0x08A6FF6C,3,1,0,0,3,false,materialized_code_pointer
sub_08A6FF78,0x08A6FF78,3,1,0,0,2,false,materialized_code_pointer
sub_08A6FF84,0x08A6FF84,4,1,0,0,3,false,materialized_code_pointer
sub_08A6FF94,0x08A6FF94,3,1,0,0,2,false,materialized_code_pointer
sub_08A6FFA0,0x08A6FFA0,17,2,0,0,8,false,materialized_code_pointer
sub_08A6FFAC,0x08A6FFAC,15,1,0,0,7,false,materialized_code_pointer
sub_08A6FFEC,0x08A6FFEC,3,1,0,0,1,false,materialized_code_pointer
sub_08A6FFF8,0x08A6FFF8,2,1,0,0,1,false,materialized_code_pointer
sub_08A70000,0x08A70000,3,1,0,0,2,false,materialized_code_pointer
sub_08A7000C,0x08A7000C,1,1,0,0,1,false,materialized_code_pointer
sub_08A70010,0x08A70010,5,2,0,1,1,false,materialized_code_pointer
sub_08A70018,0x08A70018,4,1,0,0,1,false,materialized_code_pointer
sub_08A70028,0x08A70028,4,2,0,0,2,false,materialized_code_pointer
sub_08A70034,0x08A70034,2,1,0,0,1,false,materialized_code_pointer
sub_08A7003C,0x08A7003C,3,1,0,0,3,false,materialized_code_pointer
sub_08A70048,0x08A70048,3,1,0,0,1,false,materialized_code_pointer
sub_08A70054,0x08A70054,6,1,0,0,2,false,materialized_code_pointer
sub_08A7006C,0x08A7006C,8,2,0,0,5,false,materialized_code_pointer
sub_08A70090,0x08A70090,2,1,0,0,0,false,materialized_code_pointer
sub_08A70098,0x08A70098,10,1,0,0,7,false,materialized_code_pointer
sub_08A700C4,0x08A700C4,10,1,0,0,6,false,materialized_code_pointer
sub_08A700F0,0x08A700F0,3,2,0,0,1,false,materialized_code_pointer
sub_08A70100,0x08A70100,7,1,0,0,3,false,materialized_code_pointer
sub_08A7011C,0x08A7011C,5,2,0,0,3,false,materialized_code_pointer
sub_08A70134,0x08A70134,9,1,0,0,5,false,materialized_code_pointer
sub_08A70158,0x08A70158,10,1,0,0,7,false,materialized_code_pointer
sub_08A70184,0x08A70184,10,1,0,0,6,false,materialized_code_pointer
sub_08A701B0,0x08A701B0,4,1,0,0,2,false,materialized_code_pointer
sub_08A701C0,0x08A701C0,3,1,0,0,1,false,materialized_code_pointer
sub_08A701CC,0x08A701CC,2,1,0,0,0,false,materialized_code_pointer
sub_08A701D4,0x08A701D4,4,2,0,0,3,false,materialized_code_pointer
sub_08A701E0,0x08A701E0,2,1,0,0,2,false,materialized_code_pointer
sub_08A701E8,0x08A701E8,5,1,0,0,3,false,materialized_code_pointer
sub_08A701FC,0x08A701FC,3,1,0,0,2,false,materialized_code_pointer
sub_08A70208,0x08A70208,12,1,0,0,10,false,materialized_code_pointer
sub_08A70238,0x08A70238,10,1,0,0,7,false,materialized_code_pointer
sub_08A70264,0x08A70264,12,1,0,0,9,false,materialized_code_pointer
sub_08A70294,0x08A70294,12,1,0,0,8,false,materialized_code_pointer
sub_08A702C8,0x08A702C8,13,1,0,0,8,false,materialized_code_pointer
sub_08A702FC,0x08A702FC,10,1,0,0,7,false,materialized_code_pointer
sub_08A70328,0x08A70328,10,1,0,0,6,false,materialized_code_pointer
sub_08A70354,0x08A70354,3,1,0,0,2,false,materialized_code_pointer
sub_08A70360,0x08A70360,4,2,0,0,1,false,materialized_code_pointer
sub_08A70374,0x08A70374,2,1,0,0,1,false,materialized_code_pointer
sub_08A7037C,0x08A7037C,10,1,0,0,7,false,materialized_code_pointer
sub_08A703A8,0x08A703A8,10,1,0,0,6,false,materialized_code_pointer
sub_08A703D4,0x08A703D4,10,1,0,0,7,false,materialized_code_pointer
sub_08A70400,0x08A70400,10,1,0,0,6,false,materialized_code_pointer
sub_08A7042C,0x08A7042C,10,1,0,0,7,false,materialized_code_pointer
sub_08A70458,0x08A70458,10,1,0,0,6,false,materialized_code_pointer
sub_08A70484,0x08A70484,10,1,0,0,7,false,materialized_code_pointer
sub_08A704B0,0x08A704B0,10,1,0,0,6,false,materialized_code_pointer
sub_08A704DC,0x08A704DC,9,1,0,0,7,false,materialized_code_pointer
sub_08A70500,0x08A70500,15,2,0,0,11,false,materialized_code_pointer
sub_08A70544,0x08A70544,1,1,0,0,1,false,materialized_code_pointer
sub_08A70548,0x08A70548,2,1,0,0,0,false,materialized_code_pointer
sub_08A70550,0x08A70550,11,2,0,0,8,false,materialized_code_pointer
sub_08A70580,0x08A70580,17,2,0,0,13,false,materialized_code_pointer
sub_08A705C8,0x08A705C8,7,1,0,0,4,false,materialized_code_pointer
sub_08A705E8,0x08A705E8,14,2,0,0,9,false,materialized_code_pointer
sub_08A705FC,0x08A705FC,10,1,0,0,7,false,materialized_code_pointer
sub_08A70628,0x08A70628,10,1,0,0,6,false,materialized_code_pointer
sub_08A70654,0x08A70654,2,1,0,0,0,false,materialized_code_pointer
sub_08A7065C,0x08A7065C,2,1,0,0,0,false,materialized_code_pointer
sub_08A70664,0x08A70664,2,1,0,0,2,false,materialized_code_pointer
sub_08A7066C,0x08A7066C,3,1,0,0,0,false,materialized_code_pointer
sub_08A70678,0x08A70678,6,1,0,0,2,false,materialized_code_pointer
sub_08A70690,0x08A70690,10,1,0,0,7,false,materialized_code_pointer
sub_08A706BC,0x08A706BC,10,1,0,0,6,false,materialized_code_pointer
sub_08A706E8,0x08A706E8,15,1,0,0,6,false,materialized_code_pointer
sub_08A70724,0x08A70724,13,1,0,0,3,false,materialized_code_pointer
sub_08A7075C,0x08A7075C,16,2,0,0,4,false,materialized_code_pointer
sub_08A707A0,0x08A707A0,8,1,0,0,4,false,materialized_code_pointer
sub_08A707C0,0x08A707C0,8,1,0,0,1,false,materialized_code_pointer
sub_08A707E0,0x08A707E0,10,1,0,0,7,false,materialized_code_pointer
sub_08A7080C,0x08A7080C,10,1,0,0,6,false,materialized_code_pointer
sub_08A70838,0x08A70838,10,1,0,0,7,false,materialized_code_pointer
sub_08A70864,0x08A70864,10,1,0,0,6,false,materialized_code_pointer
sub_08A70890,0x08A70890,10,1,0,0,7,false,materialized_code_pointer
sub_08A708BC,0x08A708BC,10,1,0,0,6,false,materialized_code_pointer
sub_08A708E8,0x08A708E8,2,1,0,0,1,false,materialized_code_pointer
sub_08A708F0,0x08A708F0,2,1,0,0,2,false,materialized_code_pointer
sub_08A708F8,0x08A708F8,3,1,0,0,2,false,materialized_code_pointer
sub_08A70904,0x08A70904,10,1,0,0,7,false,materialized_code_pointer
sub_08A70930,0x08A70930,10,1,0,0,6,false,materialized_code_pointer
sub_08A7095C,0x08A7095C,14,4,0,0,6,false,materialized_code_pointer
sub_08A70994,0x08A70994,46,8,0,0,19,false,materialized_code_pointer
sub_08A70A60,0x08A70A60,5,2,0,0,1,false,materialized_code_pointer
sub_08A70A78,0x08A70A78,10,1,0,0,7,false,materialized_code_pointer
sub_08A70AA4,0x08A70AA4,10,1,0,0,6,false,materialized_code_pointer
sub_08A70AD0,0x08A70AD0,12,1,0,0,9,false,materialized_code_pointer
sub_08A70B00,0x08A70B00,3,1,0,0,1,false,materialized_code_pointer
sub_08A70B0C,0x08A70B0C,3,1,0,0,3,false,materialized_code_pointer
sub_08A70B18,0x08A70B18,3,1,0,0,2,false,materialized_code_pointer
sub_08A70B24,0x08A70B24,2,1,0,0,1,false,materialized_code_pointer
sub_08A70B2C,0x08A70B2C,1,1,0,0,0,false,materialized_code_pointer
sub_08A70B30,0x08A70B30,2,1,0,0,1,false,materialized_code_pointer
sub_08A70B38,0x08A70B38,2,1,0,0,1,false,materialized_code_pointer
sub_08A70B40,0x08A70B40,2,1,0,0,0,false,materialized_code_pointer
sub_08A70B48,0x08A70B48,1,1,0,0,0,false,materialized_code_pointer
sub_08A70B4C,0x08A70B4C,3,1,0,0,2,false,materialized_code_pointer
sub_08A70B58,0x08A70B58,1,1,0,0,1,false,materialized_code_pointer
sub_08A70B5C,0x08A70B5C,1,1,0,0,0,false,materialized_code_pointer
sub_08A70B60,0x08A70B60,2,1,0,0,1,false,materialized_code_pointer
sub_08A70B68,0x08A70B68,3,1,0,0,2,false,materialized_code_pointer
sub_08A70B74,0x08A70B74,3,1,0,0,2,false,materialized_code_pointer
sub_08A70B80,0x08A70B80,2,1,0,0,2,false,materialized_code_pointer
sub_08A70B88,0x08A70B88,2,1,0,0,2,false,materialized_code_pointer
sub_08A70B90,0x08A70B90,1,1,0,0,0,false,materialized_code_pointer
sub_08A70B94,0x08A70B94,10,2,0,0,5,false,materialized_code_pointer
sub_08A70BC4,0x08A70BC4,7,1,0,0,4,false,materialized_code_pointer
sub_08A70BE0,0x08A70BE0,9,1,0,0,6,false,materialized_code_pointer
sub_08A70C04,0x08A70C04,10,1,0,0,7,false,materialized_code_pointer
sub_08A70C30,0x08A70C30,10,1,0,0,6,false,materialized_code_pointer
sub_08A70C5C,0x08A70C5C,7,2,0,0,3,false,materialized_code_pointer
sub_08A70C7C,0x08A70C7C,7,2,0,0,4,false,materialized_code_pointer
sub_08A70C9C,0x08A70C9C,16,1,0,0,0,false,materialized_code_pointer
sub_08A70CDC,0x08A70CDC,9,1,0,0,7,false,materialized_code_pointer
sub_08A70D04,0x08A70D04,3,1,0,0,3,false,materialized_code_pointer
sub_08A70D10,0x08A70D10,5,1,0,0,4,false,materialized_code_pointer
sub_08A70D24,0x08A70D24,15,4,0,0,9,false,materialized_code_pointer
sub_08A70D6C,0x08A70D6C,10,1,0,0,7,false,materialized_code_pointer
sub_08A70D98,0x08A70D98,10,1,0,0,6,false,materialized_code_pointer
sub_08A70E64,0x08A70E64,6,2,0,0,1,false,materialized_code_pointer
sub_08A70E80,0x08A70E80,10,1,0,0,7,false,materialized_code_pointer
sub_08A70EAC,0x08A70EAC,10,1,0,0,6,false,materialized_code_pointer
sub_08A70ED8,0x08A70ED8,18,3,0,0,11,false,materialized_code_pointer
sub_08A70F28,0x08A70F28,11,2,0,0,7,false,materialized_code_pointer
sub_08A70F58,0x08A70F58,10,1,0,0,7,false,materialized_code_pointer
sub_08A70F84,0x08A70F84,10,1,0,0,6,false,materialized_code_pointer
sub_08A70FB0,0x08A70FB0,11,1,0,0,7,false,materialized_code_pointer
sub_08A70FDC,0x08A70FDC,10,1,0,0,6,false,materialized_code_pointer
sub_08A71008,0x08A71008,2,1,0,0,1,false,materialized_code_pointer
sub_08A71010,0x08A71010,10,1,0,0,7,false,materialized_code_pointer
sub_08A7103C,0x08A7103C,10,1,0,0,6,false,materialized_code_pointer
sub_08A71068,0x08A71068,13,1,0,0,8,false,materialized_code_pointer
sub_08A7109C,0x08A7109C,2,1,0,0,0,false,materialized_code_pointer
sub_08A710A4,0x08A710A4,5,1,0,0,2,false,materialized_code_pointer
sub_08A710B8,0x08A710B8,6,1,0,0,4,false,materialized_code_pointer
sub_08A710D0,0x08A710D0,2,1,0,0,2,false,materialized_code_pointer
sub_08A710D8,0x08A710D8,2,1,0,0,0,false,materialized_code_pointer
sub_08A710E0,0x08A710E0,4,1,0,0,0,false,materialized_code_pointer
sub_08A710F0,0x08A710F0,2,1,0,0,1,false,materialized_code_pointer
sub_08A710F8,0x08A710F8,2,1,0,0,1,false,materialized_code_pointer
sub_08A71100,0x08A71100,16,1,0,0,11,false,materialized_code_pointer
sub_08A71140,0x08A71140,12,1,0,0,6,false,materialized_code_pointer
sub_08A71174,0x08A71174,10,1,0,0,7,false,materialized_code_pointer
sub_08A711A0,0x08A711A0,10,1,0,0,6,false,materialized_code_pointer
sub_08A711CC,0x08A711CC,10,1,0,0,7,false,materialized_code_pointer
sub_08A711F8,0x08A711F8,10,1,0,0,6,false,materialized_code_pointer
sub_08A71224,0x08A71224,16,1,0,0,12,false,materialized_code_pointer
sub_08A71264,0x08A71264,16,1,0,0,11,false,materialized_code_pointer
sub_08A712A4,0x08A712A4,2,1,0,0,1,false,materialized_code_pointer
sub_08A712AC,0x08A712AC,3,1,0,0,1,false,materialized_code_pointer
sub_08A712B8,0x08A712B8,3,1,0,0,3,false,materialized_code_pointer
sub_08A712C4,0x08A712C4,3,1,0,0,3,false,materialized_code_pointer
sub_08A712D0,0x08A712D0,2,1,0,0,1,false,materialized_code_pointer
sub_08A712D8,0x08A712D8,1,1,0,0,0,false,materialized_code_pointer
sub_08A712DC,0x08A712DC,2,1,0,0,1,false,materialized_code_pointer
sub_08A712E4,0x08A712E4,2,1,0,0,1,false,materialized_code_pointer
sub_08A712EC,0x08A712EC,2,1,0,0,0,false,materialized_code_pointer
sub_08A712F4,0x08A712F4,1,1,0,0,0,false,materialized_code_pointer
sub_08A712F8,0x08A712F8,3,1,0,0,2,false,materialized_code_pointer
sub_08A71304,0x08A71304,1,1,0,0,0,false,materialized_code_pointer
sub_08A71308,0x08A71308,1,1,0,0,0,false,materialized_code_pointer
sub_08A7130C,0x08A7130C,3,1,0,0,2,false,materialized_code_pointer
sub_08A71318,0x08A71318,1,1,0,0,1,false,materialized_code_pointer
sub_08A7131C,0x08A7131C,1,1,0,0,0,false,materialized_code_pointer
sub_08A71320,0x08A71320,2,1,0,0,1,false,materialized_code_pointer
sub_08A71328,0x08A71328,3,1,0,0,2,false,materialized_code_pointer
sub_08A71334,0x08A71334,3,1,0,0,2,false,materialized_code_pointer
sub_08A71340,0x08A71340,2,1,0,0,2,false,materialized_code_pointer
sub_08A71348,0x08A71348,2,1,0,0,2,false,materialized_code_pointer
sub_08A71350,0x08A71350,1,1,0,0,0,false,materialized_code_pointer
sub_08A71354,0x08A71354,7,1,0,0,4,false,materialized_code_pointer
sub_08A71370,0x08A71370,2,1,0,0,1,false,materialized_code_pointer
sub_08A71378,0x08A71378,5,1,0,0,4,false,materialized_code_pointer
sub_08A7138C,0x08A7138C,12,1,0,0,7,false,materialized_code_pointer
sub_08A713C0,0x08A713C0,11,1,0,0,6,false,materialized_code_pointer
sub_08A713EC,0x08A713EC,10,1,0,0,7,false,materialized_code_pointer
sub_08A71418,0x08A71418,10,1,0,0,6,false,materialized_code_pointer
sub_08A714D8,0x08A714D8,1,1,0,0,0,false,materialized_code_pointer
sub_08A714DC,0x08A714DC,10,1,0,0,7,false,materialized_code_pointer
sub_08A71508,0x08A71508,10,1,0,0,6,false,materialized_code_pointer
sub_08A71534,0x08A71534,2,1,0,0,2,false,materialized_code_pointer
sub_08A7153C,0x08A7153C,2,1,0,0,2,false,materialized_code_pointer
sub_08A71544,0x08A71544,4,1,0,0,2,false,materialized_code_pointer
sub_08A71554,0x08A71554,4,1,0,0,1,false,materialized_code_pointer
sub_08A71564,0x08A71564,2,1,0,0,0,false,materialized_code_pointer
sub_08A7156C,0x08A7156C,4,1,0,0,1,false,materialized_code_pointer
sub_08A7157C,0x08A7157C,4,1,0,0,2,false,materialized_code_pointer
sub_08A7158C,0x08A7158C,10,1,0,0,7,false,materialized_code_pointer
sub_08A715B8,0x08A715B8,10,1,0,0,6,false,materialized_code_pointer
sub_08A715E4,0x08A715E4,10,1,0,0,7,false,materialized_code_pointer
sub_08A71610,0x08A71610,10,1,0,0,6,false,materialized_code_pointer
sub_08A7163C,0x08A7163C,18,1,0,0,12,false,materialized_code_pointer
sub_08A71684,0x08A71684,4,1,0,0,1,false,materialized_code_pointer
sub_08A71694,0x08A71694,2,1,0,0,0,false,materialized_code_pointer
sub_08A7169C,0x08A7169C,1,1,0,0,1,false,materialized_code_pointer
sub_08A716A0,0x08A716A0,2,1,0,0,2,false,materialized_code_pointer
sub_08A716A8,0x08A716A8,1,1,0,0,1,false,materialized_code_pointer
sub_08A716AC,0x08A716AC,3,1,0,0,2,false,materialized_code_pointer
sub_08A716B8,0x08A716B8,2,1,0,0,0,false,materialized_code_pointer
sub_08A716C0,0x08A716C0,2,1,0,0,0,false,materialized_code_pointer
sub_08A716C8,0x08A716C8,2,1,0,0,1,false,materialized_code_pointer
sub_08A716D0,0x08A716D0,2,1,0,0,2,false,materialized_code_pointer
sub_08A716D8,0x08A716D8,2,1,0,0,0,false,materialized_code_pointer
sub_08A716E0,0x08A716E0,2,1,0,0,1,false,materialized_code_pointer
sub_08A716E8,0x08A716E8,2,1,0,0,1,false,materialized_code_pointer
sub_08A716F0,0x08A716F0,2,1,0,0,1,false,materialized_code_pointer
sub_08A716F8,0x08A716F8,10,1,0,0,7,false,materialized_code_pointer
sub_08A71724,0x08A71724,10,1,0,0,6,false,materialized_code_pointer
sub_08A71750,0x08A71750,2,1,0,0,0,false,materialized_code_pointer
sub_08A71758,0x08A71758,7,1,0,0,4,false,materialized_code_pointer
sub_08A71778,0x08A71778,10,1,0,0,7,false,materialized_code_pointer
sub_08A717A4,0x08A717A4,10,1,0,0,6,false,materialized_code_pointer
sub_08A717D0,0x08A717D0,17,2,0,0,10,false,materialized_code_pointer
sub_08A71818,0x08A71818,10,1,0,0,7,false,materialized_code_pointer
sub_08A71844,0x08A71844,10,1,0,0,6,false,materialized_code_pointer
sub_08A71870,0x08A71870,11,1,0,0,6,false,materialized_code_pointer
sub_08A7189C,0x08A7189C,16,1,0,0,11,false,materialized_code_pointer
sub_08A718DC,0x08A718DC,10,1,0,0,7,false,materialized_code_pointer
sub_08A71908,0x08A71908,10,1,0,0,6,false,materialized_code_pointer
sub_08A71934,0x08A71934,10,1,0,0,7,false,materialized_code_pointer
sub_08A71960,0x08A71960,10,1,0,0,6,false,materialized_code_pointer
sub_08A7198C,0x08A7198C,3,1,0,0,3,false,materialized_code_pointer
sub_08A71998,0x08A71998,3,1,0,0,1,false,materialized_code_pointer
sub_08A719A4,0x08A719A4,3,1,0,0,2,false,materialized_code_pointer
sub_08A719B0,0x08A719B0,8,4,0,0,3,false,materialized_code_pointer
sub_08A719BC,0x08A719BC,6,3,0,0,2,false,materialized_code_pointer
sub_08A719C8,0x08A719C8,4,2,0,0,2,false,materialized_code_pointer
sub_08A719DC,0x08A719DC,5,1,0,0,4,false,materialized_code_pointer
sub_08A719F0,0x08A719F0,5,1,0,0,4,false,materialized_code_pointer
sub_08A71A04,0x08A71A04,4,1,0,0,3,false,materialized_code_pointer
sub_08A71A14,0x08A71A14,4,1,0,0,3,false,materialized_code_pointer
sub_08A71A24,0x08A71A24,10,1,0,0,7,false,materialized_code_pointer
sub_08A71A50,0x08A71A50,10,1,0,0,6,false,materialized_code_pointer
sub_08A71A7C,0x08A71A7C,10,1,0,0,7,false,materialized_code_pointer
sub_08A71AA8,0x08A71AA8,10,1,0,0,6,false,materialized_code_pointer
sub_08A71AD4,0x08A71AD4,10,1,0,0,7,false,materialized_code_pointer
sub_08A71B00,0x08A71B00,10,1,0,0,6,false,materialized_code_pointer
sub_08A71B2C,0x08A71B2C,2,1,0,0,2,false,materialized_code_pointer
sub_08A71B34,0x08A71B34,3,1,0,0,1,false,materialized_code_pointer
sub_08A71B40,0x08A71B40,7,3,0,0,3,false,materialized_code_pointer
sub_08A71B64,0x08A71B64,1,1,0,0,0,false,materialized_code_pointer
sub_08A71B68,0x08A71B68,6,1,0,0,3,false,materialized_code_pointer
sub_08A71B80,0x08A71B80,14,2,0,0,8,false,materialized_code_pointer
sub_08A71BBC,0x08A71BBC,7,1,0,0,3,false,materialized_code_pointer
sub_08A71BD8,0x08A71BD8,27,1,0,0,14,false,materialized_code_pointer
sub_08A71C44,0x08A71C44,821,168,5,1,7,false,materialized_code_pointer
sub_08A71C74,0x08A71C74,821,169,5,1,8,false,materialized_code_pointer
sub_08A71CA8,0x08A71CA8,11,2,0,0,8,false,materialized_code_pointer
sub_08A71CD8,0x08A71CD8,819,168,5,1,6,false,materialized_code_pointer
sub_08A71D00,0x08A71D00,12,2,0,0,9,false,materialized_code_pointer
sub_08A71D34,0x08A71D34,42,13,1,0,9,false,materialized_code_pointer
sub_08A71D7C,0x08A71D7C,7,1,0,0,4,false,materialized_code_pointer
sub_08A71D9C,0x08A71D9C,1,1,0,0,0,false,materialized_code_pointer
sub_08A71DA0,0x08A71DA0,1,1,0,0,0,false,materialized_code_pointer
sub_08A71DA4,0x08A71DA4,1,1,0,0,1,false,materialized_code_pointer
sub_08A71DA8,0x08A71DA8,11,1,0,0,8,false,materialized_code_pointer
sub_08A71DD8,0x08A71DD8,10,1,0,0,6,false,materialized_code_pointer
sub_08A71E04,0x08A71E04,12,1,0,0,8,false,materialized_code_pointer
sub_08A71E34,0x08A71E34,12,1,0,0,0,false,materialized_code_pointer
sub_08A71E64,0x08A71E64,7,1,0,0,5,false,materialized_code_pointer
sub_08A71E80,0x08A71E80,10,1,0,0,7,false,materialized_code_pointer
sub_08A71EAC,0x08A71EAC,10,1,0,0,6,false,materialized_code_pointer
sub_08A71ED8,0x08A71ED8,1,1,0,0,1,false,materialized_code_pointer
sub_08A71EDC,0x08A71EDC,16,1,0,0,12,false,materialized_code_pointer
sub_08A71F1C,0x08A71F1C,10,1,0,0,7,false,materialized_code_pointer
sub_08A71F48,0x08A71F48,10,1,0,0,6,false,materialized_code_pointer
sub_08A71F74,0x08A71F74,7,1,0,0,5,false,materialized_code_pointer
sub_08A71F90,0x08A71F90,1,1,0,0,0,false,materialized_code_pointer
sub_08A71F94,0x08A71F94,43,2,0,0,30,false,materialized_code_pointer
sub_08A72044,0x08A72044,36,2,0,0,25,false,materialized_code_pointer
sub_08A720D8,0x08A720D8,6,1,0,0,3,false,materialized_code_pointer
sub_08A720F0,0x08A720F0,16,1,0,0,11,false,materialized_code_pointer
sub_08A72130,0x08A72130,23,1,0,0,10,false,materialized_code_pointer
sub_08A7218C,0x08A7218C,9,1,0,0,8,false,materialized_code_pointer
sub_08A721B0,0x08A721B0,19,1,0,0,11,false,materialized_code_pointer
sub_08A721FC,0x08A721FC,13,1,0,0,12,false,materialized_code_pointer
sub_08A72230,0x08A72230,9,1,0,0,8,false,materialized_code_pointer
sub_08A72254,0x08A72254,7,1,0,0,7,false,materialized_code_pointer
sub_08A72270,0x08A72270,7,1,0,0,7,false,materialized_code_pointer
sub_08A7228C,0x08A7228C,5,1,0,0,4,false,materialized_code_pointer
sub_08A722A0,0x08A722A0,6,1,0,0,2,false,materialized_code_pointer
sub_08A722B8,0x08A722B8,4,1,0,0,2,false,materialized_code_pointer
sub_08A722C8,0x08A722C8,6,1,0,0,4,false,materialized_code_pointer
sub_08A722E0,0x08A722E0,8,1,0,0,6,false,materialized_code_pointer
sub_08A72300,0x08A72300,5,1,0,0,3,false,materialized_code_pointer
sub_08A72314,0x08A72314,4,1,0,0,2,false,materialized_code_pointer
sub_08A72328,0x08A72328,4,1,0,0,2,false,materialized_code_pointer
sub_08A72338,0x08A72338,10,1,0,0,7,false,materialized_code_pointer
sub_08A72364,0x08A72364,10,1,0,0,6,false,materialized_code_pointer
sub_08A72390,0x08A72390,16,1,0,0,9,false,materialized_code_pointer
sub_08A723D0,0x08A723D0,8,1,0,0,6,false,materialized_code_pointer
sub_08A723F0,0x08A723F0,1,1,0,0,0,false,materialized_code_pointer
sub_08A723F4,0x08A723F4,3,1,0,0,0,false,relocated_data_code_pointer
sub_08A72400,0x08A72400,2,1,0,0,2,false,relocated_data_code_pointer
sub_08A72408,0x08A72408,1,1,0,0,1,false,relocated_data_code_pointer
sub_08A7240C,0x08A7240C,3,1,0,0,2,false,relocated_data_code_pointer
sub_08A72418,0x08A72418,2,1,0,0,0,false,relocated_data_code_pointer
sub_08A72420,0x08A72420,2,1,0,0,0,false,relocated_data_code_pointer
sub_08A72428,0x08A72428,2,1,0,0,0,false,relocated_data_code_pointer
sub_08A72430,0x08A72430,2,1,0,0,0,false,relocated_data_code_pointer
sub_08A72438,0x08A72438,2,1,0,0,2,false,relocated_data_code_pointer
sub_08A72440,0x08A72440,3,1,0,0,2,false,relocated_data_code_pointer
sub_08A7244C,0x08A7244C,3,1,0,0,2,false,relocated_data_code_pointer
sub_08A72458,0x08A72458,2,1,0,0,2,false,relocated_data_code_pointer
sub_08A72460,0x08A72460,34,5,0,0,15,false,materialized_code_pointer
sub_08A724F8,0x08A724F8,2,1,0,0,0,false,materialized_code_pointer
sub_08A72500,0x08A72500,3,1,0,0,0,false,materialized_code_pointer
sub_08A7250C,0x08A7250C,3,1,0,0,0,false,materialized_code_pointer
sub_08A72518,0x08A72518,1,1,0,0,0,false,materialized_code_pointer
sub_08A7251C,0x08A7251C,1,1,0,0,0,false,materialized_code_pointer
sub_08A72520,0x08A72520,1,1,0,0,0,false,materialized_code_pointer
sub_08A72524,0x08A72524,4,1,0,0,1,false,materialized_code_pointer
sub_08A72534,0x08A72534,1,1,0,0,0,false,materialized_code_pointer
sub_08A72538,0x08A72538,1,1,0,0,0,false,relocated_r_mips32_code_pointer
sub_08A7253C,0x08A7253C,1,1,0,0,1,false,relocated_r_mips32_code_pointer
sub_08A72540,0x08A72540,1,1,0,0,0,false,relocated_r_mips32_code_pointer
sub_08A72544,0x08A72544,1,1,0,0,1,false,relocated_r_mips32_code_pointer
sub_08A72548,0x08A72548,1,1,0,0,0,false,materialized_code_pointer
sub_08A7254C,0x08A7254C,5,1,0,0,3,false,materialized_code_pointer
sub_08A72560,0x08A72560,5,1,0,0,5,false,materialized_code_pointer
sub_08A72574,0x08A72574,5,1,0,0,3,false,materialized_code_pointer
sub_08A72588,0x08A72588,5,1,0,0,3,false,materialized_code_pointer
sub_08A7259C,0x08A7259C,5,1,0,0,2,false,materialized_code_pointer
sub_08A725B0,0x08A725B0,13,1,0,0,8,false,materialized_code_pointer
sub_08A725E4,0x08A725E4,8,1,0,0,6,false,materialized_code_pointer
sub_08A72604,0x08A72604,4,1,0,0,3,false,materialized_code_pointer
sub_08A72614,0x08A72614,7,1,0,0,4,false,materialized_code_pointer
sub_08A72630,0x08A72630,9,1,0,0,6,false,materialized_code_pointer
sub_08A72654,0x08A72654,7,1,0,0,6,false,materialized_code_pointer
sub_08A72670,0x08A72670,6,1,0,0,5,false,materialized_code_pointer
sub_08A72688,0x08A72688,4,1,0,0,3,false,materialized_code_pointer
sub_08A72698,0x08A72698,3,1,0,0,2,false,materialized_code_pointer
sub_08A726A4,0x08A726A4,10,1,0,0,8,false,materialized_code_pointer
sub_08A726CC,0x08A726CC,12,1,0,0,8,false,materialized_code_pointer
sub_08A726FC,0x08A726FC,7,1,0,0,3,false,materialized_code_pointer
sub_08A72718,0x08A72718,8,1,0,0,5,false,materialized_code_pointer
sub_08A72738,0x08A72738,13,1,0,0,9,false,materialized_code_pointer
sub_08A7276C,0x08A7276C,1,1,0,0,0,false,materialized_code_pointer
sub_08A72770,0x08A72770,3,1,0,0,2,false,materialized_code_pointer
sub_08A7277C,0x08A7277C,12,1,0,0,8,false,materialized_code_pointer
sub_08A727AC,0x08A727AC,1,1,0,0,1,false,materialized_code_pointer
sub_08A727B0,0x08A727B0,4,1,0,0,2,false,relocated_r_mips32_code_pointer
sub_08A727C0,0x08A727C0,3,1,0,0,1,false,relocated_r_mips32_code_pointer
sub_08A727CC,0x08A727CC,5,1,0,0,3,false,relocated_r_mips32_code_pointer
sub_08A727E0,0x08A727E0,4,1,0,0,3,false,relocated_r_mips32_code_pointer
sub_08A727F0,0x08A727F0,3,1,0,0,2,false,relocated_r_mips32_code_pointer
sub_08A727FC,0x08A727FC,18,1,0,0,12,false,relocated_r_mips32_code_pointer
sub_08A72844,0x08A72844,4,1,0,0,1,false,relocated_r_mips32_code_pointer
sub_08A72854,0x08A72854,13,1,0,0,9,false,relocated_r_mips32_code_pointer
sub_08A72888,0x08A72888,4,1,0,0,3,false,relocated_r_mips32_code_pointer
sub_08A72898,0x08A72898,4,1,0,0,1,false,relocated_r_mips32_code_pointer
sub_08A728A8,0x08A728A8,13,1,0,0,8,false,relocated_r_mips32_code_pointer
sub_08A728DC,0x08A728DC,4,1,0,0,3,false,relocated_r_mips32_code_pointer
sub_08A728EC,0x08A728EC,4,1,0,0,2,false,relocated_r_mips32_code_pointer
sub_08A728FC,0x08A728FC,12,2,0,0,7,false,relocated_r_mips32_code_pointer
sub_08A72930,0x08A72930,4,1,0,0,1,false,relocated_r_mips32_code_pointer
sub_08A72940,0x08A72940,1,1,0,0,0,false,relocated_r_mips32_code_pointer
sub_08A72944,0x08A72944,1,1,0,0,0,false,relocated_r_mips32_code_pointer
sub_08A72948,0x08A72948,1,1,0,0,0,false,relocated_r_mips32_code_pointer
sub_08A7294C,0x08A7294C,1,1,0,0,1,false,relocated_r_mips32_code_pointer
sub_08A72950,0x08A72950,1,1,0,0,0,false,relocated_r_mips32_code_pointer
sub_08A72954,0x08A72954,1,1,0,0,0,false,relocated_r_mips32_code_pointer
sub_08A72958,0x08A72958,1,1,0,0,0,false,relocated_r_mips32_code_pointer
sub_08A7295C,0x08A7295C,1,1,0,0,0,false,relocated_r_mips32_code_pointer
sub_08A72960,0x08A72960,1,1,0,0,0,false,relocated_r_mips32_code_pointer
sub_08A72964,0x08A72964,1,1,0,0,0,false,relocated_r_mips32_code_pointer
sub_08A72968,0x08A72968,1,1,0,0,1,false,relocated_r_mips32_code_pointer
sub_08A7296C,0x08A7296C,1,1,0,0,0,false,relocated_r_mips32_code_pointer
sub_08A72970,0x08A72970,1,1,0,0,0,false,relocated_r_mips32_code_pointer
sub_08A72974,0x08A72974,1,1,0,0,0,false,relocated_r_mips32_code_pointer
sub_08A72978,0x08A72978,1,1,0,0,1,false,relocated_r_mips32_code_pointer
sub_08A7297C,0x08A7297C,1,1,0,0,0,false,relocated_r_mips32_code_pointer
sub_08A72980,0x08A72980,1,1,0,0,1,false,relocated_r_mips32_code_pointer
sub_08A72984,0x08A72984,1,1,0,0,0,false,relocated_r_mips32_code_pointer
sub_08A72988,0x08A72988,3,2,0,0,0,false,relocated_r_mips32_code_pointer
sub_08A72994,0x08A72994,1,1,0,0,0,false,relocated_r_mips32_code_pointer
sub_08A72998,0x08A72998,1,1,0,0,0,false,relocated_r_mips32_code_pointer
sub_08A7299C,0x08A7299C,1,1,0,0,0,false,relocated_r_mips32_code_pointer
sub_08A729A0,0x08A729A0,2,1,0,0,1,false,relocated_r_mips32_code_pointer
sub_08A729A8,0x08A729A8,1,1,0,0,0,false,relocated_r_mips32_code_pointer
sub_08A729AC,0x08A729AC,1,1,0,0,1,false,relocated_r_mips32_code_pointer
sub_08A729B0,0x08A729B0,1,1,0,0,0,false,relocated_r_mips32_code_pointer
sub_08A729B4,0x08A729B4,1,1,0,0,1,false,relocated_r_mips32_code_pointer
sub_08A729B8,0x08A729B8,1,1,0,0,0,false,relocated_r_mips32_code_pointer
sub_08A729BC,0x08A729BC,1,1,0,0,1,false,relocated_r_mips32_code_pointer
sub_08A729C0,0x08A729C0,1,1,0,0,0,false,relocated_r_mips32_code_pointer
sub_08A729C4,0x08A729C4,1,1,0,0,1,false,relocated_r_mips32_code_pointer
sub_08A729C8,0x08A729C8,1,1,0,0,0,false,relocated_r_mips32_code_pointer
sub_08A729CC,0x08A729CC,1,1,0,0,1,false,relocated_r_mips32_code_pointer
sub_08A729D0,0x08A729D0,1,1,0,0,0,false,relocated_r_mips32_code_pointer
sub_08A729D4,0x08A729D4,1,1,0,0,1,false,relocated_r_mips32_code_pointer
sub_08A729D8,0x08A729D8,1,1,0,0,1,false,relocated_r_mips32_code_pointer
sub_08A729DC,0x08A729DC,1,1,0,0,0,false,relocated_r_mips32_code_pointer
sub_08A729E0,0x08A729E0,1,1,0,0,0,false,relocated_r_mips32_code_pointer
sub_08A729E4,0x08A729E4,1,1,0,0,1,false,relocated_r_mips32_code_pointer
sub_08A729E8,0x08A729E8,1,1,0,0,0,false,relocated_r_mips32_code_pointer
sub_08A729EC,0x08A729EC,1,1,0,0,1,false,relocated_r_mips32_code_pointer
sub_08A729F0,0x08A729F0,1,1,0,0,0,false,relocated_r_mips32_code_pointer
sub_08A729F4,0x08A729F4,1,1,0,0,1,false,relocated_r_mips32_code_pointer
sub_08A729F8,0x08A729F8,1,1,0,0,0,false,relocated_r_mips32_code_pointer
sub_08A729FC,0x08A729FC,1,1,0,0,1,false,relocated_r_mips32_code_pointer
sub_08A72A00,0x08A72A00,1,1,0,0,0,false,relocated_r_mips32_code_pointer
sub_08A72A04,0x08A72A04,1,1,0,0,0,false,relocated_r_mips32_code_pointer
sub_08A72A08,0x08A72A08,1,1,0,0,0,false,relocated_r_mips32_code_pointer
sub_08A72A0C,0x08A72A0C,1,1,0,0,0,false,relocated_r_mips32_code_pointer
sub_08A72A10,0x08A72A10,1,1,0,0,0,false,relocated_r_mips32_code_pointer
sub_08A72A14,0x08A72A14,1,1,0,0,0,false,relocated_r_mips32_code_pointer
sub_08A72A18,0x08A72A18,1,1,0,0,0,false,relocated_r_mips32_code_pointer
sub_08A72A1C,0x08A72A1C,1,1,0,0,0,false,relocated_r_mips32_code_pointer
sub_08A72A20,0x08A72A20,1,1,0,0,0,false,relocated_r_mips32_code_pointer
sub_08A72A24,0x08A72A24,1,1,0,0,1,false,relocated_r_mips32_code_pointer
sub_08A72A28,0x08A72A28,2,2,0,0,1,false,relocated_r_mips32_code_pointer
sub_08A72A30,0x08A72A30,1,1,0,0,1,false,relocated_r_mips32_code_pointer
sub_08A72A34,0x08A72A34,1,1,0,0,0,false,relocated_r_mips32_code_pointer
sub_08A72A38,0x08A72A38,1,1,0,0,1,false,relocated_r_mips32_code_pointer
sub_08A72A3C,0x08A72A3C,1,1,0,0,1,false,relocated_r_mips32_code_pointer
sub_08A72A40,0x08A72A40,1,1,0,0,0,false,relocated_r_mips32_code_pointer
sub_08A72A44,0x08A72A44,1,1,0,0,1,false,relocated_r_mips32_code_pointer
sub_08A72A48,0x08A72A48,1,1,0,0,1,false,relocated_r_mips32_code_pointer
sub_08A72A4C,0x08A72A4C,1,1,0,0,1,false,relocated_r_mips32_code_pointer
sub_08A72A50,0x08A72A50,1,1,0,0,1,false,relocated_r_mips32_code_pointer
sub_08A72A54,0x08A72A54,1,1,0,0,1,false,relocated_r_mips32_code_pointer
sub_08A72A58,0x08A72A58,1,1,0,0,1,false,relocated_r_mips32_code_pointer
sub_08A72A5C,0x08A72A5C,1,1,0,0,1,false,relocated_r_mips32_code_pointer
sub_08A72A60,0x08A72A60,1,1,0,0,1,false,relocated_r_mips32_code_pointer
sub_08A72A64,0x08A72A64,1,1,0,0,1,false,relocated_r_mips32_code_pointer
sub_08A72A68,0x08A72A68,1,1,0,0,0,false,relocated_r_mips32_code_pointer
sub_08A72A6C,0x08A72A6C,1,1,0,0,1,false,relocated_r_mips32_code_pointer
sub_08A72A70,0x08A72A70,1,1,0,0,0,false,relocated_r_mips32_code_pointer
sub_08A72A74,0x08A72A74,1,1,0,0,1,false,relocated_r_mips32_code_pointer
sub_08A72A78,0x08A72A78,1,1,0,0,0,false,relocated_r_mips32_code_pointer
sub_08A72A7C,0x08A72A7C,1,1,0,0,1,false,relocated_r_mips32_code_pointer
sub_08A72A80,0x08A72A80,1,1,0,0,0,false,relocated_r_mips32_code_pointer
sub_08A72A84,0x08A72A84,1,1,0,0,1,false,relocated_r_mips32_code_pointer
sub_08A72A88,0x08A72A88,1,1,0,0,1,false,relocated_r_mips32_code_pointer
sub_08A72A8C,0x08A72A8C,1,1,0,0,0,false,relocated_r_mips32_code_pointer
sub_08A72A90,0x08A72A90,1,1,0,0,1,false,relocated_r_mips32_code_pointer
sub_08A72A94,0x08A72A94,1,1,0,0,1,false,relocated_r_mips32_code_pointer
sub_08A72A98,0x08A72A98,1,1,0,0,1,false,relocated_r_mips32_code_pointer
sub_08A72A9C,0x08A72A9C,1,1,0,0,0,false,relocated_r_mips32_code_pointer
sub_08A72AA0,0x08A72AA0,1,1,0,0,1,false,relocated_r_mips32_code_pointer
sub_08A72AA4,0x08A72AA4,1,1,0,0,1,false,relocated_r_mips32_code_pointer
sub_08A72AA8,0x08A72AA8,1,1,0,0,1,false,relocated_r_mips32_code_pointer
sub_08A72AAC,0x08A72AAC,1,1,0,0,0,false,relocated_r_mips32_code_pointer
sub_08A72AB0,0x08A72AB0,1,1,0,0,1,false,relocated_r_mips32_code_pointer
sub_08A72AB4,0x08A72AB4,1,1,0,0,1,false,relocated_r_mips32_code_pointer
sub_08A72AB8,0x08A72AB8,1,1,0,0,1,false,materialized_code_pointer
sub_08A72ABC,0x08A72ABC,2,1,0,0,1,false,relocated_r_mips32_code_pointer
sub_08A72AC4,0x08A72AC4,1,1,0,0,1,false,relocated_r_mips32_code_pointer
sub_08A72AC8,0x08A72AC8,3,1,0,0,3,false,relocated_r_mips32_code_pointer
sub_08A72AD4,0x08A72AD4,2,1,0,0,0,false,relocated_r_mips32_code_pointer
sub_08A72ADC,0x08A72ADC,2,1,0,0,0,false,relocated_r_mips32_code_pointer
sub_08A72AE4,0x08A72AE4,2,1,0,0,1,false,relocated_r_mips32_code_pointer
sub_08A72AEC,0x08A72AEC,2,1,0,0,0,false,relocated_r_mips32_code_pointer
sub_08A72AF4,0x08A72AF4,2,1,0,0,1,false,relocated_r_mips32_code_pointer
sub_08A72AFC,0x08A72AFC,3,1,0,0,2,false,relocated_r_mips32_code_pointer
sub_08A72B08,0x08A72B08,2,1,0,0,2,false,relocated_r_mips32_code_pointer
sub_08A72B10,0x08A72B10,3,1,0,0,1,false,relocated_r_mips32_code_pointer
sub_08A72B1C,0x08A72B1C,4,1,0,0,3,false,relocated_r_mips32_code_pointer
sub_08A72B2C,0x08A72B2C,1,1,0,0,1,false,relocated_r_mips32_code_pointer
sub_08A72B30,0x08A72B30,4,1,0,0,2,false,relocated_r_mips32_code_pointer
sub_08A72B40,0x08A72B40,3,1,0,0,1,false,relocated_r_mips32_code_pointer
sub_08A72B4C,0x08A72B4C,2,1,0,0,1,false,relocated_r_mips32_code_pointer
sub_08A72B54,0x08A72B54,4,1,0,0,2,false,relocated_r_mips32_code_pointer
sub_08A72B64,0x08A72B64,3,1,0,0,1,false,relocated_r_mips32_code_pointer
sub_08A72B70,0x08A72B70,5,1,0,0,3,false,relocated_r_mips32_code_pointer
sub_08A72B84,0x08A72B84,2,1,0,0,2,false,relocated_r_mips32_code_pointer
sub_08A72B8C,0x08A72B8C,4,1,0,0,2,false,relocated_r_mips32_code_pointer
sub_08A72B9C,0x08A72B9C,2,1,0,0,0,false,relocated_r_mips32_code_pointer
sub_08A72BA4,0x08A72BA4,2,1,0,0,2,false,relocated_r_mips32_code_pointer
sub_08A72BAC,0x08A72BAC,3,1,0,0,2,false,relocated_r_mips32_code_pointer
sub_08A72BB8,0x08A72BB8,5,1,0,0,3,false,relocated_r_mips32_code_pointer
sub_08A72BCC,0x08A72BCC,1,1,0,0,1,false,relocated_r_mips32_code_pointer
sub_08A72BD0,0x08A72BD0,8,2,0,0,4,false,materialized_code_pointer
sub_08A72BDC,0x08A72BDC,6,1,0,0,3,false,materialized_code_pointer
sub_08A72BF4,0x08A72BF4,4,1,0,0,2,false,materialized_code_pointer
sub_08A72C04,0x08A72C04,1,1,0,0,1,false,materialized_code_pointer
sub_08A72C08,0x08A72C08,1,1,0,0,0,false,materialized_code_pointer
sub_08A72C0C,0x08A72C0C,3,1,0,0,2,false,materialized_code_pointer
sub_08A72C18,0x08A72C18,3,1,0,0,2,false,materialized_code_pointer
sub_08A72C24,0x08A72C24,9,1,0,0,6,false,materialized_code_pointer
sub_08A72C48,0x08A72C48,4,1,0,0,1,false,materialized_code_pointer
sub_08A72C58,0x08A72C58,5,1,0,0,1,false,materialized_code_pointer
sub_08A72C6C,0x08A72C6C,5,1,0,0,2,false,materialized_code_pointer
sub_08A72C80,0x08A72C80,6,1,0,0,3,false,materialized_code_pointer
sub_08A72C98,0x08A72C98,5,1,0,0,3,false,materialized_code_pointer
sub_08A72CAC,0x08A72CAC,7,1,0,0,6,false,materialized_code_pointer
sub_08A72CC8,0x08A72CC8,4,1,0,0,3,false,materialized_code_pointer
sub_08A72CD8,0x08A72CD8,5,1,0,0,4,false,materialized_code_pointer
sub_08A72CEC,0x08A72CEC,7,1,0,0,4,false,materialized_code_pointer
sub_08A72D08,0x08A72D08,2,1,0,0,1,false,materialized_code_pointer
sub_08A72D10,0x08A72D10,3,1,0,0,2,false,materialized_code_pointer
sub_08A72D1C,0x08A72D1C,3,1,0,0,2,false,materialized_code_pointer
sub_08A72D28,0x08A72D28,1,1,0,0,1,false,materialized_code_pointer
sub_08A72D2C,0x08A72D2C,2,1,0,0,2,false,materialized_code_pointer
sub_08A72D34,0x08A72D34,1,1,0,0,1,false,materialized_code_pointer
sub_08A72D38,0x08A72D38,1,1,0,0,0,false,materialized_code_pointer
sub_08A72D3C,0x08A72D3C,1,1,0,0,1,false,materialized_code_pointer
sub_08A72D40,0x08A72D40,2,1,0,0,1,false,materialized_code_pointer
sub_08A72D48,0x08A72D48,16,1,0,0,10,false,materialized_code_pointer
sub_08A72D88,0x08A72D88,8,1,0,0,5,false,materialized_code_pointer
sub_08A72DA8,0x08A72DA8,8,1,0,0,4,false,materialized_code_pointer
sub_08A72DC8,0x08A72DC8,2,1,0,0,1,false,materialized_code_pointer
sub_08A72DD0,0x08A72DD0,2,1,0,0,1,false,materialized_code_pointer
sub_08A72DD8,0x08A72DD8,2,1,0,0,2,false,materialized_code_pointer
sub_08A72DE0,0x08A72DE0,2,1,0,0,1,false,materialized_code_pointer
sub_08A72DE8,0x08A72DE8,1,1,0,0,0,false,materialized_code_pointer
sub_08A72DEC,0x08A72DEC,5,1,0,0,1,false,materialized_code_pointer
sub_08A72E00,0x08A72E00,1,1,0,0,1,false,materialized_code_pointer
sub_08A72E04,0x08A72E04,4,1,0,0,2,false,materialized_code_pointer
sub_08A72E14,0x08A72E14,431,61,0,0,109,false,materialized_code_pointer
sub_08A73088,0x08A73088,248,45,0,0,47,false,materialized_code_pointer
sub_08A73478,0x08A73478,2,1,0,0,0,false,materialized_code_pointer
sub_08A73480,0x08A73480,468,77,0,0,105,false,materialized_code_pointer
sub_08A735B8,0x08A735B8,47,4,0,0,14,false,materialized_code_pointer
sub_08A73600,0x08A73600,30,1,0,0,11,false,materialized_code_pointer
sub_08A73678,0x08A73678,4,2,0,1,2,false,materialized_code_pointer
sub_08A73684,0x08A73684,1,1,0,0,0,false,materialized_code_pointer
sub_08A73710,0x08A73710,8,1,0,0,2,false,materialized_code_pointer
sub_08A73730,0x08A73730,12,5,0,0,0,false,materialized_code_pointer
sub_08A73750,0x08A73750,4,1,0,0,0,false,materialized_code_pointer
sub_08A73760,0x08A73760,4,1,0,0,0,false,materialized_code_pointer
sub_08A73770,0x08A73770,4,1,0,0,0,false,materialized_code_pointer
sub_08A73780,0x08A73780,4,1,0,0,0,false,materialized_code_pointer
sub_08A73790,0x08A73790,4,1,0,0,1,false,materialized_code_pointer
sub_08A737A0,0x08A737A0,2,1,0,0,0,false,materialized_code_pointer
sub_08A737A8,0x08A737A8,4,1,0,0,1,false,materialized_code_pointer
sub_08A737B8,0x08A737B8,2,1,0,0,0,false,materialized_code_pointer
sub_08A737C0,0x08A737C0,4,1,0,0,0,false,materialized_code_pointer
sub_08A737D0,0x08A737D0,2,1,0,0,0,false,materialized_code_pointer
sub_08A737D8,0x08A737D8,46,3,0,2,24,false,materialized_code_pointer
sub_08A738E0,0x08A738E0,141,4,0,3,75,false,materialized_code_pointer
sub_08A73BF8,0x08A73BF8,32,1,0,0,31,false,materialized_code_pointer
sub_08A73C78,0x08A73C78,32,1,0,0,31,false,materialized_code_pointer
sub_08A73CF8,0x08A73CF8,2,1,0,0,1,false,materialized_code_pointer
sub_08A73D00,0x08A73D00,14,1,0,0,1,false,materialized_code_pointer
sub_08A73D38,0x08A73D38,1,1,0,0,0,false,materialized_code_pointer
sub_08A73D3C,0x08A73D3C,14,5,0,0,1,false,materialized_code_pointer
sub_08A73D64,0x08A73D64,4,1,0,0,0,false,materialized_code_pointer
sub_08A73D74,0x08A73D74,47,7,0,1,3,false,materialized_code_pointer
sub_08A73E30,0x08A73E30,4,1,0,0,2,false,materialized_code_pointer
sub_08A73E40,0x08A73E40,1,1,0,0,0,false,relocated_r_mips32_code_pointer
sub_08A73E48,0x08A73E48,4,2,0,0,2,false,relocated_r_mips32_code_pointer
sub_08A73E5C,0x08A73E5C,1,1,0,0,0,false,relocated_r_mips32_code_pointer
sub_08A73E68,0x08A73E68,1,1,0,0,0,false,relocated_r_mips32_code_pointer
sub_08A73E70,0x08A73E70,4,2,0,0,1,false,relocated_r_mips32_code_pointer
sub_08A73E84,0x08A73E84,4,2,0,0,1,false,relocated_r_mips32_code_pointer
sub_08A73E98,0x08A73E98,1,1,0,0,0,false,relocated_r_mips32_code_pointer
sub_08A73EA4,0x08A73EA4,1,1,0,0,0,false,relocated_r_mips32_code_pointer
sub_08A73EAC,0x08A73EAC,3,2,0,0,2,false,relocated_r_mips32_code_pointer
sub_08A73EBC,0x08A73EBC,7,1,0,0,4,false,relocated_r_mips32_code_pointer
sub_08A73ED8,0x08A73ED8,1,1,0,0,0,false,materialized_code_pointer
sub_08A73EE8,0x08A73EE8,1,1,0,0,0,false,materialized_code_pointer
sub_08A73F00,0x08A73F00,1,1,0,0,0,false,materialized_code_pointer
sub_08A73F38,0x08A73F38,1,1,0,0,0,false,materialized_code_pointer
sub_08A73F50,0x08A73F50,1,1,0,0,0,false,materialized_code_pointer
sub_08A73F58,0x08A73F58,1,1,0,0,0,false,relocated_r_mips32_code_pointer
sub_08A73F60,0x08A73F60,11,2,0,0,6,false,relocated_r_mips32_code_pointer
sub_08A73F90,0x08A73F90,1,1,0,0,0,false,materialized_code_pointer
sub_08A73FB0,0x08A73FB0,1,1,0,0,0,false,relocated_r_mips32_code_pointer
sub_08A73FB8,0x08A73FB8,5,2,0,0,1,false,relocated_r_mips32_code_pointer
sub_08A73FD0,0x08A73FD0,1,1,0,0,0,false,materialized_code_pointer
sub_08A73FD8,0x08A73FD8,1,1,0,0,0,false,relocated_r_mips32_code_pointer
sub_08A73FE0,0x08A73FE0,12,1,0,0,7,false,relocated_r_mips32_code_pointer
sub_08A74010,0x08A74010,1,1,0,0,0,false,materialized_code_pointer
sub_08A74068,0x08A74068,1,1,0,0,0,false,relocated_r_mips32_code_pointer
sub_08A74074,0x08A74074,6,2,0,0,2,false,relocated_r_mips32_code_pointer
sub_08A74090,0x08A74090,1,1,0,0,0,false,materialized_code_pointer
sub_08A740C0,0x08A740C0,1,1,0,0,0,false,relocated_r_mips32_code_pointer
sub_08A740C8,0x08A740C8,4,1,0,0,2,false,relocated_r_mips32_code_pointer
sub_08A740D8,0x08A740D8,1,1,0,0,0,false,relocated_r_mips32_code_pointer
sub_08A740E4,0x08A740E4,5,1,0,0,4,false,relocated_r_mips32_code_pointer
sub_08A740F8,0x08A740F8,1,1,0,0,0,false,relocated_r_mips32_code_pointer
sub_08A74100,0x08A74100,6,1,0,0,3,false,relocated_r_mips32_code_pointer
sub_08A74118,0x08A74118,1,1,0,0,0,false,materialized_code_pointer
sub_08A74130,0x08A74130,1,1,0,0,0,false,materialized_code_pointer
sub_08A74148,0x08A74148,1,1,0,0,0,false,materialized_code_pointer
sub_08A74160,0x08A74160,1,1,0,0,0,false,materialized_code_pointer
sub_08A74168,0x08A74168,1,1,0,0,0,false,relocated_r_mips32_code_pointer
sub_08A74170,0x08A74170,6,1,0,0,3,false,relocated_r_mips32_code_pointer
sub_08A74188,0x08A74188,1,1,0,0,0,false,materialized_code_pointer
sub_08A74190,0x08A74190,1,1,0,0,0,false,relocated_r_mips32_code_pointer
sub_08A74198,0x08A74198,4,2,0,0,2,false,relocated_r_mips32_code_pointer
sub_08A741A8,0x08A741A8,1,1,0,0,0,false,relocated_r_mips32_code_pointer
sub_08A741B4,0x08A741B4,7,1,0,0,3,false,relocated_r_mips32_code_pointer
sub_08A741D0,0x08A741D0,1,1,0,0,0,false,materialized_code_pointer
sub_08A741E8,0x08A741E8,1,1,0,0,0,false,materialized_code_pointer
sub_08A741F0,0x08A741F0,1,1,0,0,0,false,relocated_r_mips32_code_pointer
sub_08A741F8,0x08A741F8,8,1,0,0,5,false,relocated_r_mips32_code_pointer
sub_08A74218,0x08A74218,1,1,0,0,0,false,relocated_r_mips32_code_pointer
sub_08A74224,0x08A74224,7,1,0,0,3,false,relocated_r_mips32_code_pointer
sub_08A74240,0x08A74240,1,1,0,0,0,false,materialized_code_pointer
sub_08A74250,0x08A74250,1,1,0,0,0,false,relocated_r_mips32_code_pointer
sub_08A74258,0x08A74258,6,1,0,0,3,false,relocated_r_mips32_code_pointer
sub_08A74270,0x08A74270,1,1,0,0,0,false,materialized_code_pointer
sub_08A74278,0x08A74278,1,1,0,0,0,false,relocated_r_mips32_code_pointer
sub_08A74280,0x08A74280,5,2,0,0,2,false,relocated_r_mips32_code_pointer
sub_08A74298,0x08A74298,1,1,0,0,0,false,materialized_code_pointer
sub_08A742B8,0x08A742B8,1,1,0,0,0,false,relocated_r_mips32_code_pointer
sub_08A742C4,0x08A742C4,5,1,0,0,1,false,relocated_r_mips32_code_pointer
sub_08A742D8,0x08A742D8,1,1,0,0,0,false,materialized_code_pointer
sub_08A74338,0x08A74338,1,1,0,0,0,false,relocated_r_mips32_code_pointer
sub_08A74340,0x08A74340,8,1,0,0,3,false,relocated_r_mips32_code_pointer
sub_08A74360,0x08A74360,1,1,0,0,0,false,materialized_code_pointer
sub_08A74370,0x08A74370,1,1,0,0,0,false,relocated_r_mips32_code_pointer
sub_08A74378,0x08A74378,3,1,0,0,2,false,relocated_r_mips32_code_pointer
sub_08A74384,0x08A74384,1,1,0,0,0,false,relocated_r_mips32_code_pointer
sub_08A7438C,0x08A7438C,5,1,0,0,3,false,relocated_r_mips32_code_pointer
sub_08A743A0,0x08A743A0,1,1,0,0,0,false,materialized_code_pointer
sub_08A743B0,0x08A743B0,1,1,0,0,0,false,materialized_code_pointer
sub_08A743B8,0x08A743B8,1,1,0,0,0,false,relocated_r_mips32_code_pointer
sub_08A743C4,0x08A743C4,6,2,0,0,2,false,relocated_r_mips32_code_pointer
sub_08A743E0,0x08A743E0,1,1,0,0,0,false,materialized_code_pointer
sub_08A74460,0x08A74460,1,1,0,0,0,false,relocated_r_mips32_code_pointer
sub_08A74468,0x08A74468,8,1,0,0,4,false,relocated_r_mips32_code_pointer
sub_08A74488,0x08A74488,1,1,0,0,0,false,materialized_code_pointer
sub_08A74490,0x08A74490,1,1,0,0,0,false,relocated_r_mips32_code_pointer
sub_08A74498,0x08A74498,8,1,0,0,4,false,relocated_r_mips32_code_pointer
sub_08A744B8,0x08A744B8,1,1,0,0,0,false,materialized_code_pointer
sub_08A744C0,0x08A744C0,1,1,0,0,0,false,relocated_r_mips32_code_pointer
sub_08A744C8,0x08A744C8,5,2,0,0,2,false,relocated_r_mips32_code_pointer
sub_08A744E0,0x08A744E0,1,1,0,0,0,false,materialized_code_pointer
sub_08A744E8,0x08A744E8,1,1,0,0,0,false,relocated_r_mips32_code_pointer
sub_08A744F0,0x08A744F0,3,1,0,0,1,false,relocated_r_mips32_code_pointer
sub_08A744FC,0x08A744FC,1,1,0,0,0,false,relocated_r_mips32_code_pointer
sub_08A74508,0x08A74508,3,2,0,0,0,false,relocated_r_mips32_code_pointer
sub_08A74518,0x08A74518,1,1,0,0,0,false,relocated_r_mips32_code_pointer
sub_08A74524,0x08A74524,3,2,0,0,1,false,relocated_r_mips32_code_pointer
sub_08A74534,0x08A74534,1,1,0,0,0,false,relocated_r_mips32_code_pointer
sub_08A74540,0x08A74540,3,2,0,0,0,false,relocated_r_mips32_code_pointer
sub_08A7454C,0x08A7454C,1,1,0,0,0,false,relocated_r_mips32_code_pointer
sub_08A74558,0x08A74558,3,1,0,0,2,false,relocated_r_mips32_code_pointer
sub_08A74564,0x08A74564,1,1,0,0,0,false,relocated_r_mips32_code_pointer
sub_08A7456C,0x08A7456C,5,1,0,0,2,false,relocated_r_mips32_code_pointer
sub_08A74580,0x08A74580,1,1,0,0,0,false,materialized_code_pointer
sub_08A745B8,0x08A745B8,1,1,0,0,0,false,materialized_code_pointer
sub_08A745F0,0x08A745F0,1,1,0,0,0,false,materialized_code_pointer
sub_08A74628,0x08A74628,1,1,0,0,0,false,materialized_code_pointer
sub_08A74660,0x08A74660,1,1,0,0,0,false,materialized_code_pointer
sub_08A74698,0x08A74698,1,1,0,0,0,false,materialized_code_pointer
sub_08A746A0,0x08A746A0,1,1,0,0,0,false,materialized_code_pointer
sub_08A746A8,0x08A746A8,7,2,0,0,1,false,relocated_r_mips32_code_pointer
sub_08A746C8,0x08A746C8,1,1,0,0,0,false,materialized_code_pointer
sub_08A746D8,0x08A746D8,1,1,0,0,0,false,relocated_r_mips32_code_pointer
sub_08A746E0,0x08A746E0,6,1,0,0,3,false,relocated_r_mips32_code_pointer
sub_08A746F8,0x08A746F8,1,1,0,0,0,false,materialized_code_pointer
sub_08A74700,0x08A74700,1,1,0,0,0,false,relocated_r_mips32_code_pointer
sub_08A74708,0x08A74708,6,1,0,0,2,false,relocated_r_mips32_code_pointer
sub_08A74720,0x08A74720,1,1,0,0,0,false,materialized_code_pointer
sub_08A74728,0x08A74728,1,1,0,0,0,false,relocated_r_mips32_code_pointer
sub_08A74748,0x08A74748,5,2,0,0,2,false,relocated_r_mips32_code_pointer
sub_08A74760,0x08A74760,1,1,0,0,0,false,materialized_code_pointer
sub_08A747C8,0x08A747C8,1,1,0,0,0,false,materialized_code_pointer
sub_08A747D8,0x08A747D8,1,1,0,0,0,false,relocated_r_mips32_code_pointer
sub_08A747E4,0x08A747E4,5,1,0,0,3,false,relocated_r_mips32_code_pointer
sub_08A747F8,0x08A747F8,1,1,0,0,0,false,materialized_code_pointer
sub_08A74850,0x08A74850,1,1,0,0,0,false,relocated_r_mips32_code_pointer
sub_08A74870,0x08A74870,6,1,0,0,4,false,relocated_r_mips32_code_pointer
sub_08A74888,0x08A74888,1,1,0,0,0,false,materialized_code_pointer
sub_08A74928,0x08A74928,1,1,0,0,0,false,materialized_code_pointer
sub_08A74940,0x08A74940,1,1,0,0,0,false,materialized_code_pointer
sub_08A74950,0x08A74950,1,1,0,0,0,false,relocated_r_mips32_code_pointer
sub_08A7495C,0x08A7495C,6,2,0,0,2,false,relocated_r_mips32_code_pointer
sub_08A74978,0x08A74978,1,1,0,0,0,false,materialized_code_pointer
sub_08A74A20,0x08A74A20,1,1,0,0,0,false,materialized_code_pointer
sub_08A74A38,0x08A74A38,1,1,0,0,0,false,materialized_code_pointer
sub_08A74A48,0x08A74A48,1,1,0,0,0,false,materialized_code_pointer
sub_08A74A54,0x08A74A54,6,2,0,0,2,false,relocated_r_mips32_code_pointer
sub_08A74A70,0x08A74A70,1,1,0,0,0,false,materialized_code_pointer
sub_08A74B1C,0x08A74B1C,1,1,0,0,0,false,materialized_code_pointer
sub_08A74B34,0x08A74B34,1,1,0,0,0,false,materialized_code_pointer
sub_08A74B48,0x08A74B48,1,1,0,0,0,false,materialized_code_pointer
sub_08A74B68,0x08A74B68,5,2,0,0,2,false,relocated_r_mips32_code_pointer
sub_08A74B80,0x08A74B80,1,1,0,0,0,false,materialized_code_pointer
sub_08A74BEC,0x08A74BEC,1,1,0,0,0,false,materialized_code_pointer
sub_08A74C04,0x08A74C04,1,1,0,0,0,false,materialized_code_pointer
sub_08A74C18,0x08A74C18,1,1,0,0,0,false,relocated_r_mips32_code_pointer
sub_08A74C48,0x08A74C48,1,1,0,0,0,false,materialized_code_pointer
sub_08A74C50,0x08A74C50,4,2,0,0,1,false,relocated_r_mips32_code_pointer
sub_08A74C64,0x08A74C64,6,2,0,0,2,false,relocated_r_mips32_code_pointer
sub_08A74C80,0x08A74C80,1,1,0,0,0,false,materialized_code_pointer
sub_08A74CE8,0x08A74CE8,1,1,0,0,0,false,materialized_code_pointer
sub_08A74D00,0x08A74D00,1,1,0,0,0,false,materialized_code_pointer
sub_08A74D18,0x08A74D18,1,1,0,0,0,false,materialized_code_pointer
sub_08A74D28,0x08A74D28,1,1,0,0,0,false,materialized_code_pointer
sub_08A74D30,0x08A74D30,1,1,0,0,0,false,relocated_r_mips32_code_pointer
sub_08A74D58,0x08A74D58,7,2,0,0,2,false,relocated_r_mips32_code_pointer
sub_08A74D78,0x08A74D78,1,1,0,0,0,false,materialized_code_pointer
sub_08A74DE0,0x08A74DE0,1,1,0,0,0,false,materialized_code_pointer
sub_08A74DF8,0x08A74DF8,1,1,0,0,0,false,materialized_code_pointer
sub_08A74E10,0x08A74E10,1,1,0,0,0,false,materialized_code_pointer
sub_08A74E18,0x08A74E18,1,1,0,0,0,false,relocated_r_mips32_code_pointer
sub_08A74E38,0x08A74E38,5,1,0,0,2,false,relocated_r_mips32_code_pointer
sub_08A74E4C,0x08A74E4C,1,1,0,0,0,false,relocated_r_mips32_code_pointer
sub_08A74E58,0x08A74E58,4,1,0,0,1,false,relocated_r_mips32_code_pointer
sub_08A74E68,0x08A74E68,1,1,0,0,0,false,relocated_r_mips32_code_pointer
sub_08A74E74,0x08A74E74,4,1,0,0,3,false,relocated_r_mips32_code_pointer
sub_08A74E84,0x08A74E84,1,1,0,0,0,false,relocated_r_mips32_code_pointer
sub_08A74E90,0x08A74E90,4,1,0,0,2,false,relocated_r_mips32_code_pointer
sub_08A74EA0,0x08A74EA0,1,1,0,0,0,false,relocated_r_mips32_code_pointer
sub_08A74EAC,0x08A74EAC,7,1,0,0,2,false,relocated_r_mips32_code_pointer
sub_08A74EC8,0x08A74EC8,1,1,0,0,0,false,materialized_code_pointer
sub_08A74F48,0x08A74F48,1,1,0,0,0,false,materialized_code_pointer
sub_08A74F60,0x08A74F60,1,1,0,0,0,false,materialized_code_pointer
sub_08A74F78,0x08A74F78,1,1,0,0,0,false,materialized_code_pointer
sub_08A74FF8,0x08A74FF8,1,1,0,0,0,false,materialized_code_pointer
sub_08A75010,0x08A75010,1,1,0,0,0,false,materialized_code_pointer
sub_08A75028,0x08A75028,1,1,0,0,0,false,materialized_code_pointer
sub_08A750A8,0x08A750A8,1,1,0,0,0,false,materialized_code_pointer
sub_08A750C0,0x08A750C0,1,1,0,0,0,false,materialized_code_pointer
sub_08A750D8,0x08A750D8,1,1,0,0,0,false,materialized_code_pointer
sub_08A75158,0x08A75158,1,1,0,0,0,false,materialized_code_pointer
sub_08A75170,0x08A75170,1,1,0,0,0,false,materialized_code_pointer
sub_08A75188,0x08A75188,1,1,0,0,0,false,materialized_code_pointer
sub_08A75208,0x08A75208,1,1,0,0,0,false,materialized_code_pointer
sub_08A75220,0x08A75220,1,1,0,0,0,false,materialized_code_pointer
sub_08A75230,0x08A75230,1,1,0,0,0,false,relocated_r_mips32_code_pointer
sub_08A7523C,0x08A7523C,7,1,0,0,3,false,relocated_r_mips32_code_pointer
sub_08A75258,0x08A75258,1,1,0,0,0,false,materialized_code_pointer
sub_08A752D8,0x08A752D8,1,1,0,0,0,false,materialized_code_pointer
sub_08A752F0,0x08A752F0,1,1,0,0,0,false,materialized_code_pointer
sub_08A75300,0x08A75300,1,1,0,0,0,false,materialized_code_pointer
sub_08A75320,0x08A75320,3,2,0,0,0,false,relocated_r_mips32_code_pointer
sub_08A75330,0x08A75330,1,1,0,0,0,false,relocated_r_mips32_code_pointer
sub_08A7533C,0x08A7533C,6,2,0,0,0,false,relocated_r_mips32_code_pointer
sub_08A75358,0x08A75358,1,1,0,0,0,false,materialized_code_pointer
sub_08A753D0,0x08A753D0,1,1,0,0,0,false,materialized_code_pointer
sub_08A753E8,0x08A753E8,1,1,0,0,0,false,materialized_code_pointer
sub_08A75400,0x08A75400,1,1,0,0,0,false,materialized_code_pointer
sub_08A75478,0x08A75478,1,1,0,0,0,false,materialized_code_pointer
sub_08A75490,0x08A75490,1,1,0,0,0,false,materialized_code_pointer
sub_08A754A0,0x08A754A0,1,1,0,0,0,false,relocated_r_mips32_code_pointer
sub_08A754C0,0x08A754C0,6,1,0,0,2,false,relocated_r_mips32_code_pointer
sub_08A754D8,0x08A754D8,1,1,0,0,0,false,materialized_code_pointer
sub_08A75544,0x08A75544,1,1,0,0,0,false,materialized_code_pointer
sub_08A75558,0x08A75558,1,1,0,0,0,false,relocated_r_mips32_code_pointer
sub_08A75578,0x08A75578,6,1,0,0,2,false,relocated_r_mips32_code_pointer
sub_08A75590,0x08A75590,1,1,0,0,0,false,materialized_code_pointer
sub_08A755FC,0x08A755FC,1,1,0,0,0,false,materialized_code_pointer
sub_08A75610,0x08A75610,1,1,0,0,0,false,relocated_r_mips32_code_pointer
sub_08A7561C,0x08A7561C,7,1,0,0,4,false,relocated_r_mips32_code_pointer
sub_08A75638,0x08A75638,1,1,0,0,0,false,materialized_code_pointer
sub_08A756C4,0x08A756C4,1,1,0,0,0,false,materialized_code_pointer
sub_08A756D8,0x08A756D8,1,1,0,0,0,false,relocated_r_mips32_code_pointer
sub_08A756E4,0x08A756E4,7,1,0,0,3,false,relocated_r_mips32_code_pointer
sub_08A75700,0x08A75700,1,1,0,0,0,false,materialized_code_pointer
sub_08A75758,0x08A75758,1,1,0,0,0,false,relocated_r_mips32_code_pointer
sub_08A75780,0x08A75780,6,1,0,0,2,false,relocated_r_mips32_code_pointer
sub_08A75798,0x08A75798,1,1,0,0,0,false,materialized_code_pointer
sub_08A75804,0x08A75804,1,1,0,0,0,false,materialized_code_pointer
sub_08A7581C,0x08A7581C,1,1,0,0,0,false,materialized_code_pointer
sub_08A75830,0x08A75830,1,1,0,0,0,false,relocated_r_mips32_code_pointer
sub_08A7583C,0x08A7583C,5,1,0,0,3,false,relocated_r_mips32_code_pointer
sub_08A75850,0x08A75850,1,1,0,0,0,false,materialized_code_pointer
sub_08A758B4,0x08A758B4,1,1,0,0,0,false,materialized_code_pointer
sub_08A758C8,0x08A758C8,1,1,0,0,0,false,relocated_r_mips32_code_pointer
sub_08A758D4,0x08A758D4,7,1,0,0,2,false,relocated_r_mips32_code_pointer
sub_08A758F0,0x08A758F0,1,1,0,0,0,false,materialized_code_pointer
sub_08A75958,0x08A75958,1,1,0,0,0,false,materialized_code_pointer
sub_08A75968,0x08A75968,1,1,0,0,0,false,relocated_r_mips32_code_pointer
sub_08A75988,0x08A75988,3,1,0,0,3,false,relocated_r_mips32_code_pointer
sub_08A75994,0x08A75994,1,1,0,0,0,false,relocated_r_mips32_code_pointer
sub_08A759A0,0x08A759A0,5,2,0,0,2,false,relocated_r_mips32_code_pointer
sub_08A759B8,0x08A759B8,1,1,0,0,0,false,materialized_code_pointer
sub_08A75A2C,0x08A75A2C,1,1,0,0,0,false,materialized_code_pointer
sub_08A75A44,0x08A75A44,1,1,0,0,0,false,materialized_code_pointer
sub_08A75A60,0x08A75A60,1,1,0,0,0,false,materialized_code_pointer
sub_08A75AD4,0x08A75AD4,1,1,0,0,0,false,materialized_code_pointer
sub_08A75AEC,0x08A75AEC,1,1,0,0,0,false,materialized_code_pointer
sub_08A75B00,0x08A75B00,1,1,0,0,0,false,relocated_r_mips32_code_pointer
sub_08A75B20,0x08A75B20,6,1,0,0,3,false,relocated_r_mips32_code_pointer
sub_08A75B38,0x08A75B38,1,1,0,0,0,false,materialized_code_pointer
sub_08A75BC8,0x08A75BC8,1,1,0,0,0,false,materialized_code_pointer
sub_08A75BE0,0x08A75BE0,1,1,0,0,0,false,materialized_code_pointer
sub_08A75BF0,0x08A75BF0,1,1,0,0,0,false,relocated_r_mips32_code_pointer
sub_08A75BFC,0x08A75BFC,6,2,0,0,1,false,relocated_r_mips32_code_pointer
sub_08A75C18,0x08A75C18,1,1,0,0,0,false,materialized_code_pointer
sub_08A75CA8,0x08A75CA8,1,1,0,0,0,false,materialized_code_pointer
sub_08A75CB8,0x08A75CB8,1,1,0,0,0,false,relocated_r_mips32_code_pointer
sub_08A75CC4,0x08A75CC4,5,1,0,0,1,false,relocated_r_mips32_code_pointer
sub_08A75CD8,0x08A75CD8,1,1,0,0,0,false,materialized_code_pointer
sub_08A75D4C,0x08A75D4C,1,1,0,0,0,false,materialized_code_pointer
sub_08A75D60,0x08A75D60,1,1,0,0,0,false,relocated_r_mips32_code_pointer
sub_08A75D6C,0x08A75D6C,8,2,0,0,1,false,relocated_r_mips32_code_pointer
sub_08A75D90,0x08A75D90,1,1,0,0,0,false,materialized_code_pointer
sub_08A75DF8,0x08A75DF8,1,1,0,0,0,false,materialized_code_pointer
sub_08A75E08,0x08A75E08,1,1,0,0,0,false,relocated_r_mips32_code_pointer
sub_08A75E14,0x08A75E14,7,1,0,0,3,false,relocated_r_mips32_code_pointer
sub_08A75E30,0x08A75E30,1,1,0,0,0,false,materialized_code_pointer
sub_08A75EBC,0x08A75EBC,1,1,0,0,0,false,materialized_code_pointer
sub_08A75ED0,0x08A75ED0,1,1,0,0,0,false,materialized_code_pointer
sub_08A75EDC,0x08A75EDC,3,2,0,0,1,false,relocated_r_mips32_code_pointer
sub_08A75EEC,0x08A75EEC,1,1,0,0,0,false,materialized_code_pointer
sub_08A75EF8,0x08A75EF8,7,2,0,0,2,false,relocated_r_mips32_code_pointer
sub_08A75F18,0x08A75F18,1,1,0,0,0,false,materialized_code_pointer
sub_08A75F8C,0x08A75F8C,1,1,0,0,0,false,materialized_code_pointer
sub_08A75FA8,0x08A75FA8,1,1,0,0,0,false,materialized_code_pointer
sub_08A7601C,0x08A7601C,1,1,0,0,0,false,materialized_code_pointer
sub_08A76030,0x08A76030,1,1,0,0,0,false,relocated_r_mips32_code_pointer
sub_08A76050,0x08A76050,7,2,0,0,3,false,relocated_r_mips32_code_pointer
sub_08A76070,0x08A76070,1,1,0,0,0,false,materialized_code_pointer
sub_08A760D4,0x08A760D4,1,1,0,0,0,false,materialized_code_pointer
sub_08A760E8,0x08A760E8,1,1,0,0,0,false,relocated_r_mips32_code_pointer
sub_08A76108,0x08A76108,7,2,0,0,3,false,relocated_r_mips32_code_pointer
sub_08A76128,0x08A76128,1,1,0,0,0,false,materialized_code_pointer
sub_08A761B4,0x08A761B4,1,1,0,0,0,false,materialized_code_pointer
sub_08A761C8,0x08A761C8,1,1,0,0,0,false,materialized_code_pointer
sub_08A761E8,0x08A761E8,7,2,0,0,1,false,relocated_r_mips32_code_pointer
sub_08A76208,0x08A76208,1,1,0,0,0,false,materialized_code_pointer
sub_08A76278,0x08A76278,1,1,0,0,0,false,materialized_code_pointer
sub_08A76288,0x08A76288,1,1,0,0,0,false,relocated_r_mips32_code_pointer
sub_08A76294,0x08A76294,6,2,0,0,2,false,relocated_r_mips32_code_pointer
sub_08A762B0,0x08A762B0,1,1,0,0,0,false,materialized_code_pointer
sub_08A7633C,0x08A7633C,1,1,0,0,0,false,materialized_code_pointer
sub_08A76350,0x08A76350,1,1,0,0,0,false,relocated_r_mips32_code_pointer
sub_08A7635C,0x08A7635C,1,1,0,0,0,false,relocated_r_mips32_code_pointer
sub_08A76364,0x08A76364,5,1,0,0,5,false,relocated_r_mips32_code_pointer
sub_08A76378,0x08A76378,5,2,0,0,0,false,relocated_r_mips32_code_pointer
sub_08A76390,0x08A76390,1,1,0,0,0,false,materialized_code_pointer
sub_08A7639C,0x08A7639C,6,2,0,0,1,false,relocated_r_mips32_code_pointer
sub_08A763B8,0x08A763B8,1,1,0,0,0,false,materialized_code_pointer
sub_08A76460,0x08A76460,1,1,0,0,0,false,materialized_code_pointer
sub_08A76478,0x08A76478,1,1,0,0,0,false,materialized_code_pointer
sub_08A76490,0x08A76490,1,1,0,0,0,false,materialized_code_pointer
sub_08A764B8,0x08A764B8,1,1,0,0,0,false,materialized_code_pointer
sub_08A764D8,0x08A764D8,1,1,0,0,0,false,materialized_code_pointer
sub_08A764E4,0x08A764E4,6,2,0,0,1,false,relocated_r_mips32_code_pointer
sub_08A76500,0x08A76500,1,1,0,0,0,false,materialized_code_pointer
sub_08A765A8,0x08A765A8,1,1,0,0,0,false,materialized_code_pointer
sub_08A765C0,0x08A765C0,1,1,0,0,0,false,materialized_code_pointer
sub_08A765D0,0x08A765D0,1,1,0,0,0,false,relocated_r_mips32_code_pointer
sub_08A765DC,0x08A765DC,4,2,0,0,3,false,relocated_r_mips32_code_pointer
sub_08A765F0,0x08A765F0,1,1,0,0,0,false,materialized_code_pointer
sub_08A765FC,0x08A765FC,6,2,0,0,1,false,relocated_r_mips32_code_pointer
sub_08A76618,0x08A76618,1,1,0,0,0,false,materialized_code_pointer
sub_08A766C0,0x08A766C0,1,1,0,0,0,false,materialized_code_pointer
sub_08A766D8,0x08A766D8,1,1,0,0,0,false,materialized_code_pointer
sub_08A766F0,0x08A766F0,1,1,0,0,0,false,materialized_code_pointer
sub_08A76710,0x08A76710,1,1,0,0,0,false,relocated_r_mips32_code_pointer
sub_08A7671C,0x08A7671C,7,1,0,0,3,false,relocated_r_mips32_code_pointer
sub_08A76738,0x08A76738,1,1,0,0,0,false,materialized_code_pointer
sub_08A767AC,0x08A767AC,1,1,0,0,0,false,materialized_code_pointer
sub_08A767C4,0x08A767C4,1,1,0,0,0,false,materialized_code_pointer
sub_08A767D8,0x08A767D8,1,1,0,0,0,false,relocated_r_mips32_code_pointer
sub_08A767E4,0x08A767E4,6,2,0,0,3,false,relocated_r_mips32_code_pointer
sub_08A76800,0x08A76800,1,1,0,0,0,false,materialized_code_pointer
sub_08A76864,0x08A76864,1,1,0,0,0,false,materialized_code_pointer
sub_08A76878,0x08A76878,1,1,0,0,0,false,relocated_r_mips32_code_pointer
sub_08A76884,0x08A76884,6,2,0,0,1,false,relocated_r_mips32_code_pointer
sub_08A768A0,0x08A768A0,1,1,0,0,0,false,materialized_code_pointer
sub_08A76900,0x08A76900,1,1,0,0,0,false,relocated_r_mips32_code_pointer
sub_08A7690C,0x08A7690C,7,1,0,0,3,false,relocated_r_mips32_code_pointer
sub_08A76928,0x08A76928,1,1,0,0,0,false,materialized_code_pointer
sub_08A76980,0x08A76980,1,1,0,0,0,false,relocated_r_mips32_code_pointer
sub_08A7698C,0x08A7698C,6,2,0,0,0,false,relocated_r_mips32_code_pointer
sub_08A769A8,0x08A769A8,1,1,0,0,0,false,materialized_code_pointer
sub_08A76A00,0x08A76A00,1,1,0,0,0,false,relocated_r_mips32_code_pointer
sub_08A76A0C,0x08A76A0C,5,1,0,0,1,false,relocated_r_mips32_code_pointer
sub_08A76A20,0x08A76A20,1,1,0,0,0,false,materialized_code_pointer
sub_08A76AAC,0x08A76AAC,1,1,0,0,0,false,materialized_code_pointer
sub_08A76AC0,0x08A76AC0,1,1,0,0,0,false,relocated_r_mips32_code_pointer
sub_08A76ACC,0x08A76ACC,6,2,0,0,0,false,relocated_r_mips32_code_pointer
sub_08A76AE8,0x08A76AE8,1,1,0,0,0,false,materialized_code_pointer
sub_08A76B54,0x08A76B54,1,1,0,0,0,false,materialized_code_pointer
sub_08A76B6C,0x08A76B6C,1,1,0,0,0,false,materialized_code_pointer
sub_08A76B80,0x08A76B80,1,1,0,0,0,false,relocated_r_mips32_code_pointer
sub_08A76B8C,0x08A76B8C,6,2,0,0,2,false,relocated_r_mips32_code_pointer
sub_08A76BA8,0x08A76BA8,1,1,0,0,0,false,materialized_code_pointer
sub_08A76C00,0x08A76C00,1,1,0,0,0,false,relocated_r_mips32_code_pointer
sub_08A76C0C,0x08A76C0C,7,1,0,0,2,false,relocated_r_mips32_code_pointer
sub_08A76C28,0x08A76C28,1,1,0,0,0,false,materialized_code_pointer
sub_08A76C88,0x08A76C88,1,1,0,0,0,false,relocated_r_mips32_code_pointer
sub_08A76C94,0x08A76C94,7,1,0,0,3,false,relocated_r_mips32_code_pointer
sub_08A76CB0,0x08A76CB0,1,1,0,0,0,false,materialized_code_pointer
sub_08A76D10,0x08A76D10,1,1,0,0,0,false,relocated_r_mips32_code_pointer
sub_08A76D1C,0x08A76D1C,7,1,0,0,3,false,relocated_r_mips32_code_pointer
sub_08A76D38,0x08A76D38,1,1,0,0,0,false,materialized_code_pointer
sub_08A76DD0,0x08A76DD0,1,1,0,0,0,false,relocated_r_mips32_code_pointer
sub_08A76DDC,0x08A76DDC,6,2,0,0,3,false,relocated_r_mips32_code_pointer
sub_08A76DF8,0x08A76DF8,1,1,0,0,0,false,materialized_code_pointer
sub_08A76E90,0x08A76E90,1,1,0,0,0,false,relocated_r_mips32_code_pointer
sub_08A76E9C,0x08A76E9C,9,1,0,0,3,false,relocated_r_mips32_code_pointer
sub_08A76EC0,0x08A76EC0,1,1,0,0,0,false,materialized_code_pointer
sub_08A76F58,0x08A76F58,1,1,0,0,0,false,relocated_r_mips32_code_pointer
sub_08A76F64,0x08A76F64,6,1,0,0,3,false,relocated_r_mips32_code_pointer
sub_08A76F7C,0x08A76F7C,1,1,0,0,0,false,relocated_r_mips32_code_pointer
sub_08A76F88,0x08A76F88,6,1,0,0,3,false,relocated_r_mips32_code_pointer
sub_08A76FA0,0x08A76FA0,1,1,0,0,0,false,materialized_code_pointer
sub_08A77040,0x08A77040,1,1,0,0,0,false,materialized_code_pointer
sub_08A77088,0x08A77088,1,1,0,0,0,false,relocated_r_mips32_code_pointer
sub_08A77094,0x08A77094,7,1,0,0,3,false,relocated_r_mips32_code_pointer
sub_08A770B0,0x08A770B0,1,1,0,0,0,false,materialized_code_pointer
sub_08A77150,0x08A77150,1,1,0,0,0,false,relocated_r_mips32_code_pointer
sub_08A7715C,0x08A7715C,7,1,0,0,5,false,relocated_r_mips32_code_pointer
sub_08A77178,0x08A77178,1,1,0,0,0,false,materialized_code_pointer
sub_08A77210,0x08A77210,1,1,0,0,0,false,relocated_r_mips32_code_pointer
sub_08A7721C,0x08A7721C,6,2,0,0,0,false,relocated_r_mips32_code_pointer
sub_08A77238,0x08A77238,1,1,0,0,0,false,materialized_code_pointer
sub_08A772D0,0x08A772D0,1,1,0,0,0,false,relocated_r_mips32_code_pointer
sub_08A772DC,0x08A772DC,9,1,0,0,3,false,relocated_r_mips32_code_pointer
sub_08A77300,0x08A77300,1,1,0,0,0,false,materialized_code_pointer
sub_08A77398,0x08A77398,1,1,0,0,0,false,relocated_r_mips32_code_pointer
sub_08A773A4,0x08A773A4,1,1,0,0,0,false,relocated_r_mips32_code_pointer
sub_08A773AC,0x08A773AC,5,1,0,0,3,false,relocated_r_mips32_code_pointer
sub_08A773C0,0x08A773C0,4,3,0,1,1,false,relocated_r_mips32_code_pointer
sub_08A773D8,0x08A773D8,1,1,0,0,0,false,materialized_code_pointer
sub_08A77420,0x08A77420,1,1,0,0,0,false,materialized_code_pointer
sub_08A77430,0x08A77430,1,1,0,0,0,false,relocated_r_mips32_code_pointer
sub_08A7743C,0x08A7743C,8,2,0,0,2,false,relocated_r_mips32_code_pointer
sub_08A77460,0x08A77460,1,1,0,0,0,false,materialized_code_pointer
sub_08A77488,0x08A77488,1,1,0,0,0,false,relocated_r_mips32_code_pointer
sub_08A77490,0x08A77490,7,2,0,0,3,false,relocated_r_mips32_code_pointer
sub_08A774B0,0x08A774B0,1,1,0,0,0,false,materialized_code_pointer
sub_08A774C0,0x08A774C0,1,1,0,0,0,false,relocated_r_mips32_code_pointer
sub_08A774CC,0x08A774CC,5,1,0,0,4,false,relocated_r_mips32_code_pointer
sub_08A774E0,0x08A774E0,1,1,0,0,0,false,relocated_r_mips32_code_pointer
sub_08A774EC,0x08A774EC,9,1,0,0,3,false,relocated_r_mips32_code_pointer
sub_08A77510,0x08A77510,1,1,0,0,0,false,materialized_code_pointer
sub_08A775B0,0x08A775B0,1,1,0,0,0,false,materialized_code_pointer
sub_08A775F0,0x08A775F0,1,1,0,0,0,false,relocated_r_mips32_code_pointer
sub_08A775FC,0x08A775FC,7,1,0,0,5,false,relocated_r_mips32_code_pointer
sub_08A77618,0x08A77618,1,1,0,0,0,false,materialized_code_pointer
sub_08A776B0,0x08A776B0,1,1,0,0,0,false,relocated_r_mips32_code_pointer
sub_08A776BC,0x08A776BC,4,2,0,1,1,false,relocated_r_mips32_code_pointer
sub_08A776C8,0x08A776C8,1,1,0,0,0,false,relocated_r_mips32_code_pointer
sub_08A776D4,0x08A776D4,9,1,0,0,4,false,relocated_r_mips32_code_pointer
sub_08A776F8,0x08A776F8,1,1,0,0,0,false,materialized_code_pointer
sub_08A77740,0x08A77740,1,1,0,0,0,false,materialized_code_pointer
sub_08A777D8,0x08A777D8,1,1,0,0,0,false,relocated_r_mips32_code_pointer
sub_08A777E4,0x08A777E4,3,1,0,0,2,false,relocated_r_mips32_code_pointer
sub_08A777F0,0x08A777F0,1,1,0,0,0,false,relocated_r_mips32_code_pointer
sub_08A777FC,0x08A777FC,7,1,0,0,4,false,relocated_r_mips32_code_pointer
sub_08A77818,0x08A77818,1,1,0,0,0,false,materialized_code_pointer
sub_08A77860,0x08A77860,1,1,0,0,0,false,materialized_code_pointer
sub_08A778F8,0x08A778F8,1,1,0,0,0,false,relocated_r_mips32_code_pointer
sub_08A77904,0x08A77904,3,1,0,0,1,false,relocated_r_mips32_code_pointer
sub_08A77910,0x08A77910,1,1,0,0,0,false,relocated_r_mips32_code_pointer
sub_08A7791C,0x08A7791C,7,1,0,0,4,false,relocated_r_mips32_code_pointer
sub_08A77938,0x08A77938,1,1,0,0,0,false,materialized_code_pointer
sub_08A77980,0x08A77980,1,1,0,0,0,false,materialized_code_pointer
sub_08A77A18,0x08A77A18,1,1,0,0,0,false,relocated_r_mips32_code_pointer
sub_08A77A24,0x08A77A24,6,2,0,0,3,false,relocated_r_mips32_code_pointer
sub_08A77A40,0x08A77A40,1,1,0,0,0,false,materialized_code_pointer
sub_08A77A60,0x08A77A60,1,1,0,0,0,false,relocated_r_mips32_code_pointer
sub_08A77A6C,0x08A77A6C,7,1,0,0,3,false,relocated_r_mips32_code_pointer
sub_08A77A88,0x08A77A88,1,1,0,0,0,false,materialized_code_pointer
sub_08A77AA0,0x08A77AA0,1,1,0,0,0,false,relocated_r_mips32_code_pointer
sub_08A77AAC,0x08A77AAC,7,1,0,0,2,false,relocated_r_mips32_code_pointer
sub_08A77AC8,0x08A77AC8,1,1,0,0,0,false,materialized_code_pointer
sub_08A77AE0,0x08A77AE0,1,1,0,0,0,false,relocated_r_mips32_code_pointer
sub_08A77AEC,0x08A77AEC,7,1,0,0,2,false,relocated_r_mips32_code_pointer
sub_08A77B08,0x08A77B08,1,1,0,0,0,false,materialized_code_pointer
sub_08A77B20,0x08A77B20,1,1,0,0,0,false,relocated_r_mips32_code_pointer
sub_08A77B2C,0x08A77B2C,5,1,0,0,0,false,relocated_r_mips32_code_pointer
sub_08A77B40,0x08A77B40,1,1,0,0,0,false,materialized_code_pointer
sub_08A77B58,0x08A77B58,1,1,0,0,0,false,relocated_r_mips32_code_pointer
sub_08A77B64,0x08A77B64,7,1,0,0,4,false,relocated_r_mips32_code_pointer
sub_08A77B80,0x08A77B80,1,1,0,0,0,false,materialized_code_pointer
sub_08A77B98,0x08A77B98,1,1,0,0,0,false,relocated_r_mips32_code_pointer
sub_08A77BA4,0x08A77BA4,7,1,0,0,3,false,relocated_r_mips32_code_pointer
sub_08A77BC0,0x08A77BC0,1,1,0,0,0,false,materialized_code_pointer
sub_08A77BD8,0x08A77BD8,1,1,0,0,0,false,relocated_r_mips32_code_pointer
sub_08A77BE4,0x08A77BE4,7,1,0,0,3,false,relocated_r_mips32_code_pointer
sub_08A77C00,0x08A77C00,1,1,0,0,0,false,materialized_code_pointer
sub_08A77C18,0x08A77C18,1,1,0,0,0,false,relocated_r_mips32_code_pointer
sub_08A77C24,0x08A77C24,3,1,0,0,2,false,relocated_r_mips32_code_pointer
sub_08A77C30,0x08A77C30,1,1,0,0,0,false,relocated_r_mips32_code_pointer
sub_08A77C3C,0x08A77C3C,7,1,0,0,2,false,relocated_r_mips32_code_pointer
sub_08A77C58,0x08A77C58,1,1,0,0,0,false,materialized_code_pointer
sub_08A77C78,0x08A77C78,1,1,0,0,0,false,materialized_code_pointer
sub_08A77C90,0x08A77C90,1,1,0,0,0,false,relocated_r_mips32_code_pointer
sub_08A77C9C,0x08A77C9C,7,1,0,0,4,false,relocated_r_mips32_code_pointer
sub_08A77CB8,0x08A77CB8,1,1,0,0,0,false,materialized_code_pointer
sub_08A77CD0,0x08A77CD0,1,1,0,0,0,false,relocated_r_mips32_code_pointer
sub_08A77CDC,0x08A77CDC,6,2,0,0,2,false,relocated_r_mips32_code_pointer
sub_08A77CF8,0x08A77CF8,1,1,0,0,0,false,materialized_code_pointer
sub_08A77D10,0x08A77D10,1,1,0,0,0,false,relocated_r_mips32_code_pointer
sub_08A77D1C,0x08A77D1C,7,1,0,0,3,false,relocated_r_mips32_code_pointer
sub_08A77D38,0x08A77D38,1,1,0,0,0,false,materialized_code_pointer
sub_08A77D50,0x08A77D50,1,1,0,0,0,false,relocated_r_mips32_code_pointer
sub_08A77D5C,0x08A77D5C,6,2,0,0,2,false,relocated_r_mips32_code_pointer
sub_08A77D78,0x08A77D78,1,1,0,0,0,false,materialized_code_pointer
sub_08A77D90,0x08A77D90,1,1,0,0,0,false,relocated_r_mips32_code_pointer
sub_08A77D9C,0x08A77D9C,7,1,0,0,3,false,relocated_r_mips32_code_pointer
sub_08A77DB8,0x08A77DB8,1,1,0,0,0,false,materialized_code_pointer
sub_08A77DD0,0x08A77DD0,1,1,0,0,0,false,relocated_r_mips32_code_pointer
sub_08A77DDC,0x08A77DDC,7,1,0,0,2,false,relocated_r_mips32_code_pointer
sub_08A77DF8,0x08A77DF8,1,1,0,0,0,false,materialized_code_pointer
sub_08A77E18,0x08A77E18,1,1,0,0,0,false,materialized_code_pointer
sub_08A77E28,0x08A77E28,1,1,0,0,0,false,relocated_r_mips32_code_pointer
sub_08A77E30,0x08A77E30,8,3,0,0,2,false,relocated_r_mips32_code_pointer
sub_08A77E58,0x08A77E58,1,1,0,0,0,false,materialized_code_pointer
sub_08A77E68,0x08A77E68,1,1,0,0,0,false,relocated_r_mips32_code_pointer
sub_08A77E70,0x08A77E70,5,3,0,0,2,false,relocated_r_mips32_code_pointer
sub_08A77E8C,0x08A77E8C,1,1,0,0,0,false,relocated_r_mips32_code_pointer
sub_08A77E98,0x08A77E98,6,1,0,0,4,false,relocated_r_mips32_code_pointer
sub_08A77EB0,0x08A77EB0,1,1,0,0,0,false,materialized_code_pointer
sub_08A77ED0,0x08A77ED0,1,1,0,0,0,false,materialized_code_pointer
sub_08A77EE0,0x08A77EE0,1,1,0,0,0,false,relocated_r_mips32_code_pointer
sub_08A77EE8,0x08A77EE8,5,3,0,0,2,false,relocated_r_mips32_code_pointer
sub_08A77F04,0x08A77F04,1,1,0,0,0,false,relocated_r_mips32_code_pointer
sub_08A77F10,0x08A77F10,6,1,0,0,3,false,relocated_r_mips32_code_pointer
sub_08A77F28,0x08A77F28,1,1,0,0,0,false,materialized_code_pointer
sub_08A77F40,0x08A77F40,1,1,0,0,0,false,relocated_r_mips32_code_pointer
sub_08A77F4C,0x08A77F4C,5,1,0,0,3,false,relocated_r_mips32_code_pointer
sub_08A77F60,0x08A77F60,1,1,0,0,0,false,materialized_code_pointer
sub_08A77F80,0x08A77F80,1,1,0,0,0,false,materialized_code_pointer
sub_08A77F90,0x08A77F90,1,1,0,0,0,false,relocated_r_mips32_code_pointer
sub_08A77F98,0x08A77F98,5,4,0,0,1,false,relocated_r_mips32_code_pointer
sub_08A77FB8,0x08A77FB8,1,1,0,0,0,false,relocated_r_mips32_code_pointer
sub_08A77FC4,0x08A77FC4,7,1,0,0,3,false,relocated_r_mips32_code_pointer
sub_08A77FE0,0x08A77FE0,1,1,0,0,0,false,materialized_code_pointer
sub_08A78000,0x08A78000,1,1,0,0,0,false,relocated_r_mips32_code_pointer
sub_08A7800C,0x08A7800C,6,1,0,0,4,false,relocated_r_mips32_code_pointer
sub_08A78024,0x08A78024,1,1,0,0,0,false,relocated_r_mips32_code_pointer
sub_08A78030,0x08A78030,6,1,0,0,3,false,relocated_r_mips32_code_pointer
sub_08A78048,0x08A78048,1,1,0,0,0,false,materialized_code_pointer
sub_08A78068,0x08A78068,1,1,0,0,0,false,materialized_code_pointer
sub_08A78080,0x08A78080,1,1,0,0,0,false,relocated_r_mips32_code_pointer
sub_08A7808C,0x08A7808C,5,1,0,0,2,false,relocated_r_mips32_code_pointer
sub_08A780A0,0x08A780A0,1,1,0,0,0,false,materialized_code_pointer
sub_08A780B8,0x08A780B8,1,1,0,0,0,false,relocated_r_mips32_code_pointer
sub_08A780C4,0x08A780C4,7,1,0,0,3,false,relocated_r_mips32_code_pointer
sub_08A780E0,0x08A780E0,1,1,0,0,0,false,materialized_code_pointer
sub_08A780F8,0x08A780F8,1,1,0,0,0,false,relocated_r_mips32_code_pointer
sub_08A78100,0x08A78100,7,2,0,0,2,false,relocated_r_mips32_code_pointer
sub_08A78120,0x08A78120,1,1,0,0,0,false,materialized_code_pointer
sub_08A78128,0x08A78128,1,1,0,0,0,false,relocated_r_mips32_code_pointer
sub_08A78134,0x08A78134,5,1,0,0,2,false,relocated_r_mips32_code_pointer
sub_08A78148,0x08A78148,1,1,0,0,0,false,materialized_code_pointer
sub_08A78168,0x08A78168,1,1,0,0,0,false,materialized_code_pointer
sub_08A78170,0x08A78170,1,1,0,0,0,false,relocated_r_mips32_code_pointer
sub_08A7817C,0x08A7817C,6,2,0,0,2,false,relocated_r_mips32_code_pointer
sub_08A78198,0x08A78198,1,1,0,0,0,false,materialized_code_pointer
sub_08A781A0,0x08A781A0,1,1,0,0,0,false,relocated_r_mips32_code_pointer
sub_08A781A8,0x08A781A8,3,1,0,0,2,false,relocated_r_mips32_code_pointer
sub_08A781B4,0x08A781B4,1,1,0,0,0,false,relocated_r_mips32_code_pointer
sub_08A781BC,0x08A781BC,5,1,0,0,3,false,relocated_r_mips32_code_pointer
sub_08A781D0,0x08A781D0,1,1,0,0,0,false,materialized_code_pointer
sub_08A781D8,0x08A781D8,1,1,0,0,0,false,relocated_r_mips32_code_pointer
sub_08A781E4,0x08A781E4,7,1,0,0,2,false,relocated_r_mips32_code_pointer
sub_08A78200,0x08A78200,1,1,0,0,0,false,materialized_code_pointer
sub_08A78220,0x08A78220,1,1,0,0,0,false,materialized_code_pointer
sub_08A78228,0x08A78228,1,1,0,0,0,false,relocated_r_mips32_code_pointer
sub_08A78230,0x08A78230,3,1,0,0,2,false,relocated_r_mips32_code_pointer
sub_08A7823C,0x08A7823C,1,1,0,0,0,false,relocated_r_mips32_code_pointer
sub_08A78244,0x08A78244,6,2,0,0,1,false,relocated_r_mips32_code_pointer
sub_08A78260,0x08A78260,1,1,0,0,0,false,materialized_code_pointer
sub_08A78268,0x08A78268,1,1,0,0,0,false,relocated_r_mips32_code_pointer
sub_08A78270,0x08A78270,8,1,0,0,2,false,relocated_r_mips32_code_pointer
sub_08A78290,0x08A78290,1,1,0,0,0,false,materialized_code_pointer
sub_08A782B0,0x08A782B0,1,1,0,0,0,false,materialized_code_pointer
sub_08A782C0,0x08A782C0,1,1,0,0,0,false,relocated_r_mips32_code_pointer
sub_08A782C8,0x08A782C8,4,3,0,0,1,false,relocated_r_mips32_code_pointer
sub_08A782E0,0x08A782E0,1,1,0,0,0,false,relocated_r_mips32_code_pointer
sub_08A782EC,0x08A782EC,9,1,0,0,4,false,relocated_r_mips32_code_pointer
sub_08A78310,0x08A78310,1,1,0,0,0,false,materialized_code_pointer
sub_08A78328,0x08A78328,1,1,0,0,0,false,relocated_r_mips32_code_pointer
sub_08A78330,0x08A78330,6,1,0,0,2,false,relocated_r_mips32_code_pointer
sub_08A78348,0x08A78348,1,1,0,0,0,false,materialized_code_pointer
sub_08A78358,0x08A78358,1,1,0,0,0,false,relocated_r_mips32_code_pointer
sub_08A78360,0x08A78360,8,1,0,0,2,false,relocated_r_mips32_code_pointer
sub_08A78380,0x08A78380,1,1,0,0,0,false,materialized_code_pointer
sub_08A78388,0x08A78388,1,1,0,0,0,false,relocated_r_mips32_code_pointer
sub_08A78394,0x08A78394,7,1,0,0,3,false,relocated_r_mips32_code_pointer
sub_08A783B0,0x08A783B0,1,1,0,0,0,false,materialized_code_pointer
sub_08A783C8,0x08A783C8,1,1,0,0,0,false,relocated_r_mips32_code_pointer
sub_08A783D4,0x08A783D4,7,1,0,0,3,false,relocated_r_mips32_code_pointer
sub_08A783F0,0x08A783F0,1,1,0,0,0,false,materialized_code_pointer
sub_08A78408,0x08A78408,1,1,0,0,0,false,relocated_r_mips32_code_pointer
sub_08A78410,0x08A78410,6,1,0,0,3,false,relocated_r_mips32_code_pointer
sub_08A78428,0x08A78428,1,1,0,0,0,false,materialized_code_pointer
sub_08A78430,0x08A78430,1,1,0,0,0,false,relocated_r_mips32_code_pointer
sub_08A7843C,0x08A7843C,7,1,0,0,4,false,relocated_r_mips32_code_pointer
sub_08A78458,0x08A78458,1,1,0,0,0,false,materialized_code_pointer
sub_08A78470,0x08A78470,1,1,0,0,0,false,relocated_r_mips32_code_pointer
sub_08A7847C,0x08A7847C,7,1,0,0,5,false,relocated_r_mips32_code_pointer
sub_08A78498,0x08A78498,1,1,0,0,0,false,materialized_code_pointer
sub_08A784B0,0x08A784B0,1,1,0,0,0,false,relocated_r_mips32_code_pointer
sub_08A784B8,0x08A784B8,6,1,0,0,2,false,relocated_r_mips32_code_pointer
sub_08A784D0,0x08A784D0,1,1,0,0,0,false,materialized_code_pointer
sub_08A784E0,0x08A784E0,1,1,0,0,0,false,relocated_r_mips32_code_pointer
sub_08A784E8,0x08A784E8,5,2,0,0,0,false,relocated_r_mips32_code_pointer
sub_08A78500,0x08A78500,1,1,0,0,0,false,materialized_code_pointer
sub_08A78510,0x08A78510,1,1,0,0,0,false,relocated_r_mips32_code_pointer
sub_08A78518,0x08A78518,4,2,0,0,3,false,relocated_r_mips32_code_pointer
sub_08A7852C,0x08A7852C,1,1,0,0,0,false,relocated_r_mips32_code_pointer
sub_08A78534,0x08A78534,5,1,0,0,3,false,relocated_r_mips32_code_pointer
sub_08A78548,0x08A78548,1,1,0,0,0,false,relocated_r_mips32_code_pointer
sub_08A78550,0x08A78550,6,1,0,0,2,false,relocated_r_mips32_code_pointer
sub_08A78568,0x08A78568,1,1,0,0,0,false,materialized_code_pointer
sub_08A78580,0x08A78580,1,1,0,0,0,false,materialized_code_pointer
sub_08A78590,0x08A78590,1,1,0,0,0,false,materialized_code_pointer
sub_08A78598,0x08A78598,1,1,0,0,0,false,relocated_r_mips32_code_pointer
sub_08A785A0,0x08A785A0,8,1,0,0,3,false,relocated_r_mips32_code_pointer
sub_08A785C0,0x08A785C0,1,1,0,0,0,false,materialized_code_pointer
sub_08A785C8,0x08A785C8,1,1,0,0,0,false,relocated_r_mips32_code_pointer
sub_08A785D0,0x08A785D0,8,1,0,0,3,false,relocated_r_mips32_code_pointer
sub_08A785F0,0x08A785F0,1,1,0,0,0,false,materialized_code_pointer
sub_08A785F8,0x08A785F8,1,1,0,0,0,false,relocated_r_mips32_code_pointer
sub_08A78604,0x08A78604,7,1,0,0,3,false,relocated_r_mips32_code_pointer
sub_08A78620,0x08A78620,1,1,0,0,0,false,materialized_code_pointer
sub_08A78630,0x08A78630,1,1,0,0,0,false,relocated_r_mips32_code_pointer
sub_08A78638,0x08A78638,6,1,0,0,4,false,relocated_r_mips32_code_pointer
sub_08A78650,0x08A78650,1,1,0,0,0,false,materialized_code_pointer
sub_08A78660,0x08A78660,1,1,0,0,0,false,relocated_r_mips32_code_pointer
sub_08A7866C,0x08A7866C,7,1,0,0,5,false,relocated_r_mips32_code_pointer
sub_08A78688,0x08A78688,1,1,0,0,0,false,materialized_code_pointer
sub_08A78698,0x08A78698,1,1,0,0,0,false,relocated_r_mips32_code_pointer
sub_08A786A4,0x08A786A4,7,1,0,0,4,false,relocated_r_mips32_code_pointer
sub_08A786C0,0x08A786C0,1,1,0,0,0,false,materialized_code_pointer
sub_08A786D0,0x08A786D0,1,1,0,0,0,false,relocated_r_mips32_code_pointer
sub_08A786D8,0x08A786D8,4,1,0,0,2,false,relocated_r_mips32_code_pointer
sub_08A786E8,0x08A786E8,1,1,0,0,0,false,relocated_r_mips32_code_pointer
sub_08A786F0,0x08A786F0,5,1,0,0,4,false,relocated_r_mips32_code_pointer
sub_08A78704,0x08A78704,1,1,0,0,0,false,relocated_r_mips32_code_pointer
sub_08A7870C,0x08A7870C,5,1,0,0,3,false,relocated_r_mips32_code_pointer
sub_08A78720,0x08A78720,1,1,0,0,0,false,relocated_r_mips32_code_pointer
sub_08A78728,0x08A78728,5,1,0,0,2,false,relocated_r_mips32_code_pointer
sub_08A7873C,0x08A7873C,1,1,0,0,0,false,relocated_r_mips32_code_pointer
sub_08A78744,0x08A78744,4,2,0,0,0,false,relocated_r_mips32_code_pointer
sub_08A78758,0x08A78758,1,1,0,0,0,false,materialized_code_pointer
sub_08A78768,0x08A78768,1,1,0,0,0,false,materialized_code_pointer
sub_08A78778,0x08A78778,1,1,0,0,0,false,materialized_code_pointer
sub_08A78788,0x08A78788,1,1,0,0,0,false,materialized_code_pointer
sub_08A78798,0x08A78798,1,1,0,0,0,false,materialized_code_pointer
sub_08A787A0,0x08A787A0,1,1,0,0,0,false,relocated_r_mips32_code_pointer
sub_08A787A8,0x08A787A8,5,2,0,0,0,false,relocated_r_mips32_code_pointer
sub_08A787C0,0x08A787C0,1,1,0,0,0,false,materialized_code_pointer
sub_08A787C8,0x08A787C8,1,1,0,0,0,false,relocated_r_mips32_code_pointer
sub_08A787D0,0x08A787D0,6,1,0,0,3,false,relocated_r_mips32_code_pointer
sub_08A787E8,0x08A787E8,1,1,0,0,0,false,materialized_code_pointer
sub_08A787F0,0x08A787F0,1,1,0,0,0,false,relocated_r_mips32_code_pointer
sub_08A787F8,0x08A787F8,3,1,0,0,3,false,relocated_r_mips32_code_pointer
sub_08A78804,0x08A78804,1,1,0,0,0,false,relocated_r_mips32_code_pointer
sub_08A78810,0x08A78810,8,1,0,0,4,false,relocated_r_mips32_code_pointer
sub_08A78830,0x08A78830,1,1,0,0,0,false,materialized_code_pointer
sub_08A78840,0x08A78840,1,1,0,0,0,false,materialized_code_pointer
sub_08A78868,0x08A78868,1,1,0,0,0,false,relocated_r_mips32_code_pointer
sub_08A78874,0x08A78874,5,1,0,0,2,false,relocated_r_mips32_code_pointer
sub_08A78888,0x08A78888,1,1,0,0,0,false,materialized_code_pointer
sub_08A78908,0x08A78908,1,1,0,0,0,false,relocated_r_mips32_code_pointer
sub_08A78914,0x08A78914,5,1,0,0,1,false,relocated_r_mips32_code_pointer
sub_08A78928,0x08A78928,1,1,0,0,0,false,materialized_code_pointer
sub_08A78980,0x08A78980,1,1,0,0,0,false,relocated_r_mips32_code_pointer
sub_08A78988,0x08A78988,6,1,0,0,4,false,relocated_r_mips32_code_pointer
sub_08A789A0,0x08A789A0,1,1,0,0,0,false,materialized_code_pointer
sub_08A789B0,0x08A789B0,1,1,0,0,0,false,materialized_code_pointer
sub_08A789C8,0x08A789C8,1,1,0,0,0,false,relocated_r_mips32_code_pointer
sub_08A789D0,0x08A789D0,4,2,0,0,3,false,relocated_r_mips32_code_pointer
sub_08A789E4,0x08A789E4,1,1,0,0,0,false,relocated_r_mips32_code_pointer
sub_08A789F0,0x08A789F0,6,1,0,0,3,false,relocated_r_mips32_code_pointer
sub_08A78A08,0x08A78A08,1,1,0,0,0,false,materialized_code_pointer
sub_08A78A30,0x08A78A30,1,1,0,0,0,false,relocated_r_mips32_code_pointer
sub_08A78A3C,0x08A78A3C,5,1,0,0,3,false,relocated_r_mips32_code_pointer
sub_08A78A50,0x08A78A50,1,1,0,0,0,false,materialized_code_pointer
sub_08A78AA8,0x08A78AA8,1,1,0,0,0,false,relocated_r_mips32_code_pointer
sub_08A78AB4,0x08A78AB4,9,1,0,0,4,false,relocated_r_mips32_code_pointer
sub_08A78AD8,0x08A78AD8,1,1,0,0,0,false,materialized_code_pointer
sub_08A78AF0,0x08A78AF0,1,1,0,0,0,false,relocated_r_mips32_code_pointer
sub_08A78AFC,0x08A78AFC,2,2,0,0,0,false,relocated_r_mips32_code_pointer
sub_08A78B08,0x08A78B08,1,1,0,0,0,false,relocated_r_mips32_code_pointer
sub_08A78B14,0x08A78B14,6,2,0,0,2,false,relocated_r_mips32_code_pointer
sub_08A78B30,0x08A78B30,1,1,0,0,0,false,materialized_code_pointer
sub_08A78B50,0x08A78B50,1,1,0,0,0,false,materialized_code_pointer
sub_08A78BB0,0x08A78BB0,1,1,0,0,0,false,relocated_r_mips32_code_pointer
sub_08A78BBC,0x08A78BBC,6,2,0,0,0,false,relocated_r_mips32_code_pointer
sub_08A78BD8,0x08A78BD8,1,1,0,0,0,false,materialized_code_pointer
sub_08A78BE8,0x08A78BE8,1,1,0,0,0,false,relocated_r_mips32_code_pointer
sub_08A78BF4,0x08A78BF4,6,2,0,0,2,false,relocated_r_mips32_code_pointer
sub_08A78C10,0x08A78C10,1,1,0,0,0,false,materialized_code_pointer
sub_08A78C28,0x08A78C28,1,1,0,0,0,false,relocated_r_mips32_code_pointer
sub_08A78C30,0x08A78C30,3,1,0,0,3,false,relocated_r_mips32_code_pointer
sub_08A78C3C,0x08A78C3C,1,1,0,0,0,false,relocated_r_mips32_code_pointer
sub_08A78C48,0x08A78C48,3,2,0,0,1,false,relocated_r_mips32_code_pointer
sub_08A78C58,0x08A78C58,1,1,0,0,0,false,relocated_r_mips32_code_pointer
sub_08A78C64,0x08A78C64,5,1,0,0,2,false,relocated_r_mips32_code_pointer
sub_08A78C78,0x08A78C78,1,1,0,0,0,false,materialized_code_pointer
sub_08A78C98,0x08A78C98,1,1,0,0,0,false,materialized_code_pointer
sub_08A78CB8,0x08A78CB8,1,1,0,0,0,false,materialized_code_pointer
sub_08A78CD0,0x08A78CD0,1,1,0,0,0,false,relocated_r_mips32_code_pointer
sub_08A78CDC,0x08A78CDC,6,2,0,0,1,false,relocated_r_mips32_code_pointer
sub_08A78CF8,0x08A78CF8,1,1,0,0,0,false,materialized_code_pointer
sub_08A78D08,0x08A78D08,1,1,0,0,0,false,relocated_r_mips32_code_pointer
sub_08A78D10,0x08A78D10,3,2,0,0,1,false,relocated_r_mips32_code_pointer
sub_08A78D20,0x08A78D20,1,1,0,0,0,false,relocated_r_mips32_code_pointer
sub_08A78D2C,0x08A78D2C,3,2,0,0,1,false,relocated_r_mips32_code_pointer
sub_08A78D3C,0x08A78D3C,1,1,0,0,0,false,relocated_r_mips32_code_pointer
sub_08A78D48,0x08A78D48,5,2,0,0,1,false,relocated_r_mips32_code_pointer
sub_08A78D60,0x08A78D60,1,1,0,0,0,false,materialized_code_pointer
sub_08A78D70,0x08A78D70,1,1,0,0,0,false,materialized_code_pointer
sub_08A78D80,0x08A78D80,1,1,0,0,0,false,materialized_code_pointer
sub_08A78D88,0x08A78D88,1,1,0,0,0,false,relocated_r_mips32_code_pointer
sub_08A78D94,0x08A78D94,6,2,0,0,2,false,relocated_r_mips32_code_pointer
sub_08A78DB0,0x08A78DB0,1,1,0,0,0,false,materialized_code_pointer
sub_08A78DE8,0x08A78DE8,1,1,0,0,0,false,relocated_r_mips32_code_pointer
sub_08A78DF4,0x08A78DF4,8,2,0,0,2,false,relocated_r_mips32_code_pointer
sub_08A78E18,0x08A78E18,1,1,0,0,0,false,materialized_code_pointer
sub_08A78E60,0x08A78E60,1,1,0,0,0,false,relocated_r_mips32_code_pointer
sub_08A78E6C,0x08A78E6C,6,2,0,0,2,false,relocated_r_mips32_code_pointer
sub_08A78E88,0x08A78E88,1,1,0,0,0,false,materialized_code_pointer
sub_08A78ED0,0x08A78ED0,1,1,0,0,0,false,relocated_r_mips32_code_pointer
sub_08A78EDC,0x08A78EDC,5,3,0,0,0,false,relocated_r_mips32_code_pointer
sub_08A78EF8,0x08A78EF8,1,1,0,0,0,false,materialized_code_pointer
sub_08A78F30,0x08A78F30,1,1,0,0,0,false,relocated_r_mips32_code_pointer
sub_08A78F3C,0x08A78F3C,8,2,0,0,3,false,relocated_r_mips32_code_pointer
sub_08A78F60,0x08A78F60,1,1,0,0,0,false,materialized_code_pointer
sub_08A78FA8,0x08A78FA8,1,1,0,0,0,false,relocated_r_mips32_code_pointer
sub_08A78FB4,0x08A78FB4,6,2,0,0,2,false,relocated_r_mips32_code_pointer
sub_08A78FD0,0x08A78FD0,1,1,0,0,0,false,materialized_code_pointer
sub_08A79018,0x08A79018,1,1,0,0,0,false,relocated_r_mips32_code_pointer
sub_08A79024,0x08A79024,8,2,0,0,2,false,relocated_r_mips32_code_pointer
sub_08A79048,0x08A79048,1,1,0,0,0,false,materialized_code_pointer
sub_08A79090,0x08A79090,1,1,0,0,0,false,relocated_r_mips32_code_pointer
sub_08A7909C,0x08A7909C,8,2,0,0,2,false,relocated_r_mips32_code_pointer
sub_08A790C0,0x08A790C0,1,1,0,0,0,false,materialized_code_pointer
sub_08A79108,0x08A79108,1,1,0,0,0,false,relocated_r_mips32_code_pointer
sub_08A79114,0x08A79114,6,2,0,0,2,false,relocated_r_mips32_code_pointer
sub_08A79130,0x08A79130,1,1,0,0,0,false,materialized_code_pointer
sub_08A79168,0x08A79168,1,1,0,0,0,false,relocated_r_mips32_code_pointer
sub_08A79174,0x08A79174,6,2,0,0,2,false,relocated_r_mips32_code_pointer
sub_08A79190,0x08A79190,1,1,0,0,0,false,materialized_code_pointer
sub_08A791C8,0x08A791C8,1,1,0,0,0,false,relocated_r_mips32_code_pointer
sub_08A791D4,0x08A791D4,6,2,0,0,1,false,relocated_r_mips32_code_pointer
sub_08A791F0,0x08A791F0,1,1,0,0,0,false,materialized_code_pointer
sub_08A79230,0x08A79230,1,1,0,0,0,false,relocated_r_mips32_code_pointer
sub_08A7923C,0x08A7923C,7,3,0,0,0,false,relocated_r_mips32_code_pointer
sub_08A79260,0x08A79260,1,1,0,0,0,false,materialized_code_pointer
sub_08A792A8,0x08A792A8,1,1,0,0,0,false,relocated_r_mips32_code_pointer
sub_08A792B4,0x08A792B4,5,3,0,0,0,false,relocated_r_mips32_code_pointer
sub_08A792D0,0x08A792D0,1,1,0,0,0,false,materialized_code_pointer
sub_08A79308,0x08A79308,1,1,0,0,0,false,relocated_r_mips32_code_pointer
sub_08A79314,0x08A79314,5,3,0,0,1,false,relocated_r_mips32_code_pointer
sub_08A79330,0x08A79330,1,1,0,0,0,false,materialized_code_pointer
sub_08A79368,0x08A79368,1,1,0,0,0,false,relocated_r_mips32_code_pointer
sub_08A79374,0x08A79374,7,3,0,0,1,false,relocated_r_mips32_code_pointer
sub_08A79398,0x08A79398,1,1,0,0,0,false,materialized_code_pointer
sub_08A793D0,0x08A793D0,1,1,0,0,0,false,relocated_r_mips32_code_pointer
sub_08A793DC,0x08A793DC,5,3,0,0,1,false,relocated_r_mips32_code_pointer
sub_08A793F8,0x08A793F8,1,1,0,0,0,false,materialized_code_pointer
sub_08A79438,0x08A79438,1,1,0,0,0,false,relocated_r_mips32_code_pointer
sub_08A79444,0x08A79444,5,3,0,0,0,false,relocated_r_mips32_code_pointer
sub_08A79460,0x08A79460,1,1,0,0,0,false,materialized_code_pointer
sub_08A794A8,0x08A794A8,1,1,0,0,0,false,relocated_r_mips32_code_pointer
sub_08A794B0,0x08A794B0,3,2,0,0,1,false,relocated_r_mips32_code_pointer
sub_08A794C0,0x08A794C0,1,1,0,0,0,false,relocated_r_mips32_code_pointer
sub_08A794C8,0x08A794C8,5,2,0,0,1,false,relocated_r_mips32_code_pointer
sub_08A794E0,0x08A794E0,1,1,0,0,0,false,materialized_code_pointer
sub_08A794F8,0x08A794F8,1,1,0,0,0,false,materialized_code_pointer
sub_08A79530,0x08A79530,1,1,0,0,0,false,relocated_r_mips32_code_pointer
sub_08A7953C,0x08A7953C,1,1,0,0,0,false,relocated_r_mips32_code_pointer
sub_08A79544,0x08A79544,3,1,0,0,2,false,relocated_r_mips32_code_pointer
sub_08A79550,0x08A79550,5,2,0,0,1,false,relocated_r_mips32_code_pointer
sub_08A79568,0x08A79568,1,1,0,0,0,false,materialized_code_pointer
sub_08A795B0,0x08A795B0,1,1,0,0,0,false,materialized_code_pointer
sub_08A795E8,0x08A795E8,1,1,0,0,0,false,relocated_r_mips32_code_pointer
sub_08A79608,0x08A79608,1,1,0,0,0,false,relocated_r_mips32_code_pointer
sub_08A79610,0x08A79610,7,2,0,0,4,false,relocated_r_mips32_code_pointer
sub_08A79630,0x08A79630,5,2,0,0,0,false,relocated_r_mips32_code_pointer
sub_08A79648,0x08A79648,1,1,0,0,0,false,materialized_code_pointer
sub_08A79664,0x08A79664,1,1,0,0,0,false,materialized_code_pointer
sub_08A79678,0x08A79678,1,1,0,0,0,false,materialized_code_pointer
sub_08A79680,0x08A79680,1,1,0,0,0,false,relocated_r_mips32_code_pointer
sub_08A79688,0x08A79688,5,2,0,0,0,false,relocated_r_mips32_code_pointer
sub_08A796A0,0x08A796A0,1,1,0,0,0,false,materialized_code_pointer
sub_08A796B8,0x08A796B8,1,1,0,0,0,false,relocated_r_mips32_code_pointer
sub_08A796C4,0x08A796C4,1,1,0,0,0,false,relocated_r_mips32_code_pointer
sub_08A796CC,0x08A796CC,8,2,0,0,6,false,relocated_r_mips32_code_pointer
sub_08A796F0,0x08A796F0,7,2,0,0,2,false,relocated_r_mips32_code_pointer
sub_08A79710,0x08A79710,1,1,0,0,0,false,materialized_code_pointer
sub_08A79720,0x08A79720,1,1,0,0,0,false,materialized_code_pointer
sub_08A79728,0x08A79728,1,1,0,0,0,false,relocated_r_mips32_code_pointer
sub_08A79734,0x08A79734,1,1,0,0,0,false,relocated_r_mips32_code_pointer
sub_08A7973C,0x08A7973C,6,1,0,0,4,false,relocated_r_mips32_code_pointer
sub_08A79754,0x08A79754,5,1,0,0,2,false,relocated_r_mips32_code_pointer
sub_08A79768,0x08A79768,1,1,0,0,0,false,materialized_code_pointer
sub_08A79778,0x08A79778,1,1,0,0,0,false,materialized_code_pointer
sub_08A79788,0x08A79788,1,1,0,0,0,false,relocated_r_mips32_code_pointer
sub_08A79794,0x08A79794,1,1,0,0,0,false,relocated_r_mips32_code_pointer
sub_08A7979C,0x08A7979C,6,2,0,0,3,false,relocated_r_mips32_code_pointer
sub_08A797B8,0x08A797B8,10,1,0,0,5,false,relocated_r_mips32_code_pointer
sub_08A797E0,0x08A797E0,1,1,0,0,0,false,materialized_code_pointer
sub_08A797F8,0x08A797F8,1,1,0,0,0,false,materialized_code_pointer
sub_08A79800,0x08A79800,1,1,0,0,0,false,relocated_r_mips32_code_pointer
sub_08A7980C,0x08A7980C,1,1,0,0,0,false,relocated_r_mips32_code_pointer
sub_08A79814,0x08A79814,8,1,0,0,5,false,relocated_r_mips32_code_pointer
sub_08A79834,0x08A79834,7,1,0,0,2,false,relocated_r_mips32_code_pointer
sub_08A79850,0x08A79850,1,1,0,0,0,false,materialized_code_pointer
sub_08A79860,0x08A79860,1,1,0,0,0,false,materialized_code_pointer
sub_08A79870,0x08A79870,1,1,0,0,0,false,materialized_code_pointer
sub_08A79880,0x08A79880,1,1,0,0,0,false,relocated_r_mips32_code_pointer
sub_08A7988C,0x08A7988C,1,1,0,0,0,false,relocated_r_mips32_code_pointer
sub_08A79894,0x08A79894,9,3,0,0,6,false,relocated_r_mips32_code_pointer
sub_08A798C0,0x08A798C0,13,2,0,0,9,false,relocated_r_mips32_code_pointer
sub_08A798F8,0x08A798F8,1,1,0,0,0,false,materialized_code_pointer
sub_08A79908,0x08A79908,1,1,0,0,0,false,relocated_r_mips32_code_pointer
sub_08A79910,0x08A79910,7,2,0,0,3,false,relocated_r_mips32_code_pointer
sub_08A79930,0x08A79930,1,1,0,0,0,false,materialized_code_pointer
sub_08A79940,0x08A79940,1,1,0,0,0,false,relocated_r_mips32_code_pointer
sub_08A7994C,0x08A7994C,6,2,0,0,3,false,relocated_r_mips32_code_pointer
sub_08A79968,0x08A79968,1,1,0,0,0,false,materialized_code_pointer
sub_08A79988,0x08A79988,1,1,0,0,0,false,relocated_r_mips32_code_pointer
sub_08A799A8,0x08A799A8,7,2,0,0,3,false,relocated_r_mips32_code_pointer
sub_08A799C8,0x08A799C8,1,1,0,0,0,false,materialized_code_pointer
sub_08A799EC,0x08A799EC,1,1,0,0,0,false,materialized_code_pointer
sub_08A799F8,0x08A799F8,1,1,0,0,0,false,relocated_r_mips32_code_pointer
sub_08A79A04,0x08A79A04,6,2,0,0,0,false,relocated_r_mips32_code_pointer
sub_08A79A20,0x08A79A20,1,1,0,0,0,false,materialized_code_pointer
sub_08A79AA0,0x08A79AA0,1,1,0,0,0,false,relocated_r_mips32_code_pointer
sub_08A79AAC,0x08A79AAC,5,3,0,0,0,false,relocated_r_mips32_code_pointer
sub_08A79AC8,0x08A79AC8,1,1,0,0,0,false,materialized_code_pointer
sub_08A79B28,0x08A79B28,1,1,0,0,0,false,relocated_r_mips32_code_pointer
sub_08A79B34,0x08A79B34,5,1,0,0,1,false,relocated_r_mips32_code_pointer
sub_08A79B48,0x08A79B48,1,1,0,0,0,false,materialized_code_pointer
sub_08A79BA8,0x08A79BA8,1,1,0,0,0,false,relocated_r_mips32_code_pointer
sub_08A79BB4,0x08A79BB4,4,2,0,0,0,false,relocated_r_mips32_code_pointer
sub_08A79BC8,0x08A79BC8,1,1,0,0,0,false,materialized_code_pointer
sub_08A79C20,0x08A79C20,1,1,0,0,0,false,materialized_code_pointer
sub_08A79C2C,0x08A79C2C,4,2,0,0,0,false,relocated_r_mips32_code_pointer
sub_08A79C40,0x08A79C40,1,1,0,0,0,false,materialized_code_pointer
sub_08A79C98,0x08A79C98,1,1,0,0,0,false,relocated_r_mips32_code_pointer
sub_08A79CA4,0x08A79CA4,6,2,0,0,1,false,relocated_r_mips32_code_pointer
sub_08A79CC0,0x08A79CC0,1,1,0,0,0,false,materialized_code_pointer
sub_08A79D18,0x08A79D18,1,1,0,0,0,false,relocated_r_mips32_code_pointer
sub_08A79D24,0x08A79D24,3,2,0,0,1,false,relocated_r_mips32_code_pointer
sub_08A79D34,0x08A79D34,1,1,0,0,0,false,relocated_r_mips32_code_pointer
sub_08A79D40,0x08A79D40,7,2,0,0,2,false,relocated_r_mips32_code_pointer
sub_08A79D60,0x08A79D60,1,1,0,0,0,false,materialized_code_pointer
sub_08A79D80,0x08A79D80,1,1,0,0,0,false,materialized_code_pointer
sub_08A79D98,0x08A79D98,1,1,0,0,0,false,relocated_r_mips32_code_pointer
sub_08A79DA0,0x08A79DA0,7,2,0,0,3,false,relocated_r_mips32_code_pointer
sub_08A79DC0,0x08A79DC0,1,1,0,0,0,false,materialized_code_pointer
sub_08A79DC8,0x08A79DC8,1,1,0,0,0,false,relocated_r_mips32_code_pointer
sub_08A79DD4,0x08A79DD4,1,1,0,0,0,false,relocated_r_mips32_code_pointer
sub_08A79DDC,0x08A79DDC,5,2,0,0,3,false,relocated_r_mips32_code_pointer
sub_08A79DF4,0x08A79DF4,5,2,0,0,3,false,relocated_r_mips32_code_pointer
sub_08A79E0C,0x08A79E0C,1,1,0,0,0,false,relocated_r_mips32_code_pointer
sub_08A79E18,0x08A79E18,1,1,0,0,0,false,relocated_r_mips32_code_pointer
sub_08A79E20,0x08A79E20,9,1,0,0,8,false,relocated_r_mips32_code_pointer
sub_08A79E44,0x08A79E44,6,2,0,0,3,false,relocated_r_mips32_code_pointer
sub_08A79E60,0x08A79E60,1,1,0,0,0,false,materialized_code_pointer
sub_08A79E78,0x08A79E78,1,1,0,0,0,false,materialized_code_pointer
sub_08A79E90,0x08A79E90,1,1,0,0,0,false,materialized_code_pointer
sub_08A79EA0,0x08A79EA0,1,1,0,0,0,false,relocated_r_mips32_code_pointer
sub_08A79EAC,0x08A79EAC,1,1,0,0,0,false,relocated_r_mips32_code_pointer
sub_08A79EB4,0x08A79EB4,17,2,0,0,11,false,relocated_r_mips32_code_pointer
sub_08A79EFC,0x08A79EFC,19,3,0,0,12,false,relocated_r_mips32_code_pointer
sub_08A79F50,0x08A79F50,1,1,0,0,0,false,materialized_code_pointer
sub_08A79F68,0x08A79F68,1,1,0,0,0,false,materialized_code_pointer
sub_08A79F78,0x08A79F78,1,1,0,0,0,false,relocated_r_mips32_code_pointer
sub_08A79F84,0x08A79F84,1,1,0,0,0,false,relocated_r_mips32_code_pointer
sub_08A79F8C,0x08A79F8C,16,2,0,0,11,false,relocated_r_mips32_code_pointer
sub_08A79FD0,0x08A79FD0,18,3,0,0,10,false,relocated_r_mips32_code_pointer
sub_08A7A020,0x08A7A020,1,1,0,0,0,false,materialized_code_pointer
sub_08A7A038,0x08A7A038,1,1,0,0,0,false,materialized_code_pointer
sub_08A7A048,0x08A7A048,1,1,0,0,0,false,relocated_r_mips32_code_pointer
sub_08A7A054,0x08A7A054,1,1,0,0,0,false,relocated_r_mips32_code_pointer
sub_08A7A05C,0x08A7A05C,8,2,0,0,5,false,relocated_r_mips32_code_pointer
sub_08A7A080,0x08A7A080,11,2,0,0,6,false,relocated_r_mips32_code_pointer
sub_08A7A0B0,0x08A7A0B0,1,1,0,0,0,false,materialized_code_pointer
sub_08A7A0C8,0x08A7A0C8,1,1,0,0,0,false,materialized_code_pointer
sub_08A7A0D8,0x08A7A0D8,1,1,0,0,0,false,relocated_r_mips32_code_pointer
sub_08A7A0E4,0x08A7A0E4,1,1,0,0,0,false,relocated_r_mips32_code_pointer
sub_08A7A0EC,0x08A7A0EC,16,2,0,0,11,false,relocated_r_mips32_code_pointer
sub_08A7A130,0x08A7A130,18,3,0,0,10,false,relocated_r_mips32_code_pointer
sub_08A7A180,0x08A7A180,1,1,0,0,0,false,materialized_code_pointer
sub_08A7A198,0x08A7A198,1,1,0,0,0,false,materialized_code_pointer
sub_08A7A1A8,0x08A7A1A8,1,1,0,0,0,false,materialized_code_pointer
sub_08A7A1B8,0x08A7A1B8,1,1,0,0,0,false,materialized_code_pointer
sub_08A7A1C0,0x08A7A1C0,6,1,0,0,3,false,relocated_r_mips32_code_pointer
sub_08A7A1D8,0x08A7A1D8,1,1,0,0,0,false,materialized_code_pointer
sub_08A7A230,0x08A7A230,1,1,0,0,0,false,materialized_code_pointer
sub_08A7A240,0x08A7A240,1,1,0,0,0,false,relocated_r_mips32_code_pointer
sub_08A7A24C,0x08A7A24C,1,1,0,0,0,false,relocated_r_mips32_code_pointer
sub_08A7A254,0x08A7A254,6,3,0,0,3,false,relocated_r_mips32_code_pointer
sub_08A7A274,0x08A7A274,7,1,0,0,3,false,relocated_r_mips32_code_pointer
sub_08A7A290,0x08A7A290,1,1,0,0,0,false,materialized_code_pointer
sub_08A7A2A0,0x08A7A2A0,1,1,0,0,0,false,relocated_r_mips32_code_pointer
sub_08A7A2AC,0x08A7A2AC,1,1,0,0,0,false,relocated_r_mips32_code_pointer
sub_08A7A2B8,0x08A7A2B8,1,1,0,0,0,false,relocated_r_mips32_code_pointer
sub_08A7A2C0,0x08A7A2C0,3,1,0,0,3,false,relocated_r_mips32_code_pointer
sub_08A7A2CC,0x08A7A2CC,5,2,0,0,4,false,relocated_r_mips32_code_pointer
sub_08A7A2E4,0x08A7A2E4,5,2,0,0,3,false,relocated_r_mips32_code_pointer
sub_08A7A2FC,0x08A7A2FC,1,1,0,0,0,false,relocated_r_mips32_code_pointer
sub_08A7A308,0x08A7A308,4,3,0,0,0,false,relocated_r_mips32_code_pointer
sub_08A7A338,0x08A7A338,1,1,0,0,0,false,materialized_code_pointer
sub_08A7A3B0,0x08A7A3B0,1,1,0,0,0,false,materialized_code_pointer
sub_08A7A3C8,0x08A7A3C8,1,1,0,0,0,false,materialized_code_pointer
sub_08A7A3D8,0x08A7A3D8,1,1,0,0,0,false,relocated_r_mips32_code_pointer
sub_08A7A3E4,0x08A7A3E4,1,1,0,0,0,false,relocated_r_mips32_code_pointer
sub_08A7A3EC,0x08A7A3EC,10,3,0,0,6,false,relocated_r_mips32_code_pointer
sub_08A7A41C,0x08A7A41C,14,2,0,0,6,false,relocated_r_mips32_code_pointer
sub_08A7A458,0x08A7A458,1,1,0,0,0,false,materialized_code_pointer
sub_08A7A468,0x08A7A468,1,1,0,0,0,false,relocated_r_mips32_code_pointer
sub_08A7A474,0x08A7A474,4,2,0,0,3,false,relocated_r_mips32_code_pointer
sub_08A7A488,0x08A7A488,1,1,0,0,0,false,relocated_r_mips32_code_pointer
sub_08A7A494,0x08A7A494,1,1,0,0,0,false,relocated_r_mips32_code_pointer
sub_08A7A49C,0x08A7A49C,7,2,0,0,4,false,relocated_r_mips32_code_pointer
sub_08A7A4BC,0x08A7A4BC,6,2,0,0,1,false,relocated_r_mips32_code_pointer
sub_08A7A4D8,0x08A7A4D8,1,1,0,0,0,false,materialized_code_pointer
sub_08A7A4F0,0x08A7A4F0,1,1,0,0,0,false,materialized_code_pointer
sub_08A7A500,0x08A7A500,1,1,0,0,0,false,materialized_code_pointer
sub_08A7A508,0x08A7A508,1,1,0,0,0,false,relocated_r_mips32_code_pointer
sub_08A7A514,0x08A7A514,6,2,0,0,2,false,relocated_r_mips32_code_pointer
sub_08A7A530,0x08A7A530,1,1,0,0,0,false,materialized_code_pointer
sub_08A7A590,0x08A7A590,1,1,0,0,0,false,relocated_r_mips32_code_pointer
sub_08A7A59C,0x08A7A59C,1,1,0,0,0,false,relocated_r_mips32_code_pointer
sub_08A7A5A4,0x08A7A5A4,2,2,0,0,0,false,relocated_r_mips32_code_pointer
sub_08A7A5B0,0x08A7A5B0,5,2,0,0,0,false,relocated_r_mips32_code_pointer
sub_08A7A5C8,0x08A7A5C8,1,1,0,0,0,false,materialized_code_pointer
sub_08A7A620,0x08A7A620,1,1,0,0,0,false,materialized_code_pointer
sub_08A7A658,0x08A7A658,1,1,0,0,0,false,relocated_r_mips32_code_pointer
sub_08A7A664,0x08A7A664,6,2,0,0,1,false,relocated_r_mips32_code_pointer
sub_08A7A680,0x08A7A680,1,1,0,0,0,false,materialized_code_pointer
sub_08A7A6D0,0x08A7A6D0,1,1,0,0,0,false,relocated_r_mips32_code_pointer
sub_08A7A6DC,0x08A7A6DC,5,1,0,0,3,false,relocated_r_mips32_code_pointer
sub_08A7A6F0,0x08A7A6F0,1,1,0,0,0,false,materialized_code_pointer
sub_08A7A748,0x08A7A748,1,1,0,0,0,false,relocated_r_mips32_code_pointer
sub_08A7A754,0x08A7A754,6,2,0,0,2,false,relocated_r_mips32_code_pointer
sub_08A7A770,0x08A7A770,1,1,0,0,0,false,materialized_code_pointer
sub_08A7A7D0,0x08A7A7D0,1,1,0,0,0,false,relocated_r_mips32_code_pointer
sub_08A7A7DC,0x08A7A7DC,6,2,0,0,2,false,relocated_r_mips32_code_pointer
sub_08A7A7F8,0x08A7A7F8,1,1,0,0,0,false,materialized_code_pointer
sub_08A7A848,0x08A7A848,1,1,0,0,0,false,relocated_r_mips32_code_pointer
sub_08A7A854,0x08A7A854,5,1,0,0,2,false,relocated_r_mips32_code_pointer
sub_08A7A868,0x08A7A868,1,1,0,0,0,false,materialized_code_pointer
sub_08A7A8C8,0x08A7A8C8,1,1,0,0,0,false,relocated_r_mips32_code_pointer
sub_08A7A8D4,0x08A7A8D4,5,1,0,0,2,false,relocated_r_mips32_code_pointer
sub_08A7A8E8,0x08A7A8E8,1,1,0,0,0,false,materialized_code_pointer
sub_08A7A938,0x08A7A938,1,1,0,0,0,false,relocated_r_mips32_code_pointer
sub_08A7A944,0x08A7A944,6,2,0,0,1,false,relocated_r_mips32_code_pointer
sub_08A7A960,0x08A7A960,1,1,0,0,0,false,materialized_code_pointer
sub_08A7A9B0,0x08A7A9B0,1,1,0,0,0,false,relocated_r_mips32_code_pointer
sub_08A7A9BC,0x08A7A9BC,5,1,0,0,2,false,relocated_r_mips32_code_pointer
sub_08A7A9D0,0x08A7A9D0,1,1,0,0,0,false,materialized_code_pointer
sub_08A7AA20,0x08A7AA20,1,1,0,0,0,false,relocated_r_mips32_code_pointer
sub_08A7AA2C,0x08A7AA2C,6,2,0,0,2,false,relocated_r_mips32_code_pointer
sub_08A7AA48,0x08A7AA48,1,1,0,0,0,false,materialized_code_pointer
sub_08A7AA98,0x08A7AA98,1,1,0,0,0,false,relocated_r_mips32_code_pointer
sub_08A7AAA4,0x08A7AAA4,6,2,0,0,2,false,relocated_r_mips32_code_pointer
sub_08A7AAC0,0x08A7AAC0,1,1,0,0,0,false,materialized_code_pointer
sub_08A7AB10,0x08A7AB10,1,1,0,0,0,false,relocated_r_mips32_code_pointer
sub_08A7AB1C,0x08A7AB1C,4,2,0,0,0,false,relocated_r_mips32_code_pointer
sub_08A7AB30,0x08A7AB30,1,1,0,0,0,false,materialized_code_pointer
sub_08A7AB80,0x08A7AB80,1,1,0,0,0,false,relocated_r_mips32_code_pointer
sub_08A7AB8C,0x08A7AB8C,4,2,0,0,0,false,relocated_r_mips32_code_pointer
sub_08A7ABA0,0x08A7ABA0,1,1,0,0,0,false,materialized_code_pointer
sub_08A7AC08,0x08A7AC08,1,1,0,0,0,false,relocated_r_mips32_code_pointer
sub_08A7AC10,0x08A7AC10,5,2,0,0,1,false,relocated_r_mips32_code_pointer
sub_08A7AC28,0x08A7AC28,1,1,0,0,0,false,materialized_code_pointer
sub_08A7ACD0,0x08A7ACD0,1,1,0,0,0,false,relocated_r_mips32_code_pointer
sub_08A7ACD8,0x08A7ACD8,6,1,0,0,2,false,relocated_r_mips32_code_pointer
sub_08A7ACF0,0x08A7ACF0,1,1,0,0,0,false,materialized_code_pointer
sub_08A7AD00,0x08A7AD00,1,1,0,0,0,false,relocated_r_mips32_code_pointer
sub_08A7AD20,0x08A7AD20,1,1,0,0,0,false,relocated_r_mips32_code_pointer
sub_08A7AD28,0x08A7AD28,6,2,0,0,4,false,relocated_r_mips32_code_pointer
sub_08A7AD44,0x08A7AD44,4,2,0,0,1,false,relocated_r_mips32_code_pointer
sub_08A7AD58,0x08A7AD58,1,1,0,0,0,false,materialized_code_pointer
sub_08A7AE04,0x08A7AE04,1,1,0,0,0,false,materialized_code_pointer
sub_08A7AE18,0x08A7AE18,1,1,0,0,0,false,materialized_code_pointer
sub_08A7AE20,0x08A7AE20,1,1,0,0,0,false,relocated_r_mips32_code_pointer
sub_08A7AE2C,0x08A7AE2C,6,2,0,0,2,false,relocated_r_mips32_code_pointer
sub_08A7AE48,0x08A7AE48,1,1,0,0,0,false,materialized_code_pointer
sub_08A7AE60,0x08A7AE60,1,1,0,0,0,false,relocated_r_mips32_code_pointer
sub_08A7AE6C,0x08A7AE6C,3,1,0,0,2,false,relocated_r_mips32_code_pointer
sub_08A7AE78,0x08A7AE78,1,1,0,0,0,false,relocated_r_mips32_code_pointer
sub_08A7AE84,0x08A7AE84,4,2,0,0,3,false,relocated_r_mips32_code_pointer
sub_08A7AE98,0x08A7AE98,1,1,0,0,0,false,relocated_r_mips32_code_pointer
sub_08A7AEA4,0x08A7AEA4,5,2,0,0,3,false,relocated_r_mips32_code_pointer
sub_08A7AEBC,0x08A7AEBC,1,1,0,0,0,false,relocated_r_mips32_code_pointer
sub_08A7AEC8,0x08A7AEC8,4,2,0,0,2,false,relocated_r_mips32_code_pointer
sub_08A7AEDC,0x08A7AEDC,1,1,0,0,0,false,relocated_r_mips32_code_pointer
sub_08A7AEE8,0x08A7AEE8,4,2,0,0,2,false,relocated_r_mips32_code_pointer
sub_08A7AEFC,0x08A7AEFC,1,1,0,0,0,false,relocated_r_mips32_code_pointer
sub_08A7AF08,0x08A7AF08,1,1,0,0,0,false,relocated_r_mips32_code_pointer
sub_08A7AF10,0x08A7AF10,7,1,0,0,6,false,relocated_r_mips32_code_pointer
sub_08A7AF2C,0x08A7AF2C,4,2,0,0,1,false,relocated_r_mips32_code_pointer
sub_08A7AF40,0x08A7AF40,1,1,0,0,0,false,materialized_code_pointer
sub_08A7AF60,0x08A7AF60,1,1,0,0,0,false,materialized_code_pointer
sub_08A7AF80,0x08A7AF80,1,1,0,0,0,false,materialized_code_pointer
sub_08A7AFA0,0x08A7AFA0,1,1,0,0,0,false,materialized_code_pointer
sub_08A7AFC0,0x08A7AFC0,1,1,0,0,0,false,materialized_code_pointer
sub_08A7AFE0,0x08A7AFE0,1,1,0,0,0,false,materialized_code_pointer
sub_08A7AFF0,0x08A7AFF0,1,1,0,0,0,false,materialized_code_pointer
sub_08A7AFF8,0x08A7AFF8,1,1,0,0,0,false,relocated_r_mips32_code_pointer
sub_08A7B004,0x08A7B004,6,2,0,0,1,false,relocated_r_mips32_code_pointer
sub_08A7B020,0x08A7B020,1,1,0,0,0,false,materialized_code_pointer
sub_08A7B038,0x08A7B038,1,1,0,0,0,false,relocated_r_mips32_code_pointer
sub_08A7B040,0x08A7B040,7,2,0,0,1,false,relocated_r_mips32_code_pointer
sub_08A7B060,0x08A7B060,1,1,0,0,0,false,materialized_code_pointer
sub_08A7B070,0x08A7B070,1,1,0,0,0,false,relocated_r_mips32_code_pointer
sub_08A7B078,0x08A7B078,7,2,0,0,1,false,relocated_r_mips32_code_pointer
sub_08A7B098,0x08A7B098,1,1,0,0,0,false,materialized_code_pointer
sub_08A7B0A0,0x08A7B0A0,1,1,0,0,0,false,relocated_r_mips32_code_pointer
sub_08A7B0AC,0x08A7B0AC,1,1,0,0,0,false,relocated_r_mips32_code_pointer
sub_08A7B0B4,0x08A7B0B4,3,2,0,0,2,false,relocated_r_mips32_code_pointer
sub_08A7B0C4,0x08A7B0C4,3,2,0,0,1,false,relocated_r_mips32_code_pointer
sub_08A7B0D4,0x08A7B0D4,1,1,0,0,0,false,relocated_r_mips32_code_pointer
sub_08A7B0E0,0x08A7B0E0,4,2,0,0,2,false,relocated_r_mips32_code_pointer
sub_08A7B0F4,0x08A7B0F4,1,1,0,0,0,false,relocated_r_mips32_code_pointer
sub_08A7B100,0x08A7B100,7,2,0,0,2,false,relocated_r_mips32_code_pointer
sub_08A7B120,0x08A7B120,1,1,0,0,0,false,materialized_code_pointer
sub_08A7B140,0x08A7B140,1,1,0,0,0,false,materialized_code_pointer
sub_08A7B160,0x08A7B160,1,1,0,0,0,false,materialized_code_pointer
sub_08A7B180,0x08A7B180,1,1,0,0,0,false,materialized_code_pointer
sub_08A7B198,0x08A7B198,1,1,0,0,0,false,relocated_r_mips32_code_pointer
sub_08A7B1A4,0x08A7B1A4,5,1,0,0,1,false,relocated_r_mips32_code_pointer
sub_08A7B1B8,0x08A7B1B8,1,1,0,0,0,false,materialized_code_pointer
sub_08A7B1D0,0x08A7B1D0,1,1,0,0,0,false,relocated_r_mips32_code_pointer
sub_08A7B1DC,0x08A7B1DC,6,2,0,0,2,false,relocated_r_mips32_code_pointer
sub_08A7B1F8,0x08A7B1F8,1,1,0,0,0,false,materialized_code_pointer
sub_08A7B210,0x08A7B210,1,1,0,0,0,false,relocated_r_mips32_code_pointer
sub_08A7B218,0x08A7B218,5,2,0,0,1,false,relocated_r_mips32_code_pointer
sub_08A7B230,0x08A7B230,1,1,0,0,0,false,materialized_code_pointer
sub_08A7B270,0x08A7B270,1,1,0,0,0,false,materialized_code_pointer
sub_08A7B280,0x08A7B280,1,1,0,0,0,false,relocated_r_mips32_code_pointer
sub_08A7B288,0x08A7B288,6,2,0,0,3,false,relocated_r_mips32_code_pointer
sub_08A7B2A4,0x08A7B2A4,1,1,0,0,0,false,relocated_r_mips32_code_pointer
sub_08A7B2B0,0x08A7B2B0,5,2,0,0,2,false,relocated_r_mips32_code_pointer
sub_08A7B2C8,0x08A7B2C8,1,1,0,0,0,false,materialized_code_pointer
sub_08A7B300,0x08A7B300,1,1,0,0,0,false,relocated_r_mips32_code_pointer
sub_08A7B30C,0x08A7B30C,6,2,0,0,0,false,relocated_r_mips32_code_pointer
sub_08A7B328,0x08A7B328,1,1,0,0,0,false,materialized_code_pointer
sub_08A7B3B0,0x08A7B3B0,1,1,0,0,0,false,materialized_code_pointer
sub_08A7B3C0,0x08A7B3C0,1,1,0,0,0,false,relocated_r_mips32_code_pointer
sub_08A7B3C8,0x08A7B3C8,6,3,0,0,2,false,relocated_r_mips32_code_pointer
sub_08A7B3E8,0x08A7B3E8,1,1,0,0,0,false,relocated_r_mips32_code_pointer
sub_08A7B3F4,0x08A7B3F4,6,2,0,0,1,false,relocated_r_mips32_code_pointer
sub_08A7B410,0x08A7B410,1,1,0,0,0,false,materialized_code_pointer
sub_08A7B490,0x08A7B490,1,1,0,0,0,false,relocated_r_mips32_code_pointer
sub_08A7B498,0x08A7B498,5,2,0,0,2,false,relocated_r_mips32_code_pointer
sub_08A7B4B0,0x08A7B4B0,1,1,0,0,0,false,materialized_code_pointer
sub_08A7B520,0x08A7B520,1,1,0,0,0,false,relocated_r_mips32_code_pointer
sub_08A7B540,0x08A7B540,1,1,0,0,0,false,relocated_r_mips32_code_pointer
sub_08A7B548,0x08A7B548,8,2,0,0,5,false,relocated_r_mips32_code_pointer
sub_08A7B56C,0x08A7B56C,6,2,0,0,2,false,relocated_r_mips32_code_pointer
sub_08A7B588,0x08A7B588,1,1,0,0,0,false,materialized_code_pointer
sub_08A7B5CC,0x08A7B5CC,1,1,0,0,0,false,materialized_code_pointer
sub_08A7B5E0,0x08A7B5E0,1,1,0,0,0,false,materialized_code_pointer
sub_08A7B5E8,0x08A7B5E8,1,1,0,0,0,false,relocated_r_mips32_code_pointer
sub_08A7B5F4,0x08A7B5F4,6,2,0,0,1,false,relocated_r_mips32_code_pointer
sub_08A7B610,0x08A7B610,1,1,0,0,0,false,materialized_code_pointer
sub_08A7B660,0x08A7B660,1,1,0,0,0,false,relocated_r_mips32_code_pointer
sub_08A7B680,0x08A7B680,1,1,0,0,0,false,relocated_r_mips32_code_pointer
sub_08A7B688,0x08A7B688,8,2,0,0,5,false,relocated_r_mips32_code_pointer
sub_08A7B6AC,0x08A7B6AC,6,2,0,0,2,false,relocated_r_mips32_code_pointer
sub_08A7B6C8,0x08A7B6C8,1,1,0,0,0,false,materialized_code_pointer
sub_08A7B704,0x08A7B704,1,1,0,0,0,false,materialized_code_pointer
sub_08A7B718,0x08A7B718,1,1,0,0,0,false,materialized_code_pointer
sub_08A7B720,0x08A7B720,1,1,0,0,0,false,relocated_r_mips32_code_pointer
sub_08A7B72C,0x08A7B72C,6,2,0,0,1,false,relocated_r_mips32_code_pointer
sub_08A7B748,0x08A7B748,1,1,0,0,0,false,materialized_code_pointer
sub_08A7B770,0x08A7B770,1,1,0,0,0,false,relocated_r_mips32_code_pointer
sub_08A7B77C,0x08A7B77C,5,3,0,0,1,false,relocated_r_mips32_code_pointer
sub_08A7B798,0x08A7B798,1,1,0,0,0,false,materialized_code_pointer
sub_08A7B7B0,0x08A7B7B0,1,1,0,0,0,false,relocated_r_mips32_code_pointer
sub_08A7B7D0,0x08A7B7D0,7,2,0,0,0,false,relocated_r_mips32_code_pointer
sub_08A7B7F0,0x08A7B7F0,1,1,0,0,0,false,materialized_code_pointer
sub_08A7B814,0x08A7B814,1,1,0,0,0,false,materialized_code_pointer
sub_08A7B824,0x08A7B824,1,1,0,0,0,false,materialized_code_pointer
sub_08A7B840,0x08A7B840,1,1,0,0,0,false,relocated_r_mips32_code_pointer
sub_08A7B860,0x08A7B860,7,2,0,0,2,false,relocated_r_mips32_code_pointer
sub_08A7B880,0x08A7B880,1,1,0,0,0,false,materialized_code_pointer
sub_08A7B8A0,0x08A7B8A0,1,1,0,0,0,false,materialized_code_pointer
sub_08A7B8A8,0x08A7B8A8,1,1,0,0,0,false,relocated_r_mips32_code_pointer
sub_08A7B8B0,0x08A7B8B0,5,2,0,0,1,false,relocated_r_mips32_code_pointer
sub_08A7B8C8,0x08A7B8C8,1,1,0,0,0,false,materialized_code_pointer
sub_08A7B8D0,0x08A7B8D0,1,1,0,0,0,false,relocated_r_mips32_code_pointer
sub_08A7B8DC,0x08A7B8DC,8,2,0,0,4,false,relocated_r_mips32_code_pointer
sub_08A7B900,0x08A7B900,1,1,0,0,0,false,materialized_code_pointer
sub_08A7B930,0x08A7B930,1,1,0,0,0,false,relocated_r_mips32_code_pointer
sub_08A7B93C,0x08A7B93C,8,2,0,0,3,false,relocated_r_mips32_code_pointer
sub_08A7B960,0x08A7B960,1,1,0,0,0,false,materialized_code_pointer
sub_08A7B978,0x08A7B978,1,1,0,0,0,false,relocated_r_mips32_code_pointer
sub_08A7B984,0x08A7B984,1,1,0,0,0,false,relocated_r_mips32_code_pointer
sub_08A7B98C,0x08A7B98C,4,2,0,0,3,false,relocated_r_mips32_code_pointer
sub_08A7B9A0,0x08A7B9A0,7,2,0,0,4,false,relocated_r_mips32_code_pointer
sub_08A7B9C0,0x08A7B9C0,1,1,0,0,0,false,materialized_code_pointer
sub_08A7B9E8,0x08A7B9E8,1,1,0,0,0,false,materialized_code_pointer
sub_08A7BA08,0x08A7BA08,1,1,0,0,0,false,relocated_r_mips32_code_pointer
sub_08A7BA14,0x08A7BA14,6,2,0,0,1,false,relocated_r_mips32_code_pointer
sub_08A7BA30,0x08A7BA30,1,1,0,0,0,false,materialized_code_pointer
sub_08A7BA50,0x08A7BA50,1,1,0,0,0,false,relocated_r_mips32_code_pointer
sub_08A7BA5C,0x08A7BA5C,5,1,0,0,2,false,relocated_r_mips32_code_pointer
sub_08A7BA70,0x08A7BA70,1,1,0,0,0,false,materialized_code_pointer
sub_08A7BAB8,0x08A7BAB8,1,1,0,0,0,false,relocated_r_mips32_code_pointer
sub_08A7BAC0,0x08A7BAC0,7,2,0,0,1,false,relocated_r_mips32_code_pointer
sub_08A7BAE0,0x08A7BAE0,1,1,0,0,0,false,materialized_code_pointer
sub_08A7BB18,0x08A7BB18,1,1,0,0,0,false,materialized_code_pointer
sub_08A7BB20,0x08A7BB20,7,2,0,0,0,false,relocated_r_mips32_code_pointer
sub_08A7BB40,0x08A7BB40,1,1,0,0,0,false,materialized_code_pointer
sub_08A7BB60,0x08A7BB60,1,1,0,0,0,false,materialized_code_pointer
sub_08A7BB70,0x08A7BB70,1,1,0,0,0,false,relocated_r_mips32_code_pointer
sub_08A7BB7C,0x08A7BB7C,1,1,0,0,0,false,relocated_r_mips32_code_pointer
sub_08A7BB84,0x08A7BB84,13,3,0,0,8,false,relocated_r_mips32_code_pointer
sub_08A7BBC0,0x08A7BBC0,17,2,0,0,12,false,relocated_r_mips32_code_pointer
sub_08A7BC08,0x08A7BC08,1,1,0,0,0,false,materialized_code_pointer
sub_08A7BC18,0x08A7BC18,1,1,0,0,0,false,relocated_r_mips32_code_pointer
sub_08A7BC20,0x08A7BC20,5,2,0,0,2,false,relocated_r_mips32_code_pointer
sub_08A7BC38,0x08A7BC38,1,1,0,0,0,false,materialized_code_pointer
sub_08A7BC78,0x08A7BC78,1,1,0,0,0,false,relocated_r_mips32_code_pointer
sub_08A7BC84,0x08A7BC84,6,2,0,0,1,false,relocated_r_mips32_code_pointer
sub_08A7BCA0,0x08A7BCA0,1,1,0,0,0,false,materialized_code_pointer
sub_08A7BCB8,0x08A7BCB8,1,1,0,0,0,false,relocated_r_mips32_code_pointer
sub_08A7BCC4,0x08A7BCC4,4,2,0,0,1,false,relocated_r_mips32_code_pointer
sub_08A7BCD8,0x08A7BCD8,1,1,0,0,0,false,materialized_code_pointer
sub_08A7BD00,0x08A7BD00,1,1,0,0,0,false,relocated_r_mips32_code_pointer
sub_08A7BD08,0x08A7BD08,5,2,0,0,1,false,relocated_r_mips32_code_pointer
sub_08A7BD20,0x08A7BD20,1,1,0,0,0,false,materialized_code_pointer
sub_08A7BD70,0x08A7BD70,1,1,0,0,0,false,relocated_r_mips32_code_pointer
sub_08A7BD78,0x08A7BD78,6,3,0,0,2,false,relocated_r_mips32_code_pointer
sub_08A7BD98,0x08A7BD98,1,1,0,0,0,false,materialized_code_pointer
sub_08A7BDC8,0x08A7BDC8,1,1,0,0,0,false,relocated_r_mips32_code_pointer
sub_08A7BDD0,0x08A7BDD0,5,2,0,0,1,false,relocated_r_mips32_code_pointer
sub_08A7BDE8,0x08A7BDE8,1,1,0,0,0,false,materialized_code_pointer
sub_08A7BDF0,0x08A7BDF0,1,1,0,0,0,false,materialized_code_pointer
sub_08A7BDF8,0x08A7BDF8,5,2,0,0,2,false,relocated_r_mips32_code_pointer
sub_08A7BE10,0x08A7BE10,1,1,0,0,0,false,materialized_code_pointer
sub_08A7BE30,0x08A7BE30,1,1,0,0,0,false,relocated_r_mips32_code_pointer
sub_08A7BE38,0x08A7BE38,5,2,0,0,2,false,relocated_r_mips32_code_pointer
sub_08A7BE50,0x08A7BE50,1,1,0,0,0,false,materialized_code_pointer
sub_08A7BE58,0x08A7BE58,1,1,0,0,0,false,relocated_r_mips32_code_pointer
sub_08A7BE78,0x08A7BE78,1,1,0,0,0,false,relocated_r_mips32_code_pointer
sub_08A7BE80,0x08A7BE80,8,2,0,0,5,false,relocated_r_mips32_code_pointer
sub_08A7BEA4,0x08A7BEA4,6,2,0,0,2,false,relocated_r_mips32_code_pointer
sub_08A7BEC0,0x08A7BEC0,1,1,0,0,0,false,materialized_code_pointer
sub_08A7BF1C,0x08A7BF1C,1,1,0,0,0,false,materialized_code_pointer
sub_08A7BF30,0x08A7BF30,1,1,0,0,0,false,materialized_code_pointer
sub_08A7BF38,0x08A7BF38,1,1,0,0,0,false,relocated_r_mips32_code_pointer
sub_08A7BF44,0x08A7BF44,1,1,0,0,0,false,relocated_r_mips32_code_pointer
sub_08A7BF4C,0x08A7BF4C,4,2,0,0,2,false,relocated_r_mips32_code_pointer
sub_08A7BF60,0x08A7BF60,7,2,0,0,3,false,relocated_r_mips32_code_pointer
sub_08A7BF80,0x08A7BF80,1,1,0,0,0,false,materialized_code_pointer
sub_08A7BF98,0x08A7BF98,1,1,0,0,0,false,materialized_code_pointer
sub_08A7BFA8,0x08A7BFA8,1,1,0,0,0,false,relocated_r_mips32_code_pointer
sub_08A7BFB4,0x08A7BFB4,6,2,0,0,3,false,relocated_r_mips32_code_pointer
sub_08A7BFD0,0x08A7BFD0,1,1,0,0,0,false,materialized_code_pointer
sub_08A7C010,0x08A7C010,1,1,0,0,0,false,relocated_r_mips32_code_pointer
sub_08A7C018,0x08A7C018,7,2,0,0,2,false,relocated_r_mips32_code_pointer
sub_08A7C038,0x08A7C038,1,1,0,0,0,false,materialized_code_pointer
sub_08A7C040,0x08A7C040,1,1,0,0,0,false,relocated_r_mips32_code_pointer
sub_08A7C048,0x08A7C048,5,2,0,0,2,false,relocated_r_mips32_code_pointer
sub_08A7C060,0x08A7C060,1,1,0,0,0,false,materialized_code_pointer
sub_08A7C0B0,0x08A7C0B0,1,1,0,0,0,false,relocated_r_mips32_code_pointer
sub_08A7C0B8,0x08A7C0B8,4,1,0,0,1,false,relocated_r_mips32_code_pointer
sub_08A7C0C8,0x08A7C0C8,1,1,0,0,0,false,materialized_code_pointer
sub_08A7C0F8,0x08A7C0F8,1,1,0,0,0,false,relocated_r_mips32_code_pointer
sub_08A7C104,0x08A7C104,6,2,0,0,0,false,relocated_r_mips32_code_pointer
sub_08A7C120,0x08A7C120,1,1,0,0,0,false,materialized_code_pointer
sub_08A7C138,0x08A7C138,1,1,0,0,0,false,relocated_r_mips32_code_pointer
sub_08A7C140,0x08A7C140,5,2,0,0,1,false,relocated_r_mips32_code_pointer
sub_08A7C158,0x08A7C158,1,1,0,0,0,false,materialized_code_pointer
sub_08A7C198,0x08A7C198,1,1,0,0,0,false,relocated_r_mips32_code_pointer
sub_08A7C1A4,0x08A7C1A4,3,1,0,0,2,false,relocated_r_mips32_code_pointer
sub_08A7C1B0,0x08A7C1B0,1,1,0,0,0,false,relocated_r_mips32_code_pointer
sub_08A7C1BC,0x08A7C1BC,8,2,0,0,1,false,relocated_r_mips32_code_pointer
sub_08A7C1E0,0x08A7C1E0,1,1,0,0,0,false,materialized_code_pointer
sub_08A7C200,0x08A7C200,1,1,0,0,0,false,materialized_code_pointer
sub_08A7C218,0x08A7C218,1,1,0,0,0,false,relocated_r_mips32_code_pointer
sub_08A7C224,0x08A7C224,6,2,0,0,1,false,relocated_r_mips32_code_pointer
sub_08A7C240,0x08A7C240,1,1,0,0,0,false,materialized_code_pointer
sub_08A7C258,0x08A7C258,1,1,0,0,0,false,relocated_r_mips32_code_pointer
sub_08A7C264,0x08A7C264,5,1,0,0,2,false,relocated_r_mips32_code_pointer
sub_08A7C278,0x08A7C278,1,1,0,0,0,false,materialized_code_pointer
sub_08A7C290,0x08A7C290,1,1,0,0,0,false,relocated_r_mips32_code_pointer
sub_08A7C29C,0x08A7C29C,4,2,0,0,1,false,relocated_r_mips32_code_pointer
sub_08A7C2B0,0x08A7C2B0,1,1,0,0,0,false,materialized_code_pointer
sub_08A7C2E0,0x08A7C2E0,1,1,0,0,0,false,relocated_r_mips32_code_pointer
sub_08A7C2EC,0x08A7C2EC,6,2,0,0,1,false,relocated_r_mips32_code_pointer
sub_08A7C308,0x08A7C308,1,1,0,0,0,false,materialized_code_pointer
sub_08A7C320,0x08A7C320,1,1,0,0,0,false,relocated_r_mips32_code_pointer
sub_08A7C32C,0x08A7C32C,1,1,0,0,0,false,relocated_r_mips32_code_pointer
sub_08A7C334,0x08A7C334,2,2,0,0,1,false,relocated_r_mips32_code_pointer
sub_08A7C340,0x08A7C340,5,2,0,0,2,false,relocated_r_mips32_code_pointer
sub_08A7C358,0x08A7C358,1,1,0,0,0,false,materialized_code_pointer
sub_08A7C368,0x08A7C368,1,1,0,0,0,false,materialized_code_pointer
sub_08A7C370,0x08A7C370,1,1,0,0,0,false,relocated_r_mips32_code_pointer
sub_08A7C378,0x08A7C378,3,2,0,0,1,false,relocated_r_mips32_code_pointer
sub_08A7C384,0x08A7C384,1,1,0,0,0,false,relocated_r_mips32_code_pointer
sub_08A7C390,0x08A7C390,7,2,0,0,1,false,relocated_r_mips32_code_pointer
sub_08A7C3B0,0x08A7C3B0,1,1,0,0,0,false,materialized_code_pointer
sub_08A7C3C0,0x08A7C3C0,1,1,0,0,0,false,materialized_code_pointer
sub_08A7C3D8,0x08A7C3D8,1,1,0,0,0,false,relocated_r_mips32_code_pointer
sub_08A7C3F8,0x08A7C3F8,1,1,0,0,0,false,relocated_r_mips32_code_pointer
sub_08A7C400,0x08A7C400,7,2,0,0,5,false,relocated_r_mips32_code_pointer
sub_08A7C420,0x08A7C420,5,2,0,0,2,false,relocated_r_mips32_code_pointer
sub_08A7C438,0x08A7C438,1,1,0,0,0,false,materialized_code_pointer
sub_08A7C464,0x08A7C464,1,1,0,0,0,false,materialized_code_pointer
sub_08A7C478,0x08A7C478,1,1,0,0,0,false,materialized_code_pointer
sub_08A7C480,0x08A7C480,1,1,0,0,0,false,relocated_r_mips32_code_pointer
sub_08A7C48C,0x08A7C48C,6,2,0,0,1,false,relocated_r_mips32_code_pointer
sub_08A7C4A8,0x08A7C4A8,1,1,0,0,0,false,materialized_code_pointer
sub_08A7C4D0,0x08A7C4D0,1,1,0,0,0,false,relocated_r_mips32_code_pointer
sub_08A7C4DC,0x08A7C4DC,1,1,0,0,0,false,relocated_r_mips32_code_pointer
sub_08A7C4E8,0x08A7C4E8,3,2,0,0,0,false,relocated_r_mips32_code_pointer
sub_08A7C4F8,0x08A7C4F8,7,2,0,0,1,false,relocated_r_mips32_code_pointer
sub_08A7C518,0x08A7C518,1,1,0,0,0,false,materialized_code_pointer
sub_08A7C598,0x08A7C598,1,1,0,0,0,false,materialized_code_pointer
sub_08A7C618,0x08A7C618,1,1,0,0,0,false,materialized_code_pointer
sub_08A7C628,0x08A7C628,1,1,0,0,0,false,relocated_r_mips32_code_pointer
sub_08A7C630,0x08A7C630,12,3,0,0,6,false,relocated_r_mips32_code_pointer
sub_08A7C668,0x08A7C668,1,1,0,0,0,false,materialized_code_pointer
sub_08A7C678,0x08A7C678,1,1,0,0,0,false,relocated_r_mips32_code_pointer
sub_08A7C684,0x08A7C684,1,1,0,0,0,false,relocated_r_mips32_code_pointer
sub_08A7C68C,0x08A7C68C,6,2,0,0,1,false,relocated_r_mips32_code_pointer
sub_08A7C6A8,0x08A7C6A8,12,1,0,0,6,false,relocated_r_mips32_code_pointer
sub_08A7C6D8,0x08A7C6D8,1,1,0,0,0,false,materialized_code_pointer
sub_08A7C6F0,0x08A7C6F0,1,1,0,0,0,false,materialized_code_pointer
sub_08A7C700,0x08A7C700,1,1,0,0,0,false,relocated_r_mips32_code_pointer
sub_08A7C708,0x08A7C708,12,3,0,0,7,false,relocated_r_mips32_code_pointer
sub_08A7C740,0x08A7C740,1,1,0,0,0,false,materialized_code_pointer
sub_08A7C750,0x08A7C750,1,1,0,0,0,false,relocated_r_mips32_code_pointer
sub_08A7C758,0x08A7C758,10,3,0,0,7,false,relocated_r_mips32_code_pointer
sub_08A7C788,0x08A7C788,1,1,0,0,0,false,relocated_r_mips32_code_pointer
sub_08A7C7A8,0x08A7C7A8,7,2,0,0,2,false,relocated_r_mips32_code_pointer
sub_08A7C7C8,0x08A7C7C8,1,1,0,0,0,false,materialized_code_pointer
sub_08A7C7EC,0x08A7C7EC,1,1,0,0,0,false,materialized_code_pointer
sub_08A7C7F8,0x08A7C7F8,1,1,0,0,0,false,relocated_r_mips32_code_pointer
sub_08A7C800,0x08A7C800,6,1,0,0,2,false,relocated_r_mips32_code_pointer
sub_08A7C818,0x08A7C818,1,1,0,0,0,false,materialized_code_pointer
sub_08A7C848,0x08A7C848,1,1,0,0,0,false,materialized_code_pointer
sub_08A7C858,0x08A7C858,1,1,0,0,0,false,relocated_r_mips32_code_pointer
sub_08A7C860,0x08A7C860,4,3,0,0,1,false,relocated_r_mips32_code_pointer
sub_08A7C878,0x08A7C878,1,1,0,0,0,false,relocated_r_mips32_code_pointer
sub_08A7C880,0x08A7C880,6,1,0,0,2,false,relocated_r_mips32_code_pointer
sub_08A7C898,0x08A7C898,1,1,0,0,0,false,materialized_code_pointer
sub_08A7C8C0,0x08A7C8C0,1,1,0,0,0,false,relocated_r_mips32_code_pointer
sub_08A7C8CC,0x08A7C8CC,1,1,0,0,0,false,relocated_r_mips32_code_pointer
sub_08A7C8D4,0x08A7C8D4,9,1,0,0,7,false,relocated_r_mips32_code_pointer
sub_08A7C8F8,0x08A7C8F8,7,2,0,0,3,false,relocated_r_mips32_code_pointer
sub_08A7C918,0x08A7C918,1,1,0,0,0,false,materialized_code_pointer
sub_08A7C928,0x08A7C928,1,1,0,0,0,false,materialized_code_pointer
sub_08A7C930,0x08A7C930,1,1,0,0,0,false,relocated_r_mips32_code_pointer
sub_08A7C938,0x08A7C938,3,2,0,0,0,false,relocated_r_mips32_code_pointer
sub_08A7C948,0x08A7C948,1,1,0,0,0,false,relocated_r_mips32_code_pointer
sub_08A7C950,0x08A7C950,5,2,0,0,1,false,relocated_r_mips32_code_pointer
sub_08A7C968,0x08A7C968,1,1,0,0,0,false,materialized_code_pointer
sub_08A7C988,0x08A7C988,1,1,0,0,0,false,materialized_code_pointer
sub_08A7C9A8,0x08A7C9A8,1,1,0,0,0,false,materialized_code_pointer
sub_08A7C9B0,0x08A7C9B0,1,1,0,0,0,false,relocated_r_mips32_code_pointer
sub_08A7C9BC,0x08A7C9BC,1,1,0,0,0,false,relocated_r_mips32_code_pointer
sub_08A7C9C4,0x08A7C9C4,8,2,0,0,6,false,relocated_r_mips32_code_pointer
sub_08A7C9E8,0x08A7C9E8,7,2,0,0,1,false,relocated_r_mips32_code_pointer
sub_08A7CA08,0x08A7CA08,1,1,0,0,0,false,materialized_code_pointer
sub_08A7CA10,0x08A7CA10,1,1,0,0,0,false,relocated_r_mips32_code_pointer
sub_08A7CA1C,0x08A7CA1C,1,1,0,0,0,false,relocated_r_mips32_code_pointer
sub_08A7CA24,0x08A7CA24,7,2,0,0,5,false,relocated_r_mips32_code_pointer
sub_08A7CA44,0x08A7CA44,6,2,0,0,2,false,relocated_r_mips32_code_pointer
sub_08A7CA60,0x08A7CA60,1,1,0,0,0,false,materialized_code_pointer
sub_08A7CA70,0x08A7CA70,1,1,0,0,0,false,materialized_code_pointer
sub_08A7CA80,0x08A7CA80,1,1,0,0,0,false,relocated_r_mips32_code_pointer
sub_08A7CA8C,0x08A7CA8C,1,1,0,0,0,false,relocated_r_mips32_code_pointer
sub_08A7CA94,0x08A7CA94,15,2,0,0,11,false,relocated_r_mips32_code_pointer
sub_08A7CAD4,0x08A7CAD4,16,4,0,0,10,false,relocated_r_mips32_code_pointer
sub_08A7CB20,0x08A7CB20,1,1,0,0,0,false,materialized_code_pointer
sub_08A7CB38,0x08A7CB38,1,1,0,0,0,false,materialized_code_pointer
sub_08A7CB40,0x08A7CB40,1,1,0,0,0,false,relocated_r_mips32_code_pointer
sub_08A7CB4C,0x08A7CB4C,1,1,0,0,0,false,relocated_r_mips32_code_pointer
sub_08A7CB54,0x08A7CB54,8,1,0,0,6,false,relocated_r_mips32_code_pointer
sub_08A7CB74,0x08A7CB74,6,2,0,0,1,false,relocated_r_mips32_code_pointer
sub_08A7CB90,0x08A7CB90,1,1,0,0,0,false,materialized_code_pointer
sub_08A7CBA0,0x08A7CBA0,1,1,0,0,0,false,materialized_code_pointer
sub_08A7CBF8,0x08A7CBF8,1,1,0,0,0,false,relocated_r_mips32_code_pointer
sub_08A7CC04,0x08A7CC04,6,2,0,0,0,false,relocated_r_mips32_code_pointer
sub_08A7CC20,0x08A7CC20,1,1,0,0,0,false,materialized_code_pointer
sub_08A7CC30,0x08A7CC30,1,1,0,0,0,false,relocated_r_mips32_code_pointer
sub_08A7CC38,0x08A7CC38,10,3,0,0,5,false,relocated_r_mips32_code_pointer
sub_08A7CC68,0x08A7CC68,1,1,0,0,0,false,materialized_code_pointer
sub_08A7CCD0,0x08A7CCD0,1,1,0,0,0,false,relocated_r_mips32_code_pointer
sub_08A7CCDC,0x08A7CCDC,5,1,0,0,1,false,relocated_r_mips32_code_pointer
sub_08A7CCF0,0x08A7CCF0,1,1,0,0,0,false,materialized_code_pointer
sub_08A7CD00,0x08A7CD00,1,1,0,0,0,false,relocated_r_mips32_code_pointer
sub_08A7CD08,0x08A7CD08,12,3,0,0,7,false,relocated_r_mips32_code_pointer
sub_08A7CD40,0x08A7CD40,1,1,0,0,0,false,materialized_code_pointer
sub_08A7CD50,0x08A7CD50,1,1,0,0,0,false,relocated_r_mips32_code_pointer
sub_08A7CD58,0x08A7CD58,12,3,0,0,6,false,relocated_r_mips32_code_pointer
sub_08A7CD90,0x08A7CD90,1,1,0,0,0,false,materialized_code_pointer
sub_08A7CDA0,0x08A7CDA0,1,1,0,0,0,false,relocated_r_mips32_code_pointer
sub_08A7CDA8,0x08A7CDA8,12,3,0,0,5,false,relocated_r_mips32_code_pointer
sub_08A7CDE0,0x08A7CDE0,1,1,0,0,0,false,materialized_code_pointer
sub_08A7CDE8,0x08A7CDE8,1,1,0,0,0,false,relocated_r_mips32_code_pointer
sub_08A7CDF0,0x08A7CDF0,7,2,0,0,2,false,relocated_r_mips32_code_pointer
sub_08A7CE10,0x08A7CE10,1,1,0,0,0,false,materialized_code_pointer
sub_08A7CE28,0x08A7CE28,1,1,0,0,0,false,materialized_code_pointer
sub_08A7CE38,0x08A7CE38,1,1,0,0,0,false,relocated_r_mips32_code_pointer
sub_08A7CE44,0x08A7CE44,1,1,0,0,0,false,relocated_r_mips32_code_pointer
sub_08A7CE4C,0x08A7CE4C,4,2,0,0,2,false,relocated_r_mips32_code_pointer
sub_08A7CE60,0x08A7CE60,9,2,0,0,4,false,relocated_r_mips32_code_pointer
sub_08A7CE88,0x08A7CE88,1,1,0,0,0,false,materialized_code_pointer
sub_08A7CE98,0x08A7CE98,1,1,0,0,0,false,relocated_r_mips32_code_pointer
sub_08A7CEA0,0x08A7CEA0,6,1,0,0,2,false,relocated_r_mips32_code_pointer
sub_08A7CEB8,0x08A7CEB8,1,1,0,0,0,false,materialized_code_pointer
sub_08A7CED0,0x08A7CED0,1,1,0,0,0,false,relocated_r_mips32_code_pointer
sub_08A7CEDC,0x08A7CEDC,7,1,0,0,3,false,relocated_r_mips32_code_pointer
sub_08A7CEF8,0x08A7CEF8,1,1,0,0,0,false,materialized_code_pointer
sub_08A7CF30,0x08A7CF30,1,1,0,0,0,false,relocated_r_mips32_code_pointer
sub_08A7CF38,0x08A7CF38,6,1,0,0,2,false,relocated_r_mips32_code_pointer
sub_08A7CF50,0x08A7CF50,1,1,0,0,0,false,materialized_code_pointer
sub_08A7CF58,0x08A7CF58,1,1,0,0,0,false,relocated_r_mips32_code_pointer
sub_08A7CF60,0x08A7CF60,6,1,0,0,2,false,relocated_r_mips32_code_pointer
sub_08A7CF78,0x08A7CF78,1,1,0,0,0,false,materialized_code_pointer
sub_08A7CF80,0x08A7CF80,1,1,0,0,0,false,relocated_r_mips32_code_pointer
sub_08A7CF88,0x08A7CF88,4,1,0,0,1,false,relocated_r_mips32_code_pointer
sub_08A7CF98,0x08A7CF98,1,1,0,0,0,false,materialized_code_pointer
sub_08A7CFD0,0x08A7CFD0,1,1,0,0,0,false,relocated_r_mips32_code_pointer
sub_08A7CFD8,0x08A7CFD8,3,2,0,0,1,false,relocated_r_mips32_code_pointer
sub_08A7CFE8,0x08A7CFE8,1,1,0,0,0,false,relocated_r_mips32_code_pointer
sub_08A7CFF4,0x08A7CFF4,3,1,0,0,2,false,relocated_r_mips32_code_pointer
sub_08A7D000,0x08A7D000,1,1,0,0,0,false,relocated_r_mips32_code_pointer
sub_08A7D00C,0x08A7D00C,3,2,0,0,1,false,relocated_r_mips32_code_pointer
sub_08A7D01C,0x08A7D01C,1,1,0,0,0,false,relocated_r_mips32_code_pointer
sub_08A7D028,0x08A7D028,6,4,0,0,3,false,relocated_r_mips32_code_pointer
sub_08A7D04C,0x08A7D04C,1,1,0,0,0,false,relocated_r_mips32_code_pointer
sub_08A7D058,0x08A7D058,8,3,0,0,5,false,relocated_r_mips32_code_pointer
sub_08A7D080,0x08A7D080,1,1,0,0,0,false,relocated_r_mips32_code_pointer
sub_08A7D08C,0x08A7D08C,10,4,0,0,4,false,relocated_r_mips32_code_pointer
sub_08A7D0C0,0x08A7D0C0,1,1,0,0,0,false,materialized_code_pointer
sub_08A7D0E0,0x08A7D0E0,1,1,0,0,0,false,materialized_code_pointer
sub_08A7D0F8,0x08A7D0F8,1,1,0,0,0,false,materialized_code_pointer
sub_08A7D110,0x08A7D110,1,1,0,0,0,false,materialized_code_pointer
sub_08A7D140,0x08A7D140,1,1,0,0,0,false,materialized_code_pointer
sub_08A7D170,0x08A7D170,1,1,0,0,0,false,materialized_code_pointer
sub_08A7D198,0x08A7D198,1,1,0,0,0,false,relocated_r_mips32_code_pointer
sub_08A7D1A0,0x08A7D1A0,4,1,0,0,2,false,relocated_r_mips32_code_pointer
sub_08A7D1B0,0x08A7D1B0,1,1,0,0,0,false,materialized_code_pointer
sub_08A7D1BC,0x08A7D1BC,6,2,0,0,1,false,relocated_r_mips32_code_pointer
sub_08A7D1D8,0x08A7D1D8,1,1,0,0,0,false,materialized_code_pointer
sub_08A7D1F0,0x08A7D1F0,1,1,0,0,0,false,materialized_code_pointer
